$MeshFormat
4.1 0 8
$EndMeshFormat
$PhysicalNames
5
1 2 "inlet"
1 3 "outlet"
1 4 "noflux"
2 1 "k11"
2 6 "Vugs"
$EndPhysicalNames
$Entities
1043 1043 91 0
1 504 580 0 0 
2 501 584 0 0 
3 499 599 0 0 
4 509 599 0 0 
5 512 583 0 0 
6 510 581 0 0 
7 505 581 0 0 
8 27 562 0 0 
9 21 569 0 0 
10 17 587 0 0 
11 4 599 0 0 
12 76 599 0 0 
13 82 582 0 0 
14 75 575 0 0 
15 62 573 0 0 
16 53 568 0 0 
17 37 562 0 0 
18 1 546 0 0 
19 1 572 0 0 
20 12 554 0 0 
21 7 549 0 0 
22 6 549 0 0 
23 5 548 0 0 
24 2 548 0 0 
25 486 530 0 0 
26 476 533 0 0 
27 466 549 0 0 
28 466 567 0 0 
29 482 583 0 0 
30 482 573 0 0 
31 490 560 0 0 
32 500 541 0 0 
33 490 531 0 0 
34 101 526 0 0 
35 94 541 0 0 
36 101 548 0 0 
37 109 543 0 0 
38 116 541 0 0 
39 105 527 0 0 
40 102 526 0 0 
41 374 510 0 0 
42 361 518 0 0 
43 351 543 0 0 
44 351 556 0 0 
45 353 566 0 0 
46 343 587 0 0 
47 342 599 0 0 
48 443 599 0 0 
49 446 589 0 0 
50 434 582 0 0 
51 414 583 0 0 
52 410 575 0 0 
53 411 563 0 0 
54 406 556 0 0 
55 399 554 0 0 
56 394 545 0 0 
57 382 531 0 0 
58 383 519 0 0 
59 242 507 0 0 
60 235 512 0 0 
61 228 513 0 0 
62 204 513 0 0 
63 178 509 0 0 
64 159 509 0 0 
65 143 528 0 0 
66 148 539 0 0 
67 159 550 0 0 
68 156 563 0 0 
69 183 588 0 0 
70 189 588 0 0 
71 194 594 0 0 
72 194 599 0 0 
73 282 599 0 0 
74 292 587 0 0 
75 299 573 0 0 
76 295 564 0 0 
77 278 554 0 0 
78 270 544 0 0 
79 264 527 0 0 
80 253 518 0 0 
81 246 507 0 0 
82 41 501 0 0 
83 34 508 0 0 
84 21 524 0 0 
85 21 534 0 0 
86 32 541 0 0 
87 38 551 0 0 
88 48 554 0 0 
89 62 546 0 0 
90 64 536 0 0 
91 62 521 0 0 
92 314 493 0 0 
93 312 505 0 0 
94 321 515 0 0 
95 320 531 0 0 
96 332 543 0 0 
97 339 534 0 0 
98 332 525 0 0 
99 342 509 0 0 
100 340 500 0 0 
101 333 500 0 0 
102 258 477 0 0 
103 253 483 0 0 
104 253 494 0 0 
105 261 493 0 0 
106 267 487 0 0 
107 266 479 0 0 
108 264 477 0 0 
109 461 476 0 0 
110 455 483 0 0 
111 453 497 0 0 
112 459 503 0 0 
113 466 518 0 0 
114 471 525 0 0 
115 489 522 0 0 
116 485 505 0 0 
117 284 469 0 0 
118 274 482 0 0 
119 280 498 0 0 
120 287 510 0 0 
121 297 523 0 0 
122 305 515 0 0 
123 299 511 0 0 
124 298 489 0 0 
125 296 480 0 0 
126 287 469 0 0 
127 491 463 0 0 
128 485 469 0 0 
129 477 472 0 0 
130 480 480 0 0 
131 485 477 0 0 
132 502 477 0 0 
133 513 474 0 0 
134 507 469 0 0 
135 573 462 0 0 
136 558 477 0 0 
137 551 493 0 0 
138 551 514 0 0 
139 545 527 0 0 
140 562 548 0 0 
141 571 550 0 0 
142 592 567 0 0 
143 599 569 0 0 
144 599 473 0 0 
145 44 458 0 0 
146 38 467 0 0 
147 59 487 0 0 
148 68 484 0 0 
149 71 468 0 0 
150 64 461 0 0 
151 51 461 0 0 
152 202 443 0 0 
153 190 451 0 0 
154 201 459 0 0 
155 208 453 0 0 
156 207 449 0 0 
157 207 445 0 0 
158 205 443 0 0 
159 558 441 0 0 
160 549 448 0 0 
161 541 450 0 0 
162 539 460 0 0 
163 534 459 0 0 
164 529 450 0 0 
165 525 457 0 0 
166 524 482 0 0 
167 525 494 0 0 
168 532 497 0 0 
169 547 476 0 0 
170 544 459 0 0 
171 555 460 0 0 
172 562 443 0 0 
173 88 441 0 0 
174 79 446 0 0 
175 79 461 0 0 
176 94 477 0 0 
177 110 489 0 0 
178 134 494 0 0 
179 150 491 0 0 
180 167 475 0 0 
181 161 466 0 0 
182 135 456 0 0 
183 124 449 0 0 
184 120 449 0 0 
185 113 441 0 0 
186 94 443 0 0 
187 445 436 0 0 
188 430 441 0 0 
189 412 445 0 0 
190 399 457 0 0 
191 400 472 0 0 
192 379 476 0 0 
193 379 498 0 0 
194 392 507 0 0 
195 402 502 0 0 
196 400 508 0 0 
197 407 515 0 0 
198 408 541 0 0 
199 414 549 0 0 
200 430 547 0 0 
201 432 556 0 0 
202 443 551 0 0 
203 443 533 0 0 
204 440 530 0 0 
205 441 520 0 0 
206 448 511 0 0 
207 442 501 0 0 
208 441 487 0 0 
209 449 480 0 0 
210 444 473 0 0 
211 443 466 0 0 
212 448 459 0 0 
213 448 440 0 0 
214 240 426 0 0 
215 232 431 0 0 
216 231 439 0 0 
217 225 454 0 0 
218 233 466 0 0 
219 246 475 0 0 
220 267 456 0 0 
221 276 454 0 0 
222 279 439 0 0 
223 272 432 0 0 
224 250 413 0 0 
225 86 411 0 0 
226 81 414 0 0 
227 79 429 0 0 
228 90 436 0 0 
229 93 427 0 0 
230 92 413 0 0 
231 90 411 0 0 
232 378 410 0 0 
233 375 424 0 0 
234 381 437 0 0 
235 402 437 0 0 
236 404 429 0 0 
237 413 417 0 0 
238 397 414 0 0 
239 112 405 0 0 
240 104 410 0 0 
241 108 422 0 0 
242 114 423 0 0 
243 119 416 0 0 
244 116 406 0 0 
245 115 405 0 0 
246 599 396 0 0 
247 591 408 0 0 
248 583 418 0 0 
249 582 443 0 0 
250 583 453 0 0 
251 598 460 0 0 
252 599 460 0 0 
253 424 380 0 0 
254 409 385 0 0 
255 396 388 0 0 
256 396 393 0 0 
257 406 402 0 0 
258 424 395 0 0 
259 428 389 0 0 
260 435 385 0 0 
261 430 380 0 0 
262 35 380 0 0 
263 26 382 0 0 
264 10 392 0 0 
265 1 391 0 0 
266 1 474 0 0 
267 14 467 0 0 
268 27 454 0 0 
269 27 447 0 0 
270 20 437 0 0 
271 25 430 0 0 
272 31 432 0 0 
273 42 446 0 0 
274 47 440 0 0 
275 47 430 0 0 
276 37 424 0 0 
277 37 413 0 0 
278 48 398 0 0 
279 341 376 0 0 
280 320 393 0 0 
281 319 404 0 0 
282 309 406 0 0 
283 304 412 0 0 
284 297 427 0 0 
285 288 438 0 0 
286 288 449 0 0 
287 304 476 0 0 
288 318 478 0 0 
289 329 478 0 0 
290 338 469 0 0 
291 352 471 0 0 
292 371 453 0 0 
293 371 443 0 0 
294 366 442 0 0 
295 365 448 0 0 
296 357 446 0 0 
297 354 432 0 0 
298 360 424 0 0 
299 361 416 0 0 
300 359 408 0 0 
301 367 406 0 0 
302 365 395 0 0 
303 348 376 0 0 
304 506 373 0 0 
305 487 377 0 0 
306 480 384 0 0 
307 455 387 0 0 
308 453 395 0 0 
309 455 413 0 0 
310 467 422 0 0 
311 469 428 0 0 
312 478 439 0 0 
313 480 446 0 0 
314 486 450 0 0 
315 497 443 0 0 
316 509 442 0 0 
317 531 416 0 0 
318 537 406 0 0 
319 537 396 0 0 
320 516 376 0 0 
321 229 371 0 0 
322 229 383 0 0 
323 232 394 0 0 
324 230 412 0 0 
325 234 412 0 0 
326 237 404 0 0 
327 242 390 0 0 
328 52 366 0 0 
329 48 370 0 0 
330 50 385 0 0 
331 65 390 0 0 
332 62 402 0 0 
333 53 409 0 0 
334 54 422 0 0 
335 67 419 0 0 
336 80 411 0 0 
337 88 397 0 0 
338 195 362 0 0 
339 192 366 0 0 
340 169 371 0 0 
341 157 390 0 0 
342 153 398 0 0 
343 150 416 0 0 
344 141 431 0 0 
345 142 443 0 0 
346 156 456 0 0 
347 168 456 0 0 
348 177 452 0 0 
349 187 441 0 0 
350 190 429 0 0 
351 215 408 0 0 
352 221 392 0 0 
353 211 373 0 0 
354 200 364 0 0 
355 313 356 0 0 
356 314 376 0 0 
357 322 382 0 0 
358 328 370 0 0 
359 317 357 0 0 
360 316 357 0 0 
361 315 356 0 0 
362 3 354 0 0 
363 1 355 0 0 
364 1 375 0 0 
365 10 375 0 0 
366 19 362 0 0 
367 6 355 0 0 
368 5 354 0 0 
369 264 353 0 0 
370 253 363 0 0 
371 262 369 0 0 
372 269 376 0 0 
373 277 373 0 0 
374 271 359 0 0 
375 265 353 0 0 
376 441 351 0 0 
377 426 357 0 0 
378 419 363 0 0 
379 430 366 0 0 
380 442 367 0 0 
381 444 355 0 0 
382 444 354 0 0 
383 289 346 0 0 
384 286 349 0 0 
385 289 369 0 0 
386 296 371 0 0 
387 300 356 0 0 
388 296 351 0 0 
389 291 346 0 0 
390 85 339 0 0 
391 74 344 0 0 
392 67 365 0 0 
393 75 373 0 0 
394 87 377 0 0 
395 88 384 0 0 
396 103 398 0 0 
397 110 398 0 0 
398 118 389 0 0 
399 120 368 0 0 
400 110 362 0 0 
401 110 355 0 0 
402 92 339 0 0 
403 360 317 0 0 
404 348 329 0 0 
405 353 335 0 0 
406 355 356 0 0 
407 363 366 0 0 
408 365 379 0 0 
409 377 381 0 0 
410 398 368 0 0 
411 411 358 0 0 
412 411 351 0 0 
413 418 342 0 0 
414 419 329 0 0 
415 414 327 0 0 
416 409 332 0 0 
417 386 322 0 0 
418 379 314 0 0 
419 262 307 0 0 
420 258 311 0 0 
421 262 327 0 0 
422 260 332 0 0 
423 268 335 0 0 
424 271 327 0 0 
425 275 327 0 0 
426 283 334 0 0 
427 296 332 0 0 
428 303 325 0 0 
429 303 321 0 0 
430 294 316 0 0 
431 281 316 0 0 
432 275 310 0 0 
433 521 304 0 0 
434 506 323 0 0 
435 506 347 0 0 
436 511 352 0 0 
437 514 361 0 0 
438 528 348 0 0 
439 537 342 0 0 
440 534 331 0 0 
441 531 308 0 0 
442 528 304 0 0 
443 43 294 0 0 
444 31 310 0 0 
445 30 330 0 0 
446 48 340 0 0 
447 70 321 0 0 
448 84 319 0 0 
449 88 307 0 0 
450 81 300 0 0 
451 74 307 0 0 
452 61 299 0 0 
453 469 291 0 0 
454 439 302 0 0 
455 431 310 0 0 
456 443 326 0 0 
457 445 335 0 0 
458 455 348 0 0 
459 458 361 0 0 
460 470 376 0 0 
461 484 369 0 0 
462 497 365 0 0 
463 497 342 0 0 
464 480 306 0 0 
465 474 295 0 0 
466 208 287 0 0 
467 206 289 0 0 
468 206 300 0 0 
469 189 317 0 0 
470 194 327 0 0 
471 195 334 0 0 
472 207 344 0 0 
473 220 339 0 0 
474 229 337 0 0 
475 231 326 0 0 
476 227 321 0 0 
477 228 301 0 0 
478 220 295 0 0 
479 214 293 0 0 
480 293 275 0 0 
481 288 280 0 0 
482 270 286 0 0 
483 272 294 0 0 
484 282 307 0 0 
485 295 309 0 0 
486 302 306 0 0 
487 313 298 0 0 
488 310 288 0 0 
489 298 277 0 0 
490 158 275 0 0 
491 133 297 0 0 
492 127 317 0 0 
493 112 319 0 0 
494 108 328 0 0 
495 109 339 0 0 
496 118 351 0 0 
497 130 359 0 0 
498 142 374 0 0 
499 156 368 0 0 
500 173 355 0 0 
501 180 344 0 0 
502 177 335 0 0 
503 178 314 0 0 
504 184 305 0 0 
505 182 297 0 0 
506 188 299 0 0 
507 192 292 0 0 
508 189 289 0 0 
509 189 278 0 0 
510 180 279 0 0 
511 176 276 0 0 
512 119 268 0 0 
513 97 288 0 0 
514 96 300 0 0 
515 104 311 0 0 
516 107 307 0 0 
517 108 295 0 0 
518 121 285 0 0 
519 125 274 0 0 
520 124 268 0 0 
521 424 266 0 0 
522 399 278 0 0 
523 413 296 0 0 
524 416 304 0 0 
525 424 294 0 0 
526 428 277 0 0 
527 437 269 0 0 
528 433 266 0 0 
529 494 243 0 0 
530 480 249 0 0 
531 457 264 0 0 
532 457 276 0 0 
533 464 284 0 0 
534 467 278 0 0 
535 473 278 0 0 
536 481 285 0 0 
537 494 299 0 0 
538 498 297 0 0 
539 508 297 0 0 
540 515 294 0 0 
541 524 280 0 0 
542 515 268 0 0 
543 519 252 0 0 
544 513 245 0 0 
545 567 227 0 0 
546 558 236 0 0 
547 546 243 0 0 
548 535 243 0 0 
549 526 252 0 0 
550 530 266 0 0 
551 540 276 0 0 
552 576 272 0 0 
553 572 279 0 0 
554 560 282 0 0 
555 556 286 0 0 
556 556 307 0 0 
557 554 334 0 0 
558 564 337 0 0 
559 560 352 0 0 
560 552 360 0 0 
561 553 372 0 0 
562 564 382 0 0 
563 563 393 0 0 
564 569 402 0 0 
565 568 415 0 0 
566 579 405 0 0 
567 584 392 0 0 
568 597 377 0 0 
569 599 377 0 0 
570 599 310 0 0 
571 595 307 0 0 
572 594 283 0 0 
573 587 276 0 0 
574 582 275 0 0 
575 584 266 0 0 
576 591 257 0 0 
577 573 231 0 0 
578 506 212 0 0 
579 500 222 0 0 
580 505 232 0 0 
581 510 225 0 0 
582 512 218 0 0 
583 512 216 0 0 
584 508 212 0 0 
585 100 206 0 0 
586 99 215 0 0 
587 100 229 0 0 
588 106 232 0 0 
589 109 243 0 0 
590 119 242 0 0 
591 117 234 0 0 
592 105 217 0 0 
593 355 206 0 0 
594 334 205 0 0 
595 307 217 0 0 
596 302 225 0 0 
597 292 245 0 0 
598 292 252 0 0 
599 303 265 0 0 
600 306 275 0 0 
601 317 283 0 0 
602 353 274 0 0 
603 373 252 0 0 
604 390 243 0 0 
605 398 231 0 0 
606 386 221 0 0 
607 378 217 0 0 
608 360 203 0 0 
609 245 203 0 0 
610 235 218 0 0 
611 227 235 0 0 
612 219 245 0 0 
613 226 280 0 0 
614 242 285 0 0 
615 254 280 0 0 
616 266 273 0 0 
617 284 271 0 0 
618 286 261 0 0 
619 276 252 0 0 
620 266 251 0 0 
621 260 245 0 0 
622 257 226 0 0 
623 260 210 0 0 
624 253 204 0 0 
625 115 198 0 0 
626 108 203 0 0 
627 122 221 0 0 
628 120 230 0 0 
629 130 234 0 0 
630 133 227 0 0 
631 121 203 0 0 
632 34 185 0 0 
633 31 193 0 0 
634 21 194 0 0 
635 27 210 0 0 
636 34 218 0 0 
637 46 236 0 0 
638 53 241 0 0 
639 61 229 0 0 
640 68 227 0 0 
641 70 210 0 0 
642 62 200 0 0 
643 51 193 0 0 
644 48 186 0 0 
645 154 181 0 0 
646 142 195 0 0 
647 142 213 0 0 
648 156 227 0 0 
649 168 248 0 0 
650 177 254 0 0 
651 179 261 0 0 
652 183 261 0 0 
653 188 266 0 0 
654 207 248 0 0 
655 211 241 0 0 
656 205 224 0 0 
657 191 199 0 0 
658 182 192 0 0 
659 395 179 0 0 
660 390 190 0 0 
661 390 203 0 0 
662 402 219 0 0 
663 412 228 0 0 
664 417 227 0 0 
665 424 220 0 0 
666 423 194 0 0 
667 413 188 0 0 
668 410 196 0 0 
669 404 195 0 0 
670 401 184 0 0 
671 450 169 0 0 
672 444 180 0 0 
673 432 197 0 0 
674 436 207 0 0 
675 437 228 0 0 
676 425 243 0 0 
677 428 249 0 0 
678 454 250 0 0 
679 467 243 0 0 
680 475 241 0 0 
681 490 229 0 0 
682 489 219 0 0 
683 472 201 0 0 
684 464 187 0 0 
685 134 151 0 0 
686 122 155 0 0 
687 109 164 0 0 
688 106 182 0 0 
689 114 189 0 0 
690 135 179 0 0 
691 141 172 0 0 
692 150 170 0 0 
693 156 156 0 0 
694 152 152 0 0 
695 330 149 0 0 
696 312 154 0 0 
697 315 176 0 0 
698 327 185 0 0 
699 352 192 0 0 
700 362 188 0 0 
701 363 183 0 0 
702 369 177 0 0 
703 370 166 0 0 
704 351 151 0 0 
705 340 149 0 0 
706 266 148 0 0 
707 268 160 0 0 
708 265 164 0 0 
709 265 172 0 0 
710 280 194 0 0 
711 286 200 0 0 
712 297 199 0 0 
713 302 189 0 0 
714 302 175 0 0 
715 291 159 0 0 
716 286 149 0 0 
717 1 148 0 0 
718 1 181 0 0 
719 15 168 0 0 
720 16 165 0 0 
721 9 156 0 0 
722 3 150 0 0 
723 2 150 0 0 
724 120 131 0 0 
725 120 141 0 0 
726 129 144 0 0 
727 133 138 0 0 
728 132 137 0 0 
729 132 135 0 0 
730 128 131 0 0 
731 544 128 0 0 
732 532 145 0 0 
733 518 157 0 0 
734 505 159 0 0 
735 503 157 0 0 
736 491 168 0 0 
737 499 180 0 0 
738 499 184 0 0 
739 493 190 0 0 
740 505 203 0 0 
741 509 195 0 0 
742 514 193 0 0 
743 517 186 0 0 
744 525 188 0 0 
745 521 195 0 0 
746 515 197 0 0 
747 523 207 0 0 
748 526 214 0 0 
749 531 215 0 0 
750 535 225 0 0 
751 544 230 0 0 
752 563 217 0 0 
753 568 206 0 0 
754 576 207 0 0 
755 584 195 0 0 
756 585 171 0 0 
757 587 169 0 0 
758 577 158 0 0 
759 568 155 0 0 
760 565 138 0 0 
761 549 128 0 0 
762 209 127 0 0 
763 206 130 0 0 
764 187 132 0 0 
765 173 146 0 0 
766 194 176 0 0 
767 192 185 0 0 
768 205 196 0 0 
769 209 201 0 0 
770 222 205 0 0 
771 232 202 0 0 
772 236 196 0 0 
773 239 167 0 0 
774 232 161 0 0 
775 228 146 0 0 
776 224 141 0 0 
777 310 119 0 0 
778 306 129 0 0 
779 316 142 0 0 
780 324 129 0 0 
781 315 120 0 0 
782 313 120 0 0 
783 312 119 0 0 
784 61 109 0 0 
785 59 118 0 0 
786 42 138 0 0 
787 45 159 0 0 
788 56 170 0 0 
789 66 162 0 0 
790 81 159 0 0 
791 99 160 0 0 
792 101 158 0 0 
793 101 148 0 0 
794 104 138 0 0 
795 83 117 0 0 
796 70 110 0 0 
797 451 101 0 0 
798 432 110 0 0 
799 431 125 0 0 
800 421 136 0 0 
801 422 154 0 0 
802 429 161 0 0 
803 454 157 0 0 
804 479 157 0 0 
805 476 137 0 0 
806 470 105 0 0 
807 466 102 0 0 
808 1 97 0 0 
809 1 124 0 0 
810 4 117 0 0 
811 7 106 0 0 
812 5 103 0 0 
813 4 102 0 0 
814 4 101 0 0 
815 242 91 0 0 
816 229 100 0 0 
817 233 123 0 0 
818 242 128 0 0 
819 251 127 0 0 
820 260 117 0 0 
821 258 111 0 0 
822 258 99 0 0 
823 253 94 0 0 
824 371 74 0 0 
825 348 80 0 0 
826 344 89 0 0 
827 325 103 0 0 
828 318 111 0 0 
829 328 118 0 0 
830 335 117 0 0 
831 333 123 0 0 
832 359 143 0 0 
833 374 144 0 0 
834 404 144 0 0 
835 415 136 0 0 
836 419 118 0 0 
837 416 97 0 0 
838 397 77 0 0 
839 86 71 0 0 
840 74 87 0 0 
841 71 98 0 0 
842 92 99 0 0 
843 91 78 0 0 
844 89 76 0 0 
845 89 74 0 0 
846 481 63 0 0 
847 478 66 0 0 
848 474 93 0 0 
849 488 110 0 0 
850 494 133 0 0 
851 500 135 0 0 
852 511 135 0 0 
853 533 114 0 0 
854 523 100 0 0 
855 514 95 0 0 
856 511 87 0 0 
857 498 74 0 0 
858 493 66 0 0 
859 423 63 0 0 
860 406 67 0 0 
861 425 86 0 0 
862 436 87 0 0 
863 436 77 0 0 
864 427 64 0 0 
865 426 63 0 0 
866 443 61 0 0 
867 441 70 0 0 
868 453 83 0 0 
869 458 76 0 0 
870 455 73 0 0 
871 455 72 0 0 
872 444 61 0 0 
873 580 59 0 0 
874 577 83 0 0 
875 574 92 0 0 
876 566 90 0 0 
877 560 96 0 0 
878 578 112 0 0 
879 583 122 0 0 
880 593 128 0 0 
881 597 171 0 0 
882 599 173 0 0 
883 599 62 0 0 
884 588 56 0 0 
885 159 46 0 0 
886 148 49 0 0 
887 145 52 0 0 
888 135 50 0 0 
889 117 50 0 0 
890 113 56 0 0 
891 110 95 0 0 
892 114 106 0 0 
893 131 122 0 0 
894 142 123 0 0 
895 146 127 0 0 
896 163 128 0 0 
897 183 128 0 0 
898 191 117 0 0 
899 200 117 0 0 
900 202 98 0 0 
901 195 80 0 0 
902 190 70 0 0 
903 190 56 0 0 
904 179 50 0 0 
905 167 46 0 0 
906 20 34 0 0 
907 2 45 0 0 
908 1 45 0 0 
909 1 68 0 0 
910 5 77 0 0 
911 9 93 0 0 
912 24 106 0 0 
913 46 107 0 0 
914 53 98 0 0 
915 59 99 0 0 
916 69 83 0 0 
917 70 75 0 0 
918 58 63 0 0 
919 47 45 0 0 
920 37 42 0 0 
921 34 35 0 0 
922 491 29 0 0 
923 486 40 0 0 
924 501 42 0 0 
925 503 34 0 0 
926 496 30 0 0 
927 495 30 0 0 
928 494 29 0 0 
929 529 24 0 0 
930 519 34 0 0 
931 514 47 0 0 
932 504 56 0 0 
933 515 67 0 0 
934 521 68 0 0 
935 528 63 0 0 
936 548 41 0 0 
937 549 27 0 0 
938 545 23 0 0 
939 581 12 0 0 
940 574 18 0 0 
941 574 38 0 0 
942 573 50 0 0 
943 585 38 0 0 
944 587 26 0 0 
945 589 17 0 0 
946 521 1 0 0 
947 510 9 0 0 
948 513 19 0 0 
949 525 13 0 0 
950 536 9 0 0 
951 536 2 0 0 
952 536 1 0 0 
953 429 1 0 0 
954 427 10 0 0 
955 420 20 0 0 
956 415 35 0 0 
957 407 42 0 0 
958 406 49 0 0 
959 411 54 0 0 
960 429 49 0 0 
961 437 48 0 0 
962 461 32 0 0 
963 465 23 0 0 
964 468 5 0 0 
965 463 1 0 0 
966 345 1 0 0 
967 343 8 0 0 
968 349 17 0 0 
969 349 30 0 0 
970 359 36 0 0 
971 364 41 0 0 
972 376 40 0 0 
973 386 42 0 0 
974 392 28 0 0 
975 390 6 0 0 
976 387 1 0 0 
977 316 1 0 0 
978 317 20 0 0 
979 322 26 0 0 
980 331 25 0 0 
981 338 13 0 0 
982 328 2 0 0 
983 328 1 0 0 
984 253 1 0 0 
985 246 12 0 0 
986 241 17 0 0 
987 241 24 0 0 
988 232 30 0 0 
989 214 53 0 0 
990 208 65 0 0 
991 210 76 0 0 
992 214 80 0 0 
993 254 82 0 0 
994 262 80 0 0 
995 270 92 0 0 
996 289 95 0 0 
997 308 96 0 0 
998 317 95 0 0 
999 333 80 0 0 
1000 336 62 0 0 
1001 323 50 0 0 
1002 312 45 0 0 
1003 306 35 0 0 
1004 308 18 0 0 
1005 297 11 0 0 
1006 296 1 0 0 
1007 196 1 0 0 
1008 192 8 0 0 
1009 202 23 0 0 
1010 213 24 0 0 
1011 225 19 0 0 
1012 225 8 0 0 
1013 225 1 0 0 
1014 151 1 0 0 
1015 147 12 0 0 
1016 136 23 0 0 
1017 136 31 0 0 
1018 142 36 0 0 
1019 163 36 0 0 
1020 167 32 0 0 
1021 167 1 0 0 
1022 77 1 0 0 
1023 77 13 0 0 
1024 82 19 0 0 
1025 87 19 0 0 
1026 94 28 0 0 
1027 90 49 0 0 
1028 97 54 0 0 
1029 119 31 0 0 
1030 124 24 0 0 
1031 129 8 0 0 
1032 135 1 0 0 
1033 1 1 0 0 
1034 1 24 0 0 
1035 22 21 0 0 
1036 25 19 0 0 
1037 25 5 0 0 
1038 23 3 0 0 
1039 23 1 0 0 
1220 0 0 0 0 
1221 0 600 0 0 
1222 600 600 0 0 
1223 600 0 0 0 
1 501 580 0 504 584 0 0 2 1 -2 
2 499 584 0 501 599 0 0 2 2 -3 
3 499 599 0 509 599 0 0 2 3 -4 
4 509 583 0 512 599 0 0 2 4 -5 
5 510 581 0 512 583 0 0 2 5 -6 
6 505 581 0 510 581 0 0 2 6 -7 
7 504 580 0 505 581 0 0 2 7 -1 
8 21 562 0 27 569 0 0 2 8 -9 
9 17 569 0 21 587 0 0 2 9 -10 
10 4 587 0 17 599 0 0 2 10 -11 
11 4 599 0 76 599 0 0 2 11 -12 
12 76 582 0 82 599 0 0 2 12 -13 
13 75 575 0 82 582 0 0 2 13 -14 
14 62 573 0 75 575 0 0 2 14 -15 
15 53 568 0 62 573 0 0 2 15 -16 
16 37 562 0 53 568 0 0 2 16 -17 
17 27 562 0 37 562 0 0 2 17 -8 
18 1 546 0 1 572 0 0 2 18 -19 
19 1 554 0 12 572 0 0 2 19 -20 
20 7 549 0 12 554 0 0 2 20 -21 
21 6 549 0 7 549 0 0 2 21 -22 
22 5 548 0 6 549 0 0 2 22 -23 
23 2 548 0 5 548 0 0 2 23 -24 
24 1 546 0 2 548 0 0 2 24 -18 
25 476 530 0 486 533 0 0 2 25 -26 
26 466 533 0 476 549 0 0 2 26 -27 
27 466 549 0 466 567 0 0 2 27 -28 
28 466 567 0 482 583 0 0 2 28 -29 
29 482 573 0 482 583 0 0 2 29 -30 
30 482 560 0 490 573 0 0 2 30 -31 
31 490 541 0 500 560 0 0 2 31 -32 
32 490 531 0 500 541 0 0 2 32 -33 
33 486 530 0 490 531 0 0 2 33 -25 
34 94 526 0 101 541 0 0 2 34 -35 
35 94 541 0 101 548 0 0 2 35 -36 
36 101 543 0 109 548 0 0 2 36 -37 
37 109 541 0 116 543 0 0 2 37 -38 
38 105 527 0 116 541 0 0 2 38 -39 
39 102 526 0 105 527 0 0 2 39 -40 
40 101 526 0 102 526 0 0 2 40 -34 
41 361 510 0 374 518 0 0 2 41 -42 
42 351 518 0 361 543 0 0 2 42 -43 
43 351 543 0 351 556 0 0 2 43 -44 
44 351 556 0 353 566 0 0 2 44 -45 
45 343 566 0 353 587 0 0 2 45 -46 
46 342 587 0 343 599 0 0 2 46 -47 
47 342 599 0 443 599 0 0 2 47 -48 
48 443 589 0 446 599 0 0 2 48 -49 
49 434 582 0 446 589 0 0 2 49 -50 
50 414 582 0 434 583 0 0 2 50 -51 
51 410 575 0 414 583 0 0 2 51 -52 
52 410 563 0 411 575 0 0 2 52 -53 
53 406 556 0 411 563 0 0 2 53 -54 
54 399 554 0 406 556 0 0 2 54 -55 
55 394 545 0 399 554 0 0 2 55 -56 
56 382 531 0 394 545 0 0 2 56 -57 
57 382 519 0 383 531 0 0 2 57 -58 
58 374 510 0 383 519 0 0 2 58 -41 
59 235 507 0 242 512 0 0 2 59 -60 
60 228 512 0 235 513 0 0 2 60 -61 
61 204 513 0 228 513 0 0 2 61 -62 
62 178 509 0 204 513 0 0 2 62 -63 
63 159 509 0 178 509 0 0 2 63 -64 
64 143 509 0 159 528 0 0 2 64 -65 
65 143 528 0 148 539 0 0 2 65 -66 
66 148 539 0 159 550 0 0 2 66 -67 
67 156 550 0 159 563 0 0 2 67 -68 
68 156 563 0 183 588 0 0 2 68 -69 
69 183 588 0 189 588 0 0 2 69 -70 
70 189 588 0 194 594 0 0 2 70 -71 
71 194 594 0 194 599 0 0 2 71 -72 
72 194 599 0 282 599 0 0 2 72 -73 
73 282 587 0 292 599 0 0 2 73 -74 
74 292 573 0 299 587 0 0 2 74 -75 
75 295 564 0 299 573 0 0 2 75 -76 
76 278 554 0 295 564 0 0 2 76 -77 
77 270 544 0 278 554 0 0 2 77 -78 
78 264 527 0 270 544 0 0 2 78 -79 
79 253 518 0 264 527 0 0 2 79 -80 
80 246 507 0 253 518 0 0 2 80 -81 
81 242 507 0 246 507 0 0 2 81 -59 
82 34 501 0 41 508 0 0 2 82 -83 
83 21 508 0 34 524 0 0 2 83 -84 
84 21 524 0 21 534 0 0 2 84 -85 
85 21 534 0 32 541 0 0 2 85 -86 
86 32 541 0 38 551 0 0 2 86 -87 
87 38 551 0 48 554 0 0 2 87 -88 
88 48 546 0 62 554 0 0 2 88 -89 
89 62 536 0 64 546 0 0 2 89 -90 
90 62 521 0 64 536 0 0 2 90 -91 
91 41 501 0 62 521 0 0 2 91 -82 
92 312 493 0 314 505 0 0 2 92 -93 
93 312 505 0 321 515 0 0 2 93 -94 
94 320 515 0 321 531 0 0 2 94 -95 
95 320 531 0 332 543 0 0 2 95 -96 
96 332 534 0 339 543 0 0 2 96 -97 
97 332 525 0 339 534 0 0 2 97 -98 
98 332 509 0 342 525 0 0 2 98 -99 
99 340 500 0 342 509 0 0 2 99 -100 
100 333 500 0 340 500 0 0 2 100 -101 
101 314 493 0 333 500 0 0 2 101 -92 
102 253 477 0 258 483 0 0 2 102 -103 
103 253 483 0 253 494 0 0 2 103 -104 
104 253 493 0 261 494 0 0 2 104 -105 
105 261 487 0 267 493 0 0 2 105 -106 
106 266 479 0 267 487 0 0 2 106 -107 
107 264 477 0 266 479 0 0 2 107 -108 
108 258 477 0 264 477 0 0 2 108 -102 
109 455 476 0 461 483 0 0 2 109 -110 
110 453 483 0 455 497 0 0 2 110 -111 
111 453 497 0 459 503 0 0 2 111 -112 
112 459 503 0 466 518 0 0 2 112 -113 
113 466 518 0 471 525 0 0 2 113 -114 
114 471 522 0 489 525 0 0 2 114 -115 
115 485 505 0 489 522 0 0 2 115 -116 
116 461 476 0 485 505 0 0 2 116 -109 
117 274 469 0 284 482 0 0 2 117 -118 
118 274 482 0 280 498 0 0 2 118 -119 
119 280 498 0 287 510 0 0 2 119 -120 
120 287 510 0 297 523 0 0 2 120 -121 
121 297 515 0 305 523 0 0 2 121 -122 
122 299 511 0 305 515 0 0 2 122 -123 
123 298 489 0 299 511 0 0 2 123 -124 
124 296 480 0 298 489 0 0 2 124 -125 
125 287 469 0 296 480 0 0 2 125 -126 
126 284 469 0 287 469 0 0 2 126 -117 
127 485 463 0 491 469 0 0 2 127 -128 
128 477 469 0 485 472 0 0 2 128 -129 
129 477 472 0 480 480 0 0 2 129 -130 
130 480 477 0 485 480 0 0 2 130 -131 
131 485 477 0 502 477 0 0 2 131 -132 
132 502 474 0 513 477 0 0 2 132 -133 
133 507 469 0 513 474 0 0 2 133 -134 
134 491 463 0 507 469 0 0 2 134 -127 
135 558 462 0 573 477 0 0 2 135 -136 
136 551 477 0 558 493 0 0 2 136 -137 
137 551 493 0 551 514 0 0 2 137 -138 
138 545 514 0 551 527 0 0 2 138 -139 
139 545 527 0 562 548 0 0 2 139 -140 
140 562 548 0 571 550 0 0 2 140 -141 
141 571 550 0 592 567 0 0 2 141 -142 
142 592 567 0 599 569 0 0 2 142 -143 
143 599 473 0 599 569 0 0 2 143 -144 
144 573 462 0 599 473 0 0 2 144 -135 
145 38 458 0 44 467 0 0 2 145 -146 
146 38 467 0 59 487 0 0 2 146 -147 
147 59 484 0 68 487 0 0 2 147 -148 
148 68 468 0 71 484 0 0 2 148 -149 
149 64 461 0 71 468 0 0 2 149 -150 
150 51 461 0 64 461 0 0 2 150 -151 
151 44 458 0 51 461 0 0 2 151 -145 
152 190 443 0 202 451 0 0 2 152 -153 
153 190 451 0 201 459 0 0 2 153 -154 
154 201 453 0 208 459 0 0 2 154 -155 
155 207 449 0 208 453 0 0 2 155 -156 
156 207 445 0 207 449 0 0 2 156 -157 
157 205 443 0 207 445 0 0 2 157 -158 
158 202 443 0 205 443 0 0 2 158 -152 
159 549 441 0 558 448 0 0 2 159 -160 
160 541 448 0 549 450 0 0 2 160 -161 
161 539 450 0 541 460 0 0 2 161 -162 
162 534 459 0 539 460 0 0 2 162 -163 
163 529 450 0 534 459 0 0 2 163 -164 
164 525 450 0 529 457 0 0 2 164 -165 
165 524 457 0 525 482 0 0 2 165 -166 
166 524 482 0 525 494 0 0 2 166 -167 
167 525 494 0 532 497 0 0 2 167 -168 
168 532 476 0 547 497 0 0 2 168 -169 
169 544 459 0 547 476 0 0 2 169 -170 
170 544 459 0 555 460 0 0 2 170 -171 
171 555 443 0 562 460 0 0 2 171 -172 
172 558 441 0 562 443 0 0 2 172 -159 
173 79 441 0 88 446 0 0 2 173 -174 
174 79 446 0 79 461 0 0 2 174 -175 
175 79 461 0 94 477 0 0 2 175 -176 
176 94 477 0 110 489 0 0 2 176 -177 
177 110 489 0 134 494 0 0 2 177 -178 
178 134 491 0 150 494 0 0 2 178 -179 
179 150 475 0 167 491 0 0 2 179 -180 
180 161 466 0 167 475 0 0 2 180 -181 
181 135 456 0 161 466 0 0 2 181 -182 
182 124 449 0 135 456 0 0 2 182 -183 
183 120 449 0 124 449 0 0 2 183 -184 
184 113 441 0 120 449 0 0 2 184 -185 
185 94 441 0 113 443 0 0 2 185 -186 
186 88 441 0 94 443 0 0 2 186 -173 
187 430 436 0 445 441 0 0 2 187 -188 
188 412 441 0 430 445 0 0 2 188 -189 
189 399 445 0 412 457 0 0 2 189 -190 
190 399 457 0 400 472 0 0 2 190 -191 
191 379 472 0 400 476 0 0 2 191 -192 
192 379 476 0 379 498 0 0 2 192 -193 
193 379 498 0 392 507 0 0 2 193 -194 
194 392 502 0 402 507 0 0 2 194 -195 
195 400 502 0 402 508 0 0 2 195 -196 
196 400 508 0 407 515 0 0 2 196 -197 
197 407 515 0 408 541 0 0 2 197 -198 
198 408 541 0 414 549 0 0 2 198 -199 
199 414 547 0 430 549 0 0 2 199 -200 
200 430 547 0 432 556 0 0 2 200 -201 
201 432 551 0 443 556 0 0 2 201 -202 
202 443 533 0 443 551 0 0 2 202 -203 
203 440 530 0 443 533 0 0 2 203 -204 
204 440 520 0 441 530 0 0 2 204 -205 
205 441 511 0 448 520 0 0 2 205 -206 
206 442 501 0 448 511 0 0 2 206 -207 
207 441 487 0 442 501 0 0 2 207 -208 
208 441 480 0 449 487 0 0 2 208 -209 
209 444 473 0 449 480 0 0 2 209 -210 
210 443 466 0 444 473 0 0 2 210 -211 
211 443 459 0 448 466 0 0 2 211 -212 
212 448 440 0 448 459 0 0 2 212 -213 
213 445 436 0 448 440 0 0 2 213 -187 
214 232 426 0 240 431 0 0 2 214 -215 
215 231 431 0 232 439 0 0 2 215 -216 
216 225 439 0 231 454 0 0 2 216 -217 
217 225 454 0 233 466 0 0 2 217 -218 
218 233 466 0 246 475 0 0 2 218 -219 
219 246 456 0 267 475 0 0 2 219 -220 
220 267 454 0 276 456 0 0 2 220 -221 
221 276 439 0 279 454 0 0 2 221 -222 
222 272 432 0 279 439 0 0 2 222 -223 
223 250 413 0 272 432 0 0 2 223 -224 
224 240 413 0 250 426 0 0 2 224 -214 
225 81 411 0 86 414 0 0 2 225 -226 
226 79 414 0 81 429 0 0 2 226 -227 
227 79 429 0 90 436 0 0 2 227 -228 
228 90 427 0 93 436 0 0 2 228 -229 
229 92 413 0 93 427 0 0 2 229 -230 
230 90 411 0 92 413 0 0 2 230 -231 
231 86 411 0 90 411 0 0 2 231 -225 
232 375 410 0 378 424 0 0 2 232 -233 
233 375 424 0 381 437 0 0 2 233 -234 
234 381 437 0 402 437 0 0 2 234 -235 
235 402 429 0 404 437 0 0 2 235 -236 
236 404 417 0 413 429 0 0 2 236 -237 
237 397 414 0 413 417 0 0 2 237 -238 
238 378 410 0 397 414 0 0 2 238 -232 
239 104 405 0 112 410 0 0 2 239 -240 
240 104 410 0 108 422 0 0 2 240 -241 
241 108 422 0 114 423 0 0 2 241 -242 
242 114 416 0 119 423 0 0 2 242 -243 
243 116 406 0 119 416 0 0 2 243 -244 
244 115 405 0 116 406 0 0 2 244 -245 
245 112 405 0 115 405 0 0 2 245 -239 
246 591 396 0 599 408 0 0 2 246 -247 
247 583 408 0 591 418 0 0 2 247 -248 
248 582 418 0 583 443 0 0 2 248 -249 
249 582 443 0 583 453 0 0 2 249 -250 
250 583 453 0 598 460 0 0 2 250 -251 
251 598 460 0 599 460 0 0 2 251 -252 
252 599 396 0 599 460 0 0 2 252 -246 
253 409 380 0 424 385 0 0 2 253 -254 
254 396 385 0 409 388 0 0 2 254 -255 
255 396 388 0 396 393 0 0 2 255 -256 
256 396 393 0 406 402 0 0 2 256 -257 
257 406 395 0 424 402 0 0 2 257 -258 
258 424 389 0 428 395 0 0 2 258 -259 
259 428 385 0 435 389 0 0 2 259 -260 
260 430 380 0 435 385 0 0 2 260 -261 
261 424 380 0 430 380 0 0 2 261 -253 
262 26 380 0 35 382 0 0 2 262 -263 
263 10 382 0 26 392 0 0 2 263 -264 
264 1 391 0 10 392 0 0 2 264 -265 
265 1 391 0 1 474 0 0 2 265 -266 
266 1 467 0 14 474 0 0 2 266 -267 
267 14 454 0 27 467 0 0 2 267 -268 
268 27 447 0 27 454 0 0 2 268 -269 
269 20 437 0 27 447 0 0 2 269 -270 
270 20 430 0 25 437 0 0 2 270 -271 
271 25 430 0 31 432 0 0 2 271 -272 
272 31 432 0 42 446 0 0 2 272 -273 
273 42 440 0 47 446 0 0 2 273 -274 
274 47 430 0 47 440 0 0 2 274 -275 
275 37 424 0 47 430 0 0 2 275 -276 
276 37 413 0 37 424 0 0 2 276 -277 
277 37 398 0 48 413 0 0 2 277 -278 
278 35 380 0 48 398 0 0 2 278 -262 
279 320 376 0 341 393 0 0 2 279 -280 
280 319 393 0 320 404 0 0 2 280 -281 
281 309 404 0 319 406 0 0 2 281 -282 
282 304 406 0 309 412 0 0 2 282 -283 
283 297 412 0 304 427 0 0 2 283 -284 
284 288 427 0 297 438 0 0 2 284 -285 
285 288 438 0 288 449 0 0 2 285 -286 
286 288 449 0 304 476 0 0 2 286 -287 
287 304 476 0 318 478 0 0 2 287 -288 
288 318 478 0 329 478 0 0 2 288 -289 
289 329 469 0 338 478 0 0 2 289 -290 
290 338 469 0 352 471 0 0 2 290 -291 
291 352 453 0 371 471 0 0 2 291 -292 
292 371 443 0 371 453 0 0 2 292 -293 
293 366 442 0 371 443 0 0 2 293 -294 
294 365 442 0 366 448 0 0 2 294 -295 
295 357 446 0 365 448 0 0 2 295 -296 
296 354 432 0 357 446 0 0 2 296 -297 
297 354 424 0 360 432 0 0 2 297 -298 
298 360 416 0 361 424 0 0 2 298 -299 
299 359 408 0 361 416 0 0 2 299 -300 
300 359 406 0 367 408 0 0 2 300 -301 
301 365 395 0 367 406 0 0 2 301 -302 
302 348 376 0 365 395 0 0 2 302 -303 
303 341 376 0 348 376 0 0 2 303 -279 
304 487 373 0 506 377 0 0 2 304 -305 
305 480 377 0 487 384 0 0 2 305 -306 
306 455 384 0 480 387 0 0 2 306 -307 
307 453 387 0 455 395 0 0 2 307 -308 
308 453 395 0 455 413 0 0 2 308 -309 
309 455 413 0 467 422 0 0 2 309 -310 
310 467 422 0 469 428 0 0 2 310 -311 
311 469 428 0 478 439 0 0 2 311 -312 
312 478 439 0 480 446 0 0 2 312 -313 
313 480 446 0 486 450 0 0 2 313 -314 
314 486 443 0 497 450 0 0 2 314 -315 
315 497 442 0 509 443 0 0 2 315 -316 
316 509 416 0 531 442 0 0 2 316 -317 
317 531 406 0 537 416 0 0 2 317 -318 
318 537 396 0 537 406 0 0 2 318 -319 
319 516 376 0 537 396 0 0 2 319 -320 
320 506 373 0 516 376 0 0 2 320 -304 
321 229 371 0 229 383 0 0 2 321 -322 
322 229 383 0 232 394 0 0 2 322 -323 
323 230 394 0 232 412 0 0 2 323 -324 
324 230 412 0 234 412 0 0 2 324 -325 
325 234 404 0 237 412 0 0 2 325 -326 
326 237 390 0 242 404 0 0 2 326 -327 
327 229 371 0 242 390 0 0 2 327 -321 
328 48 366 0 52 370 0 0 2 328 -329 
329 48 370 0 50 385 0 0 2 329 -330 
330 50 385 0 65 390 0 0 2 330 -331 
331 62 390 0 65 402 0 0 2 331 -332 
332 53 402 0 62 409 0 0 2 332 -333 
333 53 409 0 54 422 0 0 2 333 -334 
334 54 419 0 67 422 0 0 2 334 -335 
335 67 411 0 80 419 0 0 2 335 -336 
336 80 397 0 88 411 0 0 2 336 -337 
337 52 366 0 88 397 0 0 2 337 -328 
338 192 362 0 195 366 0 0 2 338 -339 
339 169 366 0 192 371 0 0 2 339 -340 
340 157 371 0 169 390 0 0 2 340 -341 
341 153 390 0 157 398 0 0 2 341 -342 
342 150 398 0 153 416 0 0 2 342 -343 
343 141 416 0 150 431 0 0 2 343 -344 
344 141 431 0 142 443 0 0 2 344 -345 
345 142 443 0 156 456 0 0 2 345 -346 
346 156 456 0 168 456 0 0 2 346 -347 
347 168 452 0 177 456 0 0 2 347 -348 
348 177 441 0 187 452 0 0 2 348 -349 
349 187 429 0 190 441 0 0 2 349 -350 
350 190 408 0 215 429 0 0 2 350 -351 
351 215 392 0 221 408 0 0 2 351 -352 
352 211 373 0 221 392 0 0 2 352 -353 
353 200 364 0 211 373 0 0 2 353 -354 
354 195 362 0 200 364 0 0 2 354 -338 
355 313 356 0 314 376 0 0 2 355 -356 
356 314 376 0 322 382 0 0 2 356 -357 
357 322 370 0 328 382 0 0 2 357 -358 
358 317 357 0 328 370 0 0 2 358 -359 
359 316 357 0 317 357 0 0 2 359 -360 
360 315 356 0 316 357 0 0 2 360 -361 
361 313 356 0 315 356 0 0 2 361 -355 
362 1 354 0 3 355 0 0 2 362 -363 
363 1 355 0 1 375 0 0 2 363 -364 
364 1 375 0 10 375 0 0 2 364 -365 
365 10 362 0 19 375 0 0 2 365 -366 
366 6 355 0 19 362 0 0 2 366 -367 
367 5 354 0 6 355 0 0 2 367 -368 
368 3 354 0 5 354 0 0 2 368 -362 
369 253 353 0 264 363 0 0 2 369 -370 
370 253 363 0 262 369 0 0 2 370 -371 
371 262 369 0 269 376 0 0 2 371 -372 
372 269 373 0 277 376 0 0 2 372 -373 
373 271 359 0 277 373 0 0 2 373 -374 
374 265 353 0 271 359 0 0 2 374 -375 
375 264 353 0 265 353 0 0 2 375 -369 
376 426 351 0 441 357 0 0 2 376 -377 
377 419 357 0 426 363 0 0 2 377 -378 
378 419 363 0 430 366 0 0 2 378 -379 
379 430 366 0 442 367 0 0 2 379 -380 
380 442 355 0 444 367 0 0 2 380 -381 
381 444 354 0 444 355 0 0 2 381 -382 
382 441 351 0 444 354 0 0 2 382 -376 
383 286 346 0 289 349 0 0 2 383 -384 
384 286 349 0 289 369 0 0 2 384 -385 
385 289 369 0 296 371 0 0 2 385 -386 
386 296 356 0 300 371 0 0 2 386 -387 
387 296 351 0 300 356 0 0 2 387 -388 
388 291 346 0 296 351 0 0 2 388 -389 
389 289 346 0 291 346 0 0 2 389 -383 
390 74 339 0 85 344 0 0 2 390 -391 
391 67 344 0 74 365 0 0 2 391 -392 
392 67 365 0 75 373 0 0 2 392 -393 
393 75 373 0 87 377 0 0 2 393 -394 
394 87 377 0 88 384 0 0 2 394 -395 
395 88 384 0 103 398 0 0 2 395 -396 
396 103 398 0 110 398 0 0 2 396 -397 
397 110 389 0 118 398 0 0 2 397 -398 
398 118 368 0 120 389 0 0 2 398 -399 
399 110 362 0 120 368 0 0 2 399 -400 
400 110 355 0 110 362 0 0 2 400 -401 
401 92 339 0 110 355 0 0 2 401 -402 
402 85 339 0 92 339 0 0 2 402 -390 
403 348 317 0 360 329 0 0 2 403 -404 
404 348 329 0 353 335 0 0 2 404 -405 
405 353 335 0 355 356 0 0 2 405 -406 
406 355 356 0 363 366 0 0 2 406 -407 
407 363 366 0 365 379 0 0 2 407 -408 
408 365 379 0 377 381 0 0 2 408 -409 
409 377 368 0 398 381 0 0 2 409 -410 
410 398 358 0 411 368 0 0 2 410 -411 
411 411 351 0 411 358 0 0 2 411 -412 
412 411 342 0 418 351 0 0 2 412 -413 
413 418 329 0 419 342 0 0 2 413 -414 
414 414 327 0 419 329 0 0 2 414 -415 
415 409 327 0 414 332 0 0 2 415 -416 
416 386 322 0 409 332 0 0 2 416 -417 
417 379 314 0 386 322 0 0 2 417 -418 
418 360 314 0 379 317 0 0 2 418 -403 
419 258 307 0 262 311 0 0 2 419 -420 
420 258 311 0 262 327 0 0 2 420 -421 
421 260 327 0 262 332 0 0 2 421 -422 
422 260 332 0 268 335 0 0 2 422 -423 
423 268 327 0 271 335 0 0 2 423 -424 
424 271 327 0 275 327 0 0 2 424 -425 
425 275 327 0 283 334 0 0 2 425 -426 
426 283 332 0 296 334 0 0 2 426 -427 
427 296 325 0 303 332 0 0 2 427 -428 
428 303 321 0 303 325 0 0 2 428 -429 
429 294 316 0 303 321 0 0 2 429 -430 
430 281 316 0 294 316 0 0 2 430 -431 
431 275 310 0 281 316 0 0 2 431 -432 
432 262 307 0 275 310 0 0 2 432 -419 
433 506 304 0 521 323 0 0 2 433 -434 
434 506 323 0 506 347 0 0 2 434 -435 
435 506 347 0 511 352 0 0 2 435 -436 
436 511 352 0 514 361 0 0 2 436 -437 
437 514 348 0 528 361 0 0 2 437 -438 
438 528 342 0 537 348 0 0 2 438 -439 
439 534 331 0 537 342 0 0 2 439 -440 
440 531 308 0 534 331 0 0 2 440 -441 
441 528 304 0 531 308 0 0 2 441 -442 
442 521 304 0 528 304 0 0 2 442 -433 
443 31 294 0 43 310 0 0 2 443 -444 
444 30 310 0 31 330 0 0 2 444 -445 
445 30 330 0 48 340 0 0 2 445 -446 
446 48 321 0 70 340 0 0 2 446 -447 
447 70 319 0 84 321 0 0 2 447 -448 
448 84 307 0 88 319 0 0 2 448 -449 
449 81 300 0 88 307 0 0 2 449 -450 
450 74 300 0 81 307 0 0 2 450 -451 
451 61 299 0 74 307 0 0 2 451 -452 
452 43 294 0 61 299 0 0 2 452 -443 
453 439 291 0 469 302 0 0 2 453 -454 
454 431 302 0 439 310 0 0 2 454 -455 
455 431 310 0 443 326 0 0 2 455 -456 
456 443 326 0 445 335 0 0 2 456 -457 
457 445 335 0 455 348 0 0 2 457 -458 
458 455 348 0 458 361 0 0 2 458 -459 
459 458 361 0 470 376 0 0 2 459 -460 
460 470 369 0 484 376 0 0 2 460 -461 
461 484 365 0 497 369 0 0 2 461 -462 
462 497 342 0 497 365 0 0 2 462 -463 
463 480 306 0 497 342 0 0 2 463 -464 
464 474 295 0 480 306 0 0 2 464 -465 
465 469 291 0 474 295 0 0 2 465 -453 
466 206 287 0 208 289 0 0 2 466 -467 
467 206 289 0 206 300 0 0 2 467 -468 
468 189 300 0 206 317 0 0 2 468 -469 
469 189 317 0 194 327 0 0 2 469 -470 
470 194 327 0 195 334 0 0 2 470 -471 
471 195 334 0 207 344 0 0 2 471 -472 
472 207 339 0 220 344 0 0 2 472 -473 
473 220 337 0 229 339 0 0 2 473 -474 
474 229 326 0 231 337 0 0 2 474 -475 
475 227 321 0 231 326 0 0 2 475 -476 
476 227 301 0 228 321 0 0 2 476 -477 
477 220 295 0 228 301 0 0 2 477 -478 
478 214 293 0 220 295 0 0 2 478 -479 
479 208 287 0 214 293 0 0 2 479 -466 
480 288 275 0 293 280 0 0 2 480 -481 
481 270 280 0 288 286 0 0 2 481 -482 
482 270 286 0 272 294 0 0 2 482 -483 
483 272 294 0 282 307 0 0 2 483 -484 
484 282 307 0 295 309 0 0 2 484 -485 
485 295 306 0 302 309 0 0 2 485 -486 
486 302 298 0 313 306 0 0 2 486 -487 
487 310 288 0 313 298 0 0 2 487 -488 
488 298 277 0 310 288 0 0 2 488 -489 
489 293 275 0 298 277 0 0 2 489 -480 
490 133 275 0 158 297 0 0 2 490 -491 
491 127 297 0 133 317 0 0 2 491 -492 
492 112 317 0 127 319 0 0 2 492 -493 
493 108 319 0 112 328 0 0 2 493 -494 
494 108 328 0 109 339 0 0 2 494 -495 
495 109 339 0 118 351 0 0 2 495 -496 
496 118 351 0 130 359 0 0 2 496 -497 
497 130 359 0 142 374 0 0 2 497 -498 
498 142 368 0 156 374 0 0 2 498 -499 
499 156 355 0 173 368 0 0 2 499 -500 
500 173 344 0 180 355 0 0 2 500 -501 
501 177 335 0 180 344 0 0 2 501 -502 
502 177 314 0 178 335 0 0 2 502 -503 
503 178 305 0 184 314 0 0 2 503 -504 
504 182 297 0 184 305 0 0 2 504 -505 
505 182 297 0 188 299 0 0 2 505 -506 
506 188 292 0 192 299 0 0 2 506 -507 
507 189 289 0 192 292 0 0 2 507 -508 
508 189 278 0 189 289 0 0 2 508 -509 
509 180 278 0 189 279 0 0 2 509 -510 
510 176 276 0 180 279 0 0 2 510 -511 
511 158 275 0 176 276 0 0 2 511 -490 
512 97 268 0 119 288 0 0 2 512 -513 
513 96 288 0 97 300 0 0 2 513 -514 
514 96 300 0 104 311 0 0 2 514 -515 
515 104 307 0 107 311 0 0 2 515 -516 
516 107 295 0 108 307 0 0 2 516 -517 
517 108 285 0 121 295 0 0 2 517 -518 
518 121 274 0 125 285 0 0 2 518 -519 
519 124 268 0 125 274 0 0 2 519 -520 
520 119 268 0 124 268 0 0 2 520 -512 
521 399 266 0 424 278 0 0 2 521 -522 
522 399 278 0 413 296 0 0 2 522 -523 
523 413 296 0 416 304 0 0 2 523 -524 
524 416 294 0 424 304 0 0 2 524 -525 
525 424 277 0 428 294 0 0 2 525 -526 
526 428 269 0 437 277 0 0 2 526 -527 
527 433 266 0 437 269 0 0 2 527 -528 
528 424 266 0 433 266 0 0 2 528 -521 
529 480 243 0 494 249 0 0 2 529 -530 
530 457 249 0 480 264 0 0 2 530 -531 
531 457 264 0 457 276 0 0 2 531 -532 
532 457 276 0 464 284 0 0 2 532 -533 
533 464 278 0 467 284 0 0 2 533 -534 
534 467 278 0 473 278 0 0 2 534 -535 
535 473 278 0 481 285 0 0 2 535 -536 
536 481 285 0 494 299 0 0 2 536 -537 
537 494 297 0 498 299 0 0 2 537 -538 
538 498 297 0 508 297 0 0 2 538 -539 
539 508 294 0 515 297 0 0 2 539 -540 
540 515 280 0 524 294 0 0 2 540 -541 
541 515 268 0 524 280 0 0 2 541 -542 
542 515 252 0 519 268 0 0 2 542 -543 
543 513 245 0 519 252 0 0 2 543 -544 
544 494 243 0 513 245 0 0 2 544 -529 
545 558 227 0 567 236 0 0 2 545 -546 
546 546 236 0 558 243 0 0 2 546 -547 
547 535 243 0 546 243 0 0 2 547 -548 
548 526 243 0 535 252 0 0 2 548 -549 
549 526 252 0 530 266 0 0 2 549 -550 
550 530 266 0 540 276 0 0 2 550 -551 
551 540 272 0 576 276 0 0 2 551 -552 
552 572 272 0 576 279 0 0 2 552 -553 
553 560 279 0 572 282 0 0 2 553 -554 
554 556 282 0 560 286 0 0 2 554 -555 
555 556 286 0 556 307 0 0 2 555 -556 
556 554 307 0 556 334 0 0 2 556 -557 
557 554 334 0 564 337 0 0 2 557 -558 
558 560 337 0 564 352 0 0 2 558 -559 
559 552 352 0 560 360 0 0 2 559 -560 
560 552 360 0 553 372 0 0 2 560 -561 
561 553 372 0 564 382 0 0 2 561 -562 
562 563 382 0 564 393 0 0 2 562 -563 
563 563 393 0 569 402 0 0 2 563 -564 
564 568 402 0 569 415 0 0 2 564 -565 
565 568 405 0 579 415 0 0 2 565 -566 
566 579 392 0 584 405 0 0 2 566 -567 
567 584 377 0 597 392 0 0 2 567 -568 
568 597 377 0 599 377 0 0 2 568 -569 
569 599 310 0 599 377 0 0 2 569 -570 
570 595 307 0 599 310 0 0 2 570 -571 
571 594 283 0 595 307 0 0 2 571 -572 
572 587 276 0 594 283 0 0 2 572 -573 
573 582 275 0 587 276 0 0 2 573 -574 
574 582 266 0 584 275 0 0 2 574 -575 
575 584 257 0 591 266 0 0 2 575 -576 
576 573 231 0 591 257 0 0 2 576 -577 
577 567 227 0 573 231 0 0 2 577 -545 
578 500 212 0 506 222 0 0 2 578 -579 
579 500 222 0 505 232 0 0 2 579 -580 
580 505 225 0 510 232 0 0 2 580 -581 
581 510 218 0 512 225 0 0 2 581 -582 
582 512 216 0 512 218 0 0 2 582 -583 
583 508 212 0 512 216 0 0 2 583 -584 
584 506 212 0 508 212 0 0 2 584 -578 
585 99 206 0 100 215 0 0 2 585 -586 
586 99 215 0 100 229 0 0 2 586 -587 
587 100 229 0 106 232 0 0 2 587 -588 
588 106 232 0 109 243 0 0 2 588 -589 
589 109 242 0 119 243 0 0 2 589 -590 
590 117 234 0 119 242 0 0 2 590 -591 
591 105 217 0 117 234 0 0 2 591 -592 
592 100 206 0 105 217 0 0 2 592 -585 
593 334 205 0 355 206 0 0 2 593 -594 
594 307 205 0 334 217 0 0 2 594 -595 
595 302 217 0 307 225 0 0 2 595 -596 
596 292 225 0 302 245 0 0 2 596 -597 
597 292 245 0 292 252 0 0 2 597 -598 
598 292 252 0 303 265 0 0 2 598 -599 
599 303 265 0 306 275 0 0 2 599 -600 
600 306 275 0 317 283 0 0 2 600 -601 
601 317 274 0 353 283 0 0 2 601 -602 
602 353 252 0 373 274 0 0 2 602 -603 
603 373 243 0 390 252 0 0 2 603 -604 
604 390 231 0 398 243 0 0 2 604 -605 
605 386 221 0 398 231 0 0 2 605 -606 
606 378 217 0 386 221 0 0 2 606 -607 
607 360 203 0 378 217 0 0 2 607 -608 
608 355 203 0 360 206 0 0 2 608 -593 
609 235 203 0 245 218 0 0 2 609 -610 
610 227 218 0 235 235 0 0 2 610 -611 
611 219 235 0 227 245 0 0 2 611 -612 
612 219 245 0 226 280 0 0 2 612 -613 
613 226 280 0 242 285 0 0 2 613 -614 
614 242 280 0 254 285 0 0 2 614 -615 
615 254 273 0 266 280 0 0 2 615 -616 
616 266 271 0 284 273 0 0 2 616 -617 
617 284 261 0 286 271 0 0 2 617 -618 
618 276 252 0 286 261 0 0 2 618 -619 
619 266 251 0 276 252 0 0 2 619 -620 
620 260 245 0 266 251 0 0 2 620 -621 
621 257 226 0 260 245 0 0 2 621 -622 
622 257 210 0 260 226 0 0 2 622 -623 
623 253 204 0 260 210 0 0 2 623 -624 
624 245 203 0 253 204 0 0 2 624 -609 
625 108 198 0 115 203 0 0 2 625 -626 
626 108 203 0 122 221 0 0 2 626 -627 
627 120 221 0 122 230 0 0 2 627 -628 
628 120 230 0 130 234 0 0 2 628 -629 
629 130 227 0 133 234 0 0 2 629 -630 
630 121 203 0 133 227 0 0 2 630 -631 
631 115 198 0 121 203 0 0 2 631 -625 
632 31 185 0 34 193 0 0 2 632 -633 
633 21 193 0 31 194 0 0 2 633 -634 
634 21 194 0 27 210 0 0 2 634 -635 
635 27 210 0 34 218 0 0 2 635 -636 
636 34 218 0 46 236 0 0 2 636 -637 
637 46 236 0 53 241 0 0 2 637 -638 
638 53 229 0 61 241 0 0 2 638 -639 
639 61 227 0 68 229 0 0 2 639 -640 
640 68 210 0 70 227 0 0 2 640 -641 
641 62 200 0 70 210 0 0 2 641 -642 
642 51 193 0 62 200 0 0 2 642 -643 
643 48 186 0 51 193 0 0 2 643 -644 
644 34 185 0 48 186 0 0 2 644 -632 
645 142 181 0 154 195 0 0 2 645 -646 
646 142 195 0 142 213 0 0 2 646 -647 
647 142 213 0 156 227 0 0 2 647 -648 
648 156 227 0 168 248 0 0 2 648 -649 
649 168 248 0 177 254 0 0 2 649 -650 
650 177 254 0 179 261 0 0 2 650 -651 
651 179 261 0 183 261 0 0 2 651 -652 
652 183 261 0 188 266 0 0 2 652 -653 
653 188 248 0 207 266 0 0 2 653 -654 
654 207 241 0 211 248 0 0 2 654 -655 
655 205 224 0 211 241 0 0 2 655 -656 
656 191 199 0 205 224 0 0 2 656 -657 
657 182 192 0 191 199 0 0 2 657 -658 
658 154 181 0 182 192 0 0 2 658 -645 
659 390 179 0 395 190 0 0 2 659 -660 
660 390 190 0 390 203 0 0 2 660 -661 
661 390 203 0 402 219 0 0 2 661 -662 
662 402 219 0 412 228 0 0 2 662 -663 
663 412 227 0 417 228 0 0 2 663 -664 
664 417 220 0 424 227 0 0 2 664 -665 
665 423 194 0 424 220 0 0 2 665 -666 
666 413 188 0 423 194 0 0 2 666 -667 
667 410 188 0 413 196 0 0 2 667 -668 
668 404 195 0 410 196 0 0 2 668 -669 
669 401 184 0 404 195 0 0 2 669 -670 
670 395 179 0 401 184 0 0 2 670 -659 
671 444 169 0 450 180 0 0 2 671 -672 
672 432 180 0 444 197 0 0 2 672 -673 
673 432 197 0 436 207 0 0 2 673 -674 
674 436 207 0 437 228 0 0 2 674 -675 
675 425 228 0 437 243 0 0 2 675 -676 
676 425 243 0 428 249 0 0 2 676 -677 
677 428 249 0 454 250 0 0 2 677 -678 
678 454 243 0 467 250 0 0 2 678 -679 
679 467 241 0 475 243 0 0 2 679 -680 
680 475 229 0 490 241 0 0 2 680 -681 
681 489 219 0 490 229 0 0 2 681 -682 
682 472 201 0 489 219 0 0 2 682 -683 
683 464 187 0 472 201 0 0 2 683 -684 
684 450 169 0 464 187 0 0 2 684 -671 
685 122 151 0 134 155 0 0 2 685 -686 
686 109 155 0 122 164 0 0 2 686 -687 
687 106 164 0 109 182 0 0 2 687 -688 
688 106 182 0 114 189 0 0 2 688 -689 
689 114 179 0 135 189 0 0 2 689 -690 
690 135 172 0 141 179 0 0 2 690 -691 
691 141 170 0 150 172 0 0 2 691 -692 
692 150 156 0 156 170 0 0 2 692 -693 
693 152 152 0 156 156 0 0 2 693 -694 
694 134 151 0 152 152 0 0 2 694 -685 
695 312 149 0 330 154 0 0 2 695 -696 
696 312 154 0 315 176 0 0 2 696 -697 
697 315 176 0 327 185 0 0 2 697 -698 
698 327 185 0 352 192 0 0 2 698 -699 
699 352 188 0 362 192 0 0 2 699 -700 
700 362 183 0 363 188 0 0 2 700 -701 
701 363 177 0 369 183 0 0 2 701 -702 
702 369 166 0 370 177 0 0 2 702 -703 
703 351 151 0 370 166 0 0 2 703 -704 
704 340 149 0 351 151 0 0 2 704 -705 
705 330 149 0 340 149 0 0 2 705 -695 
706 266 148 0 268 160 0 0 2 706 -707 
707 265 160 0 268 164 0 0 2 707 -708 
708 265 164 0 265 172 0 0 2 708 -709 
709 265 172 0 280 194 0 0 2 709 -710 
710 280 194 0 286 200 0 0 2 710 -711 
711 286 199 0 297 200 0 0 2 711 -712 
712 297 189 0 302 199 0 0 2 712 -713 
713 302 175 0 302 189 0 0 2 713 -714 
714 291 159 0 302 175 0 0 2 714 -715 
715 286 149 0 291 159 0 0 2 715 -716 
716 266 148 0 286 149 0 0 2 716 -706 
717 1 148 0 1 181 0 0 2 717 -718 
718 1 168 0 15 181 0 0 2 718 -719 
719 15 165 0 16 168 0 0 2 719 -720 
720 9 156 0 16 165 0 0 2 720 -721 
721 3 150 0 9 156 0 0 2 721 -722 
722 2 150 0 3 150 0 0 2 722 -723 
723 1 148 0 2 150 0 0 2 723 -717 
724 120 131 0 120 141 0 0 2 724 -725 
725 120 141 0 129 144 0 0 2 725 -726 
726 129 138 0 133 144 0 0 2 726 -727 
727 132 137 0 133 138 0 0 2 727 -728 
728 132 135 0 132 137 0 0 2 728 -729 
729 128 131 0 132 135 0 0 2 729 -730 
730 120 131 0 128 131 0 0 2 730 -724 
731 532 128 0 544 145 0 0 2 731 -732 
732 518 145 0 532 157 0 0 2 732 -733 
733 505 157 0 518 159 0 0 2 733 -734 
734 503 157 0 505 159 0 0 2 734 -735 
735 491 157 0 503 168 0 0 2 735 -736 
736 491 168 0 499 180 0 0 2 736 -737 
737 499 180 0 499 184 0 0 2 737 -738 
738 493 184 0 499 190 0 0 2 738 -739 
739 493 190 0 505 203 0 0 2 739 -740 
740 505 195 0 509 203 0 0 2 740 -741 
741 509 193 0 514 195 0 0 2 741 -742 
742 514 186 0 517 193 0 0 2 742 -743 
743 517 186 0 525 188 0 0 2 743 -744 
744 521 188 0 525 195 0 0 2 744 -745 
745 515 195 0 521 197 0 0 2 745 -746 
746 515 197 0 523 207 0 0 2 746 -747 
747 523 207 0 526 214 0 0 2 747 -748 
748 526 214 0 531 215 0 0 2 748 -749 
749 531 215 0 535 225 0 0 2 749 -750 
750 535 225 0 544 230 0 0 2 750 -751 
751 544 217 0 563 230 0 0 2 751 -752 
752 563 206 0 568 217 0 0 2 752 -753 
753 568 206 0 576 207 0 0 2 753 -754 
754 576 195 0 584 207 0 0 2 754 -755 
755 584 171 0 585 195 0 0 2 755 -756 
756 585 169 0 587 171 0 0 2 756 -757 
757 577 158 0 587 169 0 0 2 757 -758 
758 568 155 0 577 158 0 0 2 758 -759 
759 565 138 0 568 155 0 0 2 759 -760 
760 549 128 0 565 138 0 0 2 760 -761 
761 544 128 0 549 128 0 0 2 761 -731 
762 206 127 0 209 130 0 0 2 762 -763 
763 187 130 0 206 132 0 0 2 763 -764 
764 173 132 0 187 146 0 0 2 764 -765 
765 173 146 0 194 176 0 0 2 765 -766 
766 192 176 0 194 185 0 0 2 766 -767 
767 192 185 0 205 196 0 0 2 767 -768 
768 205 196 0 209 201 0 0 2 768 -769 
769 209 201 0 222 205 0 0 2 769 -770 
770 222 202 0 232 205 0 0 2 770 -771 
771 232 196 0 236 202 0 0 2 771 -772 
772 236 167 0 239 196 0 0 2 772 -773 
773 232 161 0 239 167 0 0 2 773 -774 
774 228 146 0 232 161 0 0 2 774 -775 
775 224 141 0 228 146 0 0 2 775 -776 
776 209 127 0 224 141 0 0 2 776 -762 
777 306 119 0 310 129 0 0 2 777 -778 
778 306 129 0 316 142 0 0 2 778 -779 
779 316 129 0 324 142 0 0 2 779 -780 
780 315 120 0 324 129 0 0 2 780 -781 
781 313 120 0 315 120 0 0 2 781 -782 
782 312 119 0 313 120 0 0 2 782 -783 
783 310 119 0 312 119 0 0 2 783 -777 
784 59 109 0 61 118 0 0 2 784 -785 
785 42 118 0 59 138 0 0 2 785 -786 
786 42 138 0 45 159 0 0 2 786 -787 
787 45 159 0 56 170 0 0 2 787 -788 
788 56 162 0 66 170 0 0 2 788 -789 
789 66 159 0 81 162 0 0 2 789 -790 
790 81 159 0 99 160 0 0 2 790 -791 
791 99 158 0 101 160 0 0 2 791 -792 
792 101 148 0 101 158 0 0 2 792 -793 
793 101 138 0 104 148 0 0 2 793 -794 
794 83 117 0 104 138 0 0 2 794 -795 
795 70 110 0 83 117 0 0 2 795 -796 
796 61 109 0 70 110 0 0 2 796 -784 
797 432 101 0 451 110 0 0 2 797 -798 
798 431 110 0 432 125 0 0 2 798 -799 
799 421 125 0 431 136 0 0 2 799 -800 
800 421 136 0 422 154 0 0 2 800 -801 
801 422 154 0 429 161 0 0 2 801 -802 
802 429 157 0 454 161 0 0 2 802 -803 
803 454 157 0 479 157 0 0 2 803 -804 
804 476 137 0 479 157 0 0 2 804 -805 
805 470 105 0 476 137 0 0 2 805 -806 
806 466 102 0 470 105 0 0 2 806 -807 
807 451 101 0 466 102 0 0 2 807 -797 
808 1 97 0 1 124 0 0 2 808 -809 
809 1 117 0 4 124 0 0 2 809 -810 
810 4 106 0 7 117 0 0 2 810 -811 
811 5 103 0 7 106 0 0 2 811 -812 
812 4 102 0 5 103 0 0 2 812 -813 
813 4 101 0 4 102 0 0 2 813 -814 
814 1 97 0 4 101 0 0 2 814 -808 
815 229 91 0 242 100 0 0 2 815 -816 
816 229 100 0 233 123 0 0 2 816 -817 
817 233 123 0 242 128 0 0 2 817 -818 
818 242 127 0 251 128 0 0 2 818 -819 
819 251 117 0 260 127 0 0 2 819 -820 
820 258 111 0 260 117 0 0 2 820 -821 
821 258 99 0 258 111 0 0 2 821 -822 
822 253 94 0 258 99 0 0 2 822 -823 
823 242 91 0 253 94 0 0 2 823 -815 
824 348 74 0 371 80 0 0 2 824 -825 
825 344 80 0 348 89 0 0 2 825 -826 
826 325 89 0 344 103 0 0 2 826 -827 
827 318 103 0 325 111 0 0 2 827 -828 
828 318 111 0 328 118 0 0 2 828 -829 
829 328 117 0 335 118 0 0 2 829 -830 
830 333 117 0 335 123 0 0 2 830 -831 
831 333 123 0 359 143 0 0 2 831 -832 
832 359 143 0 374 144 0 0 2 832 -833 
833 374 144 0 404 144 0 0 2 833 -834 
834 404 136 0 415 144 0 0 2 834 -835 
835 415 118 0 419 136 0 0 2 835 -836 
836 416 97 0 419 118 0 0 2 836 -837 
837 397 77 0 416 97 0 0 2 837 -838 
838 371 74 0 397 77 0 0 2 838 -824 
839 74 71 0 86 87 0 0 2 839 -840 
840 71 87 0 74 98 0 0 2 840 -841 
841 71 98 0 92 99 0 0 2 841 -842 
842 91 78 0 92 99 0 0 2 842 -843 
843 89 76 0 91 78 0 0 2 843 -844 
844 89 74 0 89 76 0 0 2 844 -845 
845 86 71 0 89 74 0 0 2 845 -839 
846 478 63 0 481 66 0 0 2 846 -847 
847 474 66 0 478 93 0 0 2 847 -848 
848 474 93 0 488 110 0 0 2 848 -849 
849 488 110 0 494 133 0 0 2 849 -850 
850 494 133 0 500 135 0 0 2 850 -851 
851 500 135 0 511 135 0 0 2 851 -852 
852 511 114 0 533 135 0 0 2 852 -853 
853 523 100 0 533 114 0 0 2 853 -854 
854 514 95 0 523 100 0 0 2 854 -855 
855 511 87 0 514 95 0 0 2 855 -856 
856 498 74 0 511 87 0 0 2 856 -857 
857 493 66 0 498 74 0 0 2 857 -858 
858 481 63 0 493 66 0 0 2 858 -846 
859 406 63 0 423 67 0 0 2 859 -860 
860 406 67 0 425 86 0 0 2 860 -861 
861 425 86 0 436 87 0 0 2 861 -862 
862 436 77 0 436 87 0 0 2 862 -863 
863 427 64 0 436 77 0 0 2 863 -864 
864 426 63 0 427 64 0 0 2 864 -865 
865 423 63 0 426 63 0 0 2 865 -859 
866 441 61 0 443 70 0 0 2 866 -867 
867 441 70 0 453 83 0 0 2 867 -868 
868 453 76 0 458 83 0 0 2 868 -869 
869 455 73 0 458 76 0 0 2 869 -870 
870 455 72 0 455 73 0 0 2 870 -871 
871 444 61 0 455 72 0 0 2 871 -872 
872 443 61 0 444 61 0 0 2 872 -866 
873 577 59 0 580 83 0 0 2 873 -874 
874 574 83 0 577 92 0 0 2 874 -875 
875 566 90 0 574 92 0 0 2 875 -876 
876 560 90 0 566 96 0 0 2 876 -877 
877 560 96 0 578 112 0 0 2 877 -878 
878 578 112 0 583 122 0 0 2 878 -879 
879 583 122 0 593 128 0 0 2 879 -880 
880 593 128 0 597 171 0 0 2 880 -881 
881 597 171 0 599 173 0 0 2 881 -882 
882 599 62 0 599 173 0 0 2 882 -883 
883 588 56 0 599 62 0 0 2 883 -884 
884 580 56 0 588 59 0 0 2 884 -873 
885 148 46 0 159 49 0 0 2 885 -886 
886 145 49 0 148 52 0 0 2 886 -887 
887 135 50 0 145 52 0 0 2 887 -888 
888 117 50 0 135 50 0 0 2 888 -889 
889 113 50 0 117 56 0 0 2 889 -890 
890 110 56 0 113 95 0 0 2 890 -891 
891 110 95 0 114 106 0 0 2 891 -892 
892 114 106 0 131 122 0 0 2 892 -893 
893 131 122 0 142 123 0 0 2 893 -894 
894 142 123 0 146 127 0 0 2 894 -895 
895 146 127 0 163 128 0 0 2 895 -896 
896 163 128 0 183 128 0 0 2 896 -897 
897 183 117 0 191 128 0 0 2 897 -898 
898 191 117 0 200 117 0 0 2 898 -899 
899 200 98 0 202 117 0 0 2 899 -900 
900 195 80 0 202 98 0 0 2 900 -901 
901 190 70 0 195 80 0 0 2 901 -902 
902 190 56 0 190 70 0 0 2 902 -903 
903 179 50 0 190 56 0 0 2 903 -904 
904 167 46 0 179 50 0 0 2 904 -905 
905 159 46 0 167 46 0 0 2 905 -885 
906 2 34 0 20 45 0 0 2 906 -907 
907 1 45 0 2 45 0 0 2 907 -908 
908 1 45 0 1 68 0 0 2 908 -909 
909 1 68 0 5 77 0 0 2 909 -910 
910 5 77 0 9 93 0 0 2 910 -911 
911 9 93 0 24 106 0 0 2 911 -912 
912 24 106 0 46 107 0 0 2 912 -913 
913 46 98 0 53 107 0 0 2 913 -914 
914 53 98 0 59 99 0 0 2 914 -915 
915 59 83 0 69 99 0 0 2 915 -916 
916 69 75 0 70 83 0 0 2 916 -917 
917 58 63 0 70 75 0 0 2 917 -918 
918 47 45 0 58 63 0 0 2 918 -919 
919 37 42 0 47 45 0 0 2 919 -920 
920 34 35 0 37 42 0 0 2 920 -921 
921 20 34 0 34 35 0 0 2 921 -906 
922 486 29 0 491 40 0 0 2 922 -923 
923 486 40 0 501 42 0 0 2 923 -924 
924 501 34 0 503 42 0 0 2 924 -925 
925 496 30 0 503 34 0 0 2 925 -926 
926 495 30 0 496 30 0 0 2 926 -927 
927 494 29 0 495 30 0 0 2 927 -928 
928 491 29 0 494 29 0 0 2 928 -922 
929 519 24 0 529 34 0 0 2 929 -930 
930 514 34 0 519 47 0 0 2 930 -931 
931 504 47 0 514 56 0 0 2 931 -932 
932 504 56 0 515 67 0 0 2 932 -933 
933 515 67 0 521 68 0 0 2 933 -934 
934 521 63 0 528 68 0 0 2 934 -935 
935 528 41 0 548 63 0 0 2 935 -936 
936 548 27 0 549 41 0 0 2 936 -937 
937 545 23 0 549 27 0 0 2 937 -938 
938 529 23 0 545 24 0 0 2 938 -929 
939 574 12 0 581 18 0 0 2 939 -940 
940 574 18 0 574 38 0 0 2 940 -941 
941 573 38 0 574 50 0 0 2 941 -942 
942 573 38 0 585 50 0 0 2 942 -943 
943 585 26 0 587 38 0 0 2 943 -944 
944 587 17 0 589 26 0 0 2 944 -945 
945 581 12 0 589 17 0 0 2 945 -939 
946 510 1 0 521 9 0 0 2 946 -947 
947 510 9 0 513 19 0 0 2 947 -948 
948 513 13 0 525 19 0 0 2 948 -949 
949 525 9 0 536 13 0 0 2 949 -950 
950 536 2 0 536 9 0 0 2 950 -951 
951 536 1 0 536 2 0 0 2 951 -952 
952 521 1 0 536 1 0 0 2 952 -946 
953 427 1 0 429 10 0 0 2 953 -954 
954 420 10 0 427 20 0 0 2 954 -955 
955 415 20 0 420 35 0 0 2 955 -956 
956 407 35 0 415 42 0 0 2 956 -957 
957 406 42 0 407 49 0 0 2 957 -958 
958 406 49 0 411 54 0 0 2 958 -959 
959 411 49 0 429 54 0 0 2 959 -960 
960 429 48 0 437 49 0 0 2 960 -961 
961 437 32 0 461 48 0 0 2 961 -962 
962 461 23 0 465 32 0 0 2 962 -963 
963 465 5 0 468 23 0 0 2 963 -964 
964 463 1 0 468 5 0 0 2 964 -965 
965 429 1 0 463 1 0 0 2 965 -953 
966 343 1 0 345 8 0 0 2 966 -967 
967 343 8 0 349 17 0 0 2 967 -968 
968 349 17 0 349 30 0 0 2 968 -969 
969 349 30 0 359 36 0 0 2 969 -970 
970 359 36 0 364 41 0 0 2 970 -971 
971 364 40 0 376 41 0 0 2 971 -972 
972 376 40 0 386 42 0 0 2 972 -973 
973 386 28 0 392 42 0 0 2 973 -974 
974 390 6 0 392 28 0 0 2 974 -975 
975 387 1 0 390 6 0 0 2 975 -976 
976 345 1 0 387 1 0 0 2 976 -966 
977 316 1 0 317 20 0 0 2 977 -978 
978 317 20 0 322 26 0 0 2 978 -979 
979 322 25 0 331 26 0 0 2 979 -980 
980 331 13 0 338 25 0 0 2 980 -981 
981 328 2 0 338 13 0 0 2 981 -982 
982 328 1 0 328 2 0 0 2 982 -983 
983 316 1 0 328 1 0 0 2 983 -977 
984 246 1 0 253 12 0 0 2 984 -985 
985 241 12 0 246 17 0 0 2 985 -986 
986 241 17 0 241 24 0 0 2 986 -987 
987 232 24 0 241 30 0 0 2 987 -988 
988 214 30 0 232 53 0 0 2 988 -989 
989 208 53 0 214 65 0 0 2 989 -990 
990 208 65 0 210 76 0 0 2 990 -991 
991 210 76 0 214 80 0 0 2 991 -992 
992 214 80 0 254 82 0 0 2 992 -993 
993 254 80 0 262 82 0 0 2 993 -994 
994 262 80 0 270 92 0 0 2 994 -995 
995 270 92 0 289 95 0 0 2 995 -996 
996 289 95 0 308 96 0 0 2 996 -997 
997 308 95 0 317 96 0 0 2 997 -998 
998 317 80 0 333 95 0 0 2 998 -999 
999 333 62 0 336 80 0 0 2 999 -1000 
1000 323 50 0 336 62 0 0 2 1000 -1001 
1001 312 45 0 323 50 0 0 2 1001 -1002 
1002 306 35 0 312 45 0 0 2 1002 -1003 
1003 306 18 0 308 35 0 0 2 1003 -1004 
1004 297 11 0 308 18 0 0 2 1004 -1005 
1005 296 1 0 297 11 0 0 2 1005 -1006 
1006 253 1 0 296 1 0 0 2 1006 -984 
1007 192 1 0 196 8 0 0 2 1007 -1008 
1008 192 8 0 202 23 0 0 2 1008 -1009 
1009 202 23 0 213 24 0 0 2 1009 -1010 
1010 213 19 0 225 24 0 0 2 1010 -1011 
1011 225 8 0 225 19 0 0 2 1011 -1012 
1012 225 1 0 225 8 0 0 2 1012 -1013 
1013 196 1 0 225 1 0 0 2 1013 -1007 
1014 147 1 0 151 12 0 0 2 1014 -1015 
1015 136 12 0 147 23 0 0 2 1015 -1016 
1016 136 23 0 136 31 0 0 2 1016 -1017 
1017 136 31 0 142 36 0 0 2 1017 -1018 
1018 142 36 0 163 36 0 0 2 1018 -1019 
1019 163 32 0 167 36 0 0 2 1019 -1020 
1020 167 1 0 167 32 0 0 2 1020 -1021 
1021 151 1 0 167 1 0 0 2 1021 -1014 
1022 77 1 0 77 13 0 0 2 1022 -1023 
1023 77 13 0 82 19 0 0 2 1023 -1024 
1024 82 19 0 87 19 0 0 2 1024 -1025 
1025 87 19 0 94 28 0 0 2 1025 -1026 
1026 90 28 0 94 49 0 0 2 1026 -1027 
1027 90 49 0 97 54 0 0 2 1027 -1028 
1028 97 31 0 119 54 0 0 2 1028 -1029 
1029 119 24 0 124 31 0 0 2 1029 -1030 
1030 124 8 0 129 24 0 0 2 1030 -1031 
1031 129 1 0 135 8 0 0 2 1031 -1032 
1032 77 1 0 135 1 0 0 2 1032 -1022 
1033 1 1 0 1 24 0 0 2 1033 -1034 
1034 1 21 0 22 24 0 0 2 1034 -1035 
1035 22 19 0 25 21 0 0 2 1035 -1036 
1036 25 5 0 25 19 0 0 2 1036 -1037 
1037 23 3 0 25 5 0 0 2 1037 -1038 
1038 23 1 0 23 3 0 0 2 1038 -1039 
1039 1 1 0 23 1 0 0 2 1039 -1033 
1220 0 0 0 0 600 0 1 3 2 1220 -1221 
1221 0 600 0 600 600 0 1 4 2 1221 -1222 
1222 600 0 0 600 600 0 1 2 2 1222 -1223 
1223 0 0 0 600 0 0 1 4 2 1223 -1220 
1000 0 0 0 600 600 0 1 1 1043 1 2 3 4 5 6 7 -17 -16 -15 -14 -13 -12 -11 -10 -9 -8 -24 -23 -22 -21 -20 -19 -18 -33 -32 -31 -30 -29 -28 -27 -26 -25 -40 -39 -38 -37 -36 -35 -34 -58 -57 -56 -55 -54 -53 -52 -51 -50 -49 -48 -47 -46 -45 -44 -43 -42 -41 -81 -80 -79 -78 -77 -76 -75 -74 -73 -72 -71 -70 -69 -68 -67 -66 -65 -64 -63 -62 -61 -60 -59 -91 -90 -89 -88 -87 -86 -85 -84 -83 -82 -101 -100 -99 -98 -97 -96 -95 -94 -93 -92 -108 -107 -106 -105 -104 -103 -102 -116 -115 -114 -113 -112 -111 -110 -109 -126 -125 -124 -123 -122 -121 -120 -119 -118 -117 -134 -133 -132 -131 -130 -129 -128 -127 -144 -143 -142 -141 -140 -139 -138 -137 -136 -135 -151 -150 -149 -148 -147 -146 -145 -158 -157 -156 -155 -154 -153 -152 -172 -171 -170 -169 -168 -167 -166 -165 -164 -163 -162 -161 -160 -159 -186 -185 -184 -183 -182 -181 -180 -179 -178 -177 -176 -175 -174 -173 -213 -212 -211 -210 -209 -208 -207 -206 -205 -204 -203 -202 -201 -200 -199 -198 -197 -196 -195 -194 -193 -192 -191 -190 -189 -188 -187 -224 -223 -222 -221 -220 -219 -218 -217 -216 -215 -214 -231 -230 -229 -228 -227 -226 -225 -238 -237 -236 -235 -234 -233 -232 -245 -244 -243 -242 -241 -240 -239 -252 -251 -250 -249 -248 -247 -246 -261 -260 -259 -258 -257 -256 -255 -254 -253 -278 -277 -276 -275 -274 -273 -272 -271 -270 -269 -268 -267 -266 -265 -264 -263 -262 -303 -302 -301 -300 -299 -298 -297 -296 -295 -294 -293 -292 -291 -290 -289 -288 -287 -286 -285 -284 -283 -282 -281 -280 -279 -320 -319 -318 -317 -316 -315 -314 -313 -312 -311 -310 -309 -308 -307 -306 -305 -304 -327 -326 -325 -324 -323 -322 -321 -337 -336 -335 -334 -333 -332 -331 -330 -329 -328 -354 -353 -352 -351 -350 -349 -348 -347 -346 -345 -344 -343 -342 -341 -340 -339 -338 -361 -360 -359 -358 -357 -356 -355 -368 -367 -366 -365 -364 -363 -362 -375 -374 -373 -372 -371 -370 -369 -382 -381 -380 -379 -378 -377 -376 -389 -388 -387 -386 -385 -384 -383 -402 -401 -400 -399 -398 -397 -396 -395 -394 -393 -392 -391 -390 -418 -417 -416 -415 -414 -413 -412 -411 -410 -409 -408 -407 -406 -405 -404 -403 -432 -431 -430 -429 -428 -427 -426 -425 -424 -423 -422 -421 -420 -419 -442 -441 -440 -439 -438 -437 -436 -435 -434 -433 -452 -451 -450 -449 -448 -447 -446 -445 -444 -443 -465 -464 -463 -462 -461 -460 -459 -458 -457 -456 -455 -454 -453 -479 -478 -477 -476 -475 -474 -473 -472 -471 -470 -469 -468 -467 -466 -489 -488 -487 -486 -485 -484 -483 -482 -481 -480 -511 -510 -509 -508 -507 -506 -505 -504 -503 -502 -501 -500 -499 -498 -497 -496 -495 -494 -493 -492 -491 -490 -520 -519 -518 -517 -516 -515 -514 -513 -512 -528 -527 -526 -525 -524 -523 -522 -521 -544 -543 -542 -541 -540 -539 -538 -537 -536 -535 -534 -533 -532 -531 -530 -529 -577 -576 -575 -574 -573 -572 -571 -570 -569 -568 -567 -566 -565 -564 -563 -562 -561 -560 -559 -558 -557 -556 -555 -554 -553 -552 -551 -550 -549 -548 -547 -546 -545 -584 -583 -582 -581 -580 -579 -578 -592 -591 -590 -589 -588 -587 -586 -585 -608 -607 -606 -605 -604 -603 -602 -601 -600 -599 -598 -597 -596 -595 -594 -593 -624 -623 -622 -621 -620 -619 -618 -617 -616 -615 -614 -613 -612 -611 -610 -609 -631 -630 -629 -628 -627 -626 -625 -644 -643 -642 -641 -640 -639 -638 -637 -636 -635 -634 -633 -632 -658 -657 -656 -655 -654 -653 -652 -651 -650 -649 -648 -647 -646 -645 -670 -669 -668 -667 -666 -665 -664 -663 -662 -661 -660 -659 -684 -683 -682 -681 -680 -679 -678 -677 -676 -675 -674 -673 -672 -671 -694 -693 -692 -691 -690 -689 -688 -687 -686 -685 -705 -704 -703 -702 -701 -700 -699 -698 -697 -696 -695 -716 -715 -714 -713 -712 -711 -710 -709 -708 -707 -706 -723 -722 -721 -720 -719 -718 -717 -730 -729 -728 -727 -726 -725 -724 -761 -760 -759 -758 -757 -756 -755 -754 -753 -752 -751 -750 -749 -748 -747 -746 -745 -744 -743 -742 -741 -740 -739 -738 -737 -736 -735 -734 -733 -732 -731 -776 -775 -774 -773 -772 -771 -770 -769 -768 -767 -766 -765 -764 -763 -762 -783 -782 -781 -780 -779 -778 -777 -796 -795 -794 -793 -792 -791 -790 -789 -788 -787 -786 -785 -784 -807 -806 -805 -804 -803 -802 -801 -800 -799 -798 -797 -814 -813 -812 -811 -810 -809 -808 -823 -822 -821 -820 -819 -818 -817 -816 -815 -838 -837 -836 -835 -834 -833 -832 -831 -830 -829 -828 -827 -826 -825 -824 -845 -844 -843 -842 -841 -840 -839 -858 -857 -856 -855 -854 -853 -852 -851 -850 -849 -848 -847 -846 -865 -864 -863 -862 -861 -860 -859 -872 -871 -870 -869 -868 -867 -866 -884 -883 -882 -881 -880 -879 -878 -877 -876 -875 -874 -873 -905 -904 -903 -902 -901 -900 -899 -898 -897 -896 -895 -894 -893 -892 -891 -890 -889 -888 -887 -886 -885 -921 -920 -919 -918 -917 -916 -915 -914 -913 -912 -911 -910 -909 -908 -907 -906 -928 -927 -926 -925 -924 -923 -922 -938 -937 -936 -935 -934 -933 -932 -931 -930 -929 -945 -944 -943 -942 -941 -940 -939 -952 -951 -950 -949 -948 -947 -946 -965 -964 -963 -962 -961 -960 -959 -958 -957 -956 -955 -954 -953 -976 -975 -974 -973 -972 -971 -970 -969 -968 -967 -966 -983 -982 -981 -980 -979 -978 -977 -1006 -1005 -1004 -1003 -1002 -1001 -1000 -999 -998 -997 -996 -995 -994 -993 -992 -991 -990 -989 -988 -987 -986 -985 -984 -1013 -1012 -1011 -1010 -1009 -1008 -1007 -1021 -1020 -1019 -1018 -1017 -1016 -1015 -1014 -1032 -1031 -1030 -1029 -1028 -1027 -1026 -1025 -1024 -1023 -1022 -1039 -1038 -1037 -1036 -1035 -1034 -1033 -1223 -1222 -1221 -1220 
1130 499 580 0 512 599 0 1 6 7 1 2 3 4 5 6 7 
1131 4 562 0 82 599 0 1 6 10 8 9 10 11 12 13 14 15 16 17 
1132 1 546 0 12 572 0 1 6 7 18 19 20 21 22 23 24 
1133 466 530 0 500 583 0 1 6 9 25 26 27 28 29 30 31 32 33 
1134 94 526 0 116 548 0 1 6 7 34 35 36 37 38 39 40 
1135 342 510 0 446 599 0 1 6 18 41 42 43 44 45 46 47 48 49 50 51 52 53 54 55 56 57 58 
1136 143 507 0 299 599 0 1 6 23 59 60 61 62 63 64 65 66 67 68 69 70 71 72 73 74 75 76 77 78 79 80 81 
1137 21 501 0 64 554 0 1 6 10 82 83 84 85 86 87 88 89 90 91 
1138 312 493 0 342 543 0 1 6 10 92 93 94 95 96 97 98 99 100 101 
1139 253 477 0 267 494 0 1 6 7 102 103 104 105 106 107 108 
1140 453 476 0 489 525 0 1 6 8 109 110 111 112 113 114 115 116 
1141 274 469 0 305 523 0 1 6 10 117 118 119 120 121 122 123 124 125 126 
1142 477 463 0 513 480 0 1 6 8 127 128 129 130 131 132 133 134 
1143 545 462 0 599 569 0 1 6 10 135 136 137 138 139 140 141 142 143 144 
1144 38 458 0 71 487 0 1 6 7 145 146 147 148 149 150 151 
1145 190 443 0 208 459 0 1 6 7 152 153 154 155 156 157 158 
1146 524 441 0 562 497 0 1 6 14 159 160 161 162 163 164 165 166 167 168 169 170 171 172 
1147 79 441 0 167 494 0 1 6 14 173 174 175 176 177 178 179 180 181 182 183 184 185 186 
1148 379 436 0 449 556 0 1 6 27 187 188 189 190 191 192 193 194 195 196 197 198 199 200 201 202 203 204 205 206 207 208 209 210 211 212 213 
1149 225 413 0 279 475 0 1 6 11 214 215 216 217 218 219 220 221 222 223 224 
1150 79 411 0 93 436 0 1 6 7 225 226 227 228 229 230 231 
1151 375 410 0 413 437 0 1 6 7 232 233 234 235 236 237 238 
1152 104 405 0 119 423 0 1 6 7 239 240 241 242 243 244 245 
1153 582 396 0 599 460 0 1 6 7 246 247 248 249 250 251 252 
1154 396 380 0 435 402 0 1 6 9 253 254 255 256 257 258 259 260 261 
1155 1 380 0 48 474 0 1 6 17 262 263 264 265 266 267 268 269 270 271 272 273 274 275 276 277 278 
1156 288 376 0 371 478 0 1 6 25 279 280 281 282 283 284 285 286 287 288 289 290 291 292 293 294 295 296 297 298 299 300 301 302 303 
1157 453 373 0 537 450 0 1 6 17 304 305 306 307 308 309 310 311 312 313 314 315 316 317 318 319 320 
1158 229 371 0 242 412 0 1 6 7 321 322 323 324 325 326 327 
1159 48 366 0 88 422 0 1 6 10 328 329 330 331 332 333 334 335 336 337 
1160 141 362 0 221 456 0 1 6 17 338 339 340 341 342 343 344 345 346 347 348 349 350 351 352 353 354 
1161 313 356 0 328 382 0 1 6 7 355 356 357 358 359 360 361 
1162 1 354 0 19 375 0 1 6 7 362 363 364 365 366 367 368 
1163 253 353 0 277 376 0 1 6 7 369 370 371 372 373 374 375 
1164 419 351 0 444 367 0 1 6 7 376 377 378 379 380 381 382 
1165 286 346 0 300 371 0 1 6 7 383 384 385 386 387 388 389 
1166 67 339 0 120 398 0 1 6 13 390 391 392 393 394 395 396 397 398 399 400 401 402 
1167 348 314 0 419 381 0 1 6 16 403 404 405 406 407 408 409 410 411 412 413 414 415 416 417 418 
1168 258 307 0 303 335 0 1 6 14 419 420 421 422 423 424 425 426 427 428 429 430 431 432 
1169 506 304 0 537 361 0 1 6 10 433 434 435 436 437 438 439 440 441 442 
1170 30 294 0 88 340 0 1 6 10 443 444 445 446 447 448 449 450 451 452 
1171 431 291 0 497 376 0 1 6 13 453 454 455 456 457 458 459 460 461 462 463 464 465 
1172 189 287 0 231 344 0 1 6 14 466 467 468 469 470 471 472 473 474 475 476 477 478 479 
1173 270 275 0 313 309 0 1 6 10 480 481 482 483 484 485 486 487 488 489 
1174 108 275 0 192 374 0 1 6 22 490 491 492 493 494 495 496 497 498 499 500 501 502 503 504 505 506 507 508 509 510 511 
1175 96 268 0 125 311 0 1 6 9 512 513 514 515 516 517 518 519 520 
1176 399 266 0 437 304 0 1 6 8 521 522 523 524 525 526 527 528 
1177 457 243 0 524 299 0 1 6 16 529 530 531 532 533 534 535 536 537 538 539 540 541 542 543 544 
1178 526 227 0 599 415 0 1 6 33 545 546 547 548 549 550 551 552 553 554 555 556 557 558 559 560 561 562 563 564 565 566 567 568 569 570 571 572 573 574 575 576 577 
1179 500 212 0 512 232 0 1 6 7 578 579 580 581 582 583 584 
1180 99 206 0 119 243 0 1 6 8 585 586 587 588 589 590 591 592 
1181 292 203 0 398 283 0 1 6 16 593 594 595 596 597 598 599 600 601 602 603 604 605 606 607 608 
1182 219 203 0 286 285 0 1 6 16 609 610 611 612 613 614 615 616 617 618 619 620 621 622 623 624 
1183 108 198 0 133 234 0 1 6 7 625 626 627 628 629 630 631 
1184 21 185 0 70 241 0 1 6 13 632 633 634 635 636 637 638 639 640 641 642 643 644 
1185 142 181 0 211 266 0 1 6 14 645 646 647 648 649 650 651 652 653 654 655 656 657 658 
1186 390 179 0 424 228 0 1 6 12 659 660 661 662 663 664 665 666 667 668 669 670 
1187 425 169 0 490 250 0 1 6 14 671 672 673 674 675 676 677 678 679 680 681 682 683 684 
1188 106 151 0 156 189 0 1 6 10 685 686 687 688 689 690 691 692 693 694 
1189 312 149 0 370 192 0 1 6 11 695 696 697 698 699 700 701 702 703 704 705 
1190 265 148 0 302 200 0 1 6 11 706 707 708 709 710 711 712 713 714 715 716 
1191 1 148 0 16 181 0 1 6 7 717 718 719 720 721 722 723 
1192 120 131 0 133 144 0 1 6 7 724 725 726 727 728 729 730 
1193 491 128 0 587 230 0 1 6 31 731 732 733 734 735 736 737 738 739 740 741 742 743 744 745 746 747 748 749 750 751 752 753 754 755 756 757 758 759 760 761 
1194 173 127 0 239 205 0 1 6 15 762 763 764 765 766 767 768 769 770 771 772 773 774 775 776 
1195 306 119 0 324 142 0 1 6 7 777 778 779 780 781 782 783 
1196 42 109 0 104 170 0 1 6 13 784 785 786 787 788 789 790 791 792 793 794 795 796 
1197 421 101 0 479 161 0 1 6 11 797 798 799 800 801 802 803 804 805 806 807 
1198 1 97 0 7 124 0 1 6 7 808 809 810 811 812 813 814 
1199 229 91 0 260 128 0 1 6 9 815 816 817 818 819 820 821 822 823 
1200 318 74 0 419 144 0 1 6 15 824 825 826 827 828 829 830 831 832 833 834 835 836 837 838 
1201 71 71 0 92 99 0 1 6 7 839 840 841 842 843 844 845 
1202 474 63 0 533 135 0 1 6 13 846 847 848 849 850 851 852 853 854 855 856 857 858 
1203 406 63 0 436 87 0 1 6 7 859 860 861 862 863 864 865 
1204 441 61 0 458 83 0 1 6 7 866 867 868 869 870 871 872 
1205 560 56 0 599 173 0 1 6 12 873 874 875 876 877 878 879 880 881 882 883 884 
1206 110 46 0 202 128 0 1 6 21 885 886 887 888 889 890 891 892 893 894 895 896 897 898 899 900 901 902 903 904 905 
1207 1 34 0 70 107 0 1 6 16 906 907 908 909 910 911 912 913 914 915 916 917 918 919 920 921 
1208 486 29 0 503 42 0 1 6 7 922 923 924 925 926 927 928 
1209 504 23 0 549 68 0 1 6 10 929 930 931 932 933 934 935 936 937 938 
1210 573 12 0 589 50 0 1 6 7 939 940 941 942 943 944 945 
1211 510 1 0 536 19 0 1 6 7 946 947 948 949 950 951 952 
1212 406 1 0 468 54 0 1 6 13 953 954 955 956 957 958 959 960 961 962 963 964 965 
1213 343 1 0 392 42 0 1 6 11 966 967 968 969 970 971 972 973 974 975 976 
1214 316 1 0 338 26 0 1 6 7 977 978 979 980 981 982 983 
1215 208 1 0 336 96 0 1 6 23 984 985 986 987 988 989 990 991 992 993 994 995 996 997 998 999 1000 1001 1002 1003 1004 1005 1006 
1216 192 1 0 225 24 0 1 6 7 1007 1008 1009 1010 1011 1012 1013 
1217 136 1 0 167 36 0 1 6 8 1014 1015 1016 1017 1018 1019 1020 1021 
1218 77 1 0 135 54 0 1 6 11 1022 1023 1024 1025 1026 1027 1028 1029 1030 1031 1032 
1219 1 1 0 25 24 0 1 6 7 1033 1034 1035 1036 1037 1038 1039 
$EndEntities
$Nodes
1160 3598 1 3598
0 1 0 1
1
504 580 0
0 2 0 1
2
501 584 0
0 3 0 1
3
499 599 0
0 4 0 1
4
509 599 0
0 5 0 1
5
512 583 0
0 6 0 1
6
510 581 0
0 7 0 1
7
505 581 0
0 8 0 1
8
27 562 0
0 9 0 1
9
21 569 0
0 10 0 1
10
17 587 0
0 11 0 1
11
4 599 0
0 12 0 1
12
76 599 0
0 13 0 1
13
82 582 0
0 14 0 1
14
75 575 0
0 15 0 1
15
62 573 0
0 16 0 1
16
53 568 0
0 17 0 1
17
37 562 0
0 18 0 1
18
1 546 0
0 19 0 1
19
1 572 0
0 20 0 1
20
12 554 0
0 21 0 1
21
7 549 0
0 22 0 1
22
6 549 0
0 23 0 1
23
5 548 0
0 24 0 1
24
2 548 0
0 25 0 1
25
486 530 0
0 26 0 1
26
476 533 0
0 27 0 1
27
466 549 0
0 28 0 1
28
466 567 0
0 29 0 1
29
482 583 0
0 30 0 1
30
482 573 0
0 31 0 1
31
490 560 0
0 32 0 1
32
500 541 0
0 33 0 1
33
490 531 0
0 34 0 1
34
101 526 0
0 35 0 1
35
94 541 0
0 36 0 1
36
101 548 0
0 37 0 1
37
109 543 0
0 38 0 1
38
116 541 0
0 39 0 1
39
105 527 0
0 40 0 1
40
102 526 0
0 41 0 1
41
374 510 0
0 42 0 1
42
361 518 0
0 43 0 1
43
351 543 0
0 44 0 1
44
351 556 0
0 45 0 1
45
353 566 0
0 46 0 1
46
343 587 0
0 47 0 1
47
342 599 0
0 48 0 1
48
443 599 0
0 49 0 1
49
446 589 0
0 50 0 1
50
434 582 0
0 51 0 1
51
414 583 0
0 52 0 1
52
410 575 0
0 53 0 1
53
411 563 0
0 54 0 1
54
406 556 0
0 55 0 1
55
399 554 0
0 56 0 1
56
394 545 0
0 57 0 1
57
382 531 0
0 58 0 1
58
383 519 0
0 59 0 1
59
242 507 0
0 60 0 1
60
235 512 0
0 61 0 1
61
228 513 0
0 62 0 1
62
204 513 0
0 63 0 1
63
178 509 0
0 64 0 1
64
159 509 0
0 65 0 1
65
143 528 0
0 66 0 1
66
148 539 0
0 67 0 1
67
159 550 0
0 68 0 1
68
156 563 0
0 69 0 1
69
183 588 0
0 70 0 1
70
189 588 0
0 71 0 1
71
194 594 0
0 72 0 1
72
194 599 0
0 73 0 1
73
282 599 0
0 74 0 1
74
292 587 0
0 75 0 1
75
299 573 0
0 76 0 1
76
295 564 0
0 77 0 1
77
278 554 0
0 78 0 1
78
270 544 0
0 79 0 1
79
264 527 0
0 80 0 1
80
253 518 0
0 81 0 1
81
246 507 0
0 82 0 1
82
41 501 0
0 83 0 1
83
34 508 0
0 84 0 1
84
21 524 0
0 85 0 1
85
21 534 0
0 86 0 1
86
32 541 0
0 87 0 1
87
38 551 0
0 88 0 1
88
48 554 0
0 89 0 1
89
62 546 0
0 90 0 1
90
64 536 0
0 91 0 1
91
62 521 0
0 92 0 1
92
314 493 0
0 93 0 1
93
312 505 0
0 94 0 1
94
321 515 0
0 95 0 1
95
320 531 0
0 96 0 1
96
332 543 0
0 97 0 1
97
339 534 0
0 98 0 1
98
332 525 0
0 99 0 1
99
342 509 0
0 100 0 1
100
340 500 0
0 101 0 1
101
333 500 0
0 102 0 1
102
258 477 0
0 103 0 1
103
253 483 0
0 104 0 1
104
253 494 0
0 105 0 1
105
261 493 0
0 106 0 1
106
267 487 0
0 107 0 1
107
266 479 0
0 108 0 1
108
264 477 0
0 109 0 1
109
461 476 0
0 110 0 1
110
455 483 0
0 111 0 1
111
453 497 0
0 112 0 1
112
459 503 0
0 113 0 1
113
466 518 0
0 114 0 1
114
471 525 0
0 115 0 1
115
489 522 0
0 116 0 1
116
485 505 0
0 117 0 1
117
284 469 0
0 118 0 1
118
274 482 0
0 119 0 1
119
280 498 0
0 120 0 1
120
287 510 0
0 121 0 1
121
297 523 0
0 122 0 1
122
305 515 0
0 123 0 1
123
299 511 0
0 124 0 1
124
298 489 0
0 125 0 1
125
296 480 0
0 126 0 1
126
287 469 0
0 127 0 1
127
491 463 0
0 128 0 1
128
485 469 0
0 129 0 1
129
477 472 0
0 130 0 1
130
480 480 0
0 131 0 1
131
485 477 0
0 132 0 1
132
502 477 0
0 133 0 1
133
513 474 0
0 134 0 1
134
507 469 0
0 135 0 1
135
573 462 0
0 136 0 1
136
558 477 0
0 137 0 1
137
551 493 0
0 138 0 1
138
551 514 0
0 139 0 1
139
545 527 0
0 140 0 1
140
562 548 0
0 141 0 1
141
571 550 0
0 142 0 1
142
592 567 0
0 143 0 1
143
599 569 0
0 144 0 1
144
599 473 0
0 145 0 1
145
44 458 0
0 146 0 1
146
38 467 0
0 147 0 1
147
59 487 0
0 148 0 1
148
68 484 0
0 149 0 1
149
71 468 0
0 150 0 1
150
64 461 0
0 151 0 1
151
51 461 0
0 152 0 1
152
202 443 0
0 153 0 1
153
190 451 0
0 154 0 1
154
201 459 0
0 155 0 1
155
208 453 0
0 156 0 1
156
207 449 0
0 157 0 1
157
207 445 0
0 158 0 1
158
205 443 0
0 159 0 1
159
558 441 0
0 160 0 1
160
549 448 0
0 161 0 1
161
541 450 0
0 162 0 1
162
539 460 0
0 163 0 1
163
534 459 0
0 164 0 1
164
529 450 0
0 165 0 1
165
525 457 0
0 166 0 1
166
524 482 0
0 167 0 1
167
525 494 0
0 168 0 1
168
532 497 0
0 169 0 1
169
547 476 0
0 170 0 1
170
544 459 0
0 171 0 1
171
555 460 0
0 172 0 1
172
562 443 0
0 173 0 1
173
88 441 0
0 174 0 1
174
79 446 0
0 175 0 1
175
79 461 0
0 176 0 1
176
94 477 0
0 177 0 1
177
110 489 0
0 178 0 1
178
134 494 0
0 179 0 1
179
150 491 0
0 180 0 1
180
167 475 0
0 181 0 1
181
161 466 0
0 182 0 1
182
135 456 0
0 183 0 1
183
124 449 0
0 184 0 1
184
120 449 0
0 185 0 1
185
113 441 0
0 186 0 1
186
94 443 0
0 187 0 1
187
445 436 0
0 188 0 1
188
430 441 0
0 189 0 1
189
412 445 0
0 190 0 1
190
399 457 0
0 191 0 1
191
400 472 0
0 192 0 1
192
379 476 0
0 193 0 1
193
379 498 0
0 194 0 1
194
392 507 0
0 195 0 1
195
402 502 0
0 196 0 1
196
400 508 0
0 197 0 1
197
407 515 0
0 198 0 1
198
408 541 0
0 199 0 1
199
414 549 0
0 200 0 1
200
430 547 0
0 201 0 1
201
432 556 0
0 202 0 1
202
443 551 0
0 203 0 1
203
443 533 0
0 204 0 1
204
440 530 0
0 205 0 1
205
441 520 0
0 206 0 1
206
448 511 0
0 207 0 1
207
442 501 0
0 208 0 1
208
441 487 0
0 209 0 1
209
449 480 0
0 210 0 1
210
444 473 0
0 211 0 1
211
443 466 0
0 212 0 1
212
448 459 0
0 213 0 1
213
448 440 0
0 214 0 1
214
240 426 0
0 215 0 1
215
232 431 0
0 216 0 1
216
231 439 0
0 217 0 1
217
225 454 0
0 218 0 1
218
233 466 0
0 219 0 1
219
246 475 0
0 220 0 1
220
267 456 0
0 221 0 1
221
276 454 0
0 222 0 1
222
279 439 0
0 223 0 1
223
272 432 0
0 224 0 1
224
250 413 0
0 225 0 1
225
86 411 0
0 226 0 1
226
81 414 0
0 227 0 1
227
79 429 0
0 228 0 1
228
90 436 0
0 229 0 1
229
93 427 0
0 230 0 1
230
92 413 0
0 231 0 1
231
90 411 0
0 232 0 1
232
378 410 0
0 233 0 1
233
375 424 0
0 234 0 1
234
381 437 0
0 235 0 1
235
402 437 0
0 236 0 1
236
404 429 0
0 237 0 1
237
413 417 0
0 238 0 1
238
397 414 0
0 239 0 1
239
112 405 0
0 240 0 1
240
104 410 0
0 241 0 1
241
108 422 0
0 242 0 1
242
114 423 0
0 243 0 1
243
119 416 0
0 244 0 1
244
116 406 0
0 245 0 1
245
115 405 0
0 246 0 1
246
599 396 0
0 247 0 1
247
591 408 0
0 248 0 1
248
583 418 0
0 249 0 1
249
582 443 0
0 250 0 1
250
583 453 0
0 251 0 1
251
598 460 0
0 252 0 1
252
599 460 0
0 253 0 1
253
424 380 0
0 254 0 1
254
409 385 0
0 255 0 1
255
396 388 0
0 256 0 1
256
396 393 0
0 257 0 1
257
406 402 0
0 258 0 1
258
424 395 0
0 259 0 1
259
428 389 0
0 260 0 1
260
435 385 0
0 261 0 1
261
430 380 0
0 262 0 1
262
35 380 0
0 263 0 1
263
26 382 0
0 264 0 1
264
10 392 0
0 265 0 1
265
1 391 0
0 266 0 1
266
1 474 0
0 267 0 1
267
14 467 0
0 268 0 1
268
27 454 0
0 269 0 1
269
27 447 0
0 270 0 1
270
20 437 0
0 271 0 1
271
25 430 0
0 272 0 1
272
31 432 0
0 273 0 1
273
42 446 0
0 274 0 1
274
47 440 0
0 275 0 1
275
47 430 0
0 276 0 1
276
37 424 0
0 277 0 1
277
37 413 0
0 278 0 1
278
48 398 0
0 279 0 1
279
341 376 0
0 280 0 1
280
320 393 0
0 281 0 1
281
319 404 0
0 282 0 1
282
309 406 0
0 283 0 1
283
304 412 0
0 284 0 1
284
297 427 0
0 285 0 1
285
288 438 0
0 286 0 1
286
288 449 0
0 287 0 1
287
304 476 0
0 288 0 1
288
318 478 0
0 289 0 1
289
329 478 0
0 290 0 1
290
338 469 0
0 291 0 1
291
352 471 0
0 292 0 1
292
371 453 0
0 293 0 1
293
371 443 0
0 294 0 1
294
366 442 0
0 295 0 1
295
365 448 0
0 296 0 1
296
357 446 0
0 297 0 1
297
354 432 0
0 298 0 1
298
360 424 0
0 299 0 1
299
361 416 0
0 300 0 1
300
359 408 0
0 301 0 1
301
367 406 0
0 302 0 1
302
365 395 0
0 303 0 1
303
348 376 0
0 304 0 1
304
506 373 0
0 305 0 1
305
487 377 0
0 306 0 1
306
480 384 0
0 307 0 1
307
455 387 0
0 308 0 1
308
453 395 0
0 309 0 1
309
455 413 0
0 310 0 1
310
467 422 0
0 311 0 1
311
469 428 0
0 312 0 1
312
478 439 0
0 313 0 1
313
480 446 0
0 314 0 1
314
486 450 0
0 315 0 1
315
497 443 0
0 316 0 1
316
509 442 0
0 317 0 1
317
531 416 0
0 318 0 1
318
537 406 0
0 319 0 1
319
537 396 0
0 320 0 1
320
516 376 0
0 321 0 1
321
229 371 0
0 322 0 1
322
229 383 0
0 323 0 1
323
232 394 0
0 324 0 1
324
230 412 0
0 325 0 1
325
234 412 0
0 326 0 1
326
237 404 0
0 327 0 1
327
242 390 0
0 328 0 1
328
52 366 0
0 329 0 1
329
48 370 0
0 330 0 1
330
50 385 0
0 331 0 1
331
65 390 0
0 332 0 1
332
62 402 0
0 333 0 1
333
53 409 0
0 334 0 1
334
54 422 0
0 335 0 1
335
67 419 0
0 336 0 1
336
80 411 0
0 337 0 1
337
88 397 0
0 338 0 1
338
195 362 0
0 339 0 1
339
192 366 0
0 340 0 1
340
169 371 0
0 341 0 1
341
157 390 0
0 342 0 1
342
153 398 0
0 343 0 1
343
150 416 0
0 344 0 1
344
141 431 0
0 345 0 1
345
142 443 0
0 346 0 1
346
156 456 0
0 347 0 1
347
168 456 0
0 348 0 1
348
177 452 0
0 349 0 1
349
187 441 0
0 350 0 1
350
190 429 0
0 351 0 1
351
215 408 0
0 352 0 1
352
221 392 0
0 353 0 1
353
211 373 0
0 354 0 1
354
200 364 0
0 355 0 1
355
313 356 0
0 356 0 1
356
314 376 0
0 357 0 1
357
322 382 0
0 358 0 1
358
328 370 0
0 359 0 1
359
317 357 0
0 360 0 1
360
316 357 0
0 361 0 1
361
315 356 0
0 362 0 1
362
3 354 0
0 363 0 1
363
1 355 0
0 364 0 1
364
1 375 0
0 365 0 1
365
10 375 0
0 366 0 1
366
19 362 0
0 367 0 1
367
6 355 0
0 368 0 1
368
5 354 0
0 369 0 1
369
264 353 0
0 370 0 1
370
253 363 0
0 371 0 1
371
262 369 0
0 372 0 1
372
269 376 0
0 373 0 1
373
277 373 0
0 374 0 1
374
271 359 0
0 375 0 1
375
265 353 0
0 376 0 1
376
441 351 0
0 377 0 1
377
426 357 0
0 378 0 1
378
419 363 0
0 379 0 1
379
430 366 0
0 380 0 1
380
442 367 0
0 381 0 1
381
444 355 0
0 382 0 1
382
444 354 0
0 383 0 1
383
289 346 0
0 384 0 1
384
286 349 0
0 385 0 1
385
289 369 0
0 386 0 1
386
296 371 0
0 387 0 1
387
300 356 0
0 388 0 1
388
296 351 0
0 389 0 1
389
291 346 0
0 390 0 1
390
85 339 0
0 391 0 1
391
74 344 0
0 392 0 1
392
67 365 0
0 393 0 1
393
75 373 0
0 394 0 1
394
87 377 0
0 395 0 1
395
88 384 0
0 396 0 1
396
103 398 0
0 397 0 1
397
110 398 0
0 398 0 1
398
118 389 0
0 399 0 1
399
120 368 0
0 400 0 1
400
110 362 0
0 401 0 1
401
110 355 0
0 402 0 1
402
92 339 0
0 403 0 1
403
360 317 0
0 404 0 1
404
348 329 0
0 405 0 1
405
353 335 0
0 406 0 1
406
355 356 0
0 407 0 1
407
363 366 0
0 408 0 1
408
365 379 0
0 409 0 1
409
377 381 0
0 410 0 1
410
398 368 0
0 411 0 1
411
411 358 0
0 412 0 1
412
411 351 0
0 413 0 1
413
418 342 0
0 414 0 1
414
419 329 0
0 415 0 1
415
414 327 0
0 416 0 1
416
409 332 0
0 417 0 1
417
386 322 0
0 418 0 1
418
379 314 0
0 419 0 1
419
262 307 0
0 420 0 1
420
258 311 0
0 421 0 1
421
262 327 0
0 422 0 1
422
260 332 0
0 423 0 1
423
268 335 0
0 424 0 1
424
271 327 0
0 425 0 1
425
275 327 0
0 426 0 1
426
283 334 0
0 427 0 1
427
296 332 0
0 428 0 1
428
303 325 0
0 429 0 1
429
303 321 0
0 430 0 1
430
294 316 0
0 431 0 1
431
281 316 0
0 432 0 1
432
275 310 0
0 433 0 1
433
521 304 0
0 434 0 1
434
506 323 0
0 435 0 1
435
506 347 0
0 436 0 1
436
511 352 0
0 437 0 1
437
514 361 0
0 438 0 1
438
528 348 0
0 439 0 1
439
537 342 0
0 440 0 1
440
534 331 0
0 441 0 1
441
531 308 0
0 442 0 1
442
528 304 0
0 443 0 1
443
43 294 0
0 444 0 1
444
31 310 0
0 445 0 1
445
30 330 0
0 446 0 1
446
48 340 0
0 447 0 1
447
70 321 0
0 448 0 1
448
84 319 0
0 449 0 1
449
88 307 0
0 450 0 1
450
81 300 0
0 451 0 1
451
74 307 0
0 452 0 1
452
61 299 0
0 453 0 1
453
469 291 0
0 454 0 1
454
439 302 0
0 455 0 1
455
431 310 0
0 456 0 1
456
443 326 0
0 457 0 1
457
445 335 0
0 458 0 1
458
455 348 0
0 459 0 1
459
458 361 0
0 460 0 1
460
470 376 0
0 461 0 1
461
484 369 0
0 462 0 1
462
497 365 0
0 463 0 1
463
497 342 0
0 464 0 1
464
480 306 0
0 465 0 1
465
474 295 0
0 466 0 1
466
208 287 0
0 467 0 1
467
206 289 0
0 468 0 1
468
206 300 0
0 469 0 1
469
189 317 0
0 470 0 1
470
194 327 0
0 471 0 1
471
195 334 0
0 472 0 1
472
207 344 0
0 473 0 1
473
220 339 0
0 474 0 1
474
229 337 0
0 475 0 1
475
231 326 0
0 476 0 1
476
227 321 0
0 477 0 1
477
228 301 0
0 478 0 1
478
220 295 0
0 479 0 1
479
214 293 0
0 480 0 1
480
293 275 0
0 481 0 1
481
288 280 0
0 482 0 1
482
270 286 0
0 483 0 1
483
272 294 0
0 484 0 1
484
282 307 0
0 485 0 1
485
295 309 0
0 486 0 1
486
302 306 0
0 487 0 1
487
313 298 0
0 488 0 1
488
310 288 0
0 489 0 1
489
298 277 0
0 490 0 1
490
158 275 0
0 491 0 1
491
133 297 0
0 492 0 1
492
127 317 0
0 493 0 1
493
112 319 0
0 494 0 1
494
108 328 0
0 495 0 1
495
109 339 0
0 496 0 1
496
118 351 0
0 497 0 1
497
130 359 0
0 498 0 1
498
142 374 0
0 499 0 1
499
156 368 0
0 500 0 1
500
173 355 0
0 501 0 1
501
180 344 0
0 502 0 1
502
177 335 0
0 503 0 1
503
178 314 0
0 504 0 1
504
184 305 0
0 505 0 1
505
182 297 0
0 506 0 1
506
188 299 0
0 507 0 1
507
192 292 0
0 508 0 1
508
189 289 0
0 509 0 1
509
189 278 0
0 510 0 1
510
180 279 0
0 511 0 1
511
176 276 0
0 512 0 1
512
119 268 0
0 513 0 1
513
97 288 0
0 514 0 1
514
96 300 0
0 515 0 1
515
104 311 0
0 516 0 1
516
107 307 0
0 517 0 1
517
108 295 0
0 518 0 1
518
121 285 0
0 519 0 1
519
125 274 0
0 520 0 1
520
124 268 0
0 521 0 1
521
424 266 0
0 522 0 1
522
399 278 0
0 523 0 1
523
413 296 0
0 524 0 1
524
416 304 0
0 525 0 1
525
424 294 0
0 526 0 1
526
428 277 0
0 527 0 1
527
437 269 0
0 528 0 1
528
433 266 0
0 529 0 1
529
494 243 0
0 530 0 1
530
480 249 0
0 531 0 1
531
457 264 0
0 532 0 1
532
457 276 0
0 533 0 1
533
464 284 0
0 534 0 1
534
467 278 0
0 535 0 1
535
473 278 0
0 536 0 1
536
481 285 0
0 537 0 1
537
494 299 0
0 538 0 1
538
498 297 0
0 539 0 1
539
508 297 0
0 540 0 1
540
515 294 0
0 541 0 1
541
524 280 0
0 542 0 1
542
515 268 0
0 543 0 1
543
519 252 0
0 544 0 1
544
513 245 0
0 545 0 1
545
567 227 0
0 546 0 1
546
558 236 0
0 547 0 1
547
546 243 0
0 548 0 1
548
535 243 0
0 549 0 1
549
526 252 0
0 550 0 1
550
530 266 0
0 551 0 1
551
540 276 0
0 552 0 1
552
576 272 0
0 553 0 1
553
572 279 0
0 554 0 1
554
560 282 0
0 555 0 1
555
556 286 0
0 556 0 1
556
556 307 0
0 557 0 1
557
554 334 0
0 558 0 1
558
564 337 0
0 559 0 1
559
560 352 0
0 560 0 1
560
552 360 0
0 561 0 1
561
553 372 0
0 562 0 1
562
564 382 0
0 563 0 1
563
563 393 0
0 564 0 1
564
569 402 0
0 565 0 1
565
568 415 0
0 566 0 1
566
579 405 0
0 567 0 1
567
584 392 0
0 568 0 1
568
597 377 0
0 569 0 1
569
599 377 0
0 570 0 1
570
599 310 0
0 571 0 1
571
595 307 0
0 572 0 1
572
594 283 0
0 573 0 1
573
587 276 0
0 574 0 1
574
582 275 0
0 575 0 1
575
584 266 0
0 576 0 1
576
591 257 0
0 577 0 1
577
573 231 0
0 578 0 1
578
506 212 0
0 579 0 1
579
500 222 0
0 580 0 1
580
505 232 0
0 581 0 1
581
510 225 0
0 582 0 1
582
512 218 0
0 583 0 1
583
512 216 0
0 584 0 1
584
508 212 0
0 585 0 1
585
100 206 0
0 586 0 1
586
99 215 0
0 587 0 1
587
100 229 0
0 588 0 1
588
106 232 0
0 589 0 1
589
109 243 0
0 590 0 1
590
119 242 0
0 591 0 1
591
117 234 0
0 592 0 1
592
105 217 0
0 593 0 1
593
355 206 0
0 594 0 1
594
334 205 0
0 595 0 1
595
307 217 0
0 596 0 1
596
302 225 0
0 597 0 1
597
292 245 0
0 598 0 1
598
292 252 0
0 599 0 1
599
303 265 0
0 600 0 1
600
306 275 0
0 601 0 1
601
317 283 0
0 602 0 1
602
353 274 0
0 603 0 1
603
373 252 0
0 604 0 1
604
390 243 0
0 605 0 1
605
398 231 0
0 606 0 1
606
386 221 0
0 607 0 1
607
378 217 0
0 608 0 1
608
360 203 0
0 609 0 1
609
245 203 0
0 610 0 1
610
235 218 0
0 611 0 1
611
227 235 0
0 612 0 1
612
219 245 0
0 613 0 1
613
226 280 0
0 614 0 1
614
242 285 0
0 615 0 1
615
254 280 0
0 616 0 1
616
266 273 0
0 617 0 1
617
284 271 0
0 618 0 1
618
286 261 0
0 619 0 1
619
276 252 0
0 620 0 1
620
266 251 0
0 621 0 1
621
260 245 0
0 622 0 1
622
257 226 0
0 623 0 1
623
260 210 0
0 624 0 1
624
253 204 0
0 625 0 1
625
115 198 0
0 626 0 1
626
108 203 0
0 627 0 1
627
122 221 0
0 628 0 1
628
120 230 0
0 629 0 1
629
130 234 0
0 630 0 1
630
133 227 0
0 631 0 1
631
121 203 0
0 632 0 1
632
34 185 0
0 633 0 1
633
31 193 0
0 634 0 1
634
21 194 0
0 635 0 1
635
27 210 0
0 636 0 1
636
34 218 0
0 637 0 1
637
46 236 0
0 638 0 1
638
53 241 0
0 639 0 1
639
61 229 0
0 640 0 1
640
68 227 0
0 641 0 1
641
70 210 0
0 642 0 1
642
62 200 0
0 643 0 1
643
51 193 0
0 644 0 1
644
48 186 0
0 645 0 1
645
154 181 0
0 646 0 1
646
142 195 0
0 647 0 1
647
142 213 0
0 648 0 1
648
156 227 0
0 649 0 1
649
168 248 0
0 650 0 1
650
177 254 0
0 651 0 1
651
179 261 0
0 652 0 1
652
183 261 0
0 653 0 1
653
188 266 0
0 654 0 1
654
207 248 0
0 655 0 1
655
211 241 0
0 656 0 1
656
205 224 0
0 657 0 1
657
191 199 0
0 658 0 1
658
182 192 0
0 659 0 1
659
395 179 0
0 660 0 1
660
390 190 0
0 661 0 1
661
390 203 0
0 662 0 1
662
402 219 0
0 663 0 1
663
412 228 0
0 664 0 1
664
417 227 0
0 665 0 1
665
424 220 0
0 666 0 1
666
423 194 0
0 667 0 1
667
413 188 0
0 668 0 1
668
410 196 0
0 669 0 1
669
404 195 0
0 670 0 1
670
401 184 0
0 671 0 1
671
450 169 0
0 672 0 1
672
444 180 0
0 673 0 1
673
432 197 0
0 674 0 1
674
436 207 0
0 675 0 1
675
437 228 0
0 676 0 1
676
425 243 0
0 677 0 1
677
428 249 0
0 678 0 1
678
454 250 0
0 679 0 1
679
467 243 0
0 680 0 1
680
475 241 0
0 681 0 1
681
490 229 0
0 682 0 1
682
489 219 0
0 683 0 1
683
472 201 0
0 684 0 1
684
464 187 0
0 685 0 1
685
134 151 0
0 686 0 1
686
122 155 0
0 687 0 1
687
109 164 0
0 688 0 1
688
106 182 0
0 689 0 1
689
114 189 0
0 690 0 1
690
135 179 0
0 691 0 1
691
141 172 0
0 692 0 1
692
150 170 0
0 693 0 1
693
156 156 0
0 694 0 1
694
152 152 0
0 695 0 1
695
330 149 0
0 696 0 1
696
312 154 0
0 697 0 1
697
315 176 0
0 698 0 1
698
327 185 0
0 699 0 1
699
352 192 0
0 700 0 1
700
362 188 0
0 701 0 1
701
363 183 0
0 702 0 1
702
369 177 0
0 703 0 1
703
370 166 0
0 704 0 1
704
351 151 0
0 705 0 1
705
340 149 0
0 706 0 1
706
266 148 0
0 707 0 1
707
268 160 0
0 708 0 1
708
265 164 0
0 709 0 1
709
265 172 0
0 710 0 1
710
280 194 0
0 711 0 1
711
286 200 0
0 712 0 1
712
297 199 0
0 713 0 1
713
302 189 0
0 714 0 1
714
302 175 0
0 715 0 1
715
291 159 0
0 716 0 1
716
286 149 0
0 717 0 1
717
1 148 0
0 718 0 1
718
1 181 0
0 719 0 1
719
15 168 0
0 720 0 1
720
16 165 0
0 721 0 1
721
9 156 0
0 722 0 1
722
3 150 0
0 723 0 1
723
2 150 0
0 724 0 1
724
120 131 0
0 725 0 1
725
120 141 0
0 726 0 1
726
129 144 0
0 727 0 1
727
133 138 0
0 728 0 1
728
132 137 0
0 729 0 1
729
132 135 0
0 730 0 1
730
128 131 0
0 731 0 1
731
544 128 0
0 732 0 1
732
532 145 0
0 733 0 1
733
518 157 0
0 734 0 1
734
505 159 0
0 735 0 1
735
503 157 0
0 736 0 1
736
491 168 0
0 737 0 1
737
499 180 0
0 738 0 1
738
499 184 0
0 739 0 1
739
493 190 0
0 740 0 1
740
505 203 0
0 741 0 1
741
509 195 0
0 742 0 1
742
514 193 0
0 743 0 1
743
517 186 0
0 744 0 1
744
525 188 0
0 745 0 1
745
521 195 0
0 746 0 1
746
515 197 0
0 747 0 1
747
523 207 0
0 748 0 1
748
526 214 0
0 749 0 1
749
531 215 0
0 750 0 1
750
535 225 0
0 751 0 1
751
544 230 0
0 752 0 1
752
563 217 0
0 753 0 1
753
568 206 0
0 754 0 1
754
576 207 0
0 755 0 1
755
584 195 0
0 756 0 1
756
585 171 0
0 757 0 1
757
587 169 0
0 758 0 1
758
577 158 0
0 759 0 1
759
568 155 0
0 760 0 1
760
565 138 0
0 761 0 1
761
549 128 0
0 762 0 1
762
209 127 0
0 763 0 1
763
206 130 0
0 764 0 1
764
187 132 0
0 765 0 1
765
173 146 0
0 766 0 1
766
194 176 0
0 767 0 1
767
192 185 0
0 768 0 1
768
205 196 0
0 769 0 1
769
209 201 0
0 770 0 1
770
222 205 0
0 771 0 1
771
232 202 0
0 772 0 1
772
236 196 0
0 773 0 1
773
239 167 0
0 774 0 1
774
232 161 0
0 775 0 1
775
228 146 0
0 776 0 1
776
224 141 0
0 777 0 1
777
310 119 0
0 778 0 1
778
306 129 0
0 779 0 1
779
316 142 0
0 780 0 1
780
324 129 0
0 781 0 1
781
315 120 0
0 782 0 1
782
313 120 0
0 783 0 1
783
312 119 0
0 784 0 1
784
61 109 0
0 785 0 1
785
59 118 0
0 786 0 1
786
42 138 0
0 787 0 1
787
45 159 0
0 788 0 1
788
56 170 0
0 789 0 1
789
66 162 0
0 790 0 1
790
81 159 0
0 791 0 1
791
99 160 0
0 792 0 1
792
101 158 0
0 793 0 1
793
101 148 0
0 794 0 1
794
104 138 0
0 795 0 1
795
83 117 0
0 796 0 1
796
70 110 0
0 797 0 1
797
451 101 0
0 798 0 1
798
432 110 0
0 799 0 1
799
431 125 0
0 800 0 1
800
421 136 0
0 801 0 1
801
422 154 0
0 802 0 1
802
429 161 0
0 803 0 1
803
454 157 0
0 804 0 1
804
479 157 0
0 805 0 1
805
476 137 0
0 806 0 1
806
470 105 0
0 807 0 1
807
466 102 0
0 808 0 1
808
1 97 0
0 809 0 1
809
1 124 0
0 810 0 1
810
4 117 0
0 811 0 1
811
7 106 0
0 812 0 1
812
5 103 0
0 813 0 1
813
4 102 0
0 814 0 1
814
4 101 0
0 815 0 1
815
242 91 0
0 816 0 1
816
229 100 0
0 817 0 1
817
233 123 0
0 818 0 1
818
242 128 0
0 819 0 1
819
251 127 0
0 820 0 1
820
260 117 0
0 821 0 1
821
258 111 0
0 822 0 1
822
258 99 0
0 823 0 1
823
253 94 0
0 824 0 1
824
371 74 0
0 825 0 1
825
348 80 0
0 826 0 1
826
344 89 0
0 827 0 1
827
325 103 0
0 828 0 1
828
318 111 0
0 829 0 1
829
328 118 0
0 830 0 1
830
335 117 0
0 831 0 1
831
333 123 0
0 832 0 1
832
359 143 0
0 833 0 1
833
374 144 0
0 834 0 1
834
404 144 0
0 835 0 1
835
415 136 0
0 836 0 1
836
419 118 0
0 837 0 1
837
416 97 0
0 838 0 1
838
397 77 0
0 839 0 1
839
86 71 0
0 840 0 1
840
74 87 0
0 841 0 1
841
71 98 0
0 842 0 1
842
92 99 0
0 843 0 1
843
91 78 0
0 844 0 1
844
89 76 0
0 845 0 1
845
89 74 0
0 846 0 1
846
481 63 0
0 847 0 1
847
478 66 0
0 848 0 1
848
474 93 0
0 849 0 1
849
488 110 0
0 850 0 1
850
494 133 0
0 851 0 1
851
500 135 0
0 852 0 1
852
511 135 0
0 853 0 1
853
533 114 0
0 854 0 1
854
523 100 0
0 855 0 1
855
514 95 0
0 856 0 1
856
511 87 0
0 857 0 1
857
498 74 0
0 858 0 1
858
493 66 0
0 859 0 1
859
423 63 0
0 860 0 1
860
406 67 0
0 861 0 1
861
425 86 0
0 862 0 1
862
436 87 0
0 863 0 1
863
436 77 0
0 864 0 1
864
427 64 0
0 865 0 1
865
426 63 0
0 866 0 1
866
443 61 0
0 867 0 1
867
441 70 0
0 868 0 1
868
453 83 0
0 869 0 1
869
458 76 0
0 870 0 1
870
455 73 0
0 871 0 1
871
455 72 0
0 872 0 1
872
444 61 0
0 873 0 1
873
580 59 0
0 874 0 1
874
577 83 0
0 875 0 1
875
574 92 0
0 876 0 1
876
566 90 0
0 877 0 1
877
560 96 0
0 878 0 1
878
578 112 0
0 879 0 1
879
583 122 0
0 880 0 1
880
593 128 0
0 881 0 1
881
597 171 0
0 882 0 1
882
599 173 0
0 883 0 1
883
599 62 0
0 884 0 1
884
588 56 0
0 885 0 1
885
159 46 0
0 886 0 1
886
148 49 0
0 887 0 1
887
145 52 0
0 888 0 1
888
135 50 0
0 889 0 1
889
117 50 0
0 890 0 1
890
113 56 0
0 891 0 1
891
110 95 0
0 892 0 1
892
114 106 0
0 893 0 1
893
131 122 0
0 894 0 1
894
142 123 0
0 895 0 1
895
146 127 0
0 896 0 1
896
163 128 0
0 897 0 1
897
183 128 0
0 898 0 1
898
191 117 0
0 899 0 1
899
200 117 0
0 900 0 1
900
202 98 0
0 901 0 1
901
195 80 0
0 902 0 1
902
190 70 0
0 903 0 1
903
190 56 0
0 904 0 1
904
179 50 0
0 905 0 1
905
167 46 0
0 906 0 1
906
20 34 0
0 907 0 1
907
2 45 0
0 908 0 1
908
1 45 0
0 909 0 1
909
1 68 0
0 910 0 1
910
5 77 0
0 911 0 1
911
9 93 0
0 912 0 1
912
24 106 0
0 913 0 1
913
46 107 0
0 914 0 1
914
53 98 0
0 915 0 1
915
59 99 0
0 916 0 1
916
69 83 0
0 917 0 1
917
70 75 0
0 918 0 1
918
58 63 0
0 919 0 1
919
47 45 0
0 920 0 1
920
37 42 0
0 921 0 1
921
34 35 0
0 922 0 1
922
491 29 0
0 923 0 1
923
486 40 0
0 924 0 1
924
501 42 0
0 925 0 1
925
503 34 0
0 926 0 1
926
496 30 0
0 927 0 1
927
495 30 0
0 928 0 1
928
494 29 0
0 929 0 1
929
529 24 0
0 930 0 1
930
519 34 0
0 931 0 1
931
514 47 0
0 932 0 1
932
504 56 0
0 933 0 1
933
515 67 0
0 934 0 1
934
521 68 0
0 935 0 1
935
528 63 0
0 936 0 1
936
548 41 0
0 937 0 1
937
549 27 0
0 938 0 1
938
545 23 0
0 939 0 1
939
581 12 0
0 940 0 1
940
574 18 0
0 941 0 1
941
574 38 0
0 942 0 1
942
573 50 0
0 943 0 1
943
585 38 0
0 944 0 1
944
587 26 0
0 945 0 1
945
589 17 0
0 946 0 1
946
521 1 0
0 947 0 1
947
510 9 0
0 948 0 1
948
513 19 0
0 949 0 1
949
525 13 0
0 950 0 1
950
536 9 0
0 951 0 1
951
536 2 0
0 952 0 1
952
536 1 0
0 953 0 1
953
429 1 0
0 954 0 1
954
427 10 0
0 955 0 1
955
420 20 0
0 956 0 1
956
415 35 0
0 957 0 1
957
407 42 0
0 958 0 1
958
406 49 0
0 959 0 1
959
411 54 0
0 960 0 1
960
429 49 0
0 961 0 1
961
437 48 0
0 962 0 1
962
461 32 0
0 963 0 1
963
465 23 0
0 964 0 1
964
468 5 0
0 965 0 1
965
463 1 0
0 966 0 1
966
345 1 0
0 967 0 1
967
343 8 0
0 968 0 1
968
349 17 0
0 969 0 1
969
349 30 0
0 970 0 1
970
359 36 0
0 971 0 1
971
364 41 0
0 972 0 1
972
376 40 0
0 973 0 1
973
386 42 0
0 974 0 1
974
392 28 0
0 975 0 1
975
390 6 0
0 976 0 1
976
387 1 0
0 977 0 1
977
316 1 0
0 978 0 1
978
317 20 0
0 979 0 1
979
322 26 0
0 980 0 1
980
331 25 0
0 981 0 1
981
338 13 0
0 982 0 1
982
328 2 0
0 983 0 1
983
328 1 0
0 984 0 1
984
253 1 0
0 985 0 1
985
246 12 0
0 986 0 1
986
241 17 0
0 987 0 1
987
241 24 0
0 988 0 1
988
232 30 0
0 989 0 1
989
214 53 0
0 990 0 1
990
208 65 0
0 991 0 1
991
210 76 0
0 992 0 1
992
214 80 0
0 993 0 1
993
254 82 0
0 994 0 1
994
262 80 0
0 995 0 1
995
270 92 0
0 996 0 1
996
289 95 0
0 997 0 1
997
308 96 0
0 998 0 1
998
317 95 0
0 999 0 1
999
333 80 0
0 1000 0 1
1000
336 62 0
0 1001 0 1
1001
323 50 0
0 1002 0 1
1002
312 45 0
0 1003 0 1
1003
306 35 0
0 1004 0 1
1004
308 18 0
0 1005 0 1
1005
297 11 0
0 1006 0 1
1006
296 1 0
0 1007 0 1
1007
196 1 0
0 1008 0 1
1008
192 8 0
0 1009 0 1
1009
202 23 0
0 1010 0 1
1010
213 24 0
0 1011 0 1
1011
225 19 0
0 1012 0 1
1012
225 8 0
0 1013 0 1
1013
225 1 0
0 1014 0 1
1014
151 1 0
0 1015 0 1
1015
147 12 0
0 1016 0 1
1016
136 23 0
0 1017 0 1
1017
136 31 0
0 1018 0 1
1018
142 36 0
0 1019 0 1
1019
163 36 0
0 1020 0 1
1020
167 32 0
0 1021 0 1
1021
167 1 0
0 1022 0 1
1022
77 1 0
0 1023 0 1
1023
77 13 0
0 1024 0 1
1024
82 19 0
0 1025 0 1
1025
87 19 0
0 1026 0 1
1026
94 28 0
0 1027 0 1
1027
90 49 0
0 1028 0 1
1028
97 54 0
0 1029 0 1
1029
119 31 0
0 1030 0 1
1030
124 24 0
0 1031 0 1
1031
129 8 0
0 1032 0 1
1032
135 1 0
0 1033 0 1
1033
1 1 0
0 1034 0 1
1034
1 24 0
0 1035 0 1
1035
22 21 0
0 1036 0 1
1036
25 19 0
0 1037 0 1
1037
25 5 0
0 1038 0 1
1038
23 3 0
0 1039 0 1
1039
23 1 0
0 1220 0 1
1040
0 0 0
0 1221 0 1
1041
0 600 0
0 1222 0 1
1042
600 600 0
0 1223 0 1
1043
600 0 0
1 11 0 2
1044
1045
27.99999999993245 599 0
51.99999999996665 599 0
1 47 0 2
1046
1047
375.6666666666667 599 0
409.3333333333332 599 0
1 68 0 1
1048
169.5 575.5 0
1 72 0 2
1049
1050
223.3333333333333 599 0
252.6666666666667 599 0
1 116 0 1
1051
473 490.5 0
1 143 0 2
1052
1053
599 537.0000000000001 0
599 505.0000000000002 0
1 252 0 1
1054
599 427.9999999999999 0
1 265 0 2
1055
1056
1 418.6666666666667 0
1 446.3333333333333 0
1 337 0 1
1057
70.00000000000003 381.5 0
1 463 0 1
1058
488.5 324 0
1 551 0 1
1059
558 274 0
1 569 0 1
1060
599 343.5 0
1 601 0 1
1061
335.0000000000001 278.5 0
1 612 0 1
1062
222.5000000000865 262.5000000004324 0
1 765 0 1
1063
183.5 161 0
1 880 0 1
1064
595 149.5 0
1 882 0 3
1065
1066
1067
599 145.2500000001776 0
599 117.5000000003525 0
599 89.75000000017765 0
1 890 0 1
1068
111.5000000000051 75.49999999993378 0
1 976 0 1
1069
366.0000000000001 1 0
1 992 0 1
1070
234 81 0
1 1006 0 1
1071
274.5 1 0
1 1032 0 1
1072
106.000000000086 1 0
1 1220 0 17
1073
1074
1075
1076
1077
1078
1079
1080
1081
1082
1083
1084
1085
1086
1087
1088
1089
0 33.33333333326684 0
0 66.66666666653289 0
0 99.99999999979896 0
0 133.333333333065 0
0 166.6666666663311 0
0 199.9999999995972 0
0 233.3333333328632 0
0 266.6666666660762 0
0 299.9999999991955 0
0 333.3333333326083 0
0 366.6666666660322 0
0 399.9999999994561 0
0 433.33333333288 0
0 466.6666666663039 0
0 499.9999999997278 0
0 533.3333333331517 0
0 566.6666666665757 0
1 1221 0 17
1090
1091
1092
1093
1094
1095
1096
1097
1098
1099
1100
1101
1102
1103
1104
1105
1106
33.33333333326684 600 0
66.66666666653289 600 0
99.99999999979896 600 0
133.333333333065 600 0
166.6666666663311 600 0
199.9999999995972 600 0
233.3333333328632 600 0
266.6666666660762 600 0
299.9999999991955 600 0
333.3333333326083 600 0
366.6666666660322 600 0
399.9999999994561 600 0
433.33333333288 600 0
466.6666666663039 600 0
499.9999999997278 600 0
533.3333333331517 600 0
566.6666666665757 600 0
1 1222 0 17
1107
1108
1109
1110
1111
1112
1113
1114
1115
1116
1117
1118
1119
1120
1121
1122
1123
600 566.6666666666432 0
600 533.3333333332864 0
600 499.9999999999296 0
600 466.6666666665728 0
600 433.333333333216 0
600 399.9999999998594 0
600 366.6666666665026 0
600 333.333333333252 0
600 300.0000000001999 0
600 266.6666666668542 0
600 233.3333333334975 0
600 200.0000000001408 0
600 166.6666666667841 0
600 133.3333333334273 0
600 100.0000000000707 0
600 66.66666666671392 0
600 33.33333333335725 0
1 1223 0 17
1124
1125
1126
1127
1128
1129
1130
1131
1132
1133
1134
1135
1136
1137
1138
1139
1140
566.6666666666432 0 0
533.3333333332864 0 0
499.9999999999296 0 0
466.6666666665728 0 0
433.333333333216 0 0
399.9999999998594 0 0
366.6666666665026 0 0
333.333333333252 0 0
300.0000000001999 0 0
266.6666666668542 0 0
233.3333333334975 0 0
200.0000000001408 0 0
166.6666666667841 0 0
133.3333333334273 0 0
100.0000000000707 0 0
66.66666666671392 0 0
33.33333333335725 0 0
2 1000 0 1437
1141
1142
1143
1144
1145
1146
1147
1148
1149
1150
1151
1152
1153
1154
1155
1156
1157
1158
1159
1160
1161
1162
1163
1164
1165
1166
1167
1168
1169
1170
1171
1172
1173
1174
1175
1176
1177
1178
1179
1180
1181
1182
1183
1184
1185
1186
1187
1188
1189
1190
1191
1192
1193
1194
1195
1196
1197
1198
1199
1200
1201
1202
1203
1204
1205
1206
1207
1208
1209
1210
1211
1212
1213
1214
1215
1216
1217
1218
1219
1220
1221
1222
1223
1224
1225
1226
1227
1228
1229
1230
1231
1232
1233
1234
1235
1236
1237
1238
1239
1240
1241
1242
1243
1244
1245
1246
1247
1248
1249
1250
1251
1252
1253
1254
1255
1256
1257
1258
1259
1260
1261
1262
1263
1264
1265
1266
1267
1268
1269
1270
1271
1272
1273
1274
1275
1276
1277
1278
1279
1280
1281
1282
1283
1284
1285
1286
1287
1288
1289
1290
1291
1292
1293
1294
1295
1296
1297
1298
1299
1300
1301
1302
1303
1304
1305
1306
1307
1308
1309
1310
1311
1312
1313
1314
1315
1316
1317
1318
1319
1320
1321
1322
1323
1324
1325
1326
1327
1328
1329
1330
1331
1332
1333
1334
1335
1336
1337
1338
1339
1340
1341
1342
1343
1344
1345
1346
1347
1348
1349
1350
1351
1352
1353
1354
1355
1356
1357
1358
1359
1360
1361
1362
1363
1364
1365
1366
1367
1368
1369
1370
1371
1372
1373
1374
1375
1376
1377
1378
1379
1380
1381
1382
1383
1384
1385
1386
1387
1388
1389
1390
1391
1392
1393
1394
1395
1396
1397
1398
1399
1400
1401
1402
1403
1404
1405
1406
1407
1408
1409
1410
1411
1412
1413
1414
1415
1416
1417
1418
1419
1420
1421
1422
1423
1424
1425
1426
1427
1428
1429
1430
1431
1432
1433
1434
1435
1436
1437
1438
1439
1440
1441
1442
1443
1444
1445
1446
1447
1448
1449
1450
1451
1452
1453
1454
1455
1456
1457
1458
1459
1460
1461
1462
1463
1464
1465
1466
1467
1468
1469
1470
1471
1472
1473
1474
1475
1476
1477
1478
1479
1480
1481
1482
1483
1484
1485
1486
1487
1488
1489
1490
1491
1492
1493
1494
1495
1496
1497
1498
1499
1500
1501
1502
1503
1504
1505
1506
1507
1508
1509
1510
1511
1512
1513
1514
1515
1516
1517
1518
1519
1520
1521
1522
1523
1524
1525
1526
1527
1528
1529
1530
1531
1532
1533
1534
1535
1536
1537
1538
1539
1540
1541
1542
1543
1544
1545
1546
1547
1548
1549
1550
1551
1552
1553
1554
1555
1556
1557
1558
1559
1560
1561
1562
1563
1564
1565
1566
1567
1568
1569
1570
1571
1572
1573
1574
1575
1576
1577
1578
1579
1580
1581
1582
1583
1584
1585
1586
1587
1588
1589
1590
1591
1592
1593
1594
1595
1596
1597
1598
1599
1600
1601
1602
1603
1604
1605
1606
1607
1608
1609
1610
1611
1612
1613
1614
1615
1616
1617
1618
1619
1620
1621
1622
1623
1624
1625
1626
1627
1628
1629
1630
1631
1632
1633
1634
1635
1636
1637
1638
1639
1640
1641
1642
1643
1644
1645
1646
1647
1648
1649
1650
1651
1652
1653
1654
1655
1656
1657
1658
1659
1660
1661
1662
1663
1664
1665
1666
1667
1668
1669
1670
1671
1672
1673
1674
1675
1676
1677
1678
1679
1680
1681
1682
1683
1684
1685
1686
1687
1688
1689
1690
1691
1692
1693
1694
1695
1696
1697
1698
1699
1700
1701
1702
1703
1704
1705
1706
1707
1708
1709
1710
1711
1712
1713
1714
1715
1716
1717
1718
1719
1720
1721
1722
1723
1724
1725
1726
1727
1728
1729
1730
1731
1732
1733
1734
1735
1736
1737
1738
1739
1740
1741
1742
1743
1744
1745
1746
1747
1748
1749
1750
1751
1752
1753
1754
1755
1756
1757
1758
1759
1760
1761
1762
1763
1764
1765
1766
1767
1768
1769
1770
1771
1772
1773
1774
1775
1776
1777
1778
1779
1780
1781
1782
1783
1784
1785
1786
1787
1788
1789
1790
1791
1792
1793
1794
1795
1796
1797
1798
1799
1800
1801
1802
1803
1804
1805
1806
1807
1808
1809
1810
1811
1812
1813
1814
1815
1816
1817
1818
1819
1820
1821
1822
1823
1824
1825
1826
1827
1828
1829
1830
1831
1832
1833
1834
1835
1836
1837
1838
1839
1840
1841
1842
1843
1844
1845
1846
1847
1848
1849
1850
1851
1852
1853
1854
1855
1856
1857
1858
1859
1860
1861
1862
1863
1864
1865
1866
1867
1868
1869
1870
1871
1872
1873
1874
1875
1876
1877
1878
1879
1880
1881
1882
1883
1884
1885
1886
1887
1888
1889
1890
1891
1892
1893
1894
1895
1896
1897
1898
1899
1900
1901
1902
1903
1904
1905
1906
1907
1908
1909
1910
1911
1912
1913
1914
1915
1916
1917
1918
1919
1920
1921
1922
1923
1924
1925
1926
1927
1928
1929
1930
1931
1932
1933
1934
1935
1936
1937
1938
1939
1940
1941
1942
1943
1944
1945
1946
1947
1948
1949
1950
1951
1952
1953
1954
1955
1956
1957
1958
1959
1960
1961
1962
1963
1964
1965
1966
1967
1968
1969
1970
1971
1972
1973
1974
1975
1976
1977
1978
1979
1980
1981
1982
1983
1984
1985
1986
1987
1988
1989
1990
1991
1992
1993
1994
1995
1996
1997
1998
1999
2000
2001
2002
2003
2004
2005
2006
2007
2008
2009
2010
2011
2012
2013
2014
2015
2016
2017
2018
2019
2020
2021
2022
2023
2024
2025
2026
2027
2028
2029
2030
2031
2032
2033
2034
2035
2036
2037
2038
2039
2040
2041
2042
2043
2044
2045
2046
2047
2048
2049
2050
2051
2052
2053
2054
2055
2056
2057
2058
2059
2060
2061
2062
2063
2064
2065
2066
2067
2068
2069
2070
2071
2072
2073
2074
2075
2076
2077
2078
2079
2080
2081
2082
2083
2084
2085
2086
2087
2088
2089
2090
2091
2092
2093
2094
2095
2096
2097
2098
2099
2100
2101
2102
2103
2104
2105
2106
2107
2108
2109
2110
2111
2112
2113
2114
2115
2116
2117
2118
2119
2120
2121
2122
2123
2124
2125
2126
2127
2128
2129
2130
2131
2132
2133
2134
2135
2136
2137
2138
2139
2140
2141
2142
2143
2144
2145
2146
2147
2148
2149
2150
2151
2152
2153
2154
2155
2156
2157
2158
2159
2160
2161
2162
2163
2164
2165
2166
2167
2168
2169
2170
2171
2172
2173
2174
2175
2176
2177
2178
2179
2180
2181
2182
2183
2184
2185
2186
2187
2188
2189
2190
2191
2192
2193
2194
2195
2196
2197
2198
2199
2200
2201
2202
2203
2204
2205
2206
2207
2208
2209
2210
2211
2212
2213
2214
2215
2216
2217
2218
2219
2220
2221
2222
2223
2224
2225
2226
2227
2228
2229
2230
2231
2232
2233
2234
2235
2236
2237
2238
2239
2240
2241
2242
2243
2244
2245
2246
2247
2248
2249
2250
2251
2252
2253
2254
2255
2256
2257
2258
2259
2260
2261
2262
2263
2264
2265
2266
2267
2268
2269
2270
2271
2272
2273
2274
2275
2276
2277
2278
2279
2280
2281
2282
2283
2284
2285
2286
2287
2288
2289
2290
2291
2292
2293
2294
2295
2296
2297
2298
2299
2300
2301
2302
2303
2304
2305
2306
2307
2308
2309
2310
2311
2312
2313
2314
2315
2316
2317
2318
2319
2320
2321
2322
2323
2324
2325
2326
2327
2328
2329
2330
2331
2332
2333
2334
2335
2336
2337
2338
2339
2340
2341
2342
2343
2344
2345
2346
2347
2348
2349
2350
2351
2352
2353
2354
2355
2356
2357
2358
2359
2360
2361
2362
2363
2364
2365
2366
2367
2368
2369
2370
2371
2372
2373
2374
2375
2376
2377
2378
2379
2380
2381
2382
2383
2384
2385
2386
2387
2388
2389
2390
2391
2392
2393
2394
2395
2396
2397
2398
2399
2400
2401
2402
2403
2404
2405
2406
2407
2408
2409
2410
2411
2412
2413
2414
2415
2416
2417
2418
2419
2420
2421
2422
2423
2424
2425
2426
2427
2428
2429
2430
2431
2432
2433
2434
2435
2436
2437
2438
2439
2440
2441
2442
2443
2444
2445
2446
2447
2448
2449
2450
2451
2452
2453
2454
2455
2456
2457
2458
2459
2460
2461
2462
2463
2464
2465
2466
2467
2468
2469
2470
2471
2472
2473
2474
2475
2476
2477
2478
2479
2480
2481
2482
2483
2484
2485
2486
2487
2488
2489
2490
2491
2492
2493
2494
2495
2496
2497
2498
2499
2500
2501
2502
2503
2504
2505
2506
2507
2508
2509
2510
2511
2512
2513
2514
2515
2516
2517
2518
2519
2520
2521
2522
2523
2524
2525
2526
2527
2528
2529
2530
2531
2532
2533
2534
2535
2536
2537
2538
2539
2540
2541
2542
2543
2544
2545
2546
2547
2548
2549
2550
2551
2552
2553
2554
2555
2556
2557
2558
2559
2560
2561
2562
2563
2564
2565
2566
2567
2568
2569
2570
2571
2572
2573
2574
2575
2576
2577
16.78614666225537 349.0416183588291 0
15.45550689132361 183.3333333329641 0
14.35124253417739 381.7422573325031 0
16.73230587746546 482.7470844795651 0
416.6666666665377 14.43375672975079 0
183.2976695986006 16.51002096941472 0
318.4645648703184 353.6990475757978 0
307.2828715675145 322.9832729093844 0
307.0663102727246 328.0834035266702 0
115.5211549899137 548.6005182584051 0
311.6320189167122 325.6742271505306 0
311.3871302329086 330.8377436289983 0
544.3791380818085 546.5803803108215 0
275.8308611655981 381.5249142468381 0
550.2936640377226 17.24581752188556 0
315.8692776079879 328.5994434455855 0
315.7251270450598 333.7914062722317 0
75.1437152561026 19.54919041032533 0
344.1687495795099 337.276042017075 0
301.1487586950159 404.5406322458466 0
316.3436237283635 323.2774640873531 0
311.2865837647051 335.9854327680008 0
224.8048320549104 434.0866894098917 0
320.0984243316967 331.4305972796591 0
320.0400008371805 336.706780551305 0
250.9276178273239 351.8059201827776 0
524.999987384452 503.6666961029454 0
254.686265482238 326.328636949043 0
402.59850022914 176.1929983688016 0
304.8882426497767 564.9927296099263 0
232.6312371258043 481.759642549224 0
338.7457043542763 572.0931925496553 0
515.9758857674752 222.3037560856336 0
345.0427051281134 314.2282054939615 0
278.3403631697088 139.090297815422 0
529.7724756106111 72.88146585485543 0
472.7314813559629 443.9534210640713 0
309.0086554091288 574.2854486973631 0
57.11090260697863 281.8168982884693 0
44.61256297326256 245.3424118374324 0
300.5877304023692 555.525429016839 0
454.7699952756964 61.43886435199791 0
92.46388851825365 222.2205891608965 0
569.0484365224127 66.49399852074644 0
505.2063977307257 556.9797229787114 0
235.7121565163364 318.8779191517017 0
233.9786019927901 505.7976331889554 0
91.92537160310519 550.548287297479 0
98.35992871351382 557.2673357895568 0
474.6037692762519 15.35062821270864 0
193.9008913662001 285.8912902328104 0
78.7732693434027 24.54300343093741 0
72.03325324877423 25.9633077340732 0
324.5214339640201 334.2383547427423 0
324.0608559414219 339.3959440300083 0
325.0962247115253 328.3115671550993 0
319.9465398148113 341.5987550930595 0
323.6211276618167 344.1069993209563 0
73.75811460544078 197.5856256706815 0
237.4867497064208 151.3717472770186 0
271.8177843404563 410.1243626561569 0
65.49661716140312 235.4963054879216 0
264.5963172044225 111.2119617924507 0
116.5621778264911 529.2368602791855 0
433.4498891459215 392.7387620109212 0
328.1729442082291 342.1414024048988 0
327.4091641543473 347.2601603247461 0
491.7005831226174 25.75342108775211 0
252.7973826248965 332.8552755626378 0
34.75433401072257 241.2908748495161 0
396.2642636957964 171.0655917413701 0
104.9354967118596 522.1935098644212 0
97.94252623282524 518.8525679070297 0
431.1728119943282 401.2727364082297 0
10.49866706140016 149.4362266093003 0
209.7909906047577 460.7031869815339 0
202.9627312593472 468.0752858915723 0
98.54817196714166 268.7062398318052 0
222.7553800954394 503.5721180828942 0
269.3520057756509 220.0347510829345 0
370.5010732982356 184.3098260438989 0
582.9350844030718 580.3364026678955 0
535.775261288059 301.4342527346461 0
21.70873645548517 168.3671195409514 0
22.19595047347692 161.8133067329672 0
74.23765346553103 232.4920580973194 0
72.14677223465623 241.0749576861385 0
80.37669329079223 238.3011311811069 0
78.7432317916673 247.5418723605773 0
69.80855381689688 249.8869372356657 0
129.754268028177 269.5114197291126 0
128.8761952200083 263.5706891904439 0
300.964716226417 122.2098614688729 0
76.48523917158954 257.1935390199798 0
474.4518092874331 451.388104756599 0
548.9589754727865 439.2492226429645 0
138.288622445633 406.860515736126 0
512.0839280921487 211.7201545215729 0
556.6124336797643 87.03496966481329 0
39.0770692372397 278.4857084625839 0
267.0457435428012 384.4120271508942 0
408.1074688104184 305.2247247152923 0
240.8111962053537 502.0568873167472 0
248.6561927441834 193.4515556640469 0
499.0129061117993 579.3846795838494 0
501.3419807086057 529.8690393920276 0
511.5079882393752 538.2147875717925 0
461.0402710135411 425.7844673651216 0
267.2071943576237 119.4722146224994 0
467.4034788459895 449.501585233277 0
437.6961524227066 278.845671475545 0
314.7606518647073 566.1581100563926 0
323.5010134729805 357.4027862456426 0
47.14981491179189 14.81669596313668 0
549.7886398820092 94.53621619662984 0
14.15661517347556 136.2561222978428 0
170.9367231259967 258.7116603923483 0
73.39183097450145 526.1705294257644 0
73.28688076454604 513.7945690599505 0
516.4644826199516 499.1140884818035 0
77.98306638992507 31.4336906112017 0
68.86290289617284 33.58848726646204 0
404.3472212176238 167.9434212009225 0
226.2320508075689 345.7942286340599 0
332.845224843414 345.5707683275962 0
306.9305948112692 317.3682819436781 0
125.7512982263006 546.2135143487795 0
257.6628630071119 500.8027167561867 0
473.9264562102314 59.12815558014342 0
347.946666774287 502.9562962723807 0
356.3617587929683 43.17636865010665 0
142.4762997311957 144.4542881560988 0
56.81164840987854 187.9708981700743 0
506.9861394199534 578.7353176351418 0
255.4326069356134 304.4326069356135 0
462.2539557993516 525.9614601433203 0
247.3773089946352 135.3987145161009 0
388.2514139716892 173.8769419431732 0
57.03202675433926 452.3829037140632 0
346.3265273470666 495.1526494270518 0
493.8010033516134 141.1990271838336 0
562.0717967697245 111.7942286340599 0
527.0016443774668 360.9633093295798 0
76.33126057515395 222.0751343965778 0
236.5959703152862 333.3076065091545 0
354.713182871317 497.4814742711237 0
319.676368541999 345.8283278661794 0
315.8303134434461 343.4645549156926 0
301.6493330746388 349.0073911546536 0
150.3740467438829 243.8119087001834 0
69.18599956827696 564.2469488421934 0
540.7895129550859 66.39614827503067 0
389.6130136011466 164.6426207389555 0
122.0567173966969 423.8875195570179 0
470.0664972574658 457.0271899010152 0
418.4833661703831 323.1433400023224 0
412.0155882653701 320.6953120601372 0
425.7706713717433 324.64417203969 0
274.331781008153 390.4662759341876 0
282.8960582401602 387.0975531952439 0
281.7024696339026 396.1517557326213 0
86.57454868004604 244.563805622954 0
439.0384860895558 263.1060502632375 0
84.53742906400524 543.58992082025 0
88.91840682418572 170.2569171893169 0
291.854042866262 416.7768065822708 0
273.4701492537313 471.2462686567164 0
123.4678278870511 409.2247539091051 0
367.6360199489786 303.6947930101979 0
207.5497370441778 424.6735802954331 0
331.9396351256332 352.02182642127 0
54.71206433353936 435 0
562.8840684201828 436.2318631596345 0
486.8145143566078 25.10016050769849 0
558.20577136594 402.6961524227066 0
555.1110895928866 415.2097836050233 0
90.65930052473381 209.1511291511457 0
92.67719408538301 200.5776059714377 0
75.54009188014591 39.86851577371418 0
410.6730199024239 173.5316723033365 0
192.951937078647 463.1251569078819 0
193.0935102673657 474.8574793319152 0
208.0352208076241 479.7852698062759 0
288.3397459621556 230.6698729810778 0
160.9028928708464 168.0382549968128 0
465.2781099826532 441.9510832700423 0
261.8821965357934 339.1474759045511 0
268.444597320926 342.0080065383932 0
87.56257375246577 560.6179069404831 0
95.6636699771332 567.904988562848 0
107.2833956117244 564.5265535387823 0
434.8280262964871 429.2655265247797 0
224.8358158355343 426.0477263422802 0
67.04306234784205 259.1792733344892 0
73.99972118538241 267.5019041647621 0
564.4557095774243 28 0
422.8360035821764 182.4361295454882 0
331.4070405223727 332.9296761766129 0
515.9014424788546 509.7687034883851 0
135.7939376649424 266.5879738689598 0
134.3715443365416 258.7971420152412 0
126.9983892825265 256.6674396873607 0
132.3081994830619 251.0872493426423 0
261 473.1028856829701 0
290.008262005084 392.3779054310854 0
540.5466333698683 5.5 0
190.6516340409852 44.08782492205157 0
320.0715104201849 575.6723667719771 0
265.3240256676972 393.8494825336604 0
417.9668606789943 250.5191671045145 0
283.5210004301297 544.0792256332566 0
209.758863285157 447.2236360075224 0
92.17325933873674 526.946519446833 0
135.949050087736 274.6540725298879 0
268.5817342168928 241.5010596502792 0
441.3170392879163 561.8974864334159 0
259.0839952983164 193.2429239989928 0
303.6466020108035 112.7531005389121 0
519.9934267798051 89.34254524367 0
488.1535870921577 57.50441709489989 0
68.45207394250089 176.006952361189 0
494.2610266278991 203.9087196075669 0
418.4172871735223 569.7459111460953 0
64.8861107745423 43.82334735814796 0
59.81588743186627 35.26502204540414 0
491.6238861626746 20.42467312844555 0
250.0814106550561 309.7240728695063 0
415.5019518115553 232.781175263126 0
501.5980762113533 459.0717967697245 0
72.06983606605243 61.26935822511479 0
515.3355237783236 230.3556198283585 0
453.5633998152028 286.7101345669478 0
258.9476265070654 153.955062374333 0
138.9889028963653 129.3100590268493 0
423.0460642807334 231.3880345749012 0
529.8078445968434 91.24656149364742 0
67.82769713794019 19.85368733019389 0
515.1926621062146 217.1923284147713 0
271.7702012697574 351.7776586033024 0
315.7855418337367 347.6581484156787 0
311.6126522062023 345.0064525278911 0
114.5328706069671 250.5420877558605 0
295.4736383673408 130.1421257435991 0
290.5371449783985 119.7510593865284 0
272.8970044038302 112.0567423838893 0
100.6107351968027 238.1360800443258 0
487.8688796147203 484.2151793301139 0
518.0127378346191 74.21069656373652 0
307.6682853727065 199.1234400677184 0
271.5493153443027 209.0350044252287 0
390.1986499484944 390.5 0
390.5021097242704 397.7769419296897 0
197.1706050670136 290.7760187445364 0
197.1385061577317 295.2552037489073 0
43.85713371156294 362.265532663804 0
296.8402475685452 345.397315938658 0
302.9416512531265 342.5704210450157 0
262.6090028161345 291.8645513048635 0
204.0424499130976 437.8062593763909 0
209.0053711194418 439.057455608365 0
331.7867770617299 325.0623770491861 0
305.5218862414733 365.1368446776697 0
89.32605203291604 517.3496109353867 0
96.373836997163 509.3693032333892 0
33.05278165046213 252.7080478490297 0
14.44576263863457 546.7787419358151 0
8.991456942700854 542.776184669906 0
101.5142113217652 248.8642799367418 0
326.6733755801993 33.3922734317037 0
515.3302755197931 205.132384556176 0
468.2447196342963 65.64529686348644 0
459.6685578158851 447.5272636639272 0
502.0742199423712 303.2884367884658 0
42.04635385494824 177.8002590666225 0
118.796043844785 506.8789895450321 0
196.6172771366918 347.2152530122569 0
317.3868082579906 546.7767211188719 0
501.9343574614441 27.33373549576277 0
235.3713426013017 343.7007196340825 0
232.5269003057184 352.8696414295437 0
223.260559574739 354.959340460521 0
526.4591908119449 516.1028478047871 0
174.3996004614404 463.8583564990807 0
101.3809523809524 119.6190476190476 0
198.9626152112268 285.4356354718527 0
67.17528309529879 494.4425231773553 0
108.8247188068223 154.6296147620885 0
451.5583820950351 467.1061145233891 0
142.9060299583547 261.689217640738 0
217.4776944572141 111.6719351288697 0
536.7321878560318 378.4279628152329 0
206.3180506856569 32.83690092918563 0
546.4950689884984 84.36371888325117 0
493.8090966847683 587.975730159534 0
459.0122561684571 84.31899889877498 0
463.2340630531537 78.01572973144839 0
181.4109537978372 178.0199892235985 0
238.8375593718048 136.5968268169657 0
245.3675902597045 301.9247717903823 0
336.4889008070231 492.8320765257281 0
509.6888846784503 483.5259104876509 0
338.8801739722872 349.9155801482123 0
184.7288329287837 354.7365300455896 0
382.8506429201609 394.4912340366304 0
400.8078764370364 43.49684934688222 0
398.949072946754 52.21603800988063 0
417.622218909923 316.5560467848518 0
337.4093355395896 46.53313227247248 0
328.9228357377726 292.4413429510899 0
327.6379577977767 554.8923991615299 0
290.8980148904545 383.8004931500127 0
297.99675222141 388.7633922148574 0
119.4738108052578 558.3752388404138 0
133.7414168152649 555.8410693275897 0
553.8073767926861 76.38104673417369 0
562.9043038106388 560.3460511374102 0
381.1415126817143 300.8822031378136 0
313.0788361257123 308.7775311689389 0
436.5724291796974 332.1105119774277 0
357.3415726043783 60.70650701873565 0
370.8416495073125 47.96014813406027 0
295.6798140572567 215.4648697222569 0
336.4167482697334 139.2940615719364 0
397.0380771662067 530.2589261611396 0
430.72066758249 346.9240372170212 0
378.7612541128844 197.1407999151282 0
256.078531188507 134.2528319499913 0
527.0147058823529 291.8308823529412 0
390.410923775811 382.390925310047 0
554.0723469684285 386.6429406334935 0
78.25775030921606 490.8459433283697 0
199.4584112614314 356.9102007635639 0
208.2503647662995 361.2683850879283 0
306.0520348586911 398.6671757886607 0
110.2445155758741 428.1663473503269 0
248.8525849200879 327.135810948983 0
243.7640466521418 486.5817634258605 0
288.695403572411 400.5131717203338 0
519.9507578688962 219.2852478669322 0
526.3993973573811 219.0211977749306 0
523.5653039824667 225.6066436631543 0
522.904160359541 234.1394381877092 0
93.71531072634086 408.8997765711644 0
94.12487316139139 234.3919062491169 0
337.2876481793065 357.8369698089676 0
424.7790208620127 334.2589766711582 0
284.7571053575825 524.265517652767 0
440.9322127175286 389.2064808098824 0
97.25341868873278 433.5017009560768 0
133.1226210891201 130.0887056540284 0
399.0032126783509 321.8501880242184 0
403.0278470552989 316.9584413207443 0
174.2845879628656 266.1886836872802 0
231.6097440625318 416.3353576671607 0
237.5498218764017 416.5489637797976 0
224.9186340337093 415.6449289168211 0
440.0260648065941 397.9464521298151 0
441.3723638599598 381.4227415128015 0
131.5299589406477 438.5295411509703 0
252.0326313732809 142.5477027583473 0
70.27943647284556 287.0022223513798 0
452.1189234376836 48.03083947233552 0
344.6507577853577 521.7817236158485 0
252.524142016943 373.4637869745854 0
497.6506464663919 510.8010069101256 0
313.4007922862843 582.121812758259 0
99.06264461966782 419.3293920791124 0
243.1012497953643 340.0491086215594 0
42.2288246959466 36.19458623922833 0
38.45721705231998 28.34818424241631 0
45.60854316771694 29.80324511796965 0
27.29527564263567 166.0061586364845 0
28.19857934143285 173.0822053109368 0
499.4789280667035 488.0463251430607 0
371.1940290319869 289.8680694495725 0
520.3615155858724 212.5245809513006 0
483.5106445204893 461.0317372113535 0
151.8572454604775 41.89696180960249 0
118.0466058461856 118.8500813324917 0
472.4537180774744 476.6891053516689 0
376.4090066125706 179.789739346778 0
368.8406788987252 438.3075210803328 0
266.6568135747278 475.4375845806063 0
537.1472988344619 352.9267820586475 0
206.8255297040328 82.74443670394014 0
263.2750604623791 511.7899684964952 0
144.3972362074239 134.0362931811468 0
574.4045074980627 430.5690963376879 0
118.1153267560519 397.047255528098 0
126.961735115065 393.2158290497075 0
491.7405946208287 182.0088152552416 0
302.4440513673372 140.6522721765668 0
31.32054464602616 156.7223286938917 0
278.9086496945119 216.41382340568 0
257.7781115116207 168.2315205970386 0
102.5696627365661 427.2926014326313 0
160.7249620716583 257.2208953382449 0
412.4674955608394 164.9327177771676 0
457.2787629361393 460.7226490284632 0
121.6961524227066 440.4533666301317 0
24.04839471843545 293.7718574657376 0
52.06842046498422 250.2248198816379 0
420.1602118692282 430.4216544233039 0
484.1161204930444 187.7011134842543 0
179.8437330738026 474.7752828042047 0
174.5151050838529 485.0152813122246 0
466.4508477232376 169.0080367858428 0
465.0412240132574 59.07130410959996 0
468.1579247170007 51.45214155256225 0
352.8188334612283 488.5366018058078 0
362.4837863699484 491.0951602335851 0
84.82068359045125 509.2765748727694 0
115.2942286340599 301.6495190528383 0
269.8417085427135 302.6859296482412 0
414.8413653404808 373.7494450380133 0
41.62991115752426 485.5006647738737 0
280.8594039404164 358.959689361224 0
26.95358603975254 353.5105546455996 0
277.6357005617853 121.9668969508936 0
147.1704368643739 391.5654410215898 0
205.2942286340599 265.2272413359522 0
34.31682572592415 13.11960809331922 0
420.7488766578082 560.6614945338472 0
428.532782430377 566.2338648315111 0
574.9465116462741 220.9492793602128 0
222.6079265999105 128.6963668353481 0
508.1901187857179 76.9579954200545 0
77.75074635509708 477.5470149415806 0
293.6301510517357 341.5236016359715 0
139.8780615182366 233.0380965931747 0
92.09156053050654 68.42325787206212 0
84.41515773279916 61.98493407883603 0
308.0464403441326 537.6939602751939 0
482.8678672923135 296.0226050232598 0
504.4974280464686 17.00073401207277 0
401.4896561737825 16.0463948932925 0
59.71417628615265 557.5823155253322 0
11.69677017620536 113.5679312532345 0
255.6479517931081 385.6972729264257 0
300.9399481211086 314.1080933820046 0
28.74530157232761 26.21643051774993 0
443.3595819887661 267.1887905418702 0
269.2469008234012 128.2412679403596 0
578.8075339592375 133.7494584506235 0
576.3934577186832 148.1558371203926 0
277.7300156292417 242.8584955220112 0
451.6598404570007 433.5793536609536 0
445.6188428809972 427.3713242823302 0
438.0565787403191 418.9791142204162 0
436.502391503819 62.90092831882625 0
429.3798939181515 60.62010608184851 0
425.6181713392021 58.26237092347225 0
16.67127853494499 152.1596373999825 0
23.77066477527169 144.5159300827758 0
130.4079581386486 566.2313721270702 0
92.3763003692752 499.421898295921 0
397.1069884568433 517.3055326560221 0
55.16791753282494 503.6114088732513 0
128.5139734053529 379.7554738342749 0
332.9998488610048 339.5912918520013 0
214.1841696648483 90.10467280006634 0
219.0896382204055 429.3953437614786 0
218.3853737134756 436.7510623586647 0
223.2094367597015 441.5897967365424 0
571.1230314417287 123.4879599454841 0
84.33977212746282 36.64107630106349 0
338.1708007683488 553.6959617800435 0
21.5441683748433 509.5479781645295 0
249.1896958142628 321.5729821013329 0
127.7692307692308 190.8653846153846 0
547.4699640562192 345.3234242535134 0
71.90780989150794 542.7415453877237 0
240.7288666722147 309.6558978028875 0
515.6155869912786 466.8560902087741 0
339.3103929876715 330.1512443400745 0
105.402687122572 511.9943316985854 0
403.7534795745831 243.5023197163888 0
445.3089816536501 576.3988885937428 0
456.2810726457822 583.0443757113944 0
197.0327380504242 487.0689812042593 0
391.5319172023637 311.7798401673173 0
472.9759164336187 31.04100206481971 0
477.4817629718394 49.46087264420179 0
141.2342657342657 510.2762237762238 0
384.5729619970092 63.08290855029786 0
141.5904395922494 45.26581843382235 0
564.3104077902193 81.19440937028641 0
362.9927396021847 435.8823635528498 0
29.47724131225056 496.0603729356942 0
188.4653172449074 331.8856849977196 0
34.47484311426626 118.2148788389903 0
133.5332052652979 40.60682445135799 0
135.2040042751592 537.1122379152275 0
130.2313411017388 527.7183984087549 0
356.5680524904041 293.2770666963954 0
138.859069032432 135.6142795987029 0
69.70652053712831 552.8292900766608 0
232.4375 13.5 0
543.9348576380021 320.2562061804504 0
434.0400477867412 323.053864063747 0
86.65636948241243 265.521174778328 0
79.93907553336443 278.346228530251 0
512.6196789445609 523.6979006136597 0
523.427970867294 530.7615760840515 0
523.2082496863356 543.7183080913878 0
495.5405693710654 308.7439815667678 0
378.4487285153479 446.1013958040419 0
390.4629707359505 447.3709938182133 0
323.751608228635 321.2314603942438 0
331.5301306685953 316.6541971582931 0
323.1915153642967 312.2150522037468 0
572.7797692880324 448.9720230711968 0
94.30769230769231 315.7692307692308 0
217.3484649377284 445.1827250332665 0
340.4870160120731 478.6656109585465 0
325.7459298203291 566.8099040749487 0
404.6055579518096 34.44417863680333 0
316.5936547551588 34.85397999095019 0
340.6671179713152 22.59748548326719 0
336.5268203359326 32.38951220952141 0
450.980407721367 520.0456850208989 0
242.9854983796293 367.7872877108497 0
496.3984559661463 25.92100961232683 0
284.7020988012894 426.1198990192367 0
546.6125192928272 119.1461754931038 0
100.4994981487056 579.0291142631818 0
426.4494176499531 418.4977455237443 0
242.2011111997825 350.4200785621235 0
213.7026989343912 212.4024059038053 0
203.7933314471395 209.035122621336 0
15.61544191862478 205.1442092805158 0
372.7277248642147 204.9464723643359 0
126.9826434364597 416.9787656293557 0
129.8128304643727 424.956130952527 0
60.88880235221881 351.2962674507396 0
315.6690886734877 338.6944493811998 0
332.336622614539 306.6792077102448 0
411.0676691729323 81.46804511278195 0
396.1672944433321 256.0822803824512 0
216.7857860958261 286.3630526159759 0
210.8930189309416 280.723601191023 0
204.4104180026722 283.6130784012577 0
194.9271566563986 124.6169533380725 0
274.9793747351629 232.0887020094155 0
327.3169399710184 585.5889740974201 0
266.1719303163208 500.0305714328725 0
523.3050379087488 243.0863119287234 0
88.23599275295967 407.1645861573333 0
76.08066297379924 333.9774585423583 0
493.7993963369881 570.0439129210587 0
454.0429231699336 543.0178350695401 0
117.6801468410714 429.2474451263801 0
255.7241525056616 181.0478474866168 0
297.727736200917 379.7691193746262 0
306.3506333577055 384.1780322040441 0
468.8077974654896 469.9668589224131 0
469.6089394529607 437.505854113122 0
431.3981222712804 259.6777786070373 0
439.4601737488086 256.7217804873821 0
409.2749440921846 313.0164236520766 0
307.2834104442228 525.9708542079918 0
10.66344382908568 124.034696663776 0
277.2073732718894 277.979262672811 0
559.8588579214108 123.3840725882214 0
55.71757405965502 443.4587460711404 0
63.35433168937152 438.3396110725681 0
85.77709156666467 569.9739791854605 0
123.9552810977013 248.8504520734971 0
129.5414959624096 242.4785435012401 0
137.379250775599 245.5728273597729 0
253.3850427047901 296.566775053217 0
36.34008217226356 168.8721506197743 0
220.6773806332822 474.2490473292897 0
219.7752603140552 485.3950924396993 0
201.3254733162689 72.66496938612973 0
539.0500748477754 363.9952183877484 0
105.8065600247222 259.1525057016397 0
307.0430423591849 333.2107623996658 0
303.1627610470807 330.7713819165799 0
306.7784566901054 338.4865732308838 0
78.00385101738728 558.3061871950607 0
27.32433113804571 550.8816125846701 0
49.91242848200018 268.2887824934398 0
235.6657369052274 490.8542382542953 0
419.9554618731077 171.3062534591838 0
431.2707513990874 174.6446590366131 0
535.4786499415135 16.32038999784805 0
280.6156514849062 405.2925371178588 0
198.051555334754 279.7794413276425 0
215.9458420078257 34.94628126802437 0
563.9237770862534 42.57467886571389 0
560.9594561044519 54.96936105918207 0
405.6649021225149 156.7486773692168 0
555.454470595691 433.3522345105755 0
546.3926756035034 430.0633729444413 0
539.8307583868301 436.9543373919043 0
102.7307692307692 320.2692307692308 0
94.64325197815724 325.274267993548 0
459.0239773742105 93.6403393868416 0
282.9757425458785 343.6672411132307 0
86.79611776569391 534.3055471267814 0
192.4955108165817 355.6857171925574 0
504.6035534377939 143.3969226982463 0
134.89711431703 143.5980762113533 0
411.6626277237029 260.078035330478 0
527.3480442968438 133.5605891353309 0
557.2505607115108 22.24371090260772 0
492.6304986585783 48.80482834232298 0
224.6474993456926 403.7526701847227 0
565.3194149478471 455.3232548020731 0
327.6584223244752 491.1575693965082 0
395.2404535612966 298.3815212963121 0
81.84845549256107 229.5209967510303 0
260.8340149176545 126.294723019966 0
290.7778727484272 552.6337032360138 0
297.4946398876497 543.1883885492001 0
292.0902762230405 534.2352645124985 0
371.8184387749147 274.2839043399158 0
81.8426550136615 107.0262670642943 0
221.3002344681364 221.9354044555936 0
257.6388888888889 89.10185185185185 0
267.9845640891359 102.3306812956615 0
130.4983473226939 410.6283857124916 0
136.0970739448599 417.73729967175 0
146.3322649684779 553.2480663346998 0
455.7891043260513 512.6798135662729 0
180.7106966332667 267.3341683696487 0
562.327829340577 426.4773633632444 0
421.9497382846371 407.3468112554404 0
483.4535678334058 18.40154852611592 0
487.5762775323694 11.94391740162964 0
254.5997552107328 398.5494510262653 0
28.66280529379678 371.942387889363 0
241.1541666666995 8.700000000000001 0
153.9180626606155 581.4780192582999 0
533.3937902195596 538.6016459660751 0
284.5656658979615 130.0899036769131 0
99.67843128917214 171.0705640226913 0
234.2875 20.7 0
21.12029455808549 223.1469095290829 0
194.6197678302177 31.95963485327472 0
71.65145657972162 452.785240883812 0
247.4240220533209 499.5545521684617 0
283.903742626589 378.5399869162446 0
113.0329955438318 145.7685163945841 0
114.1789407556987 311.3449750822327 0
34.07424065805784 450.406247360859 0
32.18477113894015 443.0123033670418 0
135.3434523809524 12.82142857142852 0
438.2336604461188 342.1468920820407 0
441.6809793522442 409.2860362083872 0
113.8807087590637 401.8245322321766 0
302.9450127877238 162.5690537084399 0
455.7642016638375 374.0717122809795 0
243.6032904606751 143.5594828676837 0
247.2192734159186 150.7945661580239 0
443.7202201850787 83.17344662945843 0
84.02604076079263 220.8463259490484 0
266.0429218907319 186.1539828155175 0
228.2921747754633 291.9182003408446 0
463.5325240582952 434.1517932576469 0
288.125092049574 311.8954213132045 0
262.7559754506251 346.0083521676841 0
256.4127176043449 343.4678470822876 0
311.2585452879351 340.6333789708486 0
503.6519295623915 67.23741524328911 0
345.1875682029064 301.319030929163 0
200.4952781641003 49.47859312704591 0
505.5784952482993 356.416120520443 0
243.316647666351 323.5308844291002 0
556.2743081883175 34.70938183195083 0
546.242903043862 296.7065533168708 0
533.1772069622933 549.9328170657009 0
522.8020901533692 553.9121597645717 0
531.4980164562759 560.8427774299543 0
523.1128300418105 568.7222074861321 0
534.1125452270828 571.2966667614318 0
523.9990121742387 580.1877882376325 0
516.0365624287675 572.9666513540201 0
515.0056767847667 565.6861257976121 0
509.5051984039357 570.2631357203377 0
504.9551192603118 576.9132971851695 0
546.206897096213 565.6702287299278 0
545.0820326258688 582.3674763534198 0
84.85559657639806 330.282196607579 0
195.5049994621959 438.8197801091742 0
590.7596169249007 183.1295786519004 0
514.3127058535152 549.8813129760928 0
201.8316607228708 432.406449601478 0
588.464689249842 210.9518515978947 0
519.5830863768475 590.5469470594081 0
417.769101324908 354.1206083781226 0
508.5058007163705 153.4941992836295 0
364.8580921864221 501.7669689085422 0
81.8193045238428 204.0520886860387 0
15.8612054354176 498.1991592298437 0
215.6112512566958 453.0889333166264 0
84.55270467457882 194.1996037999332 0
95.96245671848557 189.5851338797771 0
76.35627810872455 186.2713343211972 0
329.0375481990031 91.50909903131759 0
285.5 462.3718984158917 0
274.7482383770282 462.7384835737054 0
462.3903873228403 71.62559590319107 0
83.53387854549308 526.3804369583274 0
430.6213509962528 185.6161577164203 0
124.7497642859379 536.2562021903894 0
122.0941816142856 518.8785861364544 0
445.4776120183429 347.2546220718489 0
191.2896091002548 20.95511976392984 0
184.3713178016482 25.42985334155805 0
375.2795229689068 399.7634866838321 0
369.6852290036302 414.6421000351172 0
289.644461425527 139.3095269472993 0
319.0838255373745 349.8859101466904 0
322.942146101288 348.1175036106007 0
65.79389306520362 338.0547451986196 0
449.2340425531915 489.3191489361702 0
170.0849533994555 176.9977796099337 0
429.5812735643279 96.60599079239333 0
453.8063705449384 557.2542290288343 0
496.515625 213.109375 0
25.57179676972449 186.4019237886467 0
516.6369898443224 490.513332254518 0
508.0594285861848 493.8488193889139 0
498.2393769264028 498.8373917752768 0
472.1845081132268 42.61431689941548 0
72.64763286432149 296.9287751784643 0
61.9925181725722 429.2750801174187 0
537.7230224622672 506.8522678518983 0
553.5190206844544 103.8658794882794 0
237.459399901203 296.5073821136135 0
495.2866265944064 453.5017051049088 0
33.56453469180189 20.9336534734782 0
122.3583095483805 261.924664693969 0
472.0754065715201 284.4444512667308 0
80.05012759727468 53.33838857310659 0
140.1424557287768 253.3021801535192 0
149.9065204645134 253.989095683254 0
407.9597459821393 233.9503292121847 0
413.9868584786702 241.9897067266849 0
473.3644685754019 464.3876364122223 0
14.5924224490143 318.5052800299719 0
516.9095664085014 144.5752851862011 0
63.81640875561007 26.95689398416286 0
544.14297793531 105.4549237645257 0
461.3776501311302 467.2430675156086 0
463.9258553469267 534.2767199481845 0
137.2299006612804 385.9682773347747 0
547.0871710920609 403.2932058009998 0
104.9823430739432 434.513898705957 0
59.55324397276145 18.98726901505266 0
510.5747299798932 28.52982504026568 0
264.6548726818544 201.729279675364 0
448.3071841323518 403.382808046579 0
380.546052819371 168.0582329551432 0
378.8023922099881 158.44640547276 0
391.6217552843898 155.1540156270167 0
339.0436080098001 322.5622955670559 0
306.8848579021281 346.3190484471119 0
127.5916215977782 285.1290029257466 0
187.8616649842544 339.7238043844303 0
100.076233375554 87.8162336623472 0
129.9851500701456 403.08190532751 0
310.5697011573087 556.5742135110434 0
173.79677222579 20.9859655012925 0
179.4913559855202 35.78046837402525 0
399.2821000907862 380.153581241549 0
254.5323498405435 508.7310384496321 0
483.5045152565672 32.12631240861413 0
97.55758390102059 412.6385653632224 0
272.8795791865529 399.998668070452 0
356.4428123589749 506.6978200732565 0
62.72258677187546 268.7467053568623 0
275.0996046160512 338.5601747517997 0
297.239476933332 397.1181589708916 0
58.24692677912654 49.97321061257814 0
377.5315477243508 187.4724899607851 0
371.0287958108115 191.3724510930529 0
313.8666008595332 187.8666008595332 0
291.0714285714286 267.2142857142857 0
22.04773191604495 176.5022888126997 0
461.1155574025138 65.39349237293557 0
359.0016093496227 480.1143648190794 0
368.8983906454852 470.6916159760168 0
216.6520908448427 231.7389089195806 0
478.9674616026756 24.08713175358864 0
422.6860465116279 371.1511627906977 0
133.0408534054868 446.9358017913779 0
81.16320569461695 382.2317869415853 0
26.3426397663949 466.7166357051377 0
274.4199209232103 332.3120349503599 0
38.71880685239245 370.6780271615254 0
510.0910840438094 236.4844029226856 0
445.8324494515967 526.7340320242301 0
454.2582531122752 529.6810244762463 0
570.8136690412556 440.3545965137039 0
414.3188976377953 146.6259842519685 0
522.5 259.5 0
24.26347872774473 129.6845913240934 0
118.246835443038 359.5886075949367 0
430.95386331269 337.8134147861828 0
306.789227217482 547.7901551691825 0
13.11597106723297 531.9557135192919 0
342.9233307283582 561.8547605947618 0
483.2741456441806 177.2058098294248 0
276.9922150525586 532.5637520528878 0
100.5022731278374 197.8761560078844 0
492.0612040219361 155.9741533439885 0
281.5594862057259 414.8883051392632 0
42.92970171309811 376.4195067903813 0
297.338920930098 150.7551421387176 0
468.2143796101279 580.7806235180703 0
231.9104897708507 423.1324191274775 0
18.21476736526724 560.8120242017262 0
11.75614992992126 567.3590611344706 0
453.2528241389751 425.2103643909332 0
281.3413766055646 208.3282273187147 0
291.6429227241132 207.6886597141154 0
218.3911017768917 462.7226464989336 0
27.03695422778803 437.8024606734083 0
261.6952924766794 299.9824273018323 0
95.32920362411586 179.4050275946146 0
408.2235519317015 181.6205062693747 0
440.7127980994331 94.73082701198862 0
495.0944881273999 582.4548782866725 0
492.7711132165027 577.1034377102676 0
84.01601797679842 26.43629505720043 0
511.5876253108933 575.0539914609444 0
513.9929136348733 578.3529975675594 0
48.74313215825713 453.9344848117715 0
96.51402121946498 258.2350974895419 0
515.7304968933543 213.0302976710873 0
42.39368948549672 22.38752228348958 0
537.8258004623137 427.0559436354515 0
529.4212933889728 434.6348682915476 0
422.6113604036871 553.5493958521969 0
64.3386750109044 243.6312053556693 0
19.60280956559484 374.5369290443732 0
407.2447103863403 188.9241012538749 0
440.8918037406954 167.763355389134 0
216.5849686234392 348.2482843792632 0
151.4000562542757 380.088953059394 0
66.44173390156585 188.0230322210204 0
78.85023990031134 176.7679189247361 0
452.9982568188453 452.4133401669048 0
535 452.5555555555555 0
382.1009328070032 459.5114488460854 0
11.83677541048893 516.6234397308149 0
457.0263773881513 439.1029223519239 0
86.29620762534826 183.6151223967062 0
86.31948129146068 254.3522646663005 0
72.08469290764613 49.623545178608 0
313.9187309510318 26.77079599819004 0
443.5 55.63586167583922 0
292.185144597981 107.5583179147088 0
486.9013303315177 207.3734239251484 0
211.206224595054 432.5049264677312 0
217.1000082881468 422.7110842972907 0
437.1893555494482 57.63515511529956 0
514.4438103186475 209.308278991727 0
510.2738732297692 208.1056772842599 0
282.433754320689 113.3287149712674 0
279.0834112352726 103.7124094275878 0
274.2257802741647 345.9676347224945 0
78.57141152328032 535.2467871644009 0
306.0775862068966 496.6896551724138 0
302.9678110949623 582.2936258596286 0
482 121.25 0
559.9251471684927 12.65086643596533 0
436.2447008132877 374.0559790538895 0
107.9099100344669 554.0423931739454 0
313.643223419694 103.3724965784226 0
67.72786773384395 10.24627214839806 0
184.566933530021 486.011701854437 0
431.6374841613604 54.70352642412406 0
77.02560468105412 502.2900723086068 0
112.7911533112976 516.7901103807637 0
384.8542936277452 181.3034788074371 0
77.78227128049451 550.2090594821818 0
322.3918367346939 121.5561016243232 0
587.4211838809147 158.5716510173504 0
100.6206147846619 331.8284466167229 0
289.2676489329357 340.531807124867 0
80.20249256464984 437.5644866163697 0
30.40196224076781 478.9117712309532 0
546.746623300682 379.951549026776 0
311.8789756895933 320.146188256663 0
316.8629074384263 316.8173307693698 0
321.3481055619554 301.5492478291995 0
467.4853046428946 84.29281644196098 0
298.4233004953803 339.4108164552417 0
450.9550103499411 473.7452281171369 0
383.620029076063 401.6254485883239 0
248.7193577014354 345.0749889263939 0
143.1520847425772 566.4700450509418 0
330.4654750155166 359.3360463052114 0
164.0215961571714 495.2392019214143 0
45.46733148607824 418.0359926109796 0
53.78859060402684 105.8355704697987 0
535.3302113545026 527.627887660463 0
269.1145454043019 465.4456854326889 0
447.2380978541768 261.9530484557616 0
125.0527756475017 432.4483477298351 0
123.4088266646326 125.2931385383572 0
384.4666408328367 285.7110617893844 0
362.2715393433338 49.41340920314583 0
371.6431825843316 57.78776445783234 0
353.8690962046414 51.15079069927321 0
347.526794293344 43.75329785626001 0
507.2815070727019 504.6417465484754 0
95.57692307692308 308.4423076923077 0
297.9619233608904 270.5855840655031 0
447.4989498608195 278.4462996048275 0
442.3285808929827 287.0338213810984 0
137.5205513108478 396.715298916256 0
76.97330543165565 68.8932217266226 0
235.7777758679585 143.1194232702112 0
366.5604784419976 152.489281094552 0
290.4189532819076 375.8707234613307 0
303.9200511600192 375.216799251268 0
264.8849930592825 403.1435648222711 0
518.8035830801206 450.2961736203794 0
90.84593468059923 577.7734749083467 0
71.86105658900904 442.2871245626197 0
462.4740015210916 43.91284837673099 0
306.9326650868612 312.1307010026264 0
238.9084179378642 358.0669005004528 0
198.1273101935809 62.24537961283824 0
539.839027741295 93.06193080550727 0
535.9806618915941 82.57040553105054 0
65.60979067516416 505.5582772888442 0
82.03030041337871 213.7240635296786 0
284.3926500112717 248.8021920766724 0
261.2435674705704 377.7146174103811 0
563.9078543643569 20.22364433464326 0
344.5 365.8237331376475 0
542.6539491114496 13.04367052749836 0
138.2109951809858 140.192103642599 0
544.0163152102718 417.6144319712313 0
145.5 453.2692307692308 0
244.4315184379361 377.5896695223722 0
467.870894930637 73.11588778801737 0
334.3748600724888 561.7593593498799 0
202.5219257216451 294.5 0
201.5584066056613 289.4011928350295 0
458.8978303507275 53.19399828605289 0
548.6047473195935 7.195815645256548 0
267.6994257192455 348.6269420053123 0
449.1881882229504 354.3049337247358 0
449.055123513126 362.4742453098507 0
92.6945752453219 402.8332158899504 0
99.16285225488605 404.0362725729329 0
312.9750938144792 518.6018628410828 0
183.8883623645673 458.2740274934402 0
433.8844023661846 289.167001258172 0
209.2701180781995 109.092888022459 0
210.349881236084 443.2332029898376 0
488.0669272340969 456.4792302033442 0
509.742182536677 37.39609575908533 0
403.6878346416972 547.7766529641358 0
375.1971363839912 389.9420165464871 0
320.4010268619122 326.3500637722165 0
318.0541882599456 292.5981181560579 0
130.2714018921769 510.1173158004377 0
368.2932874398681 431.0881406704498 0
135.1941186035835 133.6026088559161 0
10.47211161279673 192.7489773045735 0
516.4841591157121 81.58774809215639 0
392.547545369866 47.15239442066676 0
395.1772976527518 37.46206525837049 0
382.4351847301822 50.79063981754528 0
423.1075348431308 318.6445444822604 0
52.41450028381266 178.6937904220417 0
51.03924868963174 36.02429579145853 0
123.3786028961113 237.1266015226553 0
80.8882550474228 45.45770151134408 0
307.2026444380446 8.903133084270976 0
102.3872196380327 64.93384521789599 0
299.7982044308152 207.6553939008182 0
118.501543129951 578.16914600392 0
248.7737416529312 169.3898571847958 0
425.0934487351007 576.031792439063 0
571.1339745962157 213.4282032302755 0
242.9247327664061 159.2335355240295 0
253.4005064787345 158.6209063805389 0
328.9320122677048 40.85972816890623 0
543.2809643388443 334.5159260867928 0
130.2916666666667 27 0
128.4041338697868 34.35648064539623 0
125.6184191384319 41.47349466400008 0
302.8818103957286 104.4166345629895 0
233.0212155762809 498.4535727947037 0
311.1367958303725 315.0480066282553 0
385.75 211.5 0
326.8865999635369 138.5447395373538 0
409.7283616200065 22.78218153383634 0
397.3359893981782 401.4743662898675 0
389.9134096760664 405.2954167701166 0
52.76811948783929 26.32013488581059 0
462.6175642916408 454.9907779356004 0
383.1314706056915 387.6648351786329 0
510.9208297499125 201.6476123680872 0
423.5107578679189 348.59046262133 0
64.60269896180516 447.1284373663855 0
97.67583559068305 74.77888945870652 0
329.4892997088109 576.249727351699 0
88.35158849372027 293.7666957426477 0
344.9314987129387 355.0583230954427 0
345.7127368779923 346.0727230449911 0
80.87186518158158 518.5943442504397 0
191.6704792361182 498.3869740703867 0
210.2198301103305 495.5562817242572 0
319.5650809611127 198.7847146253465 0
436.5759568300204 571.0027619575837 0
19.38488245153795 243.5981761712758 0
533.9579700546897 100.7526832127361 0
422.6980290753949 311.3694036601265 0
426.0752469964888 303.8903376543068 0
500.3125139553679 564.6934022577826 0
500.2395452051794 570.5319658802979 0
231.0538159330902 361.6891239337914 0
219.6066610696768 364.9943977542966 0
22.43639138314514 543.4347679817575 0
120.4872497981967 402.199182292371 0
486.0556954904923 197.9966514033939 0
498.6172144271389 149.8416175307134 0
307.3472110987167 352.2294194874277 0
306.4672743350475 357.3415660412743 0
79.73642637978656 290.0681987402703 0
383.2142857142857 509.7857142857143 0
326.2513760206248 352.4502167533791 0
34.24725776280097 361.8054925741299 0
262.1452203233896 105.885660772028 0
214.5956960623753 356.3350018293596 0
409.7252041921621 367.9771180377402 0
525.2862731425464 81.56707696175613 0
172.3685084120824 168.3915822311293 0
167.0326397762859 157.8978519438664 0
490.5254133639307 493.67567193586 0
328.560053434112 337.2534990345501 0
130.9270238095238 18.9642857142857 0
273.7827970215268 506.0555448010847 0
102.9007647610949 104.7396835568046 0
414.8720474122991 556.4421780772088 0
417.0003247254818 58.49956703269107 0
242.4433376097305 494.5355657483623 0
397.6502237726895 163.0863901811682 0
407.409329599804 323.70078828102 0
498.0038125307338 13.43804320074074 0
246.2902719716464 357.852068570677 0
130.1284933513382 370.1888684585687 0
503.8947099994425 312.7520655780816 0
510.0229116403481 305.7792935675388 0
510.0541123067374 577.7262246399414 0
536.4375536103754 234.7327303448245 0
21.13903924506281 271.4385846174351 0
89.49683149271581 228.7155547703071 0
508.0069820571483 563.7708010549547 0
513.791536050103 558.0854543330861 0
552.030152792956 280.8135761724717 0
545.6866963755559 286.0462871853457 0
536.3306849045483 292.9447380443067 0
534.6064174324914 285.3643815165187 0
506.3792404189507 513.8683339617202 0
338.7858778641984 342.4223092118075 0
38.10552070030101 352.0409626408681 0
221.9213322139354 376.7988795508593 0
448.9507408456437 270.2016305550453 0
498.4429271322443 520.4323122479551 0
518.8470315398887 190.6246753246753 0
502.095531010452 576.7709547452819 0
113.7262264543818 136.4642692240395 0
112.8853576927147 126.2625292869574 0
351.1134323606777 37.8804305144137 0
428.765034583527 373.7631465280629 0
230.961279800892 138.0690593893878 0
69.28815705090783 276.8164198878879 0
310.8158923458933 111.8158923458933 0
269.9370644749266 478.6524040084016 0
580.3557231928029 215.1762836447254 0
267.7229746536872 470.4439444469026 0
399.4730282722451 308.493385354824 0
500.4441629069748 208.0045236518917 0
591.2 269.7333333333709 0
245.9344503437257 316.2514918721681 0
35.24737945960769 458.4699399675477 0
476.9868414517334 458.9145063648 0
480.994566826357 453.7200215978493 0
209.2850355679538 117.8479685886583 0
446.0440520982702 374.1788141093267 0
229.3433810262792 210.6330683738045 0
20.30329042344122 116.6394766452919 0
360.9985479204369 440.77647271057 0
385.9736770960724 268.4892925132459 0
435.6542661683119 380.1196801416728 0
529.4181896222725 231.3899768643952 0
392.35 217.1 0
529.7283220670331 298.5198465424954 0
472.8867868281365 23.36969050777925 0
109.6348925028508 114.611168294766 0
563.4473878943179 576.1804729233262 0
574.4573552216058 566.7725853457264 0
177.3818469981807 11.163964034455 0
187.4736543599325 347.5178184991345 0
78.23780666412378 566.8059879661748 0
414.8921043622918 156.7665076088216 0
206.3774942874613 275.0682576820706 0
215.4518216592897 274.8251260361892 0
481.1124761492888 56.06745576578533 0
485.0005744722153 51.24383350968156 0
92.22487443114177 109.4769996480293 0
160.9262492855113 148.5286142863388 0
154.4414069436503 142.9140195121659 0
250.9540920803613 339.6319901832213 0
135.8625964009715 578.4697164880464 0
107.0072601689916 402.8101341341849 0
46.36018726220489 170.8732400216877 0
350.4080473837239 511.6871679922972 0
28.77213765053112 343.619298577025 0
302.4809402491979 335.9286356932307 0
278.8282036718354 351.5768539635978 0
510.9179808284371 71.71172944263863 0
153.4828397781348 264.3841175288715 0
195.1171450155016 272.9818778127129 0
410.0199158306359 433.6323617488578 0
556.7222222222222 343.0925925925926 0
400.8657426839876 446.5927484545533 0
90.17999910598625 589.334871795149 0
506.1087031049395 22.7516042687901 0
261.8784447600011 158.9163104722443 0
14.69972538640306 145.0458123348505 0
454.4232980057204 444.760881545689 0
541.4887421958018 554.9967052593734 0
551.3958162368925 555.1186730875065 0
366.7957032886997 421.9460481411134 0
206.198643980435 352.2683358426493 0
341.6911079117216 544.5314628411325 0
248.1277777777778 87.42037037037038 0
144.4 179.4 0
534.7762808143192 444.4031308853064 0
120.4894176425136 255.4110735151224 0
207.4303139549665 42.06611766668517 0
544.2148719597556 74.93455141224575 0
543.2424828538085 306.8520539132334 0
261.8200918165477 283.4797551558728 0
260.2593802510644 140.9200912200663 0
158.0974212952948 248.0337866762484 0
214.2550947602125 255.0344513367428 0
16.39750974445074 336.6260968018744 0
6.883379486672299 348.1430069276159 0
274.9678629823412 518.6124638338724 0
185.2930634489815 324.977136999544 0
133.1538461538462 205.773076923077 0
343.7356912862167 287.9074881153297 0
586.9377546092679 225.7370302321328 0
397.0227777950721 62.24783955537672 0
450.672330118164 503.3713706032232 0
553.4521616483086 467.545451997521 0
291.7357960083179 221.8488832962989 0
569.0388660984684 58.82084379094232 0
106.6486369902454 502.041797027503 0
337.5555679881031 336.3693519085014 0
184.1943587146137 273.6609263066903 0
50.35787720056548 494.2941109456315 0
50.33396677198581 355.3146534621488 0
430.4032564657336 329.8493922934417 0
583.1725212343022 50.00089655850411 0
590.699676225332 47.62045649670036 0
509.707069734179 460.951235478104 0
515.4526980740799 457.5080928276633 0
507.6107667945374 452.3989728476856 0
375.1915939518998 172.8988291748404 0
58.36442825671617 10.59120307335166 0
211.9714850163806 469.107087301521 0
315.5673933687056 352.2446498333116 0
243.6844256032852 332.2433945627108 0
465.5854567762113 462.3896966192204 0
498.3135500436821 574.7947599662381 0
355.5155392011889 305.3571954848533 0
48.64452522298172 447.081403954435 0
344.0034392215828 37.30860264979961 0
319.1022059542125 558.3237409772187 0
419.3837186427397 237.289729141178 0
168.8913846531376 586.7525772409331 0
87.719324644094 236.1509191489408 0
359.7479859314499 196.1480624531009 0
213.5734072531448 439.515187449205 0
56.25 393.75 0
263.2601797074716 133.083590105261 0
278.2536013917332 224.5973485002104 0
270.3257878896412 494.3476860389928 0
28.86588969562593 179.6890257953173 0
75.01206833594932 167.6121328187215 0
89.34589609574911 216.2197029952611 0
275.0664024053538 200.8682801342604 0
217.0511871067937 100.6160419442134 0
225.2163419801653 90.02758871835869 0
17.17099516922381 158.1808605621968 0
482.2889868416491 491.5349224171407 0
256.0465320634231 149.2534686973441 0
37.37654170175244 265.2924202052714 0
49.37723895304885 116.0084082181315 0
268.9692587620034 136.692776142847 0
499.7611072120678 21.14496661968979 0
22.22588671978872 154.6784126943628 0
454.9249995034436 570.3300198070719 0
40.82175182086558 452.4068724496764 0
60.0239913075516 180.1389346348651 0
311.8933288607199 349.8161003335342 0
142.3806670775259 138.7761043107468 0
147.9597352355922 139.5835569751867 0
153.2117552168764 134.9183974149733 0
412.9473094556444 8.019343834326417 0
173.8944305829185 134.3953029642681 0
123.0090579011548 294.9909420988452 0
333.3390718821082 485.4636603266381 0
30.95748528243521 231.3782053327943 0
113.5206315827191 434.6762115625591 0
497.7222222222222 229.3888888888889 0
560.9543153192311 464.3737413599188 0
56.19763473503338 42.01717516151776 0
300.5710658511434 531.3632640038691 0
75.575 420.91 0
390.0690177411926 514.6865496484278 0
390.3437260380205 522.9739474419283 0
314.8113040731428 385.4549943582789 0
419.6630123592478 161.6010957690346 0
552.6604760685859 424.5434372789032 0
306.6864004222379 485.448275862069 0
365.1342230157362 192.7995524353253 0
368.0570145592727 198.1955735256895 0
262.3236175347099 467.5348513721412 0
233.0987005939131 130.6857941406491 0
457.856344191809 521.2735966413478 0
519.5418537058756 366.9686357090096 0
446.7218450225071 418.7693678204134 0
570.5796037609532 73.95104214064226 0
276.7087286203752 130.8214097759729 0
273.976638047689 419.2656853278955 0
360.5513605342277 430.6635204006707 0
245.1602516847818 400.514655088248 0
240.7420147122367 409.2127237736091 0
295.9174250418225 409.0560316882622 0
313.1515843733399 398.7528230752022 0
60.6742382094538 250.4108532342884 0
145.1959221241709 401.8282511347944 0
529.1839301589798 237.471072126288 0
184.3249103221206 466.4816546675047 0
562.0073450962349 71.93405405068926 0
553.7309418966411 66.136935904636 0
547.7520938421383 56.6381694830594 0
61.27553608663936 565.028193818482 0
71.49283720060278 15.16559548425734 0
404.6891315711079 228.04928066517 0
238.0618400202518 326.7919609305334 0
144.873309485951 271.1737384669393 0
474.2013464655989 183.2394350582961 0
354.7076748859591 368.5006170628883 0
394.7940015495089 511.7480205761125 0
540.2315543718626 517.698486476169 0
311.7058870080082 392.0969395873503 0
32.23648770322245 556.444750240842 0
268.9696384552513 195.1988933248269 0
516.9271612180845 237.8131545734954 0
555.0326520966511 48.32657165950768 0
484.75 240.5 0
524.2002314566824 444.2668345594467 0
431.8619052042964 411.0764887232435 0
133.3662380684934 518.9981048243741 0
542.7132029347871 443.7213381840351 0
93.43881252118855 250.3572544530219 0
508.6229056888717 365.9794562553861 0
504.2054183647232 549.2151647053194 0
507.7559501637006 575.4187849784759 0
503.8908225482423 573.1124660539183 0
425.5928619250224 341.9173782591384 0
475.8015623196274 483.4785991745564 0
199.9030089351853 40.0858142996486 0
7.270248506835479 382.9484514665006 0
545.8797066814159 389.9381153780585 0
553.2410345207454 112.729055993638 0
111.8860919170908 523.6473510507191 0
19.41388829361607 552.3251082776126 0
416.0944964437044 310.3743214554412 0
84.54920524559034 553.3378079128561 0
404.7799268413416 58.20327558503418 0
87.5206458923946 285.2880201957959 0
89.93285257506263 277.172332667236 0
346.4022925861035 56.46631035859552 0
348.623977531747 68.86213622955519 0
115.0185378710617 260.6621929821616 0
107.0746539725851 268.9041877031214 0
12.83334343327443 106.3679013164211 0
88.3361474244692 487.8595875020382 0
519.7688396937233 24.61031694592922 0
253.3153037158804 318.646197298675 0
71.28362843080036 430.9109003384251 0
380.8182718261152 206.2180702312837 0
415.213469553338 179.413042209372 0
553.6399108712927 395.3130339918488 0
93.99708425421466 242.0773742425169 0
165.261432498887 266.531140030056 0
457.7902344685535 431.4707651143391 0
256.4092777690793 337.4205177465395 0
422.6055221347955 257.054996208406 0
65.25 104 0
245.7107840491275 293.5022121463364 0
421.6188118811881 128.1891796322489 0
16.07621588960816 539.8744674909013 0
307.6854359150415 342.4491119506838 0
284.9511846311078 221.8091151724018 0
504.3910124339748 568.4743541934582 0
343.0485590684073 487.4567882734921 0
225.6781100211896 492.598490974179 0
321.1923952755905 41.56006162889422 0
562.9570091436417 63.67103866523922 0
266.5365009588819 297.1332270637342 0
517.7732196635334 209.3991084340581 0
373.7637824756569 436.5828429258041 0
98.69602414364705 408.7460362970896 0
451.9752948471923 90.60552465008006 0
45.86683287151956 409.5089981527449 0
257.4192621764588 351.4564238865498 0
203.8424384448705 123.2929843853462 0
210.9483916854714 450.1681388395945 0
34.31767953718634 176.4066414746724 0
123.3618565062617 147.466930913512 0
480.0935771311401 13.41935629969549 0
478.1330899909933 7.722511482621472 0
202.207063118688 201.5610973227366 0
135.4886063001243 238.9239324809701 0
270.5797755283367 475.3052927185178 0
442.9010850235872 272.7364784354576 0
278.349004304413 468.3133495277557 0
52.23744823832203 560.3794827720279 0
93.51720782793483 61.16477576695529 0
427.3232566154021 317.5423968491648 0
446.5587583133789 393.3568251169489 0
138.1074591827508 546.6406233338062 0
408.4914565372043 251.0610509241592 0
94.1714855000416 397.1738976925767 0
106.3758149346532 192.3791174213523 0
323.8333193841069 484.3555825671094 0
330.0758370583176 132.4597002773226 0
143.7611883895348 239.7007961984096 0
496.5594739460532 58.86542134065843 0
334.6379860085264 580.2329734996936 0
366.3328184249567 187.8963659144554 0
223.6038166719003 117.1886285022855 0
447.6119314421625 383.2060956383231 0
216.2630568431047 121.0792257356544 0
545.6081213012186 354.8883835281672 0
284.4158478072148 239.5491498614641 0
322.0669385081995 351.7677835785748 0
454.5338471357843 476.8347581941998 0
571.9330842096599 422.5116149252331 0
56.02035436169218 258.7319019840976 0
411.9393672839511 426.7401543209848 0
149.2193604776095 144.7379661608629 0
71.96776309732243 535.0397154944723 0
287.3766239534787 215.2589297715779 0
488.1816873326758 306.7533173180055 0
433.976457084394 66.90420688013495 0
527.6651521574298 369.2710252483141 0
349.4712035782663 481.1546731713852 0
585.2409440895392 144.2940710650674 0
177.7310596726523 495.1841763359748 0
424.145318391082 105.4014976980983 0
391.0733796842908 465.061774687714 0
70.93238280518128 460.3786027782686 0
522.4162084224278 216.002624087677 0
245.335321656291 182.309147716018 0
109.1791576863068 312.5042101723525 0
500.017982537466 49.53186088482873 0
466.5599636228206 94.44218988695168 0
336.2506246389646 365.7993498503653 0
64.49775234220014 453.8309612811703 0
78.73406488754932 326.0649137874843 0
488.5324397576183 582.4404389360251 0
485.4886276788977 590.2286208315593 0
475.5924184888324 588.5023110874074 0
400.8454663455845 25.81499815891204 0
477.0933656248586 290.4762502828405 0
250.9741472095811 504.4564646726021 0
477.9535261297764 37.40630241813822 0
381.0504721966552 175.1854444454744 0
236.9663256929163 304.1077218091054 0
233.6814697762935 310.9283077527389 0
7.225834603546464 143.6785824291764 0
479.5152750640464 465.672578727753 0
416.8776839771557 575.9444258962895 0
253.2541535644332 288.4022156100482 0
288.9655256239221 408.2476013961625 0
221.2433979212175 213.1963061326055 0
44.99124111663662 256.4150869643086 0
450.7394216463634 55.56509435521031 0
391.1055085677767 55.09796407075345 0
144.140951190555 247.5096352072576 0
296.1388846277239 265.4119985413766 0
293.0935519159511 260.5201307456233 0
363.1451300743265 282.857260121471 0
311.5031461140114 589.5007354525511 0
59.15234386783213 360.285158017482 0
370.4361835679007 496.432051861488 0
544.0206279311741 537.5619827874719 0
65.03826233592929 54.96227156531657 0
163.0789736714927 139.126055696291 0
205.0172041636677 57.09706208781019 0
213.5716023521997 448.1460852633879 0
591.7519233849802 173.4259157303801 0
406.0597115520127 375.5932049455254 0
500.9033140596712 236.1723599579501 0
370.2659268359965 485.0035272316197 0
447.1812745342712 495.5381039078787 0
145.8619212631817 43.04069506085621 0
487.8958843601378 148.2029596117071 0
59.46217370077068 496.9812640570165 0
478.0189111305571 169.266699375612 0
281.4871338770641 433.5629566449403 0
364.1713072509075 411.1605250087794 0
494.6962269602125 525.8253379099957 0
221.0627053674388 26.45049288185308 0
455.8849779423781 472.1858336700669 0
294.7644983483721 403.4364923919011 0
127.4741224444611 443.7826168781591 0
519.9778219715315 561.3071796103712 0
264.5465284430268 412.6805106387647 0
544.6570690338999 371.1918073547819 0
124.1990115405021 243.0894960162502 0
518.7303281753531 215.6070157983537 0
304.1523847490822 391.9188150943344 0
131.8488912631305 431.733504958333 0
283.3168333665872 371.9505000997614 0
280.2352474614008 366.3820378921971 0
119.4423076923077 195.2163461538462 0
399.8208890520912 538.8731116823191 0
2 1130 0 2
2578
2579
506.8333333333333 586.7682160703682 0
503.9787414965987 592.3964176443433 0
2 1131 0 6
2580
2581
2582
2583
2584
2585
41.48088210085702 573.854861020883 0
66.92778851122719 583.5304633684219 0
53.08249072899763 580.5079308147776 0
29.58910149258172 580.3531336650182 0
41.47500312088648 586.2914923570575 0
31.71355565549845 570.0013491714523 0
2 1132 0 0
2 1133 0 4
2586
2587
2588
2589
482.948557158515 537.9951905283833 0
477.31640625 561.15625 0
482.4089471372811 550.0296052711075 0
489.0715008591592 544.0049591598981 0
2 1134 0 4
2590
2591
2592
2593
100.8582089552239 535.0671641791045 0
102.4726178279252 541.3300370332259 0
106.2129479567919 536.5081157338973 0
102.579282800129 530.3630445229853 0
2 1135 0 26
2594
2595
2596
2597
2598
2599
2600
2601
2602
2603
2604
2605
2606
2607
2608
2609
2610
2611
2612
2613
2614
2615
2616
2617
2618
2619
389.2093461523543 552.4018485177786 0
393.8092667047734 560.5916173620735 0
384.3749714855712 561.06549535979 0
389.6768746615326 569.6181579962235 0
379.2692958226444 552.4978900036161 0
378.1710237413196 571.1137259167569 0
405.0048287051235 583.628951923094 0
362.4780672405583 559.0777321407948 0
365.4465648854962 534.2786259541984 0
401.6167264435279 567.956796177426 0
365.657069560969 569.8362829379835 0
354.6413562690767 580.2412610041504 0
381.9069125091564 543.4053466492223 0
372.1371783375699 544.4058764110607 0
372.7087673240163 524.3776307924359 0
370.2190099961611 552.8339937684356 0
362.0468034099641 548.2660380457481 0
401.2198979333648 560.6668102506405 0
398.3252254451345 575.5414015587489 0
389.5554614355274 582.9706031951806 0
370.7102774955824 582.8919849714414 0
373.3615729745371 561.0708533545628 0
437.2916666666666 590.1827716556261 0
426.1666666666666 590.7310866225046 0
374.2682147545158 535.3906184906455 0
414.4618463184021 590.0427442944433 0
2 1136 0 47
2620
2621
2622
2623
2624
2625
2626
2627
2628
2629
2630
2631
2632
2633
2634
2635
2636
2637
2638
2639
2640
2641
2642
2643
2644
2645
2646
2647
2648
2649
2650
2651
2652
2653
2654
2655
2656
2657
2658
2659
2660
2661
2662
2663
2664
2665
2666
214.2372340989318 528.9042013519354 0
256.5043940769499 538.9915786009999 0
261.2685963833067 552.5662170430987 0
245.0251068799038 547.6491746572729 0
274.9651672720925 582.0538346687315 0
234.0444243441286 518.9291046818003 0
190.1107563450495 524.773486579493 0
161.5600523479179 536.4106990515551 0
171.8665702774824 545.3739784080726 0
249.8883389745864 563.6848048572601 0
233.671582179472 559.1859404807788 0
231.9430485695872 547.5011164438805 0
218.5953579639022 552.5334094665831 0
266.8024883248056 566.3221721868574 0
220.3614384068223 565.7555766435346 0
206.6077346149715 563.2984669548216 0
210.9404400063596 578.3877200213228 0
196.1618481512981 573.9285856758021 0
193.8802683846301 560.3512483810307 0
203.5997280183934 550.6858979251356 0
185.7853945095985 579.4248310530597 0
241.3622029967665 513.5070841954731 0
288.057027198349 574.3411071481189 0
243.3320964341831 523.5872926534263 0
235.1664660508642 576.2302684697534 0
182.4708554934658 567.5691293981808 0
199.4127519768972 582.4920013551557 0
189.1879323937829 548.3880299239631 0
234.4940234781554 529.0073993161767 0
211.9565696756345 541.3689515888753 0
169.9294529061697 559.7591904790154 0
245.6439785984894 533.5956901903951 0
171.2741263889015 526.7108081675551 0
156.5668357473639 527.824301443822 0
199.6095113608838 537.0983249454896 0
195.4462772991399 587.3342800214326 0
202.8554671026216 590.0356668996518 0
222.9449547375121 523.3597651180505 0
255.8978254578031 577.4582160365205 0
279.9551563928141 566.9229876682298 0
224.1344107935099 537.3840789833916 0
180.7392916660703 557.1120350678395 0
193.1612543873867 582.23593962109 0
252.92505211604 528.1686857186373 0
237.2250573592496 539.1115212227226 0
183.6792791902257 537.2669278837452 0
201.9893754512163 525.9440032192294 0
2 1137 0 10
2667
2668
2669
2670
2671
2672
2673
2674
2675
2676
34.4282032302755 521.6291651245989 0
50.56617213581087 542.2408012376691 0
52.66781723997862 530.6814984939041 0
47.88808293170786 518.3943548335163 0
41.84998268906531 534.592749303269 0
31.0737768400791 530.7289267590722 0
41.86487027985565 543.552870880029 0
41.35735630312128 525.1086785833118 0
39.73472849302092 514.8264397082854 0
57.66013405413245 539.9320268108264 0
2 1138 0 3
2677
2678
2679
331.2141030325174 512.3619656558274 0
323.5339412606213 504.5625929519987 0
336.5 505.4999999999999 0
2 1139 0 3
2680
2681
2682
262.2680545752383 481.3759626044074 0
259.4484114543893 486.6097633834588 0
258.1791165074069 481.9964314969666 0
2 1140 0 4
2683
2684
2685
2686
470.343056791741 508.306210312865 0
476.2686113583483 515.661242062573 0
461.5893631226173 491.0841947318025 0
469.7864839828717 499.5780810089336 0
2 1141 0 3
2687
2688
2689
285.821561288307 478.3431225766141 0
290.4215612883071 499.9431225766141 0
287.5835545281308 488.9766328657854 0
2 1142 0 2
2690
2691
493.0655459348402 471.0655459348402 0
498.2663864837101 470.0163864837101 0
2 1143 0 8
2692
2693
2694
2695
2696
2697
2698
2699
571.6211697380625 537.7026593340256 0
564.4968400141253 499.1657457909506 0
568.4900773644017 517.8273954380088 0
575.3241373206469 481.9746311516348 0
588.1502002670227 550.2850467289721 0
584.7308823264325 524.4204185780382 0
559.6222494204928 528.9060109544068 0
582.1238465891088 498.7074099672229 0
2 1144 0 3
2700
2701
2702
57.91644777540587 468.8345912357178 0
64.25549748405791 476.0339079820656 0
49.98328955508117 468.3669182471435 0
2 1145 0 2
2703
2704
201.8622862286952 450.952380952381 0
204.572457245739 446.1904761904763 0
2 1146 0 2
2705
2706
535.5 465.5 0
549.9047619047619 455.047619047619 0
2 1147 0 18
2707
2708
2709
2710
2711
2712
2713
2714
2715
2716
2717
2718
2719
2720
2721
2722
2723
2724
104.5736634320952 449.7202861106724 0
123.3235142980833 461.6300166923169 0
131.9804288487122 471.0616895587966 0
88.22079573748711 450.5508806409861 0
120.8459346536897 473.0393553173635 0
113.497282744695 463.3858713538117 0
152.7293447950973 477.121832874471 0
92.02145854528627 459.8492883390288 0
112.5943587251966 449.8217656156954 0
116.8118664421283 455.5432882950718 0
140.1413125549809 481.3242108543479 0
108.1473053691757 472.5199481390202 0
96.2418454324725 452.6589938229226 0
127.485997474701 482.1637786634324 0
102.56251405836 461.4157220006157 0
122 454.6464098697523 0
110.007937080495 455.9773866751734 0
144.2930244137444 470.8401255531332 0
2 1148 0 44
2725
2726
2727
2728
2729
2730
2731
2732
2733
2734
2735
2736
2737
2738
2739
2740
2741
2742
2743
2744
2745
2746
2747
2748
2749
2750
2751
2752
2753
2754
2755
2756
2757
2758
2759
2760
2761
2762
2763
2764
2765
2766
2767
2768
436.8100691026854 470.6373883496486 0
431.9673666232782 494.2398776976173 0
433.8546716731137 523.4074760755 0
432.4809899454176 531.5216343331233 0
425.4265884583552 526.6559821708438 0
426.334421991869 517.901036095227 0
436.3037640829911 462.0538451843146 0
428.8009113730824 467.493629164439 0
420.4064317297772 540.1420369718004 0
430.9959295982213 484.3392869261093 0
422.9441095506421 490.2490478458174 0
423.7943602908488 499.7792321469806 0
415.8459859425633 496.0138314324498 0
422.334642212991 481.0966722101389 0
416.4498851552779 530.0081256509413 0
428.522057309627 456.4844154385663 0
418.5512021383606 464.775596245293 0
393.6101916191473 497.7203832382946 0
400.0936875311816 492.8101246294404 0
416.2221455791965 504.3797843892008 0
438.5456078621402 452.4293786837063 0
413.9174459456895 486.4153224333609 0
438.7012815834865 478.4941923099096 0
392.5614420338159 486.5517942388944 0
412.6112796847809 475.8960465842482 0
418.4606792210094 520.5686289684348 0
404.5961810799718 484.590937263217 0
437.4234912616976 541.3679533433614 0
424.8662786745838 508.3249747837607 0
435.3817182221775 512.1226982267696 0
409.702812809213 500.7298769191688 0
407.9628838931488 507.0886409728211 0
431.1796402335531 539.052779694167 0
431.6166552156765 503.2254006328999 0
416.8077348933012 512.2105108682407 0
407.6926855514365 493.7600154462728 0
436.8168242881337 534.9884734741303 0
430.4016908000126 475.9884785837003 0
425.5836807999094 534.0087677014271 0
409.5732378844844 464.7510129733785 0
422.5399452418455 473.0500845575639 0
441.909121572428 445.6858757367413 0
417.7037075992806 454.0834220373517 0
441.4623429862828 459.8708059670052 0
2 1149 0 12
2769
2770
2771
2772
2773
2774
2775
2776
2777
2778
2779
2780
236.5167775150808 449.3493862931531 0
256.0443328230617 429.0832641097441 0
250.814121633918 459.2156081216989 0
240.015321614748 434.9245145835968 0
268.8510523610314 444.6962372611383 0
257.0392534433649 448.2061289138493 0
247.4539534823883 430.0018851208579 0
248.9975461707251 439.7973711115505 0
260.5864369596366 438.7566002792564 0
240.6711178319721 442.6710883484209 0
245.7945179455078 449.7920385663074 0
240.7282910779863 459.5126486091722 0
2 1150 0 3
2781
2782
2783
86.8469528020623 417.0266486932017 0
85.84037442831155 424.6109037237188 0
88.25937981068351 413.5562189974381 0
2 1151 0 3
2784
2785
2786
391.1852187535219 429.155674597784 0
386.1337051709758 419.2941513761468 0
397.1644673704415 423.056581893794 0
2 1152 0 2
2787
2788
112.4579442623937 411.4550371283409 0
111.4915888524787 416.4910074256682 0
2 1153 0 0
2 1154 0 3
2789
2790
2791
419.4995769881557 387.6856551983456 0
405.8874906242064 392.7258493169781 0
427.0780704387836 384.1288519643731 0
2 1155 0 15
2792
2793
2794
2795
2796
2797
2798
2799
2800
2801
2802
2803
2804
2805
2806
22.33012701892219 393.9282032302755 0
28.06655999529671 418.1741689292163 0
27.75688620605135 408.0887329535365 0
17.79487324329551 449.9333461248874 0
32.91624099116892 392.4573833609895 0
40.8 434.4 0
15.7948944906994 426.8047784578189 0
18.62501808542283 416.3052530061458 0
34.96227768118383 402.0918821734585 0
10.74388205168319 439.0901333306265 0
15.69289893129932 402.7003072013416 0
22.87706176769674 423.191272513624 0
8.873524576104201 455.8026754010525 0
29.12193974738798 425.3765102909533 0
26.73168616572512 399.8533017839203 0
2 1156 0 41
2807
2808
2809
2810
2811
2812
2813
2814
2815
2816
2817
2818
2819
2820
2821
2822
2823
2824
2825
2826
2827
2828
2829
2830
2831
2832
2833
2834
2835
2836
2837
2838
2839
2840
2841
2842
2843
2844
2845
2846
2847
347.4128332346808 441.3944347290193 0
308.5518132451811 424.9415053783972 0
353.1490726976893 413.7127318255776 0
350.7933103468869 405.2695822670984 0
343.7301498514418 411.4343522565621 0
309.7200831667307 456.6607390275145 0
341.0811941152938 402.2198450683488 0
359.7424170361795 451.9122415613076 0
351.0883576597151 451.8120537206727 0
340.5475960749127 449.6587490527424 0
336.5976239648101 436.8943524819301 0
329.4288719850238 447.3242963242813 0
324.9711629956821 468.1683469586247 0
349.1422539813222 395.5637128489996 0
334.5726182427845 409.3316769993708 0
336.7930274507098 418.2429527522267 0
327.3041953024228 416.4329369831885 0
324.7143448668494 435.8106867024426 0
338.1723215610693 392.102682446781 0
301.9523241661572 437.4900843109179 0
315.7344622855287 412.9047718124376 0
352.2701818934368 422.9672340057302 0
318.0060454871985 446.1761830998319 0
329.8507385981475 401.4673048579357 0
345.5271572265825 429.757326699542 0
330.5636567277067 426.2781061048487 0
321.3704758788173 457.4788363419011 0
333.1317606692526 458.6594632525404 0
313.5801692860465 435.7090865177318 0
320.0847744187784 424.3126033328588 0
344.6123257111837 460.251712901617 0
355.3118215463334 458.4528318035554 0
358.1871128656418 401.9666590232195 0
315.612344408246 467.261584465608 0
348.2629151084784 386.9332790591561 0
326.278297669738 408.1496246331138 0
299.9734335732315 450.5063351566159 0
344.770673165317 419.5934770761264 0
308.2926779229766 445.736546727997 0
356.832024537572 418.9233093866254 0
338.6682398719861 426.150414031326 0
2 1157 0 29
2848
2849
2850
2851
2852
2853
2854
2855
2856
2857
2858
2859
2860
2861
2862
2863
2864
2865
2866
2867
2868
2869
2870
2871
2872
2873
2874
2875
2876
474.1874792655221 423.0588003008913 0
498.3144151409732 383.6184719196224 0
501.0078127285218 428.9999492418935 0
470.1289803694804 414.9469482244016 0
479.9947654315622 416.8349807123965 0
477.0304980359454 407.9717098894763 0
487.9548883894222 410.0580209824676 0
517.1995420552041 393.7501780094625 0
483.0341394393123 426.6081615152005 0
469.3752333590742 396.0169888747301 0
483.5022196489002 400.7033601173563 0
495.8151965544562 401.5957825359636 0
499.5798061953091 413.7755951440146 0
467.3193328082017 405.8575896477186 0
485.7896707011515 440.7191456971505 0
477.4445358154268 430.1354365335173 0
507.4769610482033 403.3416461481099 0
511.7238525307937 416.6933988365326 0
490.3847293364562 421.43022682123 0
490.5545584813751 432.3454255850918 0
524.3750986727262 405.3701814449581 0
482.9915644630829 433.9455116195859 0
490.4235950237984 390.9511269952914 0
502.8189807279014 392.5944710618074 0
479.2715881366063 394.5656935297586 0
463.3399251585051 392.8139776222038 0
460.9547537418119 400.9706220881757 0
474.6589510416065 401.06133219741 0
508.0665875848157 383.7926241981784 0
2 1158 0 0
2 1159 0 4
2877
2878
2879
2880
72.43237085216631 398.2330927130416 0
57 378.4999999999999 0
69.36572491618197 408.2186898684235 0
61.0731449832364 412.0437379736846 0
2 1160 0 22
2881
2882
2883
2884
2885
2886
2887
2888
2889
2890
2891
2892
2893
2894
2895
2896
2897
2898
2899
2900
2901
2902
163.1449997265482 398.1666895344122 0
153.0102118134617 435.8030356061452 0
195.3487025688926 406.2271760141508 0
174.8812201709376 440.0283819735796 0
175.9392663848294 422.3895510275464 0
183.5817176054892 382.0822969313786 0
204.0061802515686 388.8125367097007 0
197.749623477078 374.5980876314056 0
161.4078859080365 445.0398521123184 0
169.6109100839668 387.8611398827371 0
175.3278330877968 398.0567129478949 0
169.0047197558622 409.1290753323546 0
164.1419376768891 431.6178549322505 0
159.8226758924992 408.2712279352301 0
191.1755416955561 395.5151352575 0
182.1073842086711 408.3254007679244 0
162.4263302523439 418.9656072153186 0
205.0084210183851 399.0529652385986 0
170.2028182715407 448.2362956481462 0
154.1156959485389 426.6772995507429 0
190.6831415123272 415.6222957515776 0
194.128265757423 385.2520141324962 0
2 1161 0 1
2903
317.6 363.2 0
2 1162 0 1
2904
7.399999999999999 364.4 0
2 1163 0 2
2905
2906
264.5 359.5 0
268.7 367.3 0
2 1164 0 2
2907
2908
437.2788749161659 357.3301434268034 0
433.265121268633 361.2450014700102 0
2 1165 0 2
2909
2910
293.210372066747 357.3317023466024 0
294.5525930166868 363.3329255866505 0
2 1166 0 18
2911
2912
2913
2914
2915
2916
2917
2918
2919
2920
2921
2922
2923
2924
2925
2926
2927
2928
87.48948115584653 347.1338458812664 0
94.54598411912735 377.7309892482717 0
93.09349407721767 371.2972908704082 0
101.7653485141903 358.0240787218733 0
101.1520540233729 372.8157940944519 0
80.15326556479351 363.4375971049318 0
102.902492598933 381.106013078433 0
85.24090113263597 369.7274010969452 0
89.45807876573055 363.7878936237953 0
110.3240699044414 371.9328435131326 0
84.81524380923322 354.7805123342681 0
97.96049228478702 365.2117060132959 0
105.9917898026322 389.105019575834 0
92.24810742163126 354.6563394290832 0
77.45187894377359 354.5316114395702 0
111.4436704612013 379.82877523348 0
81.52580138409094 346.6895631527171 0
104.2403929453583 365.9968844685507 0
2 1167 0 19
2929
2930
2931
2932
2933
2934
2935
2936
2937
2938
2939
2940
2941
2942
2943
2944
2945
2946
2947
389.6681657078362 337.1254939862368 0
363.5639188044304 344.6393249839113 0
380.947280464182 363.9148376729093 0
399.0222292012687 355.594723502047 0
373.9428434602761 325.0282945046758 0
383.5088068603888 347.4407954520119 0
408.3013245033113 341.6788079470199 0
364.697211765055 329.0145937216922 0
371.8608016013339 337.6387374079737 0
368.0934340531707 358.3651140195069 0
371.2821321490955 370.0963840763602 0
380.9961235259671 333.8466642701796 0
373.5948483567011 350.3997619072627 0
404.2072804268951 348.1221523500203 0
357.3715562542681 329.3476049775727 0
399.4559117136491 337.4113279245952 0
394.208263738571 346.410747593356 0
389.8992399713004 356.950121629987 0
361.8306610625225 335.5838747747846 0
2 1168 0 12
2948
2949
2950
2951
2952
2953
2954
2955
2956
2957
2958
2959
265.3202495474316 317.6218445373618 0
273 322.8486748466912 0
283.6373025312862 324.679169325841 0
297.4663589504205 323.9506996630576 0
268.0349539582353 323.94966331558 0
291.3317947521026 325.753498315288 0
274.5745266300278 316.915440176124 0
263.748483876002 312.2365873094188 0
277.4423658322628 321.4886568697312 0
269.265383252744 313.3814270863483 0
266.004993422605 329.2428090450829 0
270.2106724038719 319.1437612660568 0
2 1169 0 4
2960
2961
2962
2963
516.1396690942709 341.3351247018878 0
522.6074834916308 320.461965701631 0
521.4572712968745 330.9711792502451 0
527.3193880782291 338.6612607904266 0
2 1170 0 4
2964
2965
2966
2967
49.40335707019317 319.3880976602236 0
60.95298993707439 310.5658262050439 0
49.07126940145352 306.5907847730534 0
81.00000000000001 311.3333333333333 0
2 1171 0 16
2968
2969
2970
2971
2972
2973
2974
2975
2976
2977
2978
2979
2980
2981
2982
2983
470.8922824824247 303.6354621394424 0
452.6218768678051 328.7891367027075 0
469.2487837914419 351.8430538589406 0
450.4729128814207 318.0756143104779 0
461.016069006062 321.8707359051698 0
463.4893688747451 332.9282489889475 0
471.4708193851274 315.248543372421 0
483.3178798276812 355.2806849903445 0
476.3604318072491 339.211629122056 0
460.9074160047877 309.4141563600601 0
455.7819109863389 337.438596602274 0
472.9133327238246 362.624747769857 0
442.4896404631381 312.2498375246295 0
472.1673378146367 326.6518314777189 0
452.3739938698693 306.5479216390335 0
462.7983091891444 342.4755973197149 0
2 1172 0 12
2984
2985
2986
2987
2988
2989
2990
2991
2992
2993
2994
2995
201.9671954054638 329.50687156439 0
199.4127859947587 318.2734694264507 0
207.9613924512585 322.5214237393423 0
219.6939456527472 306.7256796328865 0
209.4891652974673 331.1173742310444 0
223.3110229327929 329.103774233527 0
208.2542020672768 312.9898994082923 0
215.3983205567999 316.6437449668064 0
215.9516139399592 325.568863913913 0
214.3793652887603 300.2995356557428 0
212.7451667131168 307.3317719327456 0
216.4941190428198 332.7258238814555 0
2 1173 0 11
2996
2997
2998
2999
3000
3001
3002
3003
3004
3005
3006
297.8158237716888 300.8933332295034 0
298.960383375847 288.678009677481 0
284.3445387645269 294.8503547965178 0
303.7401098750855 296.8220289582401 0
278.8835746991368 288.555114004924 0
296.4197105572898 294.8920067017191 0
291.1863659702061 290.838779684585 0
292.4112745833743 283.007634333371 0
286.9651508034488 287.4503765638796 0
291.127739843952 299.5790790687208 0
279.3070283659159 296.1013672003604 0
2 1174 0 31
3007
3008
3009
3010
3011
3012
3013
3014
3015
3016
3017
3018
3019
3020
3021
3022
3023
3024
3025
3026
3027
3028
3029
3030
3031
3032
3033
3034
3035
3036
3037
172.2876469388099 282.4589039202893 0
168.2749194895669 324.0607104518841 0
157.3067612048155 351.5945648204985 0
130.9282032302755 344.6076951545867 0
153.118959238927 297.5966233650093 0
174.8515659335955 304.813659854867 0
172.1381225674261 296.8601689849285 0
116.6441559811416 332.1964705150893 0
180.577506005357 286.0760954852038 0
168.7740656253936 342.8740149982053 0
157.6174589970867 338.6362157303706 0
143.8846815174592 311.1654044552378 0
139.6128804111513 324.8444375009192 0
154.2394620848223 321.4428706100705 0
145.9830187577859 343.8839252369338 0
144.4737915318672 357.4750333865322 0
166.0030479785878 313.1254114119402 0
186.632058663753 293.6976929104678 0
156.0543591502195 310.4661426576636 0
127.4158637821746 330.6463670439994 0
166.3878041180545 333.7885772906534 0
182.8547793613523 291.2625560776585 0
184.6443765013392 283.0190238713009 0
120.2110204933044 323.6429579533283 0
149.176232768847 332.2644723915772 0
164.2237980702194 301.8068524090677 0
164.6029629435189 289.372551342577 0
159.1391754916755 330.0385692949112 0
120.3976445987184 339.4901065427351 0
138.254314102608 335.5802539035344 0
175.7435029694107 290.5050459684428 0
2 1175 0 1
3038
103.3129496402878 300.6510791366907 0
2 1176 0 1
3039
417.6 282.2 0
2 1177 0 18
3040
3041
3042
3043
3044
3045
3046
3047
3048
3049
3050
3051
3052
3053
3054
3055
3056
3057
482.2802817324437 275.2922273517138 0
502.4073962293558 292.087131055684 0
469.3295646794784 273.0972122647083 0
491.0886905568377 280.1315755248949 0
491.1266206367915 270.3516635793927 0
505.8694563733897 255.8892322694132 0
511.2697630116155 281.70913336461 0
481.4250245593538 264.9797995440534 0
500.6900634260832 275.9034260800268 0
492.1228356908437 258.1259629494623 0
463.4951754477349 271.1430261536652 0
471.2734985358186 265.7996684663777 0
499.6191806793758 284.8303969474439 0
492.6635583328816 288.1170672294258 0
507.8796127461847 290.1384109154208 0
500.3159125755275 265.5350823039146 0
475.7272603662551 271.7606933283619 0
497.3380270483226 292.2069190465107 0
2 1178 0 35
3058
3059
3060
3061
3062
3063
3064
3065
3066
3067
3068
3069
3070
3071
3072
3073
3074
3075
3076
3077
3078
3079
3080
3081
3082
3083
3084
3085
3086
3087
3088
3089
3090
3091
3092
563.9570162209243 291.9967403924802 0
576.9005054103891 260.4556298077647 0
584.0451096526818 281.6826817644428 0
589.0638478704984 319.0398406328173 0
557.1770186404318 248.374889097883 0
581.0417175125169 380.3988693313054 0
566.5135912014349 369.7961116269906 0
584.3930021330235 289.6558476452025 0
582.3757480486506 308.1634628460355 0
548.8730000465659 254.1571404711387 0
574.3423384407935 318.9027244667844 0
571.5380915543183 348.2725566533172 0
563.15247264973 325.195100705345 0
578.2567550502127 335.7932753852734 0
577.2871195517723 286.8409968422113 0
566.5766126390387 243.8225719923871 0
566.868122773875 254.2229985278626 0
574.8690481646605 249.3002400656029 0
557.216642136223 259.3977587878821 0
586.7005348361495 358.6427052386499 0
573.4496800091648 386.7723388962246 0
572.5997671451067 376.5904820372609 0
545.1287494259299 263.8729589386353 0
537.9810238056184 253.6748749886278 0
570.7453373273111 359.7030337066548 0
578.6400389176854 297.091487417197 0
566.3602869670246 264.0057413713961 0
586.8817578198718 296.982159581687 0
578.8338607597574 368.8880571006886 0
573.689936001833 395.7544677792449 0
569.8407386405794 304.6940172124782 0
578.2664458408908 278.9047357213308 0
560.7392240471245 362.0925773450062 0
572.3449826661922 291.9246483728734 0
565.8338874327757 313.9479605961519 0
2 1179 0 2
3093
3094
508.7261597700875 215.8794674330416 0
505.6307988504375 221.3973371652085 0
2 1180 0 2
3095
3096
105.4 225.4 0
111.3429775636963 236.8897062818029 0
2 1181 0 25
3097
3098
3099
3100
3101
3102
3103
3104
3105
3106
3107
3108
3109
3110
3111
3112
3113
3114
3115
3116
3117
3118
3119
3120
3121
305.0801556631345 239.3300540970094 0
349.7001501810932 252.6138486311801 0
314.2266734553975 267.64506539608 0
327.5760910401001 224.985376617706 0
377.8563018956476 227.2101185332436 0
365.6443918772125 222.8702224996658 0
304.4574303487845 253.8828999168767 0
343.8504809471617 219.1399001096049 0
342.2027406938528 237.0910847087733 0
326.3171861881727 241.4926524477611 0
355.1896139364559 228.5453959856616 0
368.1301617860804 234.505885703336 0
336.5587125284613 249.4247157082091 0
323.8472188055162 256.8768198803798 0
337.25426553772 263.5166677378688 0
312.6009566501669 246.7606764000621 0
362.3334927547421 212.8986036881949 0
313.4290649235957 232.4281265937564 0
386.1428075304897 232.2993827871407 0
325.4656315597267 269.9077106028657 0
378.9778203894028 238.2269968326629 0
355.4377319012239 217.2428163093921 0
357.6445333194965 240.9512430057902 0
312.055452405363 257.9239595899543 0
300.9569844268936 246.8986953099456 0
2 1182 0 16
3122
3123
3124
3125
3126
3127
3128
3129
3130
3131
3132
3133
3134
3135
3136
3137
257.1591716739271 254.6682167757121 0
249.2452779475808 248.7045214630299 0
246.0634255182738 260.5200903229841 0
239.4927272404532 249.4008600742356 0
242.9863670165733 238.2866025003666 0
274.4281757690729 262.3237762464718 0
249.2979201031633 214.6739860944439 0
236.7769839827415 270.1552453723276 0
264.8598022921274 260.9688954978965 0
255.6300680398969 267.372010029564 0
230.3903129094163 246.7348066319585 0
235.6362650800791 258.3476395815716 0
244.0516137042411 225.3981614709064 0
237.2594951802036 229.1711909928183 0
270.3219945153 256.573167936092 0
246.9832754232976 273.350144576018 0
2 1183 0 0
2 1184 0 14
3138
3139
3140
3141
3142
3143
3144
3145
3146
3147
3148
3149
3150
3151
51.62596874074888 203.943670620458 0
49.05592893688154 220.59061923664 0
42.96792651599182 199.5878770300781 0
61.07219557332122 218.2726228933328 0
42.73215204132102 209.309476912736 0
40.63787953110258 191.4470622030244 0
33.65870411103508 202.9035057311557 0
52.63562044517228 231.6052332332644 0
51.52604321524326 214.1061861410199 0
54.71966192053046 223.410754808091 0
59.25139319191222 209.1637917063842 0
43.3499059702368 217.6589900565883 0
37.06612753953237 196.7346112410645 0
46.6268528788035 224.5442662224306 0
2 1185 0 14
3152
3153
3154
3155
3156
3157
3158
3159
3160
3161
3162
3163
3164
3165
178.650568301886 244.2107496059101 0
184.2665166752455 249.9068690311779 0
186.1507067748587 218.0035196219625 0
200.1169772597671 238.3780983411242 0
157.5884572681199 204 0
188.3684503916482 240.6065430812367 0
176.0376130288934 231.8934695329993 0
178.6926490113987 205.5380226996303 0
171.4154464951818 217.9256669181339 0
181.3113496341041 256.6192098607477 0
186.005200304663 256.9829759725667 0
193.4607538762297 249.8668045922117 0
168.0702765698796 195.6345056749076 0
192.9096634286554 230.1294522210386 0
2 1186 0 8
3166
3167
3168
3169
3170
3171
3172
3173
406.3245383636544 201.7377047638513 0
413.3802200821824 204.8371487839995 0
412.8253524675432 219.7940669395328 0
399.8363851960602 199.7231878586913 0
401.5949508937761 206.6402358762181 0
397.5935251798559 190.8381294964025 0
410.0208436345259 212.0015260606002 0
416.7311396214537 198.1143403564909 0
2 1187 0 15
3174
3175
3176
3177
3178
3179
3180
3181
3182
3183
3184
3185
3186
3187
3188
469.1888161840947 234.3993422883778 0
448.9683580503236 218.319754995245 0
443.8625567379647 197.4102531147581 0
459.6230038553438 237.0341710186621 0
472.1493582341109 217.8867172233396 0
477.2848171821194 230.6059005421087 0
461.9607439598176 225.4897030345967 0
449.7660968487727 230.2211582421332 0
456.5566123764838 199.7556909555288 0
459.9551905029856 212.5428349017905 0
441.2783783783784 242.2621621621622 0
449.0685435335516 207.0057067934645 0
451.5659546689067 190.4445065412884 0
472.1754929429731 226.4738913811628 0
480.1041745608945 223.8970067469453 0
2 1188 0 7
3189
3190
3191
3192
3193
3194
3195
141.7672991839607 162.4551015842528 0
131.2463542163391 170.6407785124737 0
115.6526949828308 176.9600968802361 0
121.6415294459926 166.8708010026897 0
132.6742970489613 162.3126878515473 0
146.7534598367922 158.2910203168506 0
123.5081157290325 176.4943352790799 0
2 1189 0 14
3196
3197
3198
3199
3200
3201
3202
3203
3204
3205
3206
3207
3208
3209
352.1148660841195 164.6663312938964 0
334.5773158346469 158.9692200637899 0
338.1401131453467 175.7912319844657 0
361.2383111691184 176.3202618320459 0
356.8462517171829 180.3229613317536 0
329.3863367473741 170.3441632227019 0
324.442197087463 159.7865595392419 0
338.8665584039111 167.2315847823928 0
343.9394270034804 160.4037426332532 0
360.4271880972288 167.9853837986564 0
354.4527584132444 174.1276729420179 0
356.571672686159 185.4477482136137 0
346.3705484332626 171.1748941136902 0
347.3401920564565 180.5520726550773 0
2 1190 0 10
3210
3211
3212
3213
3214
3215
3216
3217
3218
3219
280.9119204601008 173.8851057928355 0
272.8506919834593 166.2977313087608 0
276.2244951519828 160.4507153179126 0
289.8277716427037 191.2493742015112 0
289.3837847617373 171.071561834235 0
275.9059262163742 154.8096294705937 0
282.1903089738073 165.3790364844238 0
291.1751399434751 180.946691733521 0
283.3051359298881 156.597432035056 0
281.3829664092559 182.4162343455735 0
2 1191 0 1
3220
8.781154703575721 164.1175277583347 0
2 1192 0 3
3221
3222
3223
129.0318551938363 135.7582761616202 0
124.400926139272 135.6856159250889 0
127.905463555518 138.5739820144515 0
2 1193 0 74
3224
3225
3226
3227
3228
3229
3230
3231
3232
3233
3234
3235
3236
3237
3238
3239
3240
3241
3242
3243
3244
3245
3246
3247
3248
3249
3250
3251
3252
3253
3254
3255
3256
3257
3258
3259
3260
3261
3262
3263
3264
3265
3266
3267
3268
3269
3270
3271
3272
3273
3274
3275
3276
3277
3278
3279
3280
3281
3282
3283
3284
3285
3286
3287
3288
3289
3290
3291
3292
3293
3294
3295
3296
3297
558.3040195786976 207.6599548310492 0
561.7887977136104 199.9522775240904 0
553.8382155071824 200.8391173153137 0
557.0937726912221 193.7662548523824 0
549.8453893325647 194.5801823436431 0
552.9902756123183 187.3753398748804 0
549.5854067920418 207.0272644988046 0
528.4088706849493 194.5907832485422 0
560.8028667909239 186.6057130195749 0
556.136199237034 179.7239713513439 0
548.5492772245638 180.9002815337286 0
551.1864430668944 172.7596046186639 0
541.3941661217805 174.7860918365776 0
522.8002290199671 180.0645277280152 0
570.7136918260053 164.1819822002911 0
516.143114905033 178.4305123450502 0
532.42442482441 188.3369110115913 0
539.6925934508513 218.66232213277 0
536.5723968699572 211.1446188462264 0
535.6319525984168 194.8195982434042 0
564.4542085255754 178.2029991440955 0
509.9063742487687 187.2439343330869 0
504.7121493696721 190.2908559586192 0
545.8093162309037 165.1117856617772 0
531.5634690255429 200.3235983193291 0
538.5027251531419 200.7473921563469 0
555.0933727971462 148.5129342122683 0
535.5642362375601 165.4173071706799 0
560.9925908762079 161.9045671746858 0
513.5491654310258 166.2396140352755 0
504.9339083336143 165.9990619560188 0
503.9596163062866 182.0000000000003 0
539.2872673851421 188.7217781008386 0
569.3368588461196 198.0130898355254 0
577.956833394119 182.7273680580882 0
529.693118617449 209.6844110406257 0
552.4384444300948 212.6240984957398 0
519.9667548583285 171.8602870623682 0
536.1101205139724 181.8480046169506 0
530.3641378914033 174.6520938107426 0
546.7677023539015 137.5890241811975 0
544.4940110606595 212.5802243586248 0
503.786319204608 175.2802950892618 0
524.5272998364358 199.7874608718094 0
548.3313351025259 218.552557943546 0
500.2739989644109 188.8882490585723 0
502.3972296668166 193.4358210034383 0
559.0917544777149 171.5421420957631 0
545.9389798284278 200.8565627500742 0
542.575811928495 194.9451385458358 0
569.6360023298199 186.5952682273949 0
573.2844507487121 173.9070696141731 0
541.3280764329747 206.5224118693649 0
534.0474879370314 205.7138486735453 0
542.2491712359662 153.6133502484163 0
529.1852791022683 158.670529825258 0
511.0359321389458 173.0886487071785 0
503.5704277778277 186.4846078700558 0
578.5996285149434 167.2178103628928 0
510.0764616879839 180.8558988571844 0
529.3397824499506 182.58030743346 0
546.1348414026547 188.5356182219991 0
527.2515120317991 166.5905186509878 0
528.4591848618147 204.5900123187544 0
563.7316596743392 192.9865206917936 0
553.7021970865578 165.7001493826101 0
520.8344016268561 164.2337309596855 0
551.5015179567253 158.0938259202171 0
509.2008366411068 191.2667384709189 0
575.2710559813257 192.4153009817559 0
566.4800837250664 170.4345053610806 0
508.6171597673723 163.2465906544053 0
542.3201286071719 183.1202267251661 0
574.5215829654891 199.6856781634562 0
2 1194 0 26
3298
3299
3300
3301
3302
3303
3304
3305
3306
3307
3308
3309
3310
3311
3312
3313
3314
3315
3316
3317
3318
3319
3320
3321
3322
3323
222.8950210740898 155.3946610469093 0
217.7210167530141 195.7905315928969 0
198.6664113165769 161.0492113415819 0
206.1311159886991 170.9839052181264 0
227.7731220767371 169.314524316322 0
204.1059364565014 184.5545346753314 0
197.6067587578524 140.9312397613713 0
210.4868561657604 141.9492821298784 0
221.7019663303541 164.5564709062705 0
214.2387251267619 160.1446049565835 0
219.0694463137963 173.4811181963022 0
226.3297901033425 181.5057571073094 0
214.884247870316 182.3283775194982 0
215.1463512951256 152.5397932565518 0
207.2674733937602 155.4094593138293 0
212.7886647344257 168.0892164286056 0
225.7953729323932 194.7453965449253 0
221.2366690213654 148.4091950504924 0
219.5084076943803 188.6010042118355 0
187.3478164698915 146.980920457547 0
209.6919439357339 176.1802401851419 0
211.7032681290353 191.3790746665936 0
206.214144138846 164.1862976217606 0
198.2554597559086 168.7527423317698 0
201.0486467491748 177.4536431603666 0
197.4792193506402 151.2200188340346 0
2 1195 0 1
3324
314.8 128 0
2 1196 0 9
3325
3326
3327
3328
3329
3330
3331
3332
3333
69.86173092967823 148.7843818951659 0
91.27717536348419 139.1989194177585 0
59.36815211558877 135.5379292982505 0
70.53179460574816 124.7710174578725 0
94.50480947161671 153 0
57.68438019100756 151.1448455967161 0
79.98536464814109 133.198690670332 0
81.25336557557709 145.0235132820813 0
71.2318482900229 137.0902879412984 0
2 1197 0 6
3334
3335
3336
3337
3338
3339
432.2072927747552 144.4051504014025 0
458.7147087817719 124.2816353798218 0
445.6420699277387 134.3931439702823 0
457.9390906626998 110.1227370030541 0
446.049311562035 117.4662527255264 0
460.5748620725717 140.6680532616749 0
2 1198 0 0
2 1199 0 8
3340
3341
3342
3343
3344
3345
3346
3347
252.1995250339952 105 0
243.7842272953772 119.3016816404068 0
239.2072353907932 111.4132727768696 0
251.9881706287454 116.0366941137323 0
247.2399200505737 110.9127254872222 0
243.0961407075759 102.9264933177702 0
248.9301637700934 99.23296164252922 0
252.4196754878116 110.6521828130805 0
2 1200 0 24
3348
3349
3350
3351
3352
3353
3354
3355
3356
3357
3358
3359
3360
3361
3362
3363
3364
3365
3366
3367
3368
3369
3370
3371
365.5700243165246 129.0255339723934 0
401.8115580418955 111.286336955981 0
342.8980737168647 102.8736883261283 0
385.5883348271412 130.945630779867 0
376.6411070346517 118.101560696899 0
362.6637976165708 114.8497543455118 0
364.139425423572 93.77089604769861 0
402.5225083343565 128.3790411084046 0
351.4192609407926 127.1978380395057 0
354.8512747196826 120.1308878877545 0
329.4686464549495 110.7457469889855 0
349.0984632784936 110.9279151968175 0
344.8660263495942 119.2219864743327 0
337.7801319861289 110.3074010839972 0
352.239250260306 98.29648786325592 0
371.5565176407849 105.0377480582966 0
380.4609485087424 91.1379780983135 0
359.4215628515411 104.9815691168578 0
390.5516077947665 119.1909542291697 0
386.1630100739861 106.5747529025463 0
335.8293704315886 103.1853672798222 0
396.2871033249248 96.59981359136818 0
355.8757351367756 87.01347678219091 0
340.8441823042286 115.1162572540033 0
2 1201 0 0
2 1202 0 14
3372
3373
3374
3375
3376
3377
3378
3379
3380
3381
3382
3383
3384
3385
514.5127512629152 105.1560426551774 0
502.4771225429931 127.939391890605 0
498.0865646155759 85.92571292374336 0
506.1343062122568 100.2701988550131 0
504.1934870649266 109.893228870225 0
515.669584767687 115.2496789890673 0
488.5717967697245 74.3301270189222 0
521.8212313997874 108.7585383001084 0
485.9617009300429 85.78940203803447 0
493.680996270507 97.55780240771034 0
506.4256772982577 121.2508881416694 0
498.9060825572908 119.3173250513324 0
485.9203928607296 67.62213756490482 0
504.5356690391971 92.15690251469687 0
2 1203 0 2
3386
3387
423.2526795323388 70.48928187064486 0
430.0631698830847 80.12232046766121 0
2 1204 0 2
3388
3389
450.3987510197229 71.93294908490608 0
452.5233225513974 75.60808602287626 0
2 1205 0 7
3390
3391
3392
3393
3394
3395
3396
587.6612903225806 72.14516129032258 0
590.1125254962501 102.3340583390972 0
584.4763143965854 91.54969088189222 0
580.6296934964831 100.9239733335896 0
587.7907031753746 113.4232308448567 0
588.0334837288617 62.78840668710265 0
587.0344011797914 84.1112130430981 0
2 1206 0 58
3397
3398
3399
3400
3401
3402
3403
3404
3405
3406
3407
3408
3409
3410
3411
3412
3413
3414
3415
3416
3417
3418
3419
3420
3421
3422
3423
3424
3425
3426
3427
3428
3429
3430
3431
3432
3433
3434
3435
3436
3437
3438
3439
3440
3441
3442
3443
3444
3445
3446
3447
3448
3449
3450
3451
3452
3453
3454
183.9886121157106 79.03779180576151 0
121.8565262135276 97.11110459093473 0
162.1353533712801 53.47465770202558 0
138.7009618943233 57.49519052838329 0
145.6645397184959 58.9685294142627 0
140.6919046678676 64.88344096187522 0
148.7185516237793 66.49698361276135 0
143.2262635406051 73.33930688105269 0
152.1183390204127 74.95523410781533 0
146.1753462276608 82.56233563884825 0
155.8020490121024 84.06762911084159 0
149.7184344930383 91.82409025800776 0
159.3518159920321 93.18458637720734 0
153.0661642095963 100.781514420482 0
136.6735824612582 115.1442296580323 0
148.1138250274731 120.0517382242859 0
132.029932229226 62.6704478306804 0
163.0115471102806 103.2456769101678 0
162.1961747872354 76.59030812877334 0
136.6539255927298 80.70728786078688 0
169.7515595272836 95.23199543968116 0
174.0375733829081 105.9745201411541 0
179.9914402078382 97.18792848935445 0
179.2924301570813 71.32774425957273 0
144.090141097113 99.32604693811862 0
156.6804714001386 110.1949197026462 0
154.3703864198724 59.21070776777646 0
179.0851233063489 116.743726040981 0
121.5792203275305 61.52606809428324 0
129.4095216878339 107.5565926235252 0
184.7940915348527 107.2955715806305 0
166.214652636137 114.408434303382 0
193.450757359598 107.6386085104896 0
188.5605914038721 89.37927881025745 0
173.1166795890263 78.18242112345038 0
140.0705600991566 90.27186769994258 0
133.9777991108822 98.13533892636775 0
154.8084542043563 52.29766541597325 0
162.5794242529865 61.41516547512369 0
170.1846742522551 57.18685042737303 0
129.3155694187384 88.40617376928175 0
169.1415497724643 67.38706969035071 0
147.2840410655141 108.0347047901755 0
166.0803015010276 85.42078142098416 0
177.784839483375 87.29687629214666 0
126.0764946744989 78.51775865283568 0
135.0755529843571 71.14757203016764 0
158.1874043127918 67.67591146376679 0
119.749718061354 86.9070074025972 0
189.6737530046337 99.61376133348101 0
179.7775808967226 60.89197864420237 0
139.1228317555625 107.494319730718 0
149.636705621838 54.15578022973626 0
125.2522400431235 69.87236932158014 0
128.862022890216 56.33834129066938 0
143.9937312942936 114.6376200225333 0
155.1295094199504 118.9593033270503 0
150.7681074559541 114.1007277319879 0
2 1207 0 35
3455
3456
3457
3458
3459
3460
3461
3462
3463
3464
3465
3466
3467
3468
3469
3470
3471
3472
3473
3474
3475
3476
3477
3478
3479
3480
3481
3482
3483
3484
3485
3486
3487
3488
3489
19.41392300905215 83.97944973908926 0
17.24282663495188 49.13555911416387 0
38.21874061549279 50.7905548215029 0
11.99328118829867 69.35281537143527 0
43.98951471849902 96.72849433030406 0
48.40868053282455 90.27786369415441 0
39.25888032018443 89.24086073292619 0
45.12642764342837 81.58191471629449 0
35.6738171816006 79.83459635388695 0
60.55654282368202 77.71959581178538 0
31.08640588441083 48.86654701645513 0
33.26450951286228 57.92882390231684 0
42.61544227583611 72.03532975694387 0
7.834180042229677 55.7095508210735 0
28.91094202199848 86.8377970861966 0
59.45607486973106 86.94264851059756 0
17.2813676003702 60.08395192377505 0
21.49067326657616 69.21442216293968 0
33.63538359456564 96.4109888350949 0
42.70787413893196 60.3086034777028 0
32.68608742229613 68.57489039031351 0
29.18870662670377 41.238537271319 0
51.6655521667864 74.16296075622712 0
24.92442532417748 54.22083325350725 0
26.27786888590159 77.34830690055153 0
22.03802537700572 93.07797105466658 0
25.92941262525645 62.00458432657046 0
12.97979492224737 79.79619015628157 0
54.66787454861326 91.54447915410756 0
53.47461734051074 83.50188356578585 0
24.3080884240657 45.73053647653214 0
48.74721714538861 67.37672349771844 0
12.83894657568978 53.21234591820958 0
10.52076846672109 47.6607143428379 0
19.10523172603221 75.75420724346932 0
2 1208 0 1
3490
495.3333333333333 34.16666666666666 0
2 1209 0 4
3491
3492
3493
3494
528.3197176932788 45.12927546675852 0
539.0480733407585 33.32486238148275 0
517.3117054698191 58.90846506984472 0
521.9078557907744 53.50943513415081 0
2 1210 0 2
3495
3496
580.3345864661654 28.0187969924812 0
582.2669172932332 20.20375939849624 0
2 1211 0 2
3497
3498
528.5 5.499999999999999 0
534.125 4.374999999999999 0
2 1212 0 12
3499
3500
3501
3502
3503
3504
3505
3506
3507
3508
3509
3510
453.3961343909232 23.23161528485475 0
431.1006481891384 20.32045373239688 0
435.5061971401067 13.27567635815118 0
432.6312400784944 37.91040915755131 0
458.9911342810273 12.74852238017121 0
416.0473392664323 44.26838773306545 0
425.7581205607489 30.1123810911059 0
441.7291557676371 21.94084112591311 0
446.9371035966157 12.19944252484837 0
443.5332847821322 32.04136902671858 0
434.9504898756302 28.46509082673715 0
423.6873399811352 39.25823559634453 0
2 1213 0 11
3511
3512
3513
3514
3515
3516
3517
3518
3519
3520
3521
366.6291135992524 33.05121051788218 0
380.3080218710848 17.82193221715607 0
358.6289471468357 25.89843597133906 0
370.1546004883513 23.31193568234105 0
360.2461094321284 15.02981126113785 0
352.6492218864257 8.405962252227569 0
374.7074942498153 31.11850406791492 0
378.6936860952387 8.009350229852096 0
370.4957128952877 13.7910678191281 0
381.9398614021355 33.450653882693 0
379.8219956022774 26.74060517002101 0
2 1214 0 2
3522
3523
324.9847874024371 11.26308662193377 0
326.5969574804874 19.05261732438676 0
2 1215 0 59
3524
3525
3526
3527
3528
3529
3530
3531
3532
3533
3534
3535
3536
3537
3538
3539
3540
3541
3542
3543
3544
3545
3546
3547
3548
3549
3550
3551
3552
3553
3554
3555
3556
3557
3558
3559
3560
3561
3562
3563
3564
3565
3566
3567
3568
3569
3570
3571
3572
3573
3574
3575
3576
3577
3578
3579
3580
3581
3582
241.6888924236767 34.78333863551499 0
249.0517128746741 28.57075645268315 0
300.5601645888615 45.37171758212489 0
251.2220461673678 38.45726886274987 0
305.9851419790154 54.99411412377132 0
295.4417405346242 54.94329760844415 0
289.4586022080832 45.81176974813837 0
256.0824525900684 73.32981036027358 0
265.4353185806459 71.93680631989575 0
259.2966496235002 31.50076683161936 0
300.8815921389904 64.27491409726213 0
261.2203787169626 42.33786584877018 0
289.6658269870715 62.6585147023048 0
242.8369948414357 45.04380234293399 0
310.1935379910498 85.8259786390777 0
269.6544934114904 33.77373975430152 0
259.1164483527026 64.4756134356933 0
268.1960865739422 62.61018223190239 0
255.2431909243429 12.48222234824353 0
219.2914095123948 71.43576749843785 0
249.9935001208644 65.94457458798666 0
274.7518653757708 70.13306133911385 0
311.7728061266615 64.54144417380044 0
270.887512893454 45.11618734086916 0
294.9813983397669 73.50134579708325 0
296.7288830338867 24.38851175705828 0
285.4373211996399 14.25781120004182 0
286.8383902500788 28.88257003175952 0
267.1239518914228 23.48460645588211 0
278.2309166409779 61.27179269511131 0
231.4944731054008 65.26893634199429 0
262.5885960041741 53.62522234674208 0
248.2744525785654 19.27863138938048 0
272.9182317935125 79.65233398258221 0
283.1666167478483 76.97125006007209 0
252.8448879002831 48.86113965052404 0
280.4705046003421 37.70857830281238 0
300.8083173632094 86.36079419744803 0
243.3873296135148 57.58982553069775 0
230.5426460191989 54.08684403221075 0
232.2137066568622 43.38279700213194 0
285.4747039219496 54.67522693124047 0
293.8523115935249 36.28611265058218 0
257.9732476355088 21.15258466517876 0
246.7957937815569 74.19261213175854 0
306.122582002001 75.15448747126297 0
317.2916914910996 76.92743414633144 0
274.3464061803784 54.08349179970662 0
323.0570069428815 64.13472180747743 0
277.5071480017449 23.03416087789972 0
283.146146121776 68.27897397296313 0
253.5861523983078 58.09927511032877 0
280.1275459608415 47.4790508245534 0
289.9740035404599 83.79764688075512 0
220.6657057273989 61.75830957452859 0
315.1629910097117 55.73405602100984 0
268.0359830378089 12.70797888311805 0
281.0117704163641 85.48424618468189 0
240.2235084728346 68.71744341356111 0
2 1216 0 3
3583
3584
3585
208.3660254037844 13.97372055837117 0
218.2005851061573 13.38875514273842 0
202.3863475871664 8.853339211548885 0
2 1217 0 5
3586
3587
3588
3589
3590
153.1635863930976 28.34440371782075 0
142.8460389297549 27 0
159 10.13636363636364 0
147.2504716233032 21.37920487337815 0
154.6828116032802 20.7719944455125 0
2 1218 0 7
3591
3592
3593
3594
3595
3596
3597
87.55761191260515 11.99222777168861 0
100.7603669993021 37.54281356621422 0
97.24042336514766 17.08589502282132 0
113.6787057348248 21.85996148049216 0
115.552359803319 14.33380720293207 0
104.2240640661106 25.59340077672643 0
106.6945342189795 16.21303050732977 0
2 1219 0 1
3598
17.68717167477503 12.89640377066594 0
$EndNodes
$Elements
95 7194 1 7194
1 1220 1 18
1 1040 1073 
2 1073 1074 
3 1074 1075 
4 1075 1076 
5 1076 1077 
6 1077 1078 
7 1078 1079 
8 1079 1080 
9 1080 1081 
10 1081 1082 
11 1082 1083 
12 1083 1084 
13 1084 1085 
14 1085 1086 
15 1086 1087 
16 1087 1088 
17 1088 1089 
18 1089 1041 
1 1221 1 18
19 1041 1090 
20 1090 1091 
21 1091 1092 
22 1092 1093 
23 1093 1094 
24 1094 1095 
25 1095 1096 
26 1096 1097 
27 1097 1098 
28 1098 1099 
29 1099 1100 
30 1100 1101 
31 1101 1102 
32 1102 1103 
33 1103 1104 
34 1104 1105 
35 1105 1106 
36 1106 1042 
1 1222 1 18
37 1042 1107 
38 1107 1108 
39 1108 1109 
40 1109 1110 
41 1110 1111 
42 1111 1112 
43 1112 1113 
44 1113 1114 
45 1114 1115 
46 1115 1116 
47 1116 1117 
48 1117 1118 
49 1118 1119 
50 1119 1120 
51 1120 1121 
52 1121 1122 
53 1122 1123 
54 1123 1043 
1 1223 1 18
55 1043 1124 
56 1124 1125 
57 1125 1126 
58 1126 1127 
59 1127 1128 
60 1128 1129 
61 1129 1130 
62 1130 1131 
63 1131 1132 
64 1132 1133 
65 1133 1134 
66 1134 1135 
67 1135 1136 
68 1136 1137 
69 1137 1138 
70 1138 1139 
71 1139 1140 
72 1140 1040 
2 1000 2 4192
73 364 265 1083 
74 1083 265 1084 
75 1135 1007 1136 
76 1074 909 808 
77 506 1394 468 
78 1103 2521 3 
79 1008 2244 1021 
80 11 1041 19 
81 911 2434 812 
82 576 2296 1117 
83 19 1956 10 
84 1073 1034 906 
85 828 2021 781 
86 93 122 123 
87 1332 1588 187 
88 1256 1940 1594 
89 811 1578 810 
90 403 1309 418 
91 671 1981 803 
92 1577 1637 1291 
93 1423 1545 180 
94 1594 1940 786 
95 540 1468 433 
96 648 1570 647 
97 658 1859 1437 
98 876 1627 874 
99 822 1761 995 
100 888 2131 1632 
101 643 1273 642 
102 267 1144 266 
103 1757 1947 1487 
104 736 1949 735 
105 1027 2477 1572 
106 641 2073 1284 
107 230 1911 1507 
108 714 1793 697 
109 12 2269 1092 
110 1543 1667 1332 
111 1477 1724 1171 
112 1290 2486 648 
113 214 1954 1495 
114 1254 2140 1974 
115 729 2107 727 
116 1571 2146 845 
117 509 1729 1191 
118 783 2219 828 
119 2029 2134 1458 
120 550 1939 549 
121 655 1926 612 
122 1563 1977 201 
123 155 2466 1837 
124 604 1679 603 
125 770 1669 769 
126 155 1837 1216 
127 1351 1947 1757 
128 361 2316 1147 
129 964 2470 1190 
130 389 1396 388 
131 609 1244 624 
132 1608 1989 1836 
133 427 2024 426 
134 1191 1729 1425 
135 511 2443 1493 
136 1629 2026 1556 
137 675 1375 665 
138 1062 2289 612 
139 867 1590 866 
140 1254 1974 1562 
141 59 1243 81 
142 231 1688 1483 
143 867 1797 863 
144 109 1696 1520 
145 1651 2029 1458 
146 995 1761 994 
147 257 2138 256 
148 905 1907 904 
149 696 1952 1532 
150 1268 1686 1526 
151 467 2086 1682 
152 714 1920 713 
153 178 2105 1415 
154 303 2399 408 
155 526 2096 525 
156 547 751 546 
157 1591 2000 1590 
158 394 1930 393 
159 1526 1909 1268 
160 1817 1824 1818 
161 1607 2278 44 
162 408 2102 302 
163 787 1712 1533 
164 938 1155 937 
165 1596 2017 1471 
166 999 2431 825 
167 823 1761 822 
168 427 2032 1569 
169 39 2423 1204 
170 1144 1836 1087 
171 1144 2026 1629 
172 366 1979 365 
173 706 2344 1175 
174 766 1437 1063 
175 588 1386 587 
176 1424 2214 794 
177 2027 2421 1431 
178 208 2555 207 
179 940 2010 1124 
180 1313 1768 1528 
181 181 1423 180 
182 1561 2265 653 
183 901 1525 900 
184 941 1731 1336 
185 765 2355 764 
186 1594 2272 1256 
187 1443 1742 339 
188 1889 1983 1560 
189 760 1605 1584 
190 1695 2061 356 
191 565 1315 564 
192 1572 1877 1027 
193 747 2459 1410 
194 466 1680 479 
195 850 1281 805 
196 891 1903 1068 
197 1282 1871 877 
198 1172 1945 45 
199 797 1739 807 
200 619 2074 618 
201 219 1477 1171 
202 1469 2142 409 
203 1396 1397 1289 
204 587 2198 1183 
205 1682 2086 1425 
206 710 2404 1799 
207 1261 1606 1319 
208 1744 2079 1272 
209 349 1826 153 
210 1157 1676 1162 
211 1175 1854 716 
212 623 1390 1220 
213 732 1746 731 
214 1064 2507 880 
215 885 1518 1019 
216 237 2499 236 
217 1532 1854 1383 
218 683 2166 1997 
219 779 2136 695 
220 1584 1585 760 
221 1634 1847 1204 
222 897 1683 764 
223 1237 2387 343 
224 1397 2261 1720 
225 93 2094 122 
226 1422 1644 1643 
227 190 1988 1648 
228 876 874 875 
229 1741 2006 1845 
230 1793 1952 696 
231 179 1624 178 
232 918 1370 917 
233 579 1862 578 
234 1431 2421 319 
235 1015 1032 1014 
236 1487 2292 120 
237 1472 1742 1416 
238 1347 1907 1781 
239 1630 1902 502 
240 1613 2226 1186 
241 760 1585 759 
242 1042 1222 143 
243 1938 2247 1733 
244 1415 2302 177 
245 352 1749 351 
246 1642 2170 1501 
247 503 504 469 
248 878 1605 1282 
249 1535 2271 708 
250 540 2194 539 
251 1179 1501 452 
252 501 1443 500 
253 900 2097 899 
254 5 1970 1818 
255 1093 1775 1094 
256 96 1417 95 
257 116 1505 115 
258 64 1624 179 
259 1324 2494 1684 
260 1126 2190 1771 
261 315 1873 314 
262 247 566 567 
263 1449 1807 1677 
264 1321 2095 153 
265 2186 2427 959 
266 1579 2082 1504 
267 1781 1907 1851 
268 60 1187 59 
269 1362 2166 739 
270 518 2356 517 
271 1830 2296 2221 
272 288 2484 92 
273 1543 2499 237 
274 806 848 849 
275 120 2292 2183 
276 127 2099 1873 
277 1620 2153 2152 
278 611 1760 610 
279 692 1325 645 
280 562 1470 561 
281 1 1274 7 
282 1105 1831 1818 
283 203 1936 1691 
284 687 791 792 
285 2255 2317 1209 
286 15 1291 14 
287 1422 1643 1339 
288 589 1386 588 
289 956 2137 955 
290 1015 1789 1032 
291 193 2554 192 
292 285 2560 1664 
293 2010 2088 1124 
294 320 2505 1431 
295 1494 1954 1496 
296 740 2002 578 
297 1061 1449 601 
298 880 2507 1584 
299 1650 1677 1174 
300 127 1873 1369 
301 241 1536 1507 
302 1904 2056 1237 
303 1366 2345 1663 
304 1012 1638 1011 
305 201 1564 1563 
306 1204 1848 1634 
307 1498 2236 2011 
308 1291 2393 1577 
309 1473 2175 2163 
310 734 1833 733 
311 1285 1508 1419 
312 1687 2388 548 
313 347 1423 181 
314 1503 2259 42 
315 1840 1984 1361 
316 1464 2366 1597 
317 1261 1968 1606 
318 166 1864 1441 
319 229 1536 1489 
320 121 1487 120 
321 1220 1684 622 
322 1094 2325 69 
323 1756 2363 1573 
324 1081 1883 1082 
325 1231 1354 519 
326 404 1174 403 
327 1035 1581 906 
328 79 1947 78 
329 1590 2504 1591 
330 559 2493 1611 
331 1501 2218 1642 
332 1842 1843 221 
333 793 1427 792 
334 2125 2126 2122 
335 931 2515 924 
336 1705 2145 1279 
337 1427 1785 686 
338 1356 1564 201 
339 1829 1998 1399 
340 88 17 87 
341 1384 1777 1559 
342 678 2043 1699 
343 1984 2349 1361 
344 1789 2182 1031 
345 1795 1796 1200 
346 189 1543 188 
347 703 2059 1897 
348 1404 2302 1616 
349 623 1220 622 
350 1001 2127 1448 
351 1484 2198 587 
352 494 2023 1737 
353 237 1769 1667 
354 1532 1952 1854 
355 257 1769 237 
356 1209 2317 1476 
357 1692 2044 1540 
358 1662 2082 321 
359 1491 1621 1492 
360 423 1327 422 
361 585 626 592 
362 1373 2271 2126 
363 1508 1668 1419 
364 905 1019 1020 
365 1967 2520 30 
366 246 568 569 
367 1528 1937 1313 
368 1648 1988 1647 
369 237 1667 1543 
370 1001 1448 1000 
371 665 1375 664 
372 1174 1899 1650 
373 926 1418 925 
374 1566 2217 776 
375 1173 1481 1371 
376 800 2449 799 
377 1386 1484 587 
378 1662 2162 2068 
379 1757 2363 1756 
380 1684 2331 1324 
381 1316 1890 1315 
382 91 1258 90 
383 515 1737 1653 
384 123 2007 93 
385 1508 2035 1668 
386 96 1450 1417 
387 1845 2006 1258 
388 1684 2494 1586 
389 1540 2359 1692 
390 1794 2231 2091 
391 1445 2111 1657 
392 1935 1936 203 
393 871 1923 1844 
394 853 1665 731 
395 374 2262 1557 
396 1835 2073 641 
397 1449 2104 601 
398 2207 2260 446 
399 1281 2557 805 
400 967 981 1131 
401 497 1941 496 
402 433 2239 442 
403 1507 1536 229 
404 53 1363 52 
405 1615 1899 404 
406 616 1703 482 
407 137 169 136 
408 424 1932 423 
409 803 1547 671 
410 233 2460 2106 
411 947 2190 1126 
412 82 1629 1556 
413 760 1704 1605 
414 1238 1973 583 
415 1747 1811 937 
416 328 2544 392 
417 677 1699 1698 
418 780 2136 779 
419 618 2074 598 
420 417 1621 1491 
421 1458 2067 486 
422 1886 2422 1665 
423 748 1516 747 
424 444 1883 1541 
425 862 1965 1860 
426 42 1913 1834 
427 1317 2335 2073 
428 1552 2017 1596 
429 778 1532 1383 
430 727 1744 726 
431 1674 1764 344 
432 1204 1847 38 
433 1769 2409 1667 
434 248 565 566 
435 1545 2389 1322 
436 1465 1790 376 
437 1694 2061 1695 
438 344 1764 343 
439 1088 1989 1944 
440 490 2443 511 
441 612 1926 611 
442 1791 1895 309 
443 1411 1548 1269 
444 650 1257 649 
445 1623 2526 923 
446 1978 2386 638 
447 685 2468 726 
448 1544 2166 683 
449 795 2252 1424 
450 697 1920 714 
451 626 2483 625 
452 402 1825 1738 
453 1652 1750 172 
454 383 2024 389 
455 104 1477 103 
456 1134 1638 1012 
457 1637 1721 1291 
458 1186 2226 1810 
459 648 2486 1570 
460 103 219 102 
461 267 1931 1144 
462 419 1962 1554 
463 2034 2139 232 
464 1492 1700 1297 
465 1514 2180 1387 
466 854 2157 853 
467 923 1910 922 
468 688 2483 1839 
469 321 2162 1662 
470 1818 1824 1105 
471 536 1876 535 
472 114 1888 1276 
473 337 2092 1688 
474 1597 2400 196 
475 1123 943 944 
476 334 1312 275 
477 14 1707 13 
478 613 1800 1680 
479 572 2225 1116 
480 1714 2153 1323 
481 750 1481 1480 
482 1370 2057 917 
483 1998 1999 1602 
484 301 1852 232 
485 42 1834 41 
486 1731 1811 1336 
487 1628 2234 297 
488 1737 2023 1738 
489 502 1902 501 
490 1679 2235 603 
491 1468 2239 433 
492 581 1371 580 
493 1566 2374 2217 
494 885 1019 905 
495 1329 2246 1721 
496 2299 2361 136 
497 1259 2151 1258 
498 255 1908 254 
499 388 1396 1289 
500 1285 1419 474 
501 1709 2116 629 
502 1785 2468 686 
503 560 2493 559 
504 624 1894 623 
505 2032 2261 1397 
506 1165 1676 1157 
507 1000 2431 999 
508 413 2144 1832 
509 1608 1629 83 
510 205 1935 204 
511 404 1899 1174 
512 1837 2550 1654 
513 1242 2425 1700 
514 26 1888 114 
515 1492 2223 1700 
516 217 1654 1604 
517 755 1827 1118 
518 1931 2026 1144 
519 1025 1968 1024 
520 1867 2526 1623 
521 1003 1658 1002 
522 1198 1287 1197 
523 309 2377 1791 
524 247 567 246 
525 857 1806 1567 
526 1934 2553 580 
527 1020 1907 905 
528 173 2025 228 
529 1584 1605 879 
530 2126 2271 1535 
531 1233 1384 1358 
532 229 1489 228 
533 517 1553 516 
534 1401 1615 1338 
535 1558 2260 2207 
536 1388 2109 1567 
537 646 1610 690 
538 1839 1963 688 
539 538 1413 537 
540 1237 1764 1763 
541 33 1246 32 
542 1567 2263 1388 
543 1596 2435 177 
544 271 1961 270 
545 699 2327 593 
546 968 1659 981 
547 1763 1904 1237 
548 1777 1854 1175 
549 727 2107 1636 
550 712 1959 711 
551 1179 2218 1501 
552 1155 1747 937 
553 1123 2309 943 
554 1382 1408 589 
555 1711 2533 1398 
556 1460 2049 2047 
557 722 1215 721 
558 2317 2396 1810 
559 2122 2513 773 
560 1690 1967 30 
561 259 1205 258 
562 31 1690 30 
563 683 2398 1544 
564 1382 1717 1408 
565 815 2338 1070 
566 63 2152 62 
567 1557 2575 374 
568 172 1937 1652 
569 1351 1756 1755 
570 1036 1874 1581 
571 524 2425 1242 
572 121 1757 1487 
573 746 742 745 
574 1666 2269 2064 
575 923 2251 1623 
576 51 2532 2123 
577 805 2557 804 
578 1782 2145 2065 
579 1602 1999 1333 
580 1434 1966 2 
581 1555 1928 253 
582 1379 2262 374 
583 1435 2031 1739 
584 1348 1685 1506 
585 837 1678 861 
586 1199 1835 641 
587 731 1746 853 
588 1780 2358 2156 
589 1562 1874 1036 
590 315 2312 1873 
591 1267 1847 1633 
592 617 1921 480 
593 1244 1357 624 
594 1727 2078 938 
595 334 1869 1312 
596 515 2514 1737 
597 327 2382 326 
598 845 843 844 
599 1791 2377 1589 
600 44 1945 1607 
601 367 1141 366 
602 1081 2197 1541 
603 995 1762 822 
604 696 1532 779 
605 1700 2223 1242 
606 395 2482 337 
607 1892 2140 1254 
608 234 2460 233 
609 669 1980 668 
610 1806 2263 1567 
611 1288 1805 1676 
612 1496 1954 1333 
613 405 2150 1159 
614 1591 2016 2000 
615 467 1682 466 
616 1502 1995 961 
617 1304 2020 1612 
618 443 1179 452 
619 185 1540 184 
620 506 504 505 
621 1676 1805 1162 
622 493 1786 492 
623 1331 2012 1453 
624 37 2012 36 
625 620 1355 619 
626 188 1543 1332 
627 1641 1972 1218 
628 1612 2006 1304 
629 1525 1715 991 
630 327 2082 1579 
631 1366 1663 1208 
632 871 1844 869 
633 1677 2030 1449 
634 1848 2410 1634 
635 1461 2112 2048 
636 1890 2080 318 
637 333 278 332 
638 239 2257 1792 
639 1770 1927 1190 
640 565 1316 1315 
641 285 1664 284 
642 1416 1902 471 
643 295 2234 294 
644 62 2153 1219 
645 2002 2143 1410 
646 81 1909 80 
647 2122 2126 1535 
648 1036 1581 1035 
649 974 2111 973 
650 1249 1754 820 
651 211 1428 210 
652 122 1701 121 
653 228 2025 227 
654 98 1503 97 
655 110 1858 209 
656 1026 1968 1025 
657 1548 1923 1182 
658 1481 1482 1371 
659 1473 2163 353 
660 1398 2533 2286 
661 1697 1801 311 
662 1619 1953 1103 
663 106 2332 105 
664 1297 2189 1492 
665 1677 1807 1174 
666 1351 1757 1756 
667 1665 1704 761 
668 1729 2265 2248 
669 1733 1898 834 
670 44 2278 43 
671 135 1652 250 
672 802 1726 1725 
673 752 1565 545 
674 1746 1884 852 
675 1344 2222 1523 
676 429 1580 1266 
677 914 2040 913 
678 1781 1850 1009 
679 89 1637 1577 
680 1788 1961 272 
681 1897 2059 833 
682 742 2211 745 
683 481 617 480 
684 1223 2203 1812 
685 352 2208 322 
686 92 2370 288 
687 547 2196 751 
688 1627 2378 874 
689 486 1580 485 
690 1387 2418 130 
691 1955 1956 20 
692 1691 1936 1888 
693 103 1477 219 
694 1707 2246 1329 
695 450 2148 449 
696 1783 2187 104 
697 755 1830 754 
698 1596 2302 1404 
699 614 1872 1800 
700 724 2214 2045 
701 297 2381 1628 
702 1606 2117 1319 
703 1416 2277 1472 
704 286 1842 221 
705 1782 2065 174 
706 1818 1819 1816 
707 888 1626 887 
708 1374 2107 1490 
709 823 2279 1761 
710 115 33 25 
711 1259 2017 1552 
712 1888 1936 1276 
713 1642 2428 2170 
714 1573 1701 95 
715 1195 1197 1165 
716 1971 2321 1279 
717 1615 2303 1338 
718 924 2100 931 
719 1584 2507 1585 
720 972 1461 971 
721 240 2257 239 
722 67 1765 66 
723 118 2332 106 
724 849 2009 806 
725 1436 2083 2031 
726 1881 2324 676 
727 209 1858 208 
728 1987 2281 161 
729 398 1529 397 
730 257 237 238 
731 1781 1851 1850 
732 167 1864 166 
733 609 771 772 
734 1635 2295 602 
735 1182 1923 871 
736 1633 2480 1267 
737 438 1524 1283 
738 1068 2119 890 
739 1669 1760 656 
740 454 2159 525 
741 1268 1783 104 
742 2158 2425 524 
743 920 1509 919 
744 517 2356 1553 
745 331 2329 330 
746 501 2245 1443 
747 768 2471 657 
748 1639 2128 440 
749 777 2219 783 
750 1547 2398 684 
751 1559 2003 1384 
752 2011 2231 1498 
753 1381 1805 1288 
754 452 1868 451 
755 614 1800 613 
756 1147 2316 1855 
757 706 2271 1373 
758 800 1938 835 
759 1572 2057 1370 
760 1504 2075 1579 
761 1530 2056 1904 
762 130 1520 129 
763 1768 2497 1528 
764 1794 2091 459 
765 272 1961 271 
766 2141 2318 1539 
767 1660 2322 1448 
768 1656 2084 1172 
769 1681 2249 1680 
770 1818 1831 5 
771 858 1806 857 
772 1502 2537 1995 
773 217 1837 1654 
774 153 2095 348 
775 1552 2151 1259 
776 1333 1999 1496 
777 1819 1820 1816 
778 1614 2311 165 
779 1871 2422 1886 
780 605 2238 662 
781 184 1540 183 
782 1689 1825 390 
783 1508 2317 2255 
784 1893 2270 948 
785 816 2338 815 
786 743 2211 742 
787 409 2102 408 
788 893 2045 1519 
789 775 2058 1200 
790 99 2259 1503 
791 1317 2073 1835 
792 2030 2104 1449 
793 826 1841 999 
794 1505 2210 115 
795 855 1359 854 
796 972 2112 1461 
797 1245 2212 1 
798 1679 1745 522 
799 1669 2535 1760 
800 1622 1867 962 
801 891 2184 1903 
802 334 2039 333 
803 1529 1792 397 
804 449 2148 514 
805 2121 2256 1093 
806 1384 1996 1358 
807 1285 2396 2317 
808 8 2424 1722 
809 1355 1586 619 
810 1303 2043 1582 
811 1284 2073 1798 
812 1709 2570 2116 
813 1636 2079 727 
814 575 2225 573 
815 1410 2143 746 
816 1794 2491 2231 
817 1415 2018 1616 
818 1726 1981 672 
819 1583 1754 1249 
820 343 1764 1237 
821 1495 2383 224 
822 1105 1824 1106 
823 1024 1158 1023 
824 375 1379 374 
825 1279 2321 1705 
826 345 1499 344 
827 1218 2429 1641 
828 1448 2127 1660 
829 219 1171 218 
830 390 1825 402 
831 1316 2080 1890 
832 2049 2430 2050 
833 1289 2168 387 
834 1005 2118 1004 
835 1417 2323 1905 
836 583 1973 1378 
837 1851 1907 1906 
838 899 1683 898 
839 868 2462 1797 
840 1867 2066 962 
841 1955 2424 8 
842 1775 2325 1094 
843 1417 1573 95 
844 772 2513 1244 
845 1605 1704 1282 
846 2376 2505 320 
847 498 1983 1889 
848 91 1259 1258 
849 1701 2094 95 
850 715 1952 1793 
851 291 2506 1655 
852 668 1980 667 
853 469 2293 503 
854 582 1173 581 
855 543 1687 549 
856 860 2427 2186 
857 703 1897 1896 
858 1716 2493 560 
859 351 1749 1496 
860 2391 2392 1732 
861 1563 2185 1977 
862 869 1435 868 
863 834 1938 1733 
864 391 1689 390 
865 1738 2023 402 
866 192 2510 191 
867 1466 1918 660 
868 702 1221 701 
869 278 2329 332 
870 740 2224 1362 
871 50 1618 49 
872 739 2166 1544 
873 1338 2303 1600 
874 1458 2030 1651 
875 1371 1934 580 
876 1058 2193 434 
877 56 2101 55 
878 1414 2114 644 
879 1195 1198 1197 
880 660 2019 659 
881 408 2399 407 
882 590 1708 1382 
883 1129 1576 975 
884 973 2112 972 
885 291 1655 290 
886 694 2500 2254 
887 791 1778 1305 
888 1273 1984 642 
889 2220 2473 118 
890 91 2072 1259 
891 2048 2112 1625 
892 1977 2185 199 
893 949 1727 929 
894 548 2196 547 
895 560 2569 1716 
896 1322 2389 1321 
897 741 2143 740 
898 1971 2348 2321 
899 436 1809 435 
900 764 2355 897 
901 527 1251 526 
902 1177 1697 312 
903 537 2503 1574 
904 1359 1376 854 
905 1356 2347 1618 
906 133 1441 132 
907 1925 2554 1924 
908 1258 2151 1845 
909 730 1490 729 
910 1689 1857 447 
911 1356 2155 1564 
912 1892 2014 1377 
913 1585 2507 2022 
914 1099 1685 46 
915 311 1801 1248 
916 1619 2347 1953 
917 1325 1859 645 
918 381 2091 380 
919 937 1811 936 
920 1143 1979 263 
921 1518 2556 1018 
922 893 1490 730 
923 949 2436 948 
924 913 2343 1631 
925 582 1378 1173 
926 1854 1952 716 
927 1813 1814 1645 
928 378 1928 1555 
929 135 1750 1652 
930 1834 2545 41 
931 1362 2224 1862 
932 786 1940 1631 
933 465 2524 1574 
934 712 2120 1959 
935 796 2447 841 
936 991 1715 990 
937 387 2169 1402 
938 1370 1877 1572 
939 475 2396 1285 
940 1435 2462 868 
941 1674 2044 1294 
942 96 1607 1450 
943 1357 1894 624 
944 1449 2295 1807 
945 433 2194 540 
946 969 1660 1659 
947 1092 2269 1666 
948 1706 2145 1705 
949 1417 1943 1573 
950 887 1626 886 
951 1422 2041 1644 
952 2050 2430 1448 
953 1524 1716 1283 
954 952 1346 951 
955 86 2164 85 
956 969 1659 968 
957 970 2215 969 
958 1186 2529 1613 
959 366 2173 1773 
960 1653 2052 515 
961 344 2573 1674 
962 1175 2379 1777 
963 1819 1821 1820 
964 449 1653 448 
965 1691 1861 202 
966 61 1187 60 
967 659 2019 1278 
968 427 2261 2032 
969 1758 2046 1515 
970 996 2004 995 
971 536 2524 1876 
972 1192 1968 1261 
973 1618 2155 1356 
974 1388 2177 2109 
975 1076 1702 1256 
976 1326 1697 1177 
977 1486 2417 413 
978 962 2066 1502 
979 75 2008 74 
980 1287 1856 1855 
981 635 1780 1671 
982 623 1894 1390 
983 525 2096 454 
984 1713 1714 1323 
985 2190 2345 1366 
986 826 999 825 
987 1294 2044 1692 
988 541 550 551 
989 485 1580 430 
990 1476 2317 1810 
991 1159 1615 404 
992 600 2053 599 
993 1927 2240 1190 
994 177 2302 1596 
995 249 1937 1528 
996 2111 2523 1657 
997 1790 1849 376 
998 206 1661 205 
999 690 2280 646 
1000 1530 2165 1529 
1001 2106 2381 298 
1002 1336 1811 1747 
1003 1611 2267 559 
1004 1624 2105 178 
1005 846 2250 1360 
1006 33 2562 1246 
1007 1479 2512 1480 
1008 579 2360 681 
1009 1843 2475 1307 
1010 23 1407 21 
1011 1739 2462 1435 
1012 2106 2460 1522 
1013 1758 2235 2046 
1014 1134 1774 1638 
1015 661 1466 660 
1016 248 2497 565 
1017 216 1163 215 
1018 551 2204 541 
1019 1819 1969 1821 
1020 400 1941 399 
1021 2105 2410 1848 
1022 709 1693 1535 
1023 1471 2435 1596 
1024 183 1929 182 
1025 2079 2351 1272 
1026 1243 1783 81 
1027 1579 1772 327 
1028 484 1802 431 
1029 1529 2165 1792 
1030 1405 2197 2156 
1031 1944 2450 1407 
1032 1200 2125 774 
1033 1493 1767 511 
1034 853 1886 1665 
1035 43 2278 97 
1036 960 2016 1592 
1037 1668 2035 1166 
1038 190 2510 1988 
1039 69 2325 1048 
1040 1587 1990 213 
1041 54 2101 199 
1042 307 2491 1794 
1043 1611 2128 557 
1044 529 2407 681 
1045 688 1963 1778 
1046 171 2299 170 
1047 447 2519 1689 
1048 735 2167 1833 
1049 1246 2210 1643 
1050 1201 1912 1728 
1051 243 1294 242 
1052 1629 1836 1144 
1053 1332 1589 1588 
1054 392 2544 1675 
1055 1528 2497 248 
1056 1309 1457 418 
1057 1361 1985 1840 
1058 2152 2153 62 
1059 2380 2568 1201 
1060 1402 2061 386 
1061 948 2436 1893 
1062 1539 2318 1887 
1063 605 1880 1617 
1064 326 2383 325 
1065 1536 1891 1489 
1066 652 1767 651 
1067 646 2280 645 
1068 1914 2218 1179 
1069 1873 2312 1369 
1070 767 1437 766 
1071 335 1869 334 
1072 860 1678 838 
1073 2281 2411 161 
1074 1369 2310 134 
1075 1479 1481 1173 
1076 481 1703 617 
1077 521 1698 528 
1078 996 2132 1996 
1079 1998 2328 1400 
1080 1197 1676 1165 
1081 1493 2443 1257 
1082 106 2220 118 
1083 1501 1868 452 
1084 1645 1828 1247 
1085 809 1702 1076 
1086 1268 2525 1783 
1087 398 1599 1530 
1088 1613 2528 1439 
1089 87 1722 86 
1090 1470 2027 561 
1091 1567 2109 856 
1092 1322 2015 1545 
1093 851 1743 1281 
1094 792 1427 687 
1095 2045 2214 1519 
1096 1172 2147 1656 
1097 68 1765 67 
1098 1590 2000 866 
1099 590 2570 1708 
1100 100 1270 99 
1101 605 1617 604 
1102 1573 1943 1756 
1103 487 2104 2030 
1104 275 1312 274 
1105 1915 1932 426 
1106 210 2033 209 
1107 725 2468 1785 
1108 1600 2181 1338 
1109 1581 1874 1510 
1110 1959 2120 1462 
1111 948 1575 947 
1112 498 1889 1599 
1113 1142 1863 634 
1114 385 2575 1557 
1115 1643 2210 2205 
1116 1307 2042 1843 
1117 276 2039 275 
1118 1298 2478 1640 
1119 756 2551 1827 
1120 732 1884 1746 
1121 1323 2153 1620 
1122 1240 1723 1179 
1123 290 1655 289 
1124 1694 2060 386 
1125 681 2553 529 
1126 1922 2333 1863 
1127 901 1715 1525 
1128 174 2025 173 
1129 533 1372 532 
1130 1310 1999 1998 
1131 1732 2457 2391 
1132 1905 1943 1417 
1133 1428 2033 210 
1134 73 74 1098 
1135 446 2260 445 
1136 1904 2165 1530 
1137 753 2124 752 
1138 593 2327 608 
1139 1598 2072 91 
1140 199 2185 54 
1141 1210 2358 637 
1142 1328 1803 1327 
1143 2113 2478 1298 
1144 1556 2026 146 
1145 1796 2125 1200 
1146 76 1755 1181 
1147 2077 2149 406 
1148 666 1846 673 
1149 27 1861 1691 
1150 473 1982 472 
1151 1725 2368 802 
1152 80 1526 79 
1153 841 1759 796 
1154 1300 1451 1345 
1155 584 2002 1238 
1156 431 432 484 
1157 815 2279 823 
1158 1351 1755 77 
1159 1163 1604 1603 
1160 746 741 742 
1161 1918 2019 660 
1162 1003 1994 1658 
1163 1638 1774 986 
1164 748 2512 1516 
1165 686 2468 685 
1166 672 1981 671 
1167 986 1779 1638 
1168 654 2289 1561 
1169 672 1846 1726 
1170 594 2154 698 
1171 1457 1621 418 
1172 1024 1968 1192 
1173 1936 2375 1276 
1174 286 222 285 
1175 373 1784 1154 
1176 1643 2205 1339 
1177 869 1844 1436 
1178 1163 1333 215 
1179 197 1597 196 
1180 1592 2016 1591 
1181 1556 2305 82 
1182 147 2305 1556 
1183 41 2545 193 
1184 2091 2231 380 
1185 1450 2323 1417 
1186 1658 2456 1002 
1187 793 1785 1427 
1188 1204 2423 1848 
1189 1577 2476 88 
1190 2062 2568 1772 
1191 1350 1881 676 
1192 389 1569 1396 
1193 2360 2553 681 
1194 1145 2137 1576 
1195 544 1687 543 
1196 598 2541 618 
1197 1154 1784 1300 
1198 1142 1922 1863 
1199 612 654 655 
1200 1224 1922 719 
1201 796 1759 795 
1202 565 1768 1316 
1203 903 2069 902 
1204 733 1884 732 
1205 1176 2177 1388 
1206 1641 1992 1972 
1207 1741 1845 1353 
1208 248 566 247 
1209 1539 1887 1428 
1210 1269 2250 846 
1211 1016 2182 1789 
1212 1310 1998 1829 
1213 95 2094 94 
1214 1855 2495 1147 
1215 489 2053 600 
1216 1527 1636 1374 
1217 1583 2379 2344 
1218 1723 1914 1179 
1219 1453 2121 1331 
1220 325 2383 1495 
1221 863 1797 862 
1222 799 836 798 
1223 557 2267 1611 
1224 1760 1926 656 
1225 138 2401 1870 
1226 843 2146 1903 
1227 482 2286 616 
1228 602 2542 1635 
1229 151 1971 1279 
1230 773 2125 2122 
1231 709 1799 1693 
1232 1921 2053 480 
1233 938 2078 1155 
1234 1171 1713 218 
1235 1720 2451 1397 
1236 1625 2297 838 
1237 1665 2422 1704 
1238 1604 1654 1603 
1239 1183 2335 586 
1240 53 1563 1363 
1241 2321 2348 273 
1242 104 2187 1477 
1243 145 2348 1971 
1244 298 2276 2106 
1245 1661 1935 205 
1246 638 2386 1542 
1247 1166 2035 1804 
1248 950 2078 1727 
1249 1728 1950 1201 
1250 2528 2529 477 
1251 828 2013 827 
1252 1232 1342 1341 
1253 2178 2179 1063 
1254 1776 1813 1645 
1255 1555 2176 378 
1256 1953 2522 1103 
1257 1383 1777 1384 
1258 1949 2167 735 
1259 302 1852 301 
1260 1163 1603 1602 
1261 164 2281 1987 
1262 1153 1813 1776 
1263 1901 2356 518 
1264 519 1901 518 
1265 1762 2174 822 
1266 542 550 541 
1267 1687 2405 1482 
1268 1063 2179 765 
1269 1260 1864 167 
1270 322 323 352 
1271 356 2367 1695 
1272 1576 2523 974 
1273 847 1411 1269 
1274 1220 2331 1684 
1275 1942 2417 1486 
1276 275 2039 334 
1277 1658 1994 979 
1278 642 1199 641 
1279 437 1809 436 
1280 377 2144 1465 
1281 1390 1534 1220 
1282 1156 1157 1152 
1283 1127 2470 964 
1284 1464 2577 56 
1285 1699 2043 1303 
1286 1327 2445 422 
1287 316 2408 2063 
1288 1300 1345 1301 
1289 611 1926 1760 
1290 1599 1889 1530 
1291 762 2492 1566 
1292 100 1440 1280 
1293 215 1954 214 
1294 2115 2140 1365 
1295 1151 1152 1149 
1296 1453 2012 1150 
1297 2153 2455 1219 
1298 155 1216 154 
1299 1837 1960 1216 
1300 2047 2048 1460 
1301 1873 2099 314 
1302 1547 2559 2398 
1303 1714 2455 2153 
1304 858 2487 1806 
1305 1205 1214 258 
1306 522 2235 1679 
1307 189 2266 1543 
1308 1300 1784 1451 
1309 817 2374 1566 
1310 1223 2285 441 
1311 1018 1632 1017 
1312 651 1257 650 
1313 1963 1991 1305 
1314 1157 1162 1152 
1315 1455 1627 1239 
1316 292 1988 1925 
1317 1557 2262 384 
1318 1733 2188 1898 
1319 726 1744 685 
1320 625 2483 689 
1321 1239 1627 876 
1322 943 2309 2308 
1323 1267 2480 1454 
1324 379 1928 378 
1325 1203 1762 1385 
1326 296 2234 295 
1327 1150 2012 37 
1328 1660 2127 1409 
1329 244 2165 1308 
1330 1246 1643 1247 
1331 234 1648 1647 
1332 969 2322 1660 
1333 233 1853 232 
1334 2080 2369 1735 
1335 1182 2087 1548 
1336 1401 1899 1615 
1337 1171 1714 1713 
1338 476 2529 1186 
1339 1312 1705 274 
1340 406 2399 2077 
1341 1707 2064 13 
1342 1080 2197 1081 
1343 218 1960 217 
1344 1862 2224 578 
1345 1023 2014 1022 
1346 1499 2573 344 
1347 1348 2147 1685 
1348 1633 1634 65 
1349 750 2237 1481 
1350 530 2407 529 
1351 367 2291 1141 
1352 1 1822 1274 
1353 510 2304 509 
1354 1500 1795 1277 
1355 1737 2514 493 
1356 525 2159 524 
1357 94 2094 93 
1358 232 1853 301 
1359 102 1344 108 
1360 1277 1795 1438 
1361 1200 2058 1795 
1362 2176 2552 410 
1363 1443 2245 1742 
1364 841 2447 915 
1365 1906 1907 1020 
1366 1713 1960 218 
1367 1226 1753 1228 
1368 1812 2285 1223 
1369 457 1790 1459 
1370 1816 2567 1815 
1371 1644 1645 1247 
1372 992 2338 1601 
1373 486 2067 1580 
1374 1482 2388 1687 
1375 1531 1946 736 
1376 345 2081 1929 
1377 1277 1438 818 
1378 1437 2178 1063 
1379 977 2118 1132 
1380 179 2038 64 
1381 347 181 346 
1382 1693 2122 1535 
1383 1198 1856 1287 
1384 603 2235 1758 
1385 439 2128 1611 
1386 141 2243 1456 
1387 1644 1776 1645 
1388 921 1581 1510 
1389 1661 2375 1936 
1390 1685 2488 46 
1391 1183 2198 1798 
1392 1558 2173 366 
1393 78 1351 77 
1394 904 1347 903 
1395 2038 2508 63 
1396 787 2258 1712 
1397 411 1832 378 
1398 1574 2503 464 
1399 2203 2239 1468 
1400 1164 1165 1157 
1401 933 2263 1806 
1402 224 2382 1772 
1403 1412 2141 1986 
1404 902 1715 901 
1405 789 1361 788 
1406 1828 2414 1247 
1407 82 2305 1598 
1408 1649 2103 1161 
1409 1640 2307 1298 
1410 1480 1481 1479 
1411 788 2258 787 
1412 1326 1801 1697 
1413 365 2420 364 
1414 778 1233 777 
1415 579 681 682 
1416 177 2435 176 
1417 470 2293 469 
1418 926 1663 1418 
1419 1381 2350 1900 
1420 1393 2085 1394 
1421 561 2569 560 
1422 1812 2202 555 
1423 805 2009 850 
1424 2175 2277 1982 
1425 692 2280 691 
1426 1500 1796 1795 
1427 1766 2298 112 
1428 1459 1640 456 
1429 260 1205 259 
1430 2545 2554 193 
1431 1337 1846 666 
1432 323 1749 352 
1433 1561 2249 2248 
1434 904 1907 1347 
1435 1166 2191 1668 
1436 1651 2030 1677 
1437 1161 2029 1649 
1438 1194 1195 1165 
1439 1948 2483 626 
1440 36 1188 35 
1441 1985 2334 1305 
1442 590 1382 589 
1443 128 1517 127 
1444 564 1315 563 
1445 1305 1991 1985 
1446 457 1459 456 
1447 1486 2307 1942 
1448 423 1328 1327 
1449 631 2576 1610 
1450 1787 1788 273 
1451 1287 1288 1197 
1452 1439 2528 1872 
1453 399 1941 497 
1454 656 1670 1669 
1455 1814 1828 1645 
1456 1553 1786 516 
1457 1823 2275 1456 
1458 1653 1738 448 
1459 835 1938 834 
1460 206 1766 1661 
1461 1672 2372 1466 
1462 1993 2547 1364 
1463 745 2211 744 
1464 1383 1854 1777 
1465 38 1847 1267 
1466 1608 1836 1629 
1467 1308 1763 1673 
1468 1748 2487 1360 
1469 1755 1756 1181 
1470 1450 2084 1656 
1471 101 1751 1440 
1472 1011 2563 1010 
1473 1903 2146 1068 
1474 1612 1637 89 
1475 700 2327 699 
1476 325 1495 1494 
1477 684 2398 683 
1478 2031 2516 1739 
1479 1792 2257 397 
1480 1154 1300 1299 
1481 1345 1916 1478 
1482 1541 1883 1081 
1483 1456 2242 1823 
1484 687 1778 791 
1485 90 1612 89 
1486 1656 2323 1450 
1487 378 1832 377 
1488 1836 1989 1087 
1489 1725 1726 1337 
1490 1659 1660 980 
1491 1304 1741 35 
1492 890 2119 1028 
1493 1308 1673 243 
1494 1397 1900 1289 
1495 284 1664 1306 
1496 827 2013 998 
1497 979 1994 978 
1498 1511 2140 2115 
1499 1852 2034 232 
1500 1606 1968 1026 
1501 1862 1997 1362 
1502 1008 1850 1146 
1503 1641 2429 1642 
1504 1555 2552 2176 
1505 1874 1974 1510 
1506 1444 2034 1852 
1507 388 1289 387 
1508 1664 2560 223 
1509 105 2332 1686 
1510 373 1154 372 
1511 802 1981 1726 
1512 1738 1825 448 
1513 386 2061 1694 
1514 930 2436 929 
1515 1587 2444 1990 
1516 30 2520 29 
1517 1773 1979 366 
1518 998 1841 827 
1519 92 2484 1751 
1520 1672 2439 607 
1521 835 2449 800 
1522 329 1933 1395 
1523 524 2159 2158 
1524 1221 2489 701 
1525 1621 2223 1492 
1526 3 4 1104 
1527 2041 2546 1776 
1528 2 1245 1 
1529 1958 2336 711 
1530 1345 1478 1301 
1531 1213 1616 1212 
1532 2184 2241 1424 
1533 1675 1857 391 
1534 2093 2257 240 
1535 202 1356 201 
1536 1559 1583 1249 
1537 224 2383 2382 
1538 1466 2372 1919 
1539 64 2038 63 
1540 845 2146 843 
1541 727 2079 1744 
1542 66 1633 65 
1543 1708 1709 1343 
1544 2150 2206 1159 
1545 807 2516 848 
1546 1603 2328 1998 
1547 443 1240 1179 
1548 1729 2248 1682 
1549 978 1994 1004 
1550 1571 2477 2119 
1551 365 1979 1143 
1552 1962 2458 1554 
1553 14 2246 1707 
1554 1419 1668 1420 
1555 1772 2382 327 
1556 2376 2413 437 
1557 932 2515 931 
1558 1342 1708 1343 
1559 2305 2558 1598 
1560 1400 2098 158 
1561 1451 2060 1694 
1562 2326 2442 1302 
1563 474 1419 1264 
1564 2168 2169 387 
1565 1228 2326 1302 
1566 1804 2464 1166 
1567 819 1277 818 
1568 36 1189 1188 
1569 718 2108 1078 
1570 1761 2279 993 
1571 1342 1343 1341 
1572 439 1524 438 
1573 1236 1734 159 
1574 1798 2198 1753 
1575 1467 1500 1277 
1576 1638 1779 1011 
1577 1599 2192 498 
1578 1633 1847 1634 
1579 925 2100 924 
1580 2344 2379 1175 
1581 125 2370 124 
1582 847 2083 1411 
1583 1497 1791 1214 
1584 109 1887 1696 
1585 1148 1149 428 
1586 2073 2335 1798 
1587 122 2094 1701 
1588 1510 1974 1511 
1589 298 2381 297 
1590 2098 2550 1352 
1591 439 1611 1524 
1592 1292 2392 2391 
1593 667 1337 666 
1594 1975 2080 1735 
1595 1519 2241 892 
1596 1160 1916 1474 
1597 2043 2209 1582 
1598 1188 1304 35 
1599 1142 2108 718 
1600 462 2413 304 
1601 1589 2409 1791 
1602 1430 2337 816 
1603 1398 1962 1711 
1604 1011 1779 988 
1605 494 1737 493 
1606 1815 2567 1814 
1607 580 2360 579 
1608 495 2023 494 
1609 942 1732 1731 
1610 2145 2518 1279 
1611 1350 2446 1745 
1612 1162 1805 1720 
1613 335 2438 1869 
1614 1780 2156 1079 
1615 1953 2347 28 
1616 1350 2481 1881 
1617 28 1861 27 
1618 1654 2328 1603 
1619 76 1170 75 
1620 1636 2107 1374 
1621 1740 1915 426 
1622 658 767 657 
1623 212 1428 211 
1624 1643 1644 1247 
1625 1548 2087 1549 
1626 804 1949 736 
1627 250 1652 249 
1628 1441 1865 1514 
1629 1257 1537 649 
1630 1189 1329 1188 
1631 68 2036 1765 
1632 110 2496 109 
1633 1106 1222 1042 
1634 238 2138 257 
1635 2364 2438 335 
1636 459 2090 458 
1637 1765 2036 1454 
1638 1292 2284 1176 
1639 80 1909 1526 
1640 1062 2249 1561 
1641 1657 2137 956 
1642 1390 1958 1534 
1643 1460 2048 824 
1644 957 1657 956 
1645 1284 1753 1226 
1646 1259 2072 2017 
1647 1323 2315 1713 
1648 2357 2454 1440 
1649 1752 2046 522 
1650 1093 2256 1775 
1651 1693 1799 1357 
1652 1616 2302 1415 
1653 1740 2005 1915 
1654 441 2285 1639 
1655 1294 1692 242 
1656 2011 2236 261 
1657 642 1984 1199 
1658 1772 2568 224 
1659 1088 1944 1407 
1660 1986 2141 1539 
1661 608 2372 1672 
1662 1524 2493 1716 
1663 951 1346 950 
1664 1295 2318 2141 
1665 1942 2307 1459 
1666 980 1409 979 
1667 929 2436 949 
1668 578 2224 740 
1669 1870 2401 1422 
1670 1664 1950 1306 
1671 361 1147 359 
1672 539 2194 1413 
1673 329 1951 1933 
1674 902 2069 1715 
1675 1797 2462 1965 
1676 1457 1752 1621 
1677 1347 1808 903 
1678 872 2537 1182 
1679 740 2143 2002 
1680 1702 1940 1256 
1681 1484 2442 2326 
1682 659 1169 670 
1683 694 2254 2253 
1684 1354 1901 519 
1685 1250 1326 1177 
1686 100 1280 1270 
1687 596 2300 1462 
1688 446 1857 1675 
1689 2001 2002 1410 
1690 784 2040 915 
1691 640 1284 1226 
1692 2371 2372 2327 
1693 1191 1393 507 
1694 1176 2284 2071 
1695 499 1983 498 
1696 1355 1684 1586 
1697 333 2463 278 
1698 1300 1301 1299 
1699 1722 2403 8 
1700 698 1920 697 
1701 1284 1798 1753 
1702 1990 2273 213 
1703 1887 2564 1428 
1704 380 2231 2011 
1705 1222 2243 142 
1706 283 1160 282 
1707 116 1866 1505 
1708 76 1181 1170 
1709 2201 2202 551 
1710 542 1939 550 
1711 240 2461 2093 
1712 313 1177 312 
1713 634 1863 633 
1714 293 2460 1647 
1715 752 2124 1565 
1716 602 2295 1061 
1717 193 2171 41 
1718 1576 2354 1145 
1719 261 2216 2011 
1720 221 1843 220 
1721 114 1276 113 
1722 269 1788 1787 
1723 1844 1923 1411 
1724 1364 2547 1917 
1725 1378 1479 1173 
1726 1919 2489 1221 
1727 57 2366 1464 
1728 1864 1865 1441 
1729 1136 1021 1014 
1730 1959 2502 1958 
1731 942 1731 941 
1732 1285 2317 1508 
1733 1027 2117 1606 
1734 1451 1694 1452 
1735 2164 2424 1406 
1736 1918 1919 1221 
1737 1451 1452 1345 
1738 1726 1846 1337 
1739 819 1754 1467 
1740 216 1604 1163 
1741 629 2472 1709 
1742 694 2253 693 
1743 1432 1781 1009 
1744 173 228 186 
1745 371 1504 370 
1746 1163 1602 1333 
1747 2149 2150 406 
1748 1739 2516 807 
1749 345 1929 1499 
1750 1152 1718 1149 
1751 1151 1156 1152 
1752 1032 1789 1031 
1753 974 2523 2111 
1754 1717 1972 1408 
1755 1422 2401 2041 
1756 1226 1228 1227 
1757 474 1264 473 
1758 1148 1151 1149 
1759 1383 1384 1233 
1760 1170 1178 75 
1761 586 1317 585 
1762 1292 2391 2284 
1763 1234 1641 1335 
1764 2331 2452 1324 
1765 1170 1252 1178 
1766 430 1802 485 
1767 1866 2051 1505 
1768 1580 2067 1266 
1769 1562 1974 1874 
1770 1496 1999 351 
1771 963 2240 1622 
1772 116 2180 1866 
1773 1649 2029 1651 
1774 948 2270 1575 
1775 1595 2256 2121 
1776 369 2089 375 
1777 852 1743 851 
1778 1748 2251 923 
1779 1364 1365 1262 
1780 1118 1830 755 
1781 922 1910 1314 
1782 1419 1420 1264 
1783 711 1959 1958 
1784 2214 2241 1519 
1785 148 1568 1471 
1786 1305 2334 790 
1787 1838 1839 1318 
1788 895 1374 894 
1789 1618 1619 49 
1790 1760 2535 2232 
1791 2039 2463 333 
1792 563 1470 562 
1793 1709 1710 1343 
1794 1433 1455 1239 
1795 34 1212 40 
1796 1313 1937 172 
1797 613 2249 1062 
1798 78 1947 1351 
1799 1626 1632 1018 
1800 2156 2197 1080 
1801 348 1423 347 
1802 1079 2156 1080 
1803 260 1488 1205 
1804 995 2004 1762 
1805 1408 2442 1386 
1806 443 1541 1240 
1807 1244 1693 1357 
1808 242 1692 1475 
1809 1409 2456 1658 
1810 1252 1656 1348 
1811 2284 2391 1455 
1812 1889 2056 1530 
1813 1195 1206 1198 
1814 268 2227 1931 
1815 2212 2416 1822 
1816 1255 1433 1239 
1817 1655 2357 289 
1818 1545 1546 180 
1819 966 967 1131 
1820 1686 2183 1526 
1821 2183 2292 1526 
1822 491 2356 1901 
1823 1223 2239 2203 
1824 1048 1775 68 
1825 661 2238 2135 
1826 1622 1927 1910 
1827 1704 2422 1282 
1828 313 1235 1177 
1829 1833 2167 1743 
1830 790 2334 789 
1831 1712 2258 1414 
1832 1251 2096 526 
1833 1373 2341 706 
1834 1319 2117 1993 
1835 1302 1992 1229 
1836 1283 2376 437 
1837 314 2229 313 
1838 1671 2108 634 
1839 1205 1497 1214 
1840 235 2268 1648 
1841 1990 2444 1801 
1842 1686 2332 2183 
1843 565 2497 1768 
1844 291 1925 1924 
1845 1476 1609 1168 
1846 1199 1984 1840 
1847 1644 2041 1776 
1848 1607 2084 1450 
1849 1149 1719 428 
1850 1235 1295 1250 
1851 1723 2536 2498 
1852 725 2213 724 
1853 1024 1192 1158 
1854 1777 2379 1559 
1855 1554 2458 483 
1856 2248 2265 1561 
1857 1737 1738 1653 
1858 1030 2129 1029 
1859 1809 2413 462 
1860 2126 2341 1373 
1861 1549 2087 2066 
1862 1405 2342 2197 
1863 1252 1348 1178 
1864 739 1531 738 
1865 1010 1432 1009 
1866 1803 1804 1327 
1867 1848 2423 2018 
1868 1234 1335 1334 
1869 1441 1514 132 
1870 448 2519 447 
1871 185 2359 1540 
1872 1680 2249 613 
1873 1263 1320 1169 
1874 1287 1855 1380 
1875 1641 1642 1335 
1876 1477 2187 1724 
1877 693 2179 1325 
1878 744 2211 743 
1879 695 1463 705 
1880 449 2052 1653 
1881 1655 2454 2357 
1882 921 1509 920 
1883 1172 2084 1945 
1884 1564 2155 2123 
1885 1218 1972 1717 
1886 1637 2020 1721 
1887 212 1539 1428 
1888 1156 1164 1157 
1889 1250 1412 1326 
1890 1141 1558 366 
1891 1309 1635 1515 
1892 56 2577 2101 
1893 634 2108 1142 
1894 380 2011 379 
1895 861 1860 837 
1896 1409 1658 979 
1897 228 1489 186 
1898 405 1159 404 
1899 869 1436 1435 
1900 865 1592 1591 
1901 1228 1302 1229 
1902 1513 1922 1224 
1903 1509 2115 919 
1904 1929 2081 182 
1905 1167 1260 167 
1906 269 1961 1788 
1907 1775 2036 68 
1908 808 911 814 
1909 819 1467 1277 
1910 1143 2420 365 
1911 1504 1662 370 
1912 1330 1707 1329 
1913 1312 1706 1705 
1914 451 1868 450 
1915 1235 1250 1177 
1916 9 1955 8 
1917 1317 1318 585 
1918 640 1226 1202 
1919 1612 2020 1637 
1920 1396 2032 1397 
1921 1881 2481 1617 
1922 1859 2178 1437 
1923 487 2030 1458 
1924 879 1605 878 
1925 633 1863 632 
1926 1226 1227 1202 
1927 2498 2536 1542 
1928 520 1231 519 
1929 2398 2559 1946 
1930 445 1883 444 
1931 1263 1538 1320 
1932 1808 2069 903 
1933 253 2216 261 
1934 958 1445 957 
1935 1199 1840 1838 
1936 478 1800 477 
1937 1482 2405 1371 
1938 877 1871 1255 
1939 1603 1998 1602 
1940 838 2297 860 
1941 1928 2216 253 
1942 1796 2341 2126 
1943 1566 2490 817 
1944 1476 1810 1609 
1945 372 2075 371 
1946 1861 2347 1356 
1947 1378 2571 1479 
1948 695 2136 1463 
1949 2382 2383 326 
1950 1807 2320 1174 
1951 1353 1403 1213 
1952 1925 1988 192 
1953 716 1952 715 
1954 157 1352 156 
1955 616 2286 615 
1956 1203 2174 1762 
1957 1465 1942 1790 
1958 1160 1474 282 
1959 2099 2229 314 
1960 1376 2177 2071 
1961 589 1408 1386 
1962 1765 2480 66 
1963 2319 2416 2212 
1964 1795 2058 1438 
1965 1848 2018 1415 
1966 771 2232 770 
1967 105 1268 104 
1968 1813 1815 1814 
1969 1540 2044 1499 
1970 399 2192 1599 
1971 1246 1247 32 
1972 454 2096 2055 
1973 1164 1194 1165 
1974 2574 2575 385 
1975 1716 2569 1431 
1976 1359 2177 1376 
1977 1434 2520 1966 
1978 618 1921 617 
1979 1914 2498 1334 
1980 724 2045 730 
1981 1169 1964 670 
1982 189 2268 235 
1983 1365 1885 1262 
1984 596 1462 595 
1985 1662 2191 370 
1986 1376 2071 2070 
1987 304 2413 320 
1988 1652 1937 249 
1989 455 2159 454 
1990 1661 1936 1935 
1991 772 1244 609 
1992 1525 1601 900 
1993 1229 1230 1227 
1994 1551 1834 1286 
1995 1234 1334 1230 
1996 720 1225 1224 
1997 418 1621 417 
1998 243 1673 1294 
1999 1466 2439 1672 
2000 924 2515 1748 
2001 1229 1992 1234 
2002 1170 1905 1252 
2003 1162 1720 1718 
2004 1423 2389 1545 
2005 994 1761 993 
2006 659 1278 1211 
2007 313 2229 1235 
2008 1360 2251 1748 
2009 288 2370 287 
2010 1537 2264 1879 
2011 1367 1613 1439 
2012 1335 1914 1334 
2013 1996 2132 1358 
2014 703 2313 702 
2015 1790 1942 1459 
2016 358 2517 279 
2017 2160 2161 1690 
2018 1785 2213 725 
2019 1353 1845 1403 
2020 1267 1454 1453 
2021 1236 1736 1735 
2022 1201 2062 1912 
2023 1330 2064 1707 
2024 1191 1425 1393 
2025 1742 2245 1416 
2026 1895 2479 308 
2027 1616 2018 1212 
2028 1381 2451 1805 
2029 2392 2406 1732 
2030 794 2214 2213 
2031 145 1971 151 
2032 2042 2373 220 
2033 2133 2187 1243 
2034 2070 2157 1376 
2035 282 2385 281 
2036 1632 2130 1017 
2037 1290 2288 1879 
2038 1517 2229 2099 
2039 1748 2515 2487 
2040 1181 1905 1170 
2041 647 2294 646 
2042 1879 2288 1537 
2043 1696 1882 129 
2044 899 2465 1683 
2045 1683 2465 763 
2046 1154 1299 1241 
2047 1199 1838 1835 
2048 1171 2455 1714 
2049 1291 2246 14 
2050 1900 2451 1381 
2051 1548 1549 1269 
2052 895 1527 1374 
2053 759 1585 758 
2054 1784 2060 1451 
2055 53 2185 1563 
2056 1691 1888 27 
2057 1129 2354 1576 
2058 1814 2200 1828 
2059 1307 2222 2042 
2060 877 1255 1239 
2061 1371 2405 1934 
2062 235 2266 189 
2063 350 1826 349 
2064 66 2480 1633 
2065 1228 1229 1227 
2066 2298 2555 111 
2067 1830 2221 754 
2068 1413 1646 537 
2069 444 1541 443 
2070 45 1945 44 
2071 804 2559 1547 
2072 1762 2004 1385 
2073 201 1977 200 
2074 1167 1422 1339 
2075 1843 2042 220 
2076 1229 1234 1230 
2077 1304 2006 1741 
2078 1261 1262 1193 
2079 1561 2289 1062 
2080 1274 2195 6 
2081 192 2554 1925 
2082 1424 2252 2184 
2083 1892 2314 2014 
2084 1262 1885 1193 
2085 320 2413 2376 
2086 1642 2218 1335 
2087 959 2427 958 
2088 1425 1729 1682 
2089 1549 1623 1269 
2090 1730 2563 988 
2091 1099 46 47 
2092 931 2100 930 
2093 1154 1241 372 
2094 1768 2369 1316 
2095 1238 2001 1973 
2096 988 1779 987 
2097 1865 1866 1514 
2098 2001 2459 1973 
2099 1515 2542 1758 
2100 1724 2455 1171 
2101 1694 1695 1452 
2102 1308 1904 1763 
2103 746 2143 741 
2104 1367 2226 1613 
2105 1497 1895 1791 
2106 1227 1978 1202 
2107 389 2024 1569 
2108 223 2380 1664 
2109 1756 1943 1181 
2110 1411 1923 1548 
2111 1673 1674 1294 
2112 1241 2075 372 
2113 1512 1513 1224 
2114 1842 2475 1843 
2115 1731 2406 1811 
2116 832 2059 704 
2117 1835 1838 1318 
2118 148 1471 1426 
2119 93 2007 92 
2120 34 1353 1213 
2121 412 1832 411 
2122 483 1398 482 
2123 915 2447 784 
2124 1393 2086 2085 
2125 1852 2102 1444 
2126 632 2467 1414 
2127 1520 1696 129 
2128 1167 1870 1422 
2129 2203 2204 2202 
2130 702 1521 1221 
2131 836 2509 798 
2132 87 2403 1722 
2133 1452 1916 1345 
2134 2412 2442 1408 
2135 139 2546 2041 
2136 17 2403 87 
2137 682 1862 579 
2138 921 1510 1509 
2139 1188 2426 1304 
2140 370 2191 1166 
2141 1185 2199 2160 
2142 1478 1728 1301 
2143 1325 2178 1859 
2144 1420 1421 1264 
2145 1945 2084 1607 
2146 1260 1865 1864 
2147 1425 2086 1393 
2148 1438 2374 818 
2149 1807 2295 1635 
2150 124 2370 2007 
2151 1563 1564 1363 
2152 1385 1559 1249 
2153 41 2171 58 
2154 1187 1243 59 
2155 662 2395 605 
2156 1586 2074 619 
2157 1326 1990 1801 
2158 1541 2197 1240 
2159 42 2259 1913 
2160 2049 2050 1271 
2161 1211 1263 1169 
2162 1189 1330 1329 
2163 1781 2419 1347 
2164 775 2217 2058 
2165 1669 1670 769 
2166 378 2176 411 
2167 824 2048 1625 
2168 1839 1991 1963 
2169 955 1145 954 
2170 1575 2345 2190 
2171 260 1498 1488 
2172 605 2395 1880 
2173 586 2335 1317 
2174 2127 2456 1409 
2175 1654 2550 2098 
2176 1230 1978 1227 
2177 1721 2426 1329 
2178 1148 2028 1151 
2179 1448 2430 1000 
2180 2340 2418 1387 
2181 1745 2446 521 
2182 16 2476 2393 
2183 1521 1918 1221 
2184 1252 2323 1656 
2185 1317 1835 1318 
2186 736 2559 804 
2187 915 2040 914 
2188 722 2530 1215 
2189 713 1389 712 
2190 831 2021 829 
2191 1232 1341 1340 
2192 1257 2443 1537 
2193 330 2329 278 
2194 1521 2019 1918 
2195 58 2366 57 
2196 661 2439 1466 
2197 1301 1912 1299 
2198 423 1915 1328 
2199 1193 1377 1158 
2200 607 2439 2135 
2201 1217 1323 1322 
2202 415 1297 1296 
2203 1708 2282 1382 
2204 754 2221 2124 
2205 1893 2436 930 
2206 1466 1919 1918 
2207 207 2298 206 
2208 471 1630 470 
2209 1711 1962 1275 
2210 621 1355 620 
2211 2534 2565 2384 
2212 1288 1676 1197 
2213 1159 2303 1615 
2214 1958 2502 1534 
2215 1648 2268 190 
2216 1318 1948 585 
2217 1332 1667 1589 
2218 393 1930 1057 
2219 1319 1364 1262 
2220 1361 2349 788 
2221 120 2183 119 
2222 445 2290 1883 
2223 1286 1913 1270 
2224 1242 2223 1752 
2225 784 2343 2040 
2226 1902 2245 501 
2227 659 1211 1169 
2228 511 2304 510 
2229 277 2039 276 
2230 1468 2204 2203 
2231 1993 2117 1877 
2232 15 2393 1291 
2233 1850 1851 1146 
2234 1698 2446 677 
2235 130 2418 1520 
2236 1722 2164 86 
2237 1593 2339 721 
2238 1880 1881 1617 
2239 2015 2508 1546 
2240 1414 2258 2114 
2241 442 2239 1223 
2242 1278 1896 1293 
2243 1320 1964 1169 
2244 1903 2184 842 
2245 407 2399 406 
2246 880 1584 879 
2247 1617 1679 604 
2248 212 1986 1539 
2249 1439 1711 1275 
2250 1810 2396 1186 
2251 1193 1885 1377 
2252 1376 2157 854 
2253 640 1202 639 
2254 311 1248 310 
2255 375 2089 1379 
2256 196 2400 194 
2257 302 2102 1852 
2258 877 1239 876 
2259 1706 2438 2065 
2260 1431 2505 1716 
2261 514 2052 449 
2262 1321 2389 2095 
2263 1485 2149 2077 
2264 1333 1954 215 
2265 1773 2173 1933 
2266 1818 1970 1819 
2267 1649 1651 1650 
2268 544 2405 1687 
2269 1538 1725 1320 
2270 1910 2526 1622 
2271 1583 2344 2330 
2272 1510 1511 1509 
2273 531 2043 678 
2274 422 1209 1168 
2275 1964 1980 670 
2276 1871 1886 1255 
2277 1234 1992 1641 
2278 934 1388 933 
2279 472 2277 1416 
2280 1721 2246 1291 
2281 116 2340 2180 
2282 54 2185 53 
2283 1312 1869 1706 
2284 488 2104 487 
2285 2231 2491 1498 
2286 2003 2004 1996 
2287 509 2304 2265 
2288 1517 2099 127 
2289 1010 1730 1432 
2290 1415 2105 1848 
2291 2098 2328 1654 
2292 1517 2531 2228 
2293 963 1622 962 
2294 1275 1962 419 
2295 1723 2498 1914 
2296 1516 2459 747 
2297 1751 2357 1440 
2298 1263 1733 1538 
2299 1766 2375 1661 
2300 614 2448 1872 
2301 121 2363 1757 
2302 1162 1718 1152 
2303 1583 2330 1754 
2304 1343 1878 1341 
2305 1192 1261 1193 
2306 239 1792 245 
2307 1736 2411 2281 
2308 1855 2316 1380 
2309 293 1647 292 
2310 9 1956 1955 
2311 1549 1867 1623 
2312 1261 1319 1262 
2313 1181 1943 1905 
2314 497 2192 399 
2315 1442 2206 2150 
2316 1475 1891 1536 
2317 1878 1879 1429 
2318 113 2375 1766 
2319 1455 2390 1627 
2320 1140 1562 1037 
2321 1167 1339 1260 
2322 1865 2051 1866 
2323 1573 2363 1701 
2324 1196 1649 1401 
2325 1568 2435 1471 
2326 1886 2070 1255 
2327 440 2128 439 
2328 1424 2241 2214 
2329 730 2045 893 
2330 242 1475 241 
2331 1839 1948 1318 
2332 1393 1394 507 
2333 1910 1927 1314 
2334 862 1860 861 
2335 1209 1476 1168 
2336 1752 2223 1621 
2337 1490 2107 729 
2338 1017 2129 1016 
2339 1840 1991 1838 
2340 1668 2068 1420 
2341 726 2468 725 
2342 2206 2303 1159 
2343 1839 2483 1948 
2344 1736 1976 1975 
2345 1196 2103 1649 
2346 148 1426 147 
2347 856 1359 855 
2348 1579 2075 1241 
2349 134 1614 133 
2350 50 2155 1618 
2351 1078 2108 1671 
2352 1215 1593 721 
2353 1760 2232 610 
2354 1217 1321 154 
2355 1314 1927 1770 
2356 2123 2155 50 
2357 117 2475 1842 
2358 81 2525 1909 
2359 1497 2479 1895 
2360 971 1271 970 
2361 1834 1913 1286 
2362 1897 1898 1293 
2363 1023 2394 2014 
2364 1367 1439 1275 
2365 1667 2409 1589 
2366 1250 2141 1412 
2367 799 2449 836 
2368 527 2474 1251 
2369 1838 1991 1839 
2370 2393 2476 1577 
2371 1688 2092 1483 
2372 1348 1506 1178 
2373 1560 2056 1889 
2374 1885 1892 1377 
2375 171 2361 2299 
2376 1916 2572 1474 
2377 1886 2157 2070 
2378 706 2341 2287 
2379 1504 2082 1662 
2380 1412 1990 1326 
2381 316 2312 315 
2382 980 1660 1409 
2383 1297 1447 1296 
2384 801 2247 1938 
2385 1392 2034 1444 
2386 1832 2144 377 
2387 2054 2055 1251 
2388 1639 2285 556 
2389 698 2154 1920 
2390 2008 2543 74 
2391 986 1774 985 
2392 342 2387 1560 
2393 1174 2320 403 
2394 1851 1906 1146 
2395 36 2012 1189 
2396 1664 2380 1950 
2397 778 1383 1233 
2398 1827 2551 882 
2399 1195 2181 1206 
2400 61 1219 1187 
2401 206 2298 1766 
2402 187 1588 1587 
2403 1349 1579 1241 
2404 1299 1349 1241 
2405 990 2549 989 
2406 958 2427 1446 
2407 987 1779 986 
2408 1824 2242 1106 
2409 2371 2489 1919 
2410 1879 2539 1290 
2411 2035 2255 1804 
2412 1298 1486 414 
2413 2228 2531 1882 
2414 1151 1161 1156 
2415 1797 1965 862 
2416 667 1980 1964 
2417 713 1920 1389 
2418 225 1688 231 
2419 1459 2307 1640 
2420 1559 2379 1583 
2421 1982 2277 472 
2422 2163 2175 1421 
2423 322 2208 321 
2424 1513 2333 1922 
2425 532 2209 531 
2426 2197 2342 1240 
2427 612 2289 654 
2428 1601 2338 2337 
2429 1002 2456 1001 
2430 2017 2072 1426 
2431 651 1767 1493 
2432 2055 2096 1251 
2433 700 2489 2371 
2434 1384 2003 1996 
2435 1403 2151 1552 
2436 1278 1293 1211 
2437 1280 1286 1270 
2438 1758 2542 602 
2439 667 2440 1337 
2440 1382 2432 1717 
2441 342 1560 341 
2442 2051 2205 1505 
2443 1778 1963 1305 
2444 1319 1993 1364 
2445 1574 2524 536 
2446 1868 2170 450 
2447 2129 2130 1029 
2448 821 2174 1203 
2449 1784 2574 2060 
2450 21 1406 20 
2451 16 2393 15 
2452 988 2563 1011 
2453 1236 2411 1736 
2454 1406 2450 2164 
2455 892 2184 891 
2456 115 2562 33 
2457 85 2450 1944 
2458 1309 1515 1457 
2459 1877 2117 1027 
2460 85 1944 84 
2461 658 1437 767 
2462 1823 2242 1824 
2463 520 1232 1231 
2464 2068 2191 1662 
2465 754 2124 753 
2466 1370 1993 1877 
2467 2006 2501 1258 
2468 989 2549 1808 
2469 2007 2370 92 
2470 1287 1380 1288 
2471 1743 2167 1281 
2472 1247 2414 32 
2473 420 1367 1275 
2474 1869 2438 1706 
2475 1414 2467 1712 
2476 1214 1769 258 
2477 1740 2262 2005 
2478 415 1296 414 
2479 942 2301 1732 
2480 1341 1878 1429 
2481 1279 2518 150 
2482 1153 2274 1813 
2483 1397 2451 1900 
2484 1808 2549 2069 
2485 1141 2260 1558 
2486 2222 2473 1523 
2487 1627 2390 2378 
2488 1947 2292 1487 
2489 1233 1358 777 
2490 1413 2193 1646 
2491 1380 1381 1288 
2492 1610 2294 631 
2493 1196 1338 1194 
2494 261 2236 260 
2495 1896 1897 1293 
2496 1747 2076 1336 
2497 135 2361 1750 
2498 1473 2277 2175 
2499 2085 2086 467 
2500 1915 2005 1328 
2501 273 2348 1787 
2502 1304 2426 2020 
2503 1736 2281 1976 
2504 1178 2008 75 
2505 96 2278 1607 
2506 1206 1207 1198 
2507 2119 2146 1571 
2508 1238 2002 2001 
2509 693 2253 2179 
2510 280 2367 357 
2511 1710 1878 1343 
2512 238 2139 2138 
2513 1337 2440 1725 
2514 2005 2089 1328 
2515 2327 2372 608 
2516 1728 1912 1301 
2517 2130 2131 1029 
2518 2255 2445 1804 
2519 1828 2200 1185 
2520 1753 2326 1228 
2521 256 2138 1392 
2522 886 2556 1518 
2523 1957 2377 309 
2524 396 2257 2093 
2525 1549 2066 1867 
2526 429 1266 1148 
2527 738 1531 737 
2528 576 2225 575 
2529 2287 2341 1500 
2530 1264 1982 473 
2531 1488 1497 1205 
2532 895 2353 1527 
2533 1917 2362 1364 
2534 269 1787 268 
2535 1349 1772 1579 
2536 2046 2235 522 
2537 919 2362 1917 
2538 998 2013 997 
2539 1985 1991 1840 
2540 332 2329 331 
2541 1296 1298 414 
2542 1722 2424 2164 
2543 1526 2292 79 
2544 1192 1193 1158 
2545 1314 1770 1366 
2546 2250 2251 1360 
2547 1334 2386 1230 
2548 1916 2565 1478 
2549 1395 2306 328 
2550 308 2479 307 
2551 1280 1550 1286 
2552 1900 2350 2168 
2553 833 2059 832 
2554 55 2101 54 
2555 645 2280 692 
2556 1442 2150 2149 
2557 615 2533 614 
2558 2213 2214 724 
2559 1217 1322 1321 
2560 638 1542 1180 
2561 1273 2349 1984 
2562 1656 2147 1348 
2563 97 2278 96 
2564 1454 2480 1765 
2565 2162 2163 1421 
2566 471 1902 1630 
2567 1404 1616 1213 
2568 319 1890 318 
2569 1786 2514 516 
2570 1933 2173 1395 
2571 1309 2320 1635 
2572 1973 2459 1516 
2573 1315 2441 563 
2574 2202 2204 551 
2575 1385 2003 1559 
2576 2308 2309 884 
2577 1550 1551 1286 
2578 1560 1983 341 
2579 1339 2051 1260 
2580 811 2434 1578 
2581 1817 1818 1816 
2582 839 2057 1572 
2583 794 1785 793 
2584 256 1392 1391 
2585 664 1375 1368 
2586 1151 2028 1161 
2587 1299 1912 1349 
2588 1295 2141 1250 
2589 74 2543 1098 
2590 1316 2369 2080 
2591 1255 2070 1433 
2592 1632 2131 2130 
2593 415 2189 1297 
2594 1730 2283 1432 
2595 207 2555 2298 
2596 888 1632 1626 
2597 1392 1444 1391 
2598 1480 2512 748 
2599 935 1292 1176 
2600 1601 2337 900 
2601 1184 2457 2301 
2602 2183 2332 119 
2603 2013 2219 2132 
2604 146 2026 1931 
2605 1440 2454 1280 
2606 2014 2394 1377 
2607 1521 2527 2019 
2608 348 2095 1423 
2609 1418 2270 1893 
2610 818 2374 817 
2611 149 2511 175 
2612 1964 2440 667 
2613 1705 2321 274 
2614 1887 2318 1696 
2615 1512 1712 1513 
2616 1385 2004 2003 
2617 83 1629 82 
2618 1803 2464 1804 
2619 2070 2071 1433 
2620 263 1979 1773 
2621 1190 2469 1770 
2622 1673 1764 1674 
2623 1206 1600 1265 
2624 299 2561 1853 
2625 84 1989 1608 
2626 423 1932 1915 
2627 749 1480 748 
2628 1858 2555 208 
2629 1586 2494 2074 
2630 202 1861 1356 
2631 6 2195 1970 
2632 2110 2111 1445 
2633 2072 2558 1426 
2634 651 1493 1257 
2635 1155 2088 2010 
2636 1696 2318 1882 
2637 1173 1371 581 
2638 1811 2406 936 
2639 1475 1536 241 
2640 2378 2390 1184 
2641 928 1663 926 
2642 466 1682 1681 
2643 1217 2315 1323 
2644 2199 2453 2160 
2645 1821 2199 1820 
2646 892 2241 2184 
2647 1471 2017 1426 
2648 1448 2322 2050 
2649 1800 1872 477 
2650 8 2403 17 
2651 1372 2055 2054 
2652 1186 2396 475 
2653 1804 2445 1327 
2654 1403 1404 1213 
2655 1403 1552 1404 
2656 1413 2194 2193 
2657 1295 2228 1882 
2658 1164 1196 1194 
2659 2065 2438 2025 
2660 1365 2140 1885 
2661 1845 2151 1403 
2662 1564 2123 1363 
2663 1674 2573 2044 
2664 29 2522 1953 
2665 1718 1719 1149 
2666 403 2320 1309 
2667 1207 1856 1198 
2668 1339 2205 2051 
2669 1511 2115 1509 
2670 1894 2336 1390 
2671 1808 2283 989 
2672 2047 2049 1271 
2673 1297 1700 1447 
2674 1235 2228 1295 
2675 1341 1429 1340 
2676 1347 2419 1808 
2677 853 2157 1886 
2678 1736 1975 1735 
2679 1194 2181 1195 
2680 1675 2306 446 
2681 524 1242 523 
2682 1799 2404 1357 
2683 2092 2093 1483 
2684 1853 2561 301 
2685 1527 2351 1636 
2686 2000 2016 961 
2687 1594 2346 1593 
2688 1267 1453 1150 
2689 1787 2227 268 
2690 175 2511 1782 
2691 2019 2527 1278 
2692 264 2420 1143 
2693 1461 2047 971 
2694 1500 2341 1796 
2695 194 2365 2171 
2696 1129 975 976 
2697 1878 2539 1879 
2698 1908 2552 254 
2699 1997 2166 1362 
2700 1798 2335 1183 
2701 105 1686 1268 
2702 1372 2054 532 
2703 2074 2494 597 
2704 1623 2250 1269 
2705 429 1148 428 
2706 18 1407 23 
2707 1420 2162 1421 
2708 2013 2132 997 
2709 1236 1735 1734 
2710 371 2075 1504 
2711 1481 2237 1482 
2712 1028 2477 1027 
2713 839 1571 845 
2714 1651 1677 1650 
2715 90 2501 1612 
2716 263 1773 262 
2717 1649 1650 1401 
2718 2152 2508 2015 
2719 426 2024 1740 
2720 112 2298 111 
2721 1280 2454 1550 
2722 2260 2290 445 
2723 1743 1884 1833 
2724 1260 2051 1865 
2725 176 2435 1568 
2726 2065 2145 1706 
2727 321 2208 2163 
2728 168 1870 1167 
2729 2306 2544 328 
2730 1266 2028 1148 
2731 1595 2121 1453 
2732 804 2557 1949 
2733 821 1203 820 
2734 1763 1764 1673 
2735 644 2114 1273 
2736 1501 2170 1868 
2737 807 848 806 
2738 1634 2410 65 
2739 1323 1620 1322 
2740 942 2308 873 
2741 1898 2188 1293 
2742 1876 2524 453 
2743 373 2574 1784 
2744 325 1494 324 
2745 1203 1249 820 
2746 711 2336 710 
2747 139 2401 138 
2748 1631 2233 912 
2749 644 1273 643 
2750 1365 2362 2115 
2751 294 1522 293 
2752 1803 2089 369 
2753 971 2047 1271 
2754 401 1941 400 
2755 1203 1385 1249 
2756 1934 2405 544 
2757 607 2135 606 
2758 789 2334 1361 
2759 2209 2474 1582 
2760 1885 2140 1892 
2761 1597 2366 2365 
2762 1814 2567 2200 
2763 466 1681 1680 
2764 1478 2565 2534 
2765 1545 2015 1546 
2766 709 1535 708 
2767 751 2196 750 
2768 2454 2506 1550 
2769 128 2531 1517 
2770 528 1303 527 
2771 1462 2120 595 
2772 382 2090 381 
2773 1578 2434 2233 
2774 1243 2187 1783 
2775 788 2349 2114 
2776 199 2101 198 
2777 1882 2318 1295 
2778 1399 1400 158 
2779 1647 2460 234 
2780 1679 2481 1745 
2781 398 1530 1529 
2782 1206 2181 1600 
2783 1776 2546 1153 
2784 1550 1924 1551 
2785 300 2561 299 
2786 410 2552 1908 
2787 700 2371 2327 
2788 1801 2444 1248 
2789 129 2531 128 
2790 1933 1951 262 
2791 1890 2441 1315 
2792 254 2552 1555 
2793 357 2367 356 
2794 1442 2149 1485 
2795 1196 1401 1338 
2796 2116 2570 590 
2797 1467 2287 1500 
2798 2286 2533 615 
2799 1570 2472 629 
2800 936 2406 2392 
2801 508 1191 507 
2802 1872 2528 477 
2803 422 1168 421 
2804 2228 2229 1517 
2805 321 2163 2162 
2806 601 2104 488 
2807 1717 2433 1218 
2808 2156 2358 1210 
2809 554 2201 1059 
2810 31 2160 1690 
2811 496 1941 401 
2812 1329 2426 1188 
2813 1442 1485 1311 
2814 1966 1967 1245 
2815 873 2301 942 
2816 1048 2325 1775 
2817 1773 1933 262 
2818 1185 2414 1828 
2819 1155 2010 1747 
2820 1715 2069 990 
2821 2097 2230 899 
2822 1189 1331 1330 
2823 1891 2359 185 
2824 1618 2347 1619 
2825 1454 2036 1595 
2826 160 2411 1236 
2827 2337 2338 816 
2828 1265 1442 1311 
2829 1767 2304 511 
2830 1338 2181 1194 
2831 1358 2219 777 
2832 2 1966 1245 
2833 1499 2566 1540 
2834 1538 2368 1725 
2835 881 2551 757 
2836 227 2438 2364 
2837 1552 1596 1404 
2838 1920 2154 1389 
2839 1578 1702 810 
2840 585 1948 626 
2841 1421 1982 1264 
2842 509 2265 1729 
2843 459 2091 2090 
2844 28 2347 1861 
2845 1335 2218 1914 
2846 281 2385 280 
2847 1018 2556 1626 
2848 301 2561 300 
2849 1724 2187 2133 
2850 1418 1893 925 
2851 1215 2272 1593 
2852 1357 2404 1894 
2853 1389 2120 712 
2854 1276 2375 113 
2855 1650 1899 1401 
2856 287 2370 125 
2857 1088 1407 18 
2858 708 2271 707 
2859 1540 2566 183 
2860 161 2411 160 
2861 289 2484 288 
2862 1278 2527 1896 
2863 1879 2264 1429 
2864 1745 2481 1350 
2865 101 1440 100 
2866 2274 2275 1823 
2867 483 2458 1398 
2868 480 2053 489 
2869 1622 2240 1927 
2870 563 2441 1470 
2871 1534 2331 1220 
2872 1992 2412 1972 
2873 150 2511 149 
2874 1815 1817 1816 
2875 1472 1473 354 
2876 1622 2526 1867 
2877 1386 2442 1484 
2878 1364 2362 1365 
2879 1508 2255 2035 
2880 720 2339 1225 
2881 1810 2226 1609 
2882 1900 2168 1289 
2883 2060 2574 385 
2884 1912 2062 1349 
2885 774 2125 773 
2886 2428 2429 513 
2887 2068 2162 1420 
2888 1906 2244 1146 
2889 476 1186 475 
2890 1447 2425 2158 
2891 1626 2556 886 
2892 1452 2572 1916 
2893 810 1702 809 
2894 1950 2380 1201 
2895 1833 1884 733 
2896 1708 2570 1709 
2897 1342 2282 1708 
2898 1282 2422 1871 
2899 1368 1881 1880 
2900 1379 2089 2005 
2901 828 2219 2013 
2902 1620 2015 1322 
2903 514 2148 513 
2904 1692 2359 1475 
2905 1483 1911 230 
2906 1349 2062 1772 
2907 391 1857 1689 
2908 395 1930 394 
2909 1630 2293 470 
2910 1328 2089 1803 
2911 1720 2261 1718 
2912 1728 2534 1950 
2913 1812 2203 2202 
2914 1240 2342 1723 
2915 1815 1823 1817 
2916 958 1446 1445 
2917 1263 2188 1733 
2918 646 2294 1610 
2919 2028 2029 1161 
2920 784 2447 796 
2921 1156 2103 1164 
2922 1972 2412 1408 
2923 1719 2261 427 
2924 1560 2387 2056 
2925 1225 1512 1224 
2926 1946 2559 736 
2927 2058 2217 1438 
2928 1470 2421 2027 
2929 856 2109 1359 
2930 2333 2467 632 
2931 534 1876 533 
2932 191 2510 190 
2933 2391 2457 2390 
2934 2479 2491 307 
2935 1454 1595 1453 
2936 283 2384 1160 
2937 1995 2000 961 
2938 2050 2215 1271 
2939 1620 2152 2015 
2940 1896 2313 703 
2941 1308 2165 1904 
2942 159 1734 1313 
2943 2018 2423 1212 
2944 930 2100 1893 
2945 531 2209 2043 
2946 780 2021 831 
2947 1611 2493 1524 
2948 1882 2531 129 
2949 1256 2530 1076 
2950 299 2276 298 
2951 1475 2359 1891 
2952 1883 2290 1082 
2953 1302 2412 1992 
2954 1856 2495 1855 
2955 1206 1265 1207 
2956 38 1267 1150 
2957 2064 2269 13 
2958 1447 2113 1296 
2959 2300 2502 1462 
2960 1447 2158 2113 
2961 1588 1957 1587 
2962 1429 2397 1340 
2963 638 1180 637 
2964 1734 1768 1313 
2965 2282 2432 1382 
2966 369 2464 1803 
2967 223 2560 222 
2968 150 2518 2511 
2969 1455 2391 2390 
2970 1806 2487 932 
2971 1600 2303 2206 
2972 1160 2565 1916 
2973 1866 2180 1514 
2974 217 1960 1837 
2975 1456 2243 2242 
2976 1431 2569 2027 
2977 1750 2361 171 
2978 1796 2126 2125 
2979 1716 2505 1283 
2980 1759 2252 795 
2981 1363 2532 52 
2982 1783 2525 81 
2983 1770 1771 1366 
2984 2135 2238 606 
2985 386 2060 385 
2986 108 1523 107 
2987 528 1698 1303 
2988 1544 1946 1531 
2989 618 2541 1921 
2990 664 1368 663 
2991 338 1742 1472 
2992 420 2437 1367 
2993 450 2170 2148 
2994 1433 2284 1455 
2995 1472 2277 1473 
2996 1398 2286 482 
2997 1248 2444 1957 
2998 1214 2409 1769 
2999 1572 2477 1571 
3000 1469 1908 255 
3001 1456 2275 140 
3002 1457 2046 1752 
3003 847 1269 846 
3004 1432 2419 1781 
3005 1537 2443 2264 
3006 79 2292 1947 
3007 174 2065 2025 
3008 541 2204 1468 
3009 1666 2064 1330 
3010 34 1213 1212 
3011 1635 2320 1807 
3012 2158 2478 2113 
3013 2097 2337 1430 
3014 183 2566 1929 
3015 1969 2415 1821 
3016 900 2337 2097 
3017 187 1587 213 
3018 682 1997 1862 
3019 2106 2276 233 
3020 1863 2333 632 
3021 1344 2373 2222 
3022 2071 2284 1433 
3023 2511 2518 1782 
3024 1668 2191 2068 
3025 535 1876 534 
3026 2163 2208 353 
3027 1689 2519 1825 
3028 1271 2215 970 
3029 598 2074 597 
3030 1244 2513 1693 
3031 1815 2274 1823 
3032 785 2343 784 
3033 1265 2206 1442 
3034 918 2547 1370 
3035 1872 2448 1439 
3036 1986 2273 1412 
3037 1823 1824 1817 
3038 1593 2272 1594 
3039 1506 2008 1178 
3040 1492 2189 1491 
3041 1211 2188 1263 
3042 2227 2348 145 
3043 1346 2078 950 
3044 1853 2276 299 
3045 1754 2330 1467 
3046 1391 1469 255 
3047 1390 2336 1958 
3048 146 2227 145 
3049 1410 2459 2001 
3050 1270 2259 99 
3051 702 2313 1521 
3052 1485 2037 1311 
3053 1732 2406 1731 
3054 1434 2521 2520 
3055 1296 2113 1298 
3056 1791 2409 1214 
3057 1418 2345 2270 
3058 318 2080 317 
3059 2067 2134 1266 
3060 168 1167 167 
3061 1314 1366 1208 
3062 1392 2139 2034 
3063 294 1628 1522 
3064 1266 2134 2028 
3065 222 2560 285 
3066 169 2299 136 
3067 2390 2457 1184 
3068 1893 2100 925 
3069 2056 2387 1237 
3070 1805 2451 1720 
3071 1207 2172 1856 
3072 1860 2509 837 
3073 630 1570 629 
3074 1905 2323 1252 
3075 2093 2461 1483 
3076 2415 2416 1821 
3077 2109 2177 1359 
3078 21 1407 1406 
3079 1411 2083 1844 
3080 2054 2209 532 
3081 1325 2179 2178 
3082 1303 1582 527 
3083 636 1780 635 
3084 1460 2430 2049 
3085 1161 2103 1156 
3086 274 2321 273 
3087 2028 2134 2029 
3088 1209 2445 2255 
3089 2226 2437 1609 
3090 1346 2088 2078 
3091 1216 1217 154 
3092 1709 2472 1710 
3093 1913 2259 1270 
3094 2265 2304 653 
3095 689 2483 688 
3096 1725 2440 1320 
3097 2010 2076 1747 
3098 109 2564 1887 
3099 591 2116 590 
3100 1988 2510 192 
3101 420 1275 419 
3102 2020 2426 1721 
3103 1569 2032 1396 
3104 1253 2172 2037 
3105 446 2306 2207 
3106 1950 2534 1306 
3107 2005 2262 1379 
3108 1921 2541 2540 
3109 1996 2004 996 
3110 350 1829 1826 
3111 1598 2558 2072 
3112 1189 2012 1331 
3113 1360 2487 858 
3114 1446 2110 1445 
3115 1515 2046 1457 
3116 1444 2142 1391 
3117 2101 2577 198 
3118 2095 2389 1423 
3119 2066 2087 1502 
3120 549 1939 543 
3121 1663 2345 1418 
3122 1600 2206 1265 
3123 317 2080 1975 
3124 1589 2377 1588 
3125 2115 2362 919 
3126 1565 2296 577 
3127 797 2462 1739 
3128 2037 2172 1311 
3129 1388 2263 933 
3130 231 1483 230 
3131 625 2576 631 
3132 2102 2142 1444 
3133 38 1150 37 
3134 1265 1311 1207 
3135 2110 2112 973 
3136 1368 1880 663 
3137 111 2555 1858 
3138 2199 2200 1820 
3139 236 2266 235 
3140 935 1176 934 
3141 973 2111 2110 
3142 1813 2274 1815 
3143 1655 2506 2454 
3144 1701 2363 121 
3145 776 2217 775 
3146 1957 2444 1587 
3147 1733 2247 1538 
3148 1 2212 1822 
3149 1225 1533 1512 
3150 338 1472 354 
3151 1612 2501 2006 
3152 1141 2291 2290 
3153 294 2234 1628 
3154 2472 2486 1710 
3155 2014 2314 1139 
3156 2077 2517 1485 
3157 1880 2395 663 
3158 2161 2319 1690 
3159 1232 1340 1231 
3160 1617 2481 1679 
3161 2230 2465 899 
3162 1944 1989 84 
3163 1076 2530 717 
3164 1436 2031 1435 
3165 422 2445 1209 
3166 1361 2334 1985 
3167 1412 2273 1990 
3168 798 2509 1860 
3169 521 2446 1698 
3170 1061 2295 1449 
3171 1180 1405 1210 
3172 209 2496 110 
3173 1965 2462 797 
3174 379 2216 1928 
3175 2342 2536 1723 
3176 2129 2182 1016 
3177 1416 2245 1902 
3178 413 2417 2144 
3179 1017 2130 2129 
3180 1826 1829 1399 
3181 701 2489 700 
3182 1819 1970 1969 
3183 1331 1666 1330 
3184 1254 2314 1892 
3185 691 2280 690 
3186 1370 2547 1993 
3187 1550 2506 1924 
3188 1302 2442 2412 
3189 1546 2508 2038 
3190 852 1884 1743 
3191 442 1223 441 
3192 1909 2525 1268 
3193 1164 2103 1196 
3194 1219 2133 1187 
3195 873 2308 884 
3196 157 2098 1352 
3197 2452 2502 2300 
3198 1298 2307 1486 
3199 677 1350 676 
3200 1931 2227 146 
3201 1293 2188 1211 
3202 2092 2482 2093 
3203 165 2063 164 
3204 1960 2315 1216 
3205 1340 2397 1354 
3206 1039 1037 1038 
3207 1465 2417 1942 
3208 437 2413 1809 
3209 2161 2416 2319 
3210 1702 2233 1940 
3211 1494 1496 324 
3212 1474 2385 282 
3213 1331 2121 1666 
3214 680 2407 530 
3215 2466 2550 1837 
3216 1235 2229 2228 
3217 1527 2352 2351 
3218 1995 2537 872 
3219 2353 2548 2254 
3220 2123 2532 1363 
3221 1141 2290 2260 
3222 2365 2400 1597 
3223 2158 2159 455 
3224 1132 2118 1005 
3225 256 1391 255 
3226 260 2236 1498 
3227 2054 2474 2209 
3228 2124 2221 1565 
3229 1147 2495 1253 
3230 1367 2437 2226 
3231 1430 2230 2097 
3232 794 2213 1785 
3233 1421 2175 1982 
3234 1967 2319 1245 
3235 1670 2471 769 
3236 2311 2312 2063 
3237 279 2517 2077 
3238 545 1565 577 
3239 720 1224 719 
3240 555 2202 2201 
3241 1010 2563 1730 
3242 2011 2216 379 
3243 802 2368 801 
3244 922 1314 1208 
3245 2330 2344 2287 
3246 1690 2319 1967 
3247 1368 2324 1881 
3248 134 2310 1614 
3249 1940 2233 1631 
3250 225 226 336 
3251 1230 2386 1978 
3252 1894 2404 2336 
3253 1467 2330 2287 
3254 20 2424 1955 
3255 280 2402 2367 
3256 866 2000 1995 
3257 1628 2381 2106 
3258 558 2267 557 
3259 1635 2542 1515 
3260 1180 1210 637 
3261 689 2576 625 
3262 493 2514 1786 
3263 2077 2399 303 
3264 1274 2415 2195 
3265 762 2465 2230 
3266 2025 2438 227 
3267 1488 2479 1497 
3268 1488 2491 2479 
3269 1825 2519 448 
3270 1462 2502 1959 
3271 1478 2534 1728 
3272 1533 2346 1594 
3273 1483 2461 1911 
3274 425 1932 424 
3275 1695 2572 1452 
3276 2310 2311 1614 
3277 52 2532 51 
3278 1740 2024 383 
3279 1369 2312 2310 
3280 1522 2460 293 
3281 1624 2410 2105 
3282 1820 2567 1816 
3283 1698 1699 1303 
3284 1320 2440 1964 
3285 1647 1988 292 
3286 1030 2182 2129 
3287 1439 2448 1711 
3288 384 2262 1740 
3289 2132 2219 1358 
3290 1375 2324 1368 
3291 1426 2558 147 
3292 1340 1354 1231 
3293 1153 2275 2274 
3294 1775 2256 2036 
3295 1700 2425 1447 
3296 1380 2350 1381 
3297 2063 2312 316 
3298 1787 2348 2227 
3299 1391 2142 1469 
3300 2217 2374 1438 
3301 1527 2353 2352 
3302 1712 2467 1513 
3303 1484 2326 2198 
3304 2179 2253 765 
3305 2310 2312 2311 
3306 739 1544 1531 
3307 1051 2418 2340 
3308 2114 2349 1273 
3309 1187 2133 1243 
3310 2496 2564 109 
3311 1334 2498 2386 
3312 1307 2473 2222 
3313 2037 2517 358 
3314 164 2408 2281 
3315 1771 2190 1366 
3316 277 2463 2039 
3317 2164 2450 85 
3318 1116 2225 576 
3319 1377 2394 1158 
3320 1460 2431 2430 
3321 2071 2177 1176 
3322 233 2276 1853 
3323 851 1281 850 
3324 453 2524 465 
3325 1551 2545 1834 
3326 1921 2540 2053 
3327 2078 2088 1155 
3328 2033 2496 209 
3329 1544 2398 1946 
3330 1911 2461 240 
3331 1973 2571 1378 
3332 1485 2517 2037 
3333 2430 2431 1000 
3334 842 2252 1759 
3335 194 2400 2365 
3336 1822 2416 2415 
3337 2160 2453 2161 
3338 1642 2429 2428 
3339 1132 1005 1006 
3340 1970 2195 1969 
3341 2352 2500 1272 
3342 1578 2233 1702 
3343 1682 2248 1681 
3344 1498 2491 1488 
3345 2384 2565 1160 
3346 204 1935 203 
3347 1232 1875 1342 
3348 2027 2569 561 
3349 1073 907 908 
3350 1628 2106 1522 
3351 1537 2288 649 
3352 1405 2156 1210 
3353 2248 2249 1681 
3354 2196 2237 750 
3355 2041 2401 139 
3356 2138 2139 1392 
3357 2210 2562 115 
3358 2022 2507 1064 
3359 1398 2458 1962 
3360 1185 2200 2199 
3361 1623 2251 2250 
3362 1523 2220 107 
3363 2351 2352 1272 
3364 2063 2408 164 
3365 992 1601 1525 
3366 2173 2207 1395 
3367 839 1572 1571 
3368 1446 2427 2297 
3369 1134 1012 1013 
3370 1428 2564 2033 
3371 2093 2482 396 
3372 1924 2506 291 
3373 1182 2537 2087 
3374 1734 2369 1768 
3375 2301 2457 1732 
3376 1718 2261 1719 
3377 1106 2242 1222 
3378 156 2466 155 
3379 1158 2394 1023 
3380 1646 2503 537 
3381 2205 2210 1505 
3382 2069 2549 990 
3383 1172 2488 2147 
3384 2180 2340 1387 
3385 1461 2048 2047 
3386 355 2169 2168 
3387 1919 2372 2371 
3388 1924 2554 1551 
3389 2135 2439 661 
3390 2237 2388 1482 
3391 1844 2083 1436 
3392 2198 2326 1753 
3393 2207 2306 1395 
3394 1022 2014 1139 
3395 329 1395 328 
3396 1474 2402 2385 
3397 770 2535 1669 
3398 1219 2455 2133 
3399 865 1591 864 
3400 580 2553 2360 
3401 1180 2536 1405 
3402 1821 2453 2199 
3403 848 2516 2031 
3404 583 1378 582 
3405 1582 2474 527 
3406 548 2388 2196 
3407 319 2421 1890 
3408 2200 2567 1820 
3409 955 2137 1145 
3410 131 1387 130 
3411 2385 2402 280 
3412 2287 2344 706 
3413 2283 2419 1432 
3414 458 2090 1849 
3415 2242 2243 1222 
3416 1306 2534 2384 
3417 1430 2492 2230 
3418 2148 2428 513 
3419 2087 2537 1502 
3420 1216 2315 1217 
3421 2365 2366 58 
3422 2044 2573 1499 
3423 1140 1037 1039 
3424 1208 1663 928 
3425 409 2142 2102 
3426 2367 2402 1695 
3427 1001 2456 2127 
3428 2221 2296 1565 
3429 2215 2322 969 
3430 141 1456 140 
3431 653 1767 652 
3432 1929 2566 1499 
3433 236 2499 2266 
3434 2147 2488 1685 
3435 2114 2258 788 
3436 2171 2365 58 
3437 1636 2351 2079 
3438 1713 2315 1960 
3439 2247 2368 1538 
3440 1534 2452 2331 
3441 520 1875 1232 
3442 636 2358 1780 
3443 1710 2539 1878 
3444 279 2077 303 
3445 2290 2291 1082 
3446 24 18 23 
3447 373 2575 2574 
3448 152 1826 1399 
3449 1822 2415 1274 
3450 1782 2518 2145 
3451 490 2397 2264 
3452 1849 2090 382 
3453 2033 2564 2496 
3454 1735 2369 1734 
3455 2233 2434 912 
3456 1458 2134 2067 
3457 2264 2397 1429 
3458 1513 2467 2333 
3459 2090 2091 381 
3460 1542 2536 1180 
3461 2172 2495 1856 
3462 1147 1253 359 
3463 628 2116 591 
3464 2336 2404 710 
3465 455 2478 2158 
3466 1657 2523 2137 
3467 780 2485 2136 
3468 2254 2548 2253 
3469 2050 2322 2215 
3470 1613 2529 2528 
3471 801 2368 2247 
3472 1693 2513 2122 
3473 1588 2377 1957 
3474 859 2186 1592 
3475 1311 2172 1207 
3476 1400 2328 2098 
3477 2144 2417 1465 
3478 355 2350 2316 
3479 1324 2452 2300 
3480 1474 2572 2402 
3481 896 2548 2353 
3482 2168 2350 355 
3483 1966 2520 1967 
3484 1479 2571 2512 
3485 2119 2477 1028 
3486 677 2446 1350 
3487 159 1313 172 
3488 2313 2527 1521 
3489 2512 2571 1516 
3490 2036 2256 1595 
3491 1770 2469 1771 
3492 2136 2485 1463 
3493 2416 2453 1821 
3494 2170 2428 2148 
3495 769 2471 768 
3496 2270 2345 1575 
3497 1251 2474 2054 
3498 1808 2419 2283 
3499 516 2514 515 
3500 1875 2282 1342 
3501 2316 2350 1380 
3502 1558 2207 2173 
3503 2297 2538 1446 
3504 556 2285 1812 
3505 2521 2522 29 
3506 2230 2492 762 
3507 1523 2473 2220 
3508 2040 2343 913 
3509 2272 2530 1256 
3510 992 1525 991 
3511 1283 2505 2376 
3512 2137 2523 1576 
3513 2053 2540 599 
3514 831 2485 780 
3515 397 2257 396 
3516 1566 2492 2490 
3517 2421 2441 1890 
3518 1201 2568 2062 
3519 360 361 359 
3520 2133 2455 1724 
3521 923 2526 1910 
3522 1215 2530 2272 
3523 147 2558 2305 
3524 1551 2554 2545 
3525 416 2189 415 
3526 2357 2484 289 
3527 1675 2544 2306 
3528 1875 2432 2282 
3529 614 2533 2448 
3530 731 1665 761 
3531 1470 2441 2421 
3532 1225 2346 1533 
3533 1917 2547 918 
3534 1245 2319 2212 
3535 2490 2492 1430 
3536 2196 2388 2237 
3537 1751 2484 2357 
3538 1506 2543 2008 
3539 1352 2550 2466 
3540 2486 2539 1710 
3541 265 2420 264 
3542 2432 2433 1717 
3543 1446 2538 2110 
3544 1406 2424 20 
3545 2487 2515 932 
3546 2110 2538 2112 
3547 1190 2470 2469 
3548 961 2016 960 
3549 165 2311 2063 
3550 2184 2252 842 
3551 2448 2533 1711 
3552 2232 2535 770 
3553 2402 2572 1695 
3554 63 2508 2152 
3555 555 2201 554 
3556 1570 2486 2472 
3557 922 1208 928 
3558 2297 2427 860 
3559 2112 2538 1625 
3560 2167 2557 1281 
3561 2352 2353 2254 
3562 1534 2502 2452 
3563 1246 2562 2210 
3564 2339 2346 1225 
3565 2161 2453 2416 
3566 533 1876 453 
3567 6 1970 5 
3568 337 2482 2092 
3569 1352 2466 156 
3570 1516 2571 1973 
3571 2264 2443 490 
3572 384 1740 383 
3573 1593 2346 2339 
3574 1949 2557 2167 
3575 1896 2527 2313 
3576 765 2548 2355 
3577 376 1849 382 
3578 1290 2539 2486 
3579 1407 2450 1406 
3580 1212 2423 39 
3581 653 2304 1767 
3582 2195 2415 1969 
3583 512 2433 2432 
3584 2386 2498 1542 
3585 2253 2548 765 
3586 152 1399 158 
3587 735 1833 734 
3588 2520 2521 29 
3589 117 1842 126 
3590 717 2530 722 
3591 40 1212 39 
3592 1405 2536 2342 
3593 1068 2146 2119 
3594 831 829 830 
3595 355 2316 361 
3596 2281 2408 1976 
3597 2254 2500 2352 
3598 1591 2504 864 
3599 2355 2548 896 
3600 2222 2373 2042 
3601 1625 2538 2297 
3602 2266 2499 1543 
3603 859 1592 865 
3604 763 2465 762 
3605 1253 2495 2172 
3606 512 2432 1875 
3607 866 1995 872 
3608 512 1875 520 
3609 757 2551 756 
3610 882 2551 881 
3611 1115 570 571 
3612 1131 982 983 
3613 251 252 1110 
3614 1127 964 965 
3615 717 722 723 
3616 5 1831 4 
3617 1104 4 1105 
3618 4 1831 1105 
3619 7 1274 6 
3620 1044 1041 11 
3621 1091 1045 12 
3622 1089 18 19 
3623 1089 1088 18 
3624 20 1956 19 
3625 27 1888 26 
3626 1100 47 1046 
3627 1099 47 1100 
3628 1102 1047 48 
3629 51 2123 50 
3630 69 72 1094 
3631 1095 72 1049 
3632 1094 72 1095 
3633 1097 1050 73 
3634 1097 73 1098 
3635 77 1755 76 
3636 84 1608 83 
3637 1520 2418 109 
3638 1051 2340 116 
3639 119 2332 118 
3640 127 1369 134 
3641 136 2361 135 
3642 142 2243 141 
3643 143 1107 1042 
3644 1107 143 1052 
3645 1109 1053 144 
3646 1110 1109 144 
3647 164 1987 163 
3648 170 2299 169 
3649 172 1750 171 
3650 182 2081 181 
3651 181 2081 346 
3652 1489 1891 186 
3653 190 2268 189 
3654 194 2171 193 
3655 196 194 195 
3656 200 1977 199 
3657 213 2273 1986 
3658 217 1604 216 
3659 220 2373 219 
3660 224 2568 223 
3661 223 2568 2380 
3662 230 1507 229 
3663 232 2139 238 
3664 246 569 1112 
3665 1112 1054 246 
3666 1111 252 1054 
3667 1110 252 1111 
3668 258 1769 257 
3669 364 2420 265 
3670 1084 265 1055 
3671 1086 1056 266 
3672 268 1931 267 
3673 270 1961 269 
3674 273 1788 272 
3675 278 2463 277 
3676 297 2234 296 
3677 309 1895 308 
3678 312 1697 311 
3679 321 2082 327 
3680 1057 1930 337 
3681 341 1983 340 
3682 1310 1829 350 
3683 353 2208 352 
3684 359 1253 358 
3685 1253 2037 358 
3686 363 2291 362 
3687 1083 363 364 
3688 1082 2291 363 
3689 374 2575 373 
3690 396 2482 395 
3691 406 2150 405 
3692 411 2176 410 
3693 1491 2189 416 
3694 419 1554 432 
3695 428 1719 427 
3696 430 1580 429 
3697 431 1802 430 
3698 2193 2194 434 
3699 435 1809 463 
3700 438 1283 437 
3701 447 1857 446 
3702 456 1640 455 
3703 1640 2478 455 
3704 477 2529 476 
3705 482 1703 481 
3706 485 1802 484 
3707 498 2192 497 
3708 503 2293 502 
3709 515 2052 514 
3710 522 1745 521 
3711 529 2553 544 
3712 543 1939 542 
3713 1059 2201 551 
3714 553 1059 552 
3715 556 1812 555 
3716 559 2267 558 
3717 1113 569 1060 
3718 1112 569 1113 
3719 1114 1060 570 
3720 1114 570 1115 
3721 1115 571 572 
3722 1115 572 1116 
3723 1116 576 1117 
3724 592 626 627 
3725 2540 2541 599 
3726 617 1703 616 
3727 629 2116 628 
3728 637 2358 636 
3729 645 1859 658 
3730 649 2288 648 
3731 656 1926 655 
3732 657 2471 1670 
3733 662 2238 661 
3734 663 2395 662 
3735 670 1980 669 
3736 673 1846 672 
3737 681 2407 680 
3738 687 1427 686 
3739 688 1778 687 
3740 690 1610 689 
3741 1610 2576 689 
3742 693 1325 692 
3743 697 1793 696 
3744 704 2059 703 
3745 715 1793 714 
3746 1077 717 718 
3747 1076 717 1077 
3748 721 2339 720 
3749 729 727 728 
3750 756 1827 755 
3751 764 1683 763 
3752 773 2513 772 
3753 783 828 781 
3754 803 1981 802 
3755 806 2009 805 
3756 1075 808 809 
3757 808 909 910 
3758 1074 808 1075 
3759 1075 809 1076 
3760 817 2490 816 
3761 820 1754 819 
3762 822 2174 821 
3763 824 1625 838 
3764 827 1841 826 
3765 834 1898 833 
3766 836 2449 835 
3767 837 2509 836 
3768 838 1678 837 
3769 842 1759 841 
3770 843 1903 842 
3771 848 2031 847 
3772 2031 2083 847 
3773 850 2009 849 
3774 853 1746 852 
3775 860 2186 859 
3776 861 1678 860 
3777 864 2504 863 
3778 871 869 870 
3779 874 2378 873 
3780 878 1282 877 
3781 1119 882 1065 
3782 1118 1827 882 
3783 1122 1067 883 
3784 883 2309 1123 
3785 896 2353 895 
3786 897 2355 896 
3787 1074 908 909 
3788 1074 1073 908 
3789 912 2434 911 
3790 928 926 927 
3791 929 1727 938 
3792 933 1806 932 
3793 941 1336 940 
3794 943 2308 942 
3795 946 947 1126 
3796 1125 952 946 
3797 1125 946 1126 
3798 1124 2088 952 
3799 952 2088 1346 
3800 1128 965 953 
3801 953 2354 1129 
3802 1592 2186 960 
3803 1127 965 1128 
3804 1130 1069 966 
3805 1130 966 1131 
3806 975 1576 974 
3807 976 1069 1130 
3808 1129 976 1130 
3809 1131 983 977 
3810 1131 977 1132 
3811 1133 1071 984 
3812 1133 984 1134 
3813 1070 2338 992 
3814 993 2279 1070 
3815 999 1841 998 
3816 1004 1994 1003 
3817 1006 1071 1132 
3818 1008 1021 1007 
3819 1135 1013 1007 
3820 1007 1021 1136 
3821 1009 1850 1008 
3822 1134 1013 1135 
3823 1014 1032 1137 
3824 1136 1014 1137 
3825 1016 1789 1015 
3826 1019 1518 1018 
3827 1021 2244 1906 
3828 1138 1072 1022 
3829 1138 1022 1139 
3830 1031 2182 1030 
3831 1137 1032 1072 
3832 1034 1040 1033 
3833 1033 1040 1039 
3834 1073 1040 1034 
3835 1040 1140 1039 
3836 1090 1041 1044 
3837 1090 1044 1045 
3838 1091 1090 1045 
3839 1101 1046 1047 
3840 1100 1046 1101 
3841 1101 1047 1102 
3842 1096 1049 1050 
3843 1095 1049 1096 
3844 1096 1050 1097 
3845 1108 1052 1053 
3846 1052 1108 1107 
3847 1053 1109 1108 
3848 1054 1112 1111 
3849 1085 1055 1056 
3850 1084 1055 1085 
3851 1085 1056 1086 
3852 1113 1060 1114 
3853 1120 1065 1066 
3854 1119 1065 1120 
3855 1121 1066 1067 
3856 1120 1066 1121 
3857 1121 1067 1122 
3858 1132 1071 1133 
3859 1137 1072 1138 
3860 1087 1989 1088 
3861 1098 2543 1099 
3862 1103 2522 2521 
3863 1117 2296 1830 
3864 1771 2470 1126 
3865 1139 2314 1140 
3866 3 1434 2 
3867 1103 3 1104 
3868 3 2521 1434 
3869 10 1956 9 
3870 10 11 19 
3871 13 2269 12 
3872 12 1092 1091 
3873 17 2476 16 
3874 88 2476 17 
3875 1041 1089 19 
3876 22 23 21 
3877 25 26 114 
3878 115 25 114 
3879 29 1953 28 
3880 32 2414 31 
3881 1185 2160 31 
3882 31 2414 1185 
3883 35 1353 34 
3884 35 1741 1353 
3885 39 1204 38 
3886 43 1503 42 
3887 97 1503 43 
3888 46 1172 45 
3889 46 2488 1172 
3890 1103 48 49 
3891 1102 48 1103 
3892 49 1619 1103 
3893 57 1464 56 
3894 62 1219 61 
3895 65 1624 64 
3896 65 2410 1624 
3897 70 71 69 
3898 71 72 69 
3899 82 1598 91 
3900 89 1577 88 
3901 1258 2501 90 
3902 92 1751 101 
3903 99 1503 98 
3904 219 1344 102 
3905 107 2220 106 
3906 1344 1523 108 
3907 109 2418 1051 
3908 111 1858 110 
3909 113 1766 112 
3910 118 2475 117 
3911 118 2473 1307 
3912 1307 2475 118 
3913 124 2007 123 
3914 125 126 287 
3915 126 1842 287 
3916 132 1387 131 
3917 132 1514 1387 
3918 166 1441 133 
3919 133 1614 166 
3920 1110 144 135 
3921 251 135 250 
3922 1110 135 251 
3923 138 1870 137 
3924 137 168 169 
3925 137 1870 168 
3926 140 2546 139 
3927 140 2275 1153 
3928 1153 2546 140 
3929 143 1222 142 
3930 147 1556 146 
3931 149 1568 148 
3932 175 1568 149 
3933 151 1279 150 
3934 153 1826 152 
3935 154 1321 153 
3936 349 153 348 
3937 158 2098 157 
3938 160 1236 159 
3939 162 1987 161 
3940 163 1987 162 
3941 166 1614 165 
3942 175 1782 174 
3943 176 1568 175 
3944 178 1415 177 
3945 180 2038 179 
3946 1546 2038 180 
3947 186 1891 185 
3948 188 1332 187 
3949 198 1464 197 
3950 1464 1597 197 
3951 198 2577 1464 
3952 203 1691 202 
3953 213 1986 212 
3954 214 1495 224 
3955 219 2373 1344 
3956 286 221 222 
3957 336 1688 225 
3958 227 2364 226 
3959 226 2364 336 
3960 235 1648 234 
3961 241 1507 240 
3962 1507 1911 240 
3963 244 1308 243 
3964 245 2165 244 
3965 1792 2165 245 
3966 246 567 568 
3967 249 1528 248 
3968 254 1555 253 
3969 278 262 330 
3970 262 1951 330 
3971 264 1143 263 
3972 1086 266 1087 
3973 266 1144 1087 
3974 357 279 280 
3975 358 279 357 
3976 284 1306 283 
3977 1306 2384 283 
3978 287 1842 286 
3979 292 1925 291 
3980 302 303 408 
3981 462 304 305 
3982 305 306 461 
3983 462 305 461 
3984 306 307 460 
3985 461 306 460 
3986 307 1794 460 
3987 310 1248 309 
3988 1248 1957 309 
3989 317 1976 316 
3990 1976 2408 316 
3991 1975 1976 317 
3992 320 1431 319 
3993 324 1749 323 
3994 1496 1749 324 
3995 1057 328 392 
3996 330 1951 329 
3997 336 2364 335 
3998 337 1688 336 
3999 337 1930 395 
4000 339 1742 338 
4001 340 1443 339 
4002 500 340 499 
4003 340 1983 499 
4004 500 1443 340 
4005 343 2387 342 
4006 346 2081 345 
4007 351 1310 350 
4008 351 1999 1310 
4009 354 1473 353 
4010 356 1402 355 
4011 1402 2169 355 
4012 356 2061 1402 
4013 362 2291 368 
4014 1082 363 1083 
4015 368 2291 367 
4016 370 2464 369 
4017 1166 2464 370 
4018 377 1465 376 
4019 385 1557 384 
4020 387 1402 386 
4021 392 1675 391 
4022 393 1057 392 
4023 399 1599 398 
4024 401 402 495 
4025 496 401 495 
4026 402 2023 495 
4027 410 1469 409 
4028 410 1908 1469 
4029 413 1832 412 
4030 414 1486 413 
4031 417 1491 416 
4032 421 2437 420 
4033 1168 2437 421 
4034 426 1932 425 
4035 1569 2024 427 
4036 432 1554 484 
4037 434 2194 433 
4038 434 435 463 
4039 1058 434 463 
4040 441 1639 440 
4041 454 1372 453 
4042 453 1372 533 
4043 454 2055 1372 
4044 458 1849 457 
4045 457 1849 1790 
4046 460 1794 459 
4047 463 1809 462 
4048 465 1574 464 
4049 464 2503 1058 
4050 468 2085 467 
4051 469 506 468 
4052 1394 2085 468 
4053 469 504 506 
4054 472 1416 471 
4055 475 1285 474 
4056 479 1680 478 
4057 1680 1800 478 
4058 484 1554 483 
4059 487 1458 486 
4060 489 600 488 
4061 488 600 601 
4062 491 2397 490 
4063 492 2356 491 
4064 491 1901 1354 
4065 1354 2397 491 
4066 492 1786 1553 
4067 1553 2356 492 
4068 502 2293 1630 
4069 507 1394 506 
4070 509 1191 508 
4071 513 2433 512 
4072 513 2429 1218 
4073 1218 2433 513 
4074 523 1752 522 
4075 1242 1752 523 
4076 531 679 530 
4077 530 679 680 
4078 531 678 679 
4079 537 1574 536 
4080 539 1413 538 
4081 541 1468 540 
4082 544 2553 1934 
4083 546 752 545 
4084 546 751 752 
4085 549 1687 548 
4086 554 1059 553 
4087 557 1639 556 
4088 557 2128 1639 
4089 573 2225 572 
4090 575 573 574 
4091 577 2296 576 
4092 578 2002 584 
4093 584 1238 583 
4094 587 1183 586 
4095 628 591 592 
4096 592 627 628 
4097 594 699 593 
4098 595 2154 594 
4099 594 698 699 
4100 595 2120 1389 
4101 1389 2154 595 
4102 597 1324 596 
4103 1324 2300 596 
4104 597 2494 1324 
4105 599 2541 598 
4106 603 1758 602 
4107 606 2238 605 
4108 608 1672 607 
4109 610 2232 609 
4110 609 2232 771 
4111 622 1355 621 
4112 622 1684 1355 
4113 631 2294 630 
4114 647 1570 630 
4115 630 2294 647 
4116 632 1414 644 
4117 635 1671 634 
4118 639 1202 638 
4119 1202 1978 638 
4120 641 1284 640 
4121 648 2288 1290 
4122 654 1561 653 
4123 657 1670 656 
4124 657 767 768 
4125 666 674 665 
4126 665 674 675 
4127 666 673 674 
4128 671 1547 684 
4129 676 1375 675 
4130 676 2324 1375 
4131 678 1699 677 
4132 683 1997 682 
4133 685 1272 694 
4134 685 1744 1272 
4135 1272 2500 694 
4136 696 779 695 
4137 705 832 704 
4138 705 1463 832 
4139 707 2271 706 
4140 706 1175 716 
4141 710 1799 709 
4142 719 1142 718 
4143 1077 718 1078 
4144 719 1922 1142 
4145 737 1531 736 
4146 740 1362 739 
4147 747 1410 746 
4148 750 1480 749 
4149 758 2022 757 
4150 757 2022 881 
4151 1585 2022 758 
4152 761 1704 760 
4153 762 1566 776 
4154 775 1200 774 
4155 779 1532 778 
4156 781 2021 780 
4157 783 781 782 
4158 786 2343 785 
4159 787 1533 786 
4160 1533 1594 786 
4161 1631 2343 786 
4162 791 1305 790 
4163 795 1424 794 
4164 798 1965 797 
4165 1860 1965 798 
4166 801 1938 800 
4167 804 1547 803 
4168 808 910 911 
4169 812 2434 811 
4170 814 812 813 
4171 814 911 812 
4172 1070 2279 815 
4173 816 2490 1430 
4174 825 2431 824 
4175 824 2431 1460 
4176 829 2021 828 
4177 832 1463 831 
4178 1463 2485 831 
4179 833 1898 1897 
4180 840 2057 839 
4181 841 916 840 
4182 840 916 917 
4183 917 2057 840 
4184 841 915 916 
4185 846 1360 858 
4186 857 1567 856 
4187 863 2504 867 
4188 868 1797 867 
4189 867 2504 1590 
4190 872 1182 871 
4191 1184 2301 873 
4192 873 2378 1184 
4193 881 2022 1064 
4194 1118 882 1119 
4195 884 2309 883 
4196 1122 883 1123 
4197 886 1518 885 
4198 889 2131 888 
4199 890 1028 889 
4200 889 1028 1029 
4201 1029 2131 889 
4202 893 1519 892 
4203 894 1374 893 
4204 1374 1490 893 
4205 898 1683 897 
4206 906 907 1073 
4207 906 1581 921 
4208 906 1034 1035 
4209 913 1631 912 
4210 919 1917 918 
4211 924 1748 923 
4212 1176 1388 934 
4213 936 2392 935 
4214 935 2392 1292 
4215 939 940 1124 
4216 939 1043 945 
4217 1124 1043 939 
4218 1336 2076 940 
4219 940 2076 2010 
4220 1123 944 945 
4221 945 1043 1123 
4222 1575 2190 947 
4223 950 1727 949 
4224 1124 952 1125 
4225 954 2354 953 
4226 1128 953 1129 
4227 1145 2354 954 
4228 1445 1657 957 
4229 960 2186 959 
4230 962 1502 961 
4231 964 1190 963 
4232 1190 2240 963 
4233 968 981 967 
4234 978 2118 977 
4235 1004 2118 978 
4236 981 1659 980 
4237 1131 981 982 
4238 985 1774 984 
4239 984 1774 1134 
4240 989 1730 988 
4241 989 2283 1730 
4242 997 2132 996 
4243 1146 2244 1008 
4244 1021 1906 1020 
4245 1027 1606 1026 
4246 1037 1562 1036 
4247 1646 2193 1058 
4248 1058 2503 1646 
4249 1078 1671 1079 
4250 1671 1780 1079 
4251 1092 2121 1093 
4252 1666 2121 1092 
4253 1099 2543 1685 
4254 1117 1830 1118 
4255 1126 2470 1127 
4256 1254 1562 1140 
4257 1140 2314 1254 
4258 1609 2437 1168 
4259 1399 1998 1400 
4260 1495 1954 1494 
4261 1685 2543 1506 
4262 1974 2140 1511 
4263 1533 1712 1512 
4264 2469 2470 1771 
2 1130 2 9
4265 6 7 2578 
4266 2 7 1 
4267 2578 2 2579 
4268 7 2 2578 
4269 3 4 2579 
4270 5 6 2578 
4271 2 3 2579 
4272 4 2578 2579 
4273 4 5 2578 
2 1131 2 22
4274 1045 12 2581 
4275 1045 2581 2582 
4276 13 14 2581 
4277 2583 1044 2584 
4278 1044 1045 2584 
4279 10 1044 2583 
4280 9 2583 2585 
4281 14 15 2581 
4282 2581 15 2582 
4283 8 9 2585 
4284 2583 2580 2585 
4285 16 2580 2582 
4286 1045 2582 2584 
4287 2580 17 2585 
4288 2580 2583 2584 
4289 17 8 2585 
4290 15 16 2582 
4291 2582 2580 2584 
4292 9 10 2583 
4293 11 1044 10 
4294 12 13 2581 
4295 16 17 2580 
2 1132 2 5
4296 22 24 19 
4297 19 24 18 
4298 20 22 19 
4299 21 22 20 
4300 23 24 22 
2 1133 2 15
4301 32 33 2589 
4302 33 25 2586 
4303 25 26 2586 
4304 28 30 2587 
4305 2586 2588 2589 
4306 30 31 2587 
4307 27 2587 2588 
4308 27 28 2587 
4309 33 2586 2589 
4310 2587 31 2588 
4311 26 27 2586 
4312 2586 27 2588 
4313 29 30 28 
4314 31 32 2589 
4315 2588 31 2589 
2 1134 2 13
4316 2592 39 2593 
4317 37 38 2592 
4318 36 37 2591 
4319 35 36 2591 
4320 2590 35 2591 
4321 2590 2592 2593 
4322 2591 37 2592 
4323 2590 2591 2592 
4324 40 34 2593 
4325 39 40 2593 
4326 34 2590 2593 
4327 38 39 2592 
4328 34 35 2590 
2 1135 2 70
4329 47 1046 2614 
4330 52 53 2603 
4331 2595 2603 2611 
4332 44 2601 2610 
4333 2602 43 2610 
4334 2594 56 2606 
4335 51 2600 2619 
4336 2595 2597 2603 
4337 2601 2604 2615 
4338 2598 2594 2606 
4339 53 54 2611 
4340 2609 2601 2615 
4341 52 2603 2612 
4342 55 56 2594 
4343 43 44 2610 
4344 42 2602 2608 
4345 2603 53 2611 
4346 58 41 2608 
4347 41 42 2608 
4348 2600 1047 2619 
4349 2604 2599 2615 
4350 2601 2609 2610 
4351 55 2594 2595 
4352 2603 2597 2612 
4353 2600 52 2612 
4354 2607 2602 2610 
4355 57 58 2608 
4356 2617 51 2619 
4357 2598 2606 2607 
4358 44 45 2601 
4359 2596 2594 2598 
4360 2598 2607 2609 
4361 2604 45 2605 
4362 2609 2607 2610 
4363 2595 2594 2596 
4364 54 55 2611 
4365 2604 2605 2614 
4366 49 50 2616 
4367 2601 45 2604 
4368 2607 2606 2618 
4369 2606 57 2618 
4370 57 2608 2618 
4371 2597 2596 2599 
4372 2596 2598 2615 
4373 2595 2596 2597 
4374 2598 2609 2615 
4375 2599 2604 2614 
4376 51 52 2600 
4377 55 2595 2611 
4378 2608 2602 2618 
4379 2602 2607 2618 
4380 2599 2596 2615 
4381 2597 2599 2613 
4382 2612 2597 2613 
4383 2613 2599 2614 
4384 2616 50 2617 
4385 48 49 2616 
4386 1046 2613 2614 
4387 45 46 2605 
4388 48 2616 2617 
4389 50 51 2617 
4390 56 57 2606 
4391 1047 2617 2619 
4392 42 43 2602 
4393 46 47 2605 
4394 2605 47 2614 
4395 1047 48 2617 
4396 1046 1047 2613 
4397 1047 2600 2613 
4398 2600 2612 2613 
2 1136 2 118
4399 2632 2639 2635 
4400 2657 2660 2648 
4401 79 2621 78 
4402 2625 2657 2648 
4403 2636 2656 1049 
4404 2635 2637 2636 
4405 1049 2644 2636 
4406 2624 2659 2633 
4407 2642 2659 2624 
4408 63 2626 62 
4409 2632 2649 2639 
4410 78 2622 77 
4411 72 2656 71 
4412 2640 2662 2637 
4413 66 2653 65 
4414 2625 2641 60 
4415 2628 2652 2627 
4416 76 2659 2642 
4417 71 2655 70 
4418 2622 2633 77 
4419 2620 2654 2649 
4420 75 2642 74 
4421 2627 2653 66 
4422 60 2641 59 
4423 2640 2645 1048 
4424 2620 2657 62 
4425 74 2642 2624 
4426 2623 2631 2630 
4427 2628 2665 2652 
4428 63 2652 2626 
4429 2620 2660 2657 
4430 2637 2646 2636 
4431 2635 2636 2634 
4432 2637 2645 2640 
4433 67 2627 66 
4434 2645 2661 2650 
4435 2632 2660 2649 
4436 2633 2658 2624 
4437 2660 2664 2648 
4438 2645 2650 1048 
4439 59 2641 81 
4440 2624 2658 1050 
4441 2631 2660 2632 
4442 2641 2643 80 
4443 2625 2643 2641 
4444 2654 2665 2647 
4445 2635 2638 2637 
4446 2631 2632 2630 
4447 64 2653 2652 
4448 71 2656 2655 
4449 2621 2651 2623 
4450 64 2652 63 
4451 1050 2644 1049 
4452 1048 2650 68 
4453 2628 2661 2647 
4454 2632 2635 2634 
4455 2621 2622 78 
4456 2623 2630 2629 
4457 2652 2653 2627 
4458 1050 2658 2644 
4459 2637 2662 2646 
4460 2631 2664 2660 
4461 2639 2654 2647 
4462 2626 2666 62 
4463 2620 2666 2654 
4464 2651 2664 2623 
4465 2647 2665 2628 
4466 74 2624 73 
4467 2635 2639 2638 
4468 2649 2654 2639 
4469 2629 2633 2622 
4470 2626 2665 2654 
4471 2643 2663 80 
4472 79 2663 2621 
4473 2651 2663 2643 
4474 2633 2659 77 
4475 2639 2647 2638 
4476 2646 2656 2636 
4477 62 2666 2620 
4478 2638 2645 2637 
4479 2649 2660 2620 
4480 67 2628 2627 
4481 2621 2623 2622 
4482 2623 2664 2631 
4483 2630 2644 2629 
4484 2644 2658 2629 
4485 2625 2648 2643 
4486 76 2642 75 
4487 2648 2651 2643 
4488 68 2650 67 
4489 2629 2658 2633 
4490 80 2663 79 
4491 2647 2661 2638 
4492 2652 2665 2626 
4493 2632 2634 2630 
4494 67 2650 2628 
4495 2638 2661 2645 
4496 61 2625 60 
4497 2621 2663 2651 
4498 2623 2629 2622 
4499 2650 2661 2628 
4500 61 2657 2625 
4501 2654 2666 2626 
4502 2634 2644 2630 
4503 2648 2664 2651 
4504 2655 2662 70 
4505 70 2640 69 
4506 2655 2656 2646 
4507 70 2662 2640 
4508 2646 2662 2655 
4509 62 2657 61 
4510 65 2653 64 
4511 1049 2656 72 
4512 77 2659 76 
4513 69 2640 1048 
4514 73 2624 1050 
4515 81 2641 80 
4516 2636 2644 2634 
2 1137 2 28
4517 2670 82 2675 
4518 2667 84 2672 
4519 90 91 2669 
4520 2667 2672 2674 
4521 83 2667 2675 
4522 88 2668 2673 
4523 85 86 2672 
4524 2672 2671 2674 
4525 2668 89 2676 
4526 87 88 2673 
4527 84 85 2672 
4528 2668 2669 2671 
4529 90 2669 2676 
4530 2669 2668 2676 
4531 86 2671 2672 
4532 82 83 2675 
4533 2669 91 2670 
4534 86 87 2673 
4535 2668 2671 2673 
4536 2671 86 2673 
4537 2669 2670 2674 
4538 2671 2669 2674 
4539 89 90 2676 
4540 2667 2674 2675 
4541 2674 2670 2675 
4542 91 82 2670 
4543 83 84 2667 
4544 88 89 2668 
2 1138 2 14
4545 95 98 94 
4546 2678 2677 2679 
4547 101 2678 2679 
4548 94 98 2677 
4549 92 93 2678 
4550 94 2677 2678 
4551 93 94 2678 
4552 2677 99 2679 
4553 99 100 2679 
4554 100 101 2679 
4555 101 92 2678 
4556 98 99 2677 
4557 96 98 95 
4558 97 98 96 
2 1139 2 11
4559 106 107 2680 
4560 104 105 2681 
4561 108 102 2680 
4562 106 2680 2681 
4563 102 103 2682 
4564 103 2681 2682 
4565 105 106 2681 
4566 2681 2680 2682 
4567 2680 102 2682 
4568 107 108 2680 
4569 103 104 2681 
2 1140 2 15
4570 110 111 2685 
4571 1051 109 2685 
4572 2683 116 2686 
4573 116 2683 2684 
4574 111 112 2685 
4575 115 116 2684 
4576 116 1051 2686 
4577 2683 113 2684 
4578 2685 112 2686 
4579 112 2683 2686 
4580 113 114 2684 
4581 1051 2685 2686 
4582 114 115 2684 
4583 109 110 2685 
4584 112 113 2683 
2 1141 2 14
4585 117 118 2687 
4586 125 2687 2689 
4587 124 125 2689 
4588 2687 118 2689 
4589 122 123 121 
4590 118 119 2689 
4591 119 120 2688 
4592 120 123 2688 
4593 126 117 2687 
4594 119 2688 2689 
4595 2688 124 2689 
4596 123 124 2688 
4597 125 126 2687 
4598 121 123 120 
2 1142 2 10
4599 2690 2691 127 
4600 134 132 133 
4601 131 129 130 
4602 131 2690 128 
4603 132 2691 2690 
4604 131 128 129 
4605 128 2690 127 
4606 134 2691 132 
4607 127 2691 134 
4608 132 2690 131 
2 1143 2 26
4609 136 2693 2695 
4610 2692 141 2696 
4611 2694 2697 2699 
4612 137 138 2693 
4613 2693 2694 2699 
4614 2692 2696 2697 
4615 138 139 2698 
4616 144 2695 2699 
4617 140 2692 2698 
4618 144 135 2695 
4619 2694 138 2698 
4620 135 136 2695 
4621 1053 144 2699 
4622 2693 138 2694 
4623 2695 2693 2699 
4624 1052 1053 2697 
4625 2697 1053 2699 
4626 2692 2694 2698 
4627 2694 2692 2697 
4628 2696 1052 2697 
4629 140 141 2692 
4630 139 140 2698 
4631 141 142 2696 
4632 136 137 2693 
4633 142 143 2696 
4634 143 1052 2696 
2 1144 2 11
4635 149 150 2700 
4636 149 2700 2701 
4637 2700 151 2702 
4638 147 148 2701 
4639 145 146 2702 
4640 151 145 2702 
4641 146 147 2702 
4642 148 149 2701 
4643 2700 147 2701 
4644 147 2700 2702 
4645 150 151 2700 
2 1145 2 9
4646 153 154 2703 
4647 154 155 2703 
4648 155 156 2703 
4649 2703 156 2704 
4650 157 158 2704 
4651 156 157 2704 
4652 158 152 2704 
4653 152 153 2703 
4654 152 2703 2704 
2 1146 2 16
4655 169 2705 166 
4656 162 170 161 
4657 164 165 163 
4658 170 2706 161 
4659 161 2706 160 
4660 171 2706 170 
4661 163 2705 162 
4662 166 2705 165 
4663 159 160 172 
4664 160 2706 172 
4665 162 2705 170 
4666 165 2705 163 
4667 167 168 166 
4668 168 169 166 
4669 170 2705 169 
4670 172 2706 171 
2 1147 2 48
4671 2707 186 2719 
4672 182 183 2722 
4673 184 185 2715 
4674 174 175 2710 
4675 175 176 2714 
4676 182 2709 2724 
4677 2710 175 2714 
4678 2712 2708 2716 
4679 2718 2712 2721 
4680 2713 181 2724 
4681 2711 177 2720 
4682 176 2718 2721 
4683 173 174 2710 
4684 2716 2708 2722 
4685 2714 176 2721 
4686 177 2711 2718 
4687 184 2715 2716 
4688 2711 2708 2712 
4689 2708 182 2722 
4690 2710 2714 2719 
4691 180 181 2713 
4692 2717 2709 2720 
4693 178 179 2717 
4694 2709 2711 2720 
4695 2709 2708 2711 
4696 176 177 2718 
4697 2707 2719 2721 
4698 179 2713 2717 
4699 182 2708 2709 
4700 2711 2712 2718 
4701 2719 2714 2721 
4702 184 2716 2722 
4703 2709 2717 2724 
4704 2717 2713 2724 
4705 178 2717 2720 
4706 2712 2716 2723 
4707 183 184 2722 
4708 186 173 2710 
4709 2707 2721 2723 
4710 2715 2707 2723 
4711 2721 2712 2723 
4712 2716 2715 2723 
4713 186 2710 2719 
4714 177 178 2720 
4715 181 182 2724 
4716 179 180 2713 
4717 185 186 2707 
4718 185 2707 2715 
2 1148 2 113
4719 2727 2754 2730 
4720 205 2754 2727 
4721 188 2766 187 
4722 2731 2768 2745 
4723 208 2726 207 
4724 202 200 201 
4725 205 2727 204 
4726 206 2754 205 
4727 2739 2763 2729 
4728 207 2754 206 
4729 2731 2745 2740 
4730 2740 2745 188 
4731 210 2747 209 
4732 193 2748 192 
4733 202 2752 200 
4734 192 2748 191 
4735 2755 2760 195 
4736 2764 2767 190 
4737 188 2767 2740 
4738 200 2757 2733 
4739 194 2742 193 
4740 2742 2748 193 
4741 2756 2759 2744 
4742 2729 2750 2739 
4743 209 2747 208 
4744 208 2734 2726 
4745 2733 2763 2739 
4746 195 2742 194 
4747 2748 2751 191 
4748 199 2733 198 
4749 2734 2735 2726 
4750 207 2758 2754 
4751 2735 2737 2736 
4752 2733 2739 198 
4753 2727 2728 204 
4754 2735 2746 2737 
4755 2753 2759 2730 
4756 190 2767 189 
4757 2735 2736 2726 
4758 195 2760 2743 
4759 2750 2759 197 
4760 2751 2760 2746 
4761 2745 2768 212 
4762 189 2767 188 
4763 2726 2758 207 
4764 197 2759 2756 
4765 2734 2738 2735 
4766 208 2747 2734 
4767 2730 2759 2750 
4768 2755 2756 2744 
4769 2743 2760 2751 
4770 2738 2746 2735 
4771 2730 2754 2753 
4772 195 2743 2742 
4773 2737 2744 2736 
4774 2746 2760 2737 
4775 2749 2765 2741 
4776 203 2761 2752 
4777 2741 2764 2749 
4778 2752 2757 200 
4779 2757 2763 2733 
4780 2744 2753 2736 
4781 2753 2758 2736 
4782 2745 2766 188 
4783 211 2725 210 
4784 2754 2758 2753 
4785 2737 2755 2744 
4786 2736 2758 2726 
4787 2727 2730 2729 
4788 2734 2762 2738 
4789 2749 2764 191 
4790 197 2756 196 
4791 2749 2751 2746 
4792 191 2751 2749 
4793 2738 2749 2746 
4794 195 2756 2755 
4795 2732 2762 2725 
4796 2730 2750 2729 
4797 2725 2747 210 
4798 2725 2762 2747 
4799 2747 2762 2734 
4800 2743 2751 2748 
4801 2738 2765 2749 
4802 2740 2741 2732 
4803 2728 2763 2757 
4804 2727 2729 2728 
4805 191 2764 190 
4806 2741 2767 2764 
4807 196 2756 195 
4808 2731 2732 2725 
4809 2737 2760 2755 
4810 211 2731 2725 
4811 2744 2759 2753 
4812 2728 2761 204 
4813 2731 2740 2732 
4814 2729 2763 2728 
4815 2741 2765 2732 
4816 212 2768 211 
4817 2762 2765 2738 
4818 2757 2761 2728 
4819 2743 2748 2742 
4820 2752 2761 2757 
4821 2740 2767 2741 
4822 211 2768 2731 
4823 2732 2765 2762 
4824 204 2761 203 
4825 187 2766 213 
4826 198 2739 197 
4827 203 2752 202 
4828 213 2766 212 
4829 212 2766 2745 
4830 2739 2750 197 
4831 200 2733 199 
2 1149 2 33
4832 221 222 2773 
4833 216 2769 2778 
4834 2770 224 2775 
4835 2769 217 2780 
4836 2770 2775 2776 
4837 223 2770 2777 
4838 219 2771 2780 
4839 2771 220 2774 
4840 2770 2776 2777 
4841 217 218 2780 
4842 215 216 2772 
4843 218 219 2780 
4844 214 215 2772 
4845 2776 2778 2779 
4846 222 223 2773 
4847 2776 2774 2777 
4848 2778 2769 2779 
4849 2772 216 2778 
4850 2776 2772 2778 
4851 2775 2772 2776 
4852 2773 223 2777 
4853 220 2773 2774 
4854 214 2772 2775 
4855 2771 2774 2779 
4856 2774 2773 2777 
4857 2779 2769 2780 
4858 2774 2776 2779 
4859 220 221 2773 
4860 2771 2779 2780 
4861 219 220 2771 
4862 224 214 2775 
4863 216 217 2769 
4864 223 224 2770 
2 1150 2 11
4865 229 2781 2782 
4866 228 229 2782 
4867 227 228 2782 
4868 225 2781 2783 
4869 231 225 2783 
4870 225 226 2781 
4871 230 231 2783 
4872 226 227 2782 
4873 2781 226 2782 
4874 229 230 2781 
4875 2781 230 2783 
2 1151 2 11
4876 236 237 2786 
4877 238 232 2785 
4878 233 234 2784 
4879 235 236 2784 
4880 233 2784 2785 
4881 237 238 2786 
4882 2784 236 2786 
4883 232 233 2785 
4884 2785 2784 2786 
4885 238 2785 2786 
4886 234 235 2784 
2 1152 2 9
4887 243 244 2787 
4888 2787 240 2788 
4889 239 240 2787 
4890 244 239 2787 
4891 242 243 2788 
4892 241 242 2788 
4893 243 2787 2788 
4894 244 245 239 
4895 240 241 2788 
2 1153 2 6
4896 251 1054 249 
4897 1054 246 247 
4898 1054 247 248 
4899 1054 248 249 
4900 251 249 250 
4901 252 1054 251 
2 1154 2 13
4902 254 2790 2789 
4903 257 2790 256 
4904 255 2790 254 
4905 256 2790 255 
4906 261 2791 260 
4907 260 2791 259 
4908 2789 2791 253 
4909 259 2791 2789 
4910 259 2789 258 
4911 253 2791 261 
4912 254 2789 253 
4913 258 2790 257 
4914 2789 2790 258 
2 1155 2 47
4915 1055 1056 2801 
4916 273 274 2797 
4917 277 278 2800 
4918 2792 264 2802 
4919 275 276 2797 
4920 2795 270 2801 
4921 276 272 2797 
4922 1055 2799 2802 
4923 266 267 2804 
4924 263 2792 2796 
4925 274 275 2797 
4926 2798 1055 2801 
4927 267 2795 2804 
4928 2795 2801 2804 
4929 278 2796 2800 
4930 2793 277 2794 
4931 1055 2798 2799 
4932 276 277 2793 
4933 2794 277 2800 
4934 2792 2802 2806 
4935 262 263 2796 
4936 270 271 2798 
4937 272 276 2805 
4938 2802 2794 2806 
4939 2800 2796 2806 
4940 2796 2792 2806 
4941 2793 2794 2799 
4942 276 2793 2805 
4943 270 2798 2801 
4944 2801 1056 2804 
4945 2803 271 2805 
4946 268 269 2795 
4947 271 272 2805 
4948 2799 2794 2802 
4949 2794 2800 2806 
4950 2798 271 2803 
4951 2793 2799 2803 
4952 2793 2803 2805 
4953 278 262 2796 
4954 263 264 2792 
4955 1056 266 2804 
4956 272 273 2797 
4957 264 265 2802 
4958 265 1055 2802 
4959 267 268 2795 
4960 269 270 2795 
4961 2799 2798 2803 
2 1156 2 105
4962 2808 2826 2835 
4963 279 2825 2841 
4964 2833 2812 2840 
4965 2808 284 2826 
4966 283 2808 2827 
4967 300 301 2839 
4968 2819 290 2834 
4969 2829 2812 2833 
4970 289 290 2819 
4971 2832 2817 2847 
4972 282 283 2827 
4973 2833 2819 2834 
4974 2819 2833 2840 
4975 2824 2817 2832 
4976 293 295 292 
4977 292 295 2814 
4978 2826 285 2843 
4979 2821 2813 2830 
4980 296 2807 2815 
4981 2823 2827 2836 
4982 2827 2823 2842 
4983 2824 2832 2836 
4984 2835 2824 2836 
4985 284 285 2826 
4986 2813 2825 2830 
4987 2815 2807 2816 
4988 297 298 2828 
4989 301 302 2839 
4990 285 286 2843 
4991 2817 2831 2847 
4992 2815 2816 2837 
4993 295 296 2814 
4994 290 291 2837 
4995 2831 2828 2844 
4996 2811 2821 2822 
4997 2817 2807 2831 
4998 2827 2808 2836 
4999 2807 297 2831 
5000 281 282 2827 
5001 288 289 2819 
5002 2828 2809 2844 
5003 2818 2829 2833 
5004 2811 2813 2821 
5005 2818 2817 2824 
5006 2816 2807 2817 
5007 2831 2844 2847 
5008 299 300 2809 
5009 2818 2824 2829 
5010 2818 2833 2834 
5011 2816 2817 2818 
5012 2816 2834 2837 
5013 2809 2811 2844 
5014 2812 2829 2845 
5015 2816 2818 2834 
5016 281 2827 2842 
5017 2829 2824 2835 
5018 2822 2821 2823 
5019 2809 2828 2846 
5020 2809 2810 2811 
5021 2822 2823 2832 
5022 297 2828 2831 
5023 280 281 2830 
5024 2808 2835 2836 
5025 2835 2826 2845 
5026 2828 298 2846 
5027 2832 2823 2836 
5028 2821 2830 2842 
5029 2813 2810 2820 
5030 2837 291 2838 
5031 2811 2810 2813 
5032 287 288 2840 
5033 288 2819 2840 
5034 2813 2820 2825 
5035 2809 300 2810 
5036 2830 281 2842 
5037 2815 2837 2838 
5038 2829 2835 2845 
5039 2810 300 2839 
5040 2834 290 2837 
5041 2820 2810 2839 
5042 2814 2815 2838 
5043 2814 296 2815 
5044 2823 2821 2842 
5045 2825 2820 2841 
5046 2811 2822 2844 
5047 298 299 2846 
5048 299 2809 2846 
5049 2822 2832 2847 
5050 2844 2822 2847 
5051 303 279 2841 
5052 2843 2812 2845 
5053 2826 2843 2845 
5054 286 287 2843 
5055 291 292 2838 
5056 292 2814 2838 
5057 279 280 2825 
5058 2825 280 2830 
5059 283 284 2808 
5060 2812 287 2840 
5061 287 2812 2843 
5062 294 295 293 
5063 296 297 2807 
5064 302 303 2841 
5065 302 2820 2839 
5066 2820 302 2841 
2 1157 2 73
5067 2850 2860 2866 
5068 2855 320 2876 
5069 2854 2852 2866 
5070 2852 2856 2866 
5071 2860 2850 2865 
5072 319 2855 2868 
5073 305 306 2870 
5074 2870 2859 2871 
5075 2862 315 2867 
5076 2864 2865 2868 
5077 2849 305 2870 
5078 2861 2857 2874 
5079 2865 317 2868 
5080 313 314 2862 
5081 2871 2855 2876 
5082 2860 2854 2866 
5083 2849 2870 2871 
5084 315 2850 2867 
5085 309 2861 2874 
5086 2857 2861 2875 
5087 2855 2864 2868 
5088 318 319 2868 
5089 2859 2864 2871 
5090 2848 311 2863 
5091 2870 306 2872 
5092 2857 2873 2874 
5093 2856 2848 2863 
5094 2851 2853 2861 
5095 2858 2870 2872 
5096 2866 2856 2867 
5097 2859 2854 2860 
5098 2864 2860 2865 
5099 2859 2860 2864 
5100 2858 2854 2859 
5101 2852 2848 2856 
5102 2853 2854 2858 
5103 315 316 2850 
5104 312 313 2862 
5105 2851 2852 2853 
5106 304 2849 2876 
5107 2853 2852 2854 
5108 2863 312 2869 
5109 310 2848 2851 
5110 2853 2858 2875 
5111 2862 2867 2869 
5112 2873 308 2874 
5113 2851 2848 2852 
5114 2867 2856 2869 
5115 2858 2859 2870 
5116 310 311 2848 
5117 2850 2866 2867 
5118 2856 2863 2869 
5119 2858 2872 2875 
5120 2864 2855 2871 
5121 317 318 2868 
5122 312 2862 2869 
5123 2861 2853 2875 
5124 2872 2857 2875 
5125 320 304 2876 
5126 2849 2871 2876 
5127 307 308 2873 
5128 2857 306 2873 
5129 308 309 2874 
5130 311 312 2863 
5131 304 305 2849 
5132 306 307 2873 
5133 306 2857 2872 
5134 309 310 2851 
5135 309 2851 2861 
5136 314 315 2862 
5137 316 317 2865 
5138 2850 316 2865 
5139 319 320 2855 
2 1158 2 5
5140 323 327 322 
5141 321 322 327 
5142 324 326 323 
5143 326 327 323 
5144 325 326 324 
2 1159 2 17
5145 329 330 2878 
5146 330 331 2878 
5147 336 337 2877 
5148 331 332 2877 
5149 333 334 2880 
5150 334 335 2880 
5151 335 336 2879 
5152 336 2877 2879 
5153 331 1057 2878 
5154 2877 332 2879 
5155 332 333 2880 
5156 335 2879 2880 
5157 2879 332 2880 
5158 1057 328 2878 
5159 337 1057 2877 
5160 328 329 2878 
5161 1057 331 2877 
2 1160 2 59
5162 340 2886 339 
5163 350 2884 349 
5164 2886 2888 339 
5165 2889 2899 2884 
5166 349 2884 348 
5167 353 2888 2887 
5168 2884 2893 2889 
5169 2889 2893 2882 
5170 350 2885 2884 
5171 354 2888 353 
5172 2887 2898 352 
5173 2890 2891 2886 
5174 344 2900 343 
5175 2888 2902 2887 
5176 2886 2902 2888 
5177 347 2889 346 
5178 2882 2900 344 
5179 2895 2898 2887 
5180 2885 2896 2892 
5181 352 2898 351 
5182 340 2890 2886 
5183 345 2882 344 
5184 2885 2893 2884 
5185 2884 2899 348 
5186 2891 2895 2886 
5187 2887 2902 2895 
5188 2883 2898 2895 
5189 2881 2892 2891 
5190 2885 2901 2896 
5191 2892 2897 2885 
5192 338 339 354 
5193 2891 2896 2895 
5194 2881 2891 2890 
5195 347 2899 2889 
5196 2894 2897 2892 
5197 343 2897 2894 
5198 342 2894 2881 
5199 2895 2896 2883 
5200 342 2881 341 
5201 2881 2894 2892 
5202 2881 2890 341 
5203 350 2901 2885 
5204 2892 2896 2891 
5205 348 2899 347 
5206 2893 2900 2882 
5207 339 2888 354 
5208 343 2900 2897 
5209 2885 2897 2893 
5210 2895 2902 2886 
5211 2897 2900 2893 
5212 2896 2901 2883 
5213 341 2890 340 
5214 343 2894 342 
5215 2883 2901 351 
5216 346 2889 345 
5217 345 2889 2882 
5218 351 2901 350 
5219 351 2898 2883 
5220 353 2887 352 
2 1161 2 7
5221 357 358 356 
5222 356 358 2903 
5223 360 361 355 
5224 360 355 2903 
5225 358 359 2903 
5226 355 356 2903 
5227 359 360 2903 
2 1162 2 7
5228 367 368 362 
5229 364 365 2904 
5230 363 367 362 
5231 363 364 2904 
5232 367 363 2904 
5233 365 366 2904 
5234 366 367 2904 
2 1163 2 9
5235 370 371 2905 
5236 374 375 2905 
5237 2905 371 2906 
5238 374 2905 2906 
5239 371 372 2906 
5240 372 373 2906 
5241 375 369 2905 
5242 369 370 2905 
5243 373 374 2906 
2 1164 2 9
5244 380 381 2907 
5245 381 382 376 
5246 380 2907 2908 
5247 378 379 377 
5248 379 380 2908 
5249 377 379 2908 
5250 381 376 2907 
5251 376 377 2907 
5252 2907 377 2908 
2 1165 2 9
5253 388 384 2909 
5254 387 2909 2910 
5255 387 388 2909 
5256 385 386 2910 
5257 384 385 2909 
5258 2909 385 2910 
5259 386 387 2910 
5260 384 389 383 
5261 388 389 384 
2 1166 2 47
5262 2916 2918 2919 
5263 399 2920 2926 
5264 397 398 2923 
5265 2916 2919 2921 
5266 2915 2917 2920 
5267 390 391 2927 
5268 2916 393 2918 
5269 399 400 2920 
5270 2919 2922 2924 
5271 2920 2917 2926 
5272 394 2912 2913 
5273 394 2913 2918 
5274 392 393 2916 
5275 2921 2911 2927 
5276 2923 398 2926 
5277 2922 2914 2924 
5278 400 2914 2928 
5279 2911 2921 2924 
5280 2917 2923 2926 
5281 2913 2912 2915 
5282 2925 2921 2927 
5283 2920 400 2928 
5284 2913 2915 2922 
5285 2919 2913 2922 
5286 2918 2913 2919 
5287 2921 2919 2924 
5288 2915 2912 2917 
5289 396 397 2923 
5290 2911 390 2927 
5291 2915 2920 2928 
5292 2914 2922 2928 
5293 402 390 2911 
5294 2916 2921 2925 
5295 394 395 2912 
5296 400 401 2914 
5297 2922 2915 2928 
5298 391 2925 2927 
5299 391 392 2925 
5300 398 399 2926 
5301 401 402 2914 
5302 392 2916 2925 
5303 393 394 2918 
5304 395 396 2923 
5305 2912 395 2917 
5306 2917 395 2923 
5307 402 2911 2924 
5308 2914 402 2924 
2 1167 2 52
5309 418 403 2933 
5310 416 414 415 
5311 2937 2934 2940 
5312 409 2931 2939 
5313 2938 407 2939 
5314 2934 2929 2940 
5315 2938 2931 2941 
5316 2931 2938 2939 
5317 2929 417 2940 
5318 410 411 2932 
5319 2934 2937 2941 
5320 2931 2934 2941 
5321 412 413 2935 
5322 2932 411 2942 
5323 2929 2934 2945 
5324 413 416 2935 
5325 2930 406 2938 
5326 2931 410 2946 
5327 2933 403 2936 
5328 2934 2931 2946 
5329 2942 2944 2945 
5330 2942 2935 2944 
5331 407 408 2939 
5332 412 2935 2942 
5333 2937 2930 2941 
5334 2933 2936 2937 
5335 406 407 2938 
5336 417 418 2933 
5337 408 409 2939 
5338 2936 403 2943 
5339 2930 2937 2947 
5340 2937 2936 2947 
5341 410 2932 2946 
5342 2944 2929 2945 
5343 2945 2934 2946 
5344 2933 2937 2940 
5345 2930 2938 2941 
5346 417 2933 2940 
5347 2932 2945 2946 
5348 2935 416 2944 
5349 404 405 2943 
5350 2936 2943 2947 
5351 2943 405 2947 
5352 2932 2942 2945 
5353 403 404 2943 
5354 416 417 2944 
5355 417 2929 2944 
5356 405 406 2930 
5357 405 2930 2947 
5358 409 410 2931 
5359 411 412 2942 
5360 416 413 414 
2 1168 2 36
5361 429 430 2951 
5362 426 427 2953 
5363 427 428 2951 
5364 423 424 2958 
5365 425 426 2950 
5366 424 2952 2958 
5367 422 423 2958 
5368 2950 426 2953 
5369 425 2950 2956 
5370 2951 430 2953 
5371 2950 431 2956 
5372 427 2951 2953 
5373 2952 421 2958 
5374 2954 2949 2956 
5375 431 432 2954 
5376 424 2949 2952 
5377 431 2954 2956 
5378 421 422 2958 
5379 2955 2948 2957 
5380 2949 2954 2959 
5381 424 425 2949 
5382 2957 2948 2959 
5383 2954 2957 2959 
5384 2949 425 2956 
5385 2948 2952 2959 
5386 419 420 2955 
5387 428 429 2951 
5388 2954 432 2957 
5389 2952 2949 2959 
5390 432 419 2957 
5391 420 2948 2955 
5392 419 2955 2957 
5393 420 421 2948 
5394 2948 421 2952 
5395 430 431 2950 
5396 430 2950 2953 
2 1169 2 16
5397 441 442 433 
5398 433 434 2961 
5399 434 2960 2962 
5400 441 433 2961 
5401 2960 438 2963 
5402 440 2961 2962 
5403 2962 2960 2963 
5404 2961 434 2962 
5405 439 440 2963 
5406 440 2962 2963 
5407 438 439 2963 
5408 435 436 2960 
5409 440 441 2961 
5410 434 435 2960 
5411 437 438 436 
5412 436 438 2960 
2 1170 2 16
5413 2964 447 2965 
5414 451 447 2967 
5415 444 445 2964 
5416 445 446 2964 
5417 447 448 2967 
5418 451 452 2965 
5419 444 2964 2966 
5420 448 449 2967 
5421 447 451 2965 
5422 443 444 2966 
5423 450 451 2967 
5424 449 450 2967 
5425 452 443 2966 
5426 2964 2965 2966 
5427 2965 452 2966 
5428 446 447 2964 
2 1171 2 44
5429 462 463 2975 
5430 459 460 2979 
5431 2975 2970 2979 
5432 2976 2973 2983 
5433 2970 2975 2976 
5434 2973 2976 2981 
5435 1058 464 2974 
5436 2972 2974 2977 
5437 2974 2968 2977 
5438 2976 1058 2981 
5439 464 465 2968 
5440 2970 2976 2983 
5441 1058 2974 2981 
5442 456 2971 2980 
5443 465 453 2968 
5444 461 2975 2979 
5445 458 459 2970 
5446 463 1058 2976 
5447 2970 459 2979 
5448 460 461 2979 
5449 2975 463 2976 
5450 456 457 2969 
5451 2972 2969 2973 
5452 461 462 2975 
5453 2971 2972 2977 
5454 2971 2969 2972 
5455 2971 2977 2982 
5456 2969 457 2978 
5457 2980 2971 2982 
5458 456 2969 2971 
5459 2974 2972 2981 
5460 464 2968 2974 
5461 2973 2969 2978 
5462 458 2970 2983 
5463 2972 2973 2981 
5464 454 455 2980 
5465 2973 2978 2983 
5466 2978 458 2983 
5467 454 2980 2982 
5468 455 456 2980 
5469 457 458 2978 
5470 453 454 2982 
5471 2968 453 2977 
5472 2977 453 2982 
2 1172 2 36
5473 470 2984 2985 
5474 2988 472 2995 
5475 474 475 2989 
5476 2991 2987 2994 
5477 472 473 2995 
5478 2985 2984 2986 
5479 473 474 2989 
5480 476 2991 2992 
5481 2989 476 2992 
5482 473 2989 2995 
5483 469 470 2985 
5484 2986 2984 2988 
5485 468 2990 2994 
5486 477 478 2987 
5487 479 468 2993 
5488 2990 2986 2991 
5489 2990 2991 2994 
5490 2985 2986 2990 
5491 470 471 2984 
5492 2986 2988 2992 
5493 2991 2986 2992 
5494 478 479 2993 
5495 475 476 2989 
5496 2987 478 2993 
5497 2989 2992 2995 
5498 2993 468 2994 
5499 2992 2988 2995 
5500 2987 2993 2994 
5501 479 466 467 
5502 479 467 468 
5503 468 469 2985 
5504 468 2985 2990 
5505 471 472 2984 
5506 2984 472 2988 
5507 476 477 2987 
5508 476 2987 2991 
2 1173 2 30
5509 489 3003 2997 
5510 2997 2999 488 
5511 2998 3006 484 
5512 484 3005 2998 
5513 480 3003 489 
5514 486 2999 2996 
5515 2997 3001 2999 
5516 488 2999 487 
5517 481 3003 480 
5518 486 2996 485 
5519 483 3000 482 
5520 2998 3004 3000 
5521 2999 3001 2996 
5522 3002 3004 2998 
5523 3000 3006 2998 
5524 2997 3002 3001 
5525 3002 3005 3001 
5526 483 3006 3000 
5527 2998 3005 3002 
5528 3001 3005 2996 
5529 3003 3004 3002 
5530 2997 3003 3002 
5531 481 3004 3003 
5532 482 3000 481 
5533 3000 3004 481 
5534 484 3006 483 
5535 487 2999 486 
5536 485 3005 484 
5537 2996 3005 485 
5538 489 2997 488 
2 1174 2 82
5539 3009 500 3016 
5540 3026 3014 3035 
5541 3011 491 3018 
5542 3020 3008 3023 
5543 3021 3010 3022 
5544 504 505 3012 
5545 3010 497 3022 
5546 3009 3016 3017 
5547 497 498 3022 
5548 3010 3026 3035 
5549 508 3015 3028 
5550 491 492 3018 
5551 3032 3013 3033 
5552 3018 492 3019 
5553 3020 3023 3025 
5554 492 493 3030 
5555 3007 490 3033 
5556 3012 505 3013 
5557 502 3008 3027 
5558 3008 503 3023 
5559 3008 3020 3034 
5560 3015 508 3029 
5561 500 501 3016 
5562 493 494 3030 
5563 495 496 3035 
5564 3018 3019 3020 
5565 3011 3018 3025 
5566 509 510 3029 
5567 3007 3033 3037 
5568 503 504 3012 
5569 499 3009 3022 
5570 3024 508 3028 
5571 498 499 3022 
5572 494 3014 3030 
5573 3033 3013 3037 
5574 505 3028 3037 
5575 3026 3010 3036 
5576 3009 3017 3021 
5577 3017 3016 3027 
5578 496 497 3010 
5579 3011 3032 3033 
5580 494 495 3014 
5581 3020 3019 3031 
5582 3020 3031 3034 
5583 3009 3021 3022 
5584 505 506 3024 
5585 3019 492 3026 
5586 3031 3017 3034 
5587 3018 3020 3025 
5588 507 508 3024 
5589 503 3012 3023 
5590 3013 505 3037 
5591 501 502 3016 
5592 3010 3021 3036 
5593 510 3007 3015 
5594 3012 3013 3032 
5595 496 3010 3035 
5596 510 3015 3029 
5597 505 3024 3028 
5598 3021 3017 3031 
5599 3017 3027 3034 
5600 3023 3012 3032 
5601 3025 3023 3032 
5602 3016 502 3027 
5603 3014 3026 3030 
5604 3015 3007 3037 
5605 3019 3026 3036 
5606 3014 495 3035 
5607 3021 3031 3036 
5608 3011 3025 3032 
5609 3026 492 3030 
5610 3027 3008 3034 
5611 510 511 3007 
5612 3031 3019 3036 
5613 3028 3015 3037 
5614 506 507 3024 
5615 508 509 3029 
5616 490 491 3011 
5617 511 490 3007 
5618 490 3011 3033 
5619 499 500 3009 
5620 502 503 3008 
2 1175 2 9
5621 516 517 3038 
5622 517 513 3038 
5623 513 514 3038 
5624 519 520 512 
5625 514 515 3038 
5626 513 518 512 
5627 518 519 512 
5628 517 518 513 
5629 515 516 3038 
2 1176 2 8
5630 526 528 521 
5631 524 525 523 
5632 523 525 3039 
5633 521 522 3039 
5634 526 521 3039 
5635 522 523 3039 
5636 525 526 3039 
5637 527 528 526 
2 1177 2 50
5638 3046 3052 3054 
5639 3045 529 3049 
5640 3046 542 3048 
5641 542 543 3045 
5642 543 544 3045 
5643 3048 542 3055 
5644 3043 536 3053 
5645 3046 3048 3052 
5646 3051 3042 3056 
5647 529 530 3049 
5648 530 3047 3049 
5649 541 542 3046 
5650 535 536 3040 
5651 537 538 3057 
5652 532 534 3050 
5653 3047 3051 3056 
5654 3044 3043 3048 
5655 3040 3043 3044 
5656 3045 3049 3055 
5657 3047 3044 3049 
5658 538 3041 3057 
5659 3040 536 3043 
5660 3040 3044 3047 
5661 3048 3043 3052 
5662 542 3045 3055 
5663 531 532 3050 
5664 3049 3044 3055 
5665 3041 3052 3057 
5666 534 535 3042 
5667 3052 3043 3053 
5668 3041 539 3054 
5669 3044 3048 3055 
5670 3053 537 3057 
5671 539 540 3054 
5672 3040 3047 3056 
5673 3052 3053 3057 
5674 535 3040 3056 
5675 534 3042 3050 
5676 531 3050 3051 
5677 3050 3042 3051 
5678 3042 535 3056 
5679 536 537 3053 
5680 544 529 3045 
5681 530 531 3051 
5682 3047 530 3051 
5683 532 533 534 
5684 538 539 3041 
5685 540 541 3046 
5686 540 3046 3054 
5687 3052 3041 3054 
2 1178 2 103
5688 3080 3081 550 
5689 3069 3077 3071 
5690 552 3084 1059 
5691 562 3064 561 
5692 553 3091 3072 
5693 577 545 546 
5694 564 565 566 
5695 576 3075 3059 
5696 3073 3075 577 
5697 575 552 574 
5698 3068 3071 3061 
5699 3067 3081 3080 
5700 3063 3079 3078 
5701 3058 3091 553 
5702 547 3062 546 
5703 3063 3078 567 
5704 551 3080 550 
5705 558 3071 3070 
5706 548 3081 547 
5707 3088 3091 3058 
5708 564 3087 563 
5709 3059 3075 3074 
5710 573 3060 572 
5711 3059 3084 552 
5712 3061 3071 1060 
5713 3070 3092 556 
5714 559 3069 558 
5715 547 3081 3067 
5716 547 3067 3062 
5717 3070 3071 3068 
5718 1059 3080 551 
5719 567 3087 566 
5720 575 3059 552 
5721 563 3087 3078 
5722 550 3081 549 
5723 3062 3074 3073 
5724 3060 3065 572 
5725 562 3079 3064 
5726 3064 3090 561 
5727 546 3073 577 
5728 556 3088 3058 
5729 3060 3072 3065 
5730 3062 3073 546 
5731 3066 3088 3068 
5732 561 3090 560 
5733 3066 3068 3061 
5734 3069 3082 3077 
5735 3062 3076 3074 
5736 3078 3079 562 
5737 3088 3092 3068 
5738 563 3078 562 
5739 3071 3077 1060 
5740 549 3081 548 
5741 3079 3086 3064 
5742 3074 3084 3059 
5743 3064 3086 3082 
5744 3074 3075 3073 
5745 571 3066 3061 
5746 3067 3076 3062 
5747 3072 3089 553 
5748 3067 3080 3076 
5749 571 3085 3066 
5750 3076 3080 1059 
5751 552 3089 574 
5752 3072 3083 3065 
5753 3060 3089 3072 
5754 566 3087 564 
5755 558 3070 557 
5756 3082 3086 3077 
5757 1059 3084 3076 
5758 560 3090 559 
5759 3083 3085 3065 
5760 3069 3071 558 
5761 3063 3086 3079 
5762 553 3089 552 
5763 3076 3084 3074 
5764 559 3082 3069 
5765 3068 3092 3070 
5766 3083 3091 3088 
5767 3082 3090 3064 
5768 559 3090 3082 
5769 3083 3088 3066 
5770 3078 3087 567 
5771 574 3060 573 
5772 3066 3085 3083 
5773 3072 3091 3083 
5774 571 3061 570 
5775 574 3089 3060 
5776 555 3058 554 
5777 556 3092 3088 
5778 556 3058 555 
5779 557 3070 556 
5780 1060 3077 569 
5781 570 3061 1060 
5782 3065 3085 572 
5783 577 3075 576 
5784 554 3058 553 
5785 568 3063 567 
5786 569 3077 568 
5787 568 3086 3063 
5788 3077 3086 568 
5789 572 3085 571 
5790 576 3059 575 
2 1179 2 9
5791 582 3093 3094 
5792 584 578 3093 
5793 580 581 3094 
5794 579 580 3094 
5795 581 582 3094 
5796 582 583 3093 
5797 578 579 3094 
5798 3093 578 3094 
5799 583 584 3093 
2 1180 2 10
5800 586 592 585 
5801 591 588 3096 
5802 589 590 3096 
5803 590 591 3096 
5804 587 588 3095 
5805 588 589 3096 
5806 586 587 3095 
5807 592 586 3095 
5808 588 591 3095 
5809 591 592 3095 
2 1181 2 65
5810 3100 595 3114 
5811 3102 607 3113 
5812 596 3097 3114 
5813 3107 3102 3118 
5814 600 601 3099 
5815 595 596 3114 
5816 602 3098 3111 
5817 3097 3112 3114 
5818 3102 3113 3118 
5819 3103 3112 3121 
5820 3105 3098 3119 
5821 594 3100 3104 
5822 3098 603 3119 
5823 605 606 3115 
5824 3099 601 3116 
5825 3112 3097 3121 
5826 3107 3105 3119 
5827 3098 3105 3109 
5828 3104 3100 3105 
5829 3112 3106 3114 
5830 601 1061 3116 
5831 3105 3100 3106 
5832 3104 3105 3107 
5833 603 604 3117 
5834 3099 3110 3120 
5835 598 3103 3121 
5836 3102 3107 3108 
5837 3109 3106 3110 
5838 3104 3107 3118 
5839 603 3108 3119 
5840 3103 599 3120 
5841 3105 3106 3109 
5842 3110 3099 3116 
5843 1061 602 3111 
5844 3110 3106 3112 
5845 3098 3109 3111 
5846 3106 3100 3114 
5847 3108 603 3117 
5848 3109 3110 3111 
5849 599 600 3099 
5850 3101 607 3102 
5851 3101 3102 3108 
5852 599 3099 3120 
5853 604 605 3115 
5854 3112 3103 3120 
5855 597 598 3121 
5856 3110 3112 3120 
5857 3111 3110 3116 
5858 606 3101 3115 
5859 606 607 3101 
5860 3108 3107 3119 
5861 3101 3108 3117 
5862 3113 593 3118 
5863 3115 3101 3117 
5864 604 3115 3117 
5865 608 593 3113 
5866 1061 3111 3116 
5867 598 599 3103 
5868 607 608 3113 
5869 593 594 3104 
5870 593 3104 3118 
5871 594 595 3100 
5872 596 597 3097 
5873 3097 597 3121 
5874 602 603 3098 
2 1182 2 47
5875 3126 622 3134 
5876 610 611 3135 
5877 618 619 3127 
5878 624 609 3128 
5879 609 610 3128 
5880 623 624 3128 
5881 612 1062 3132 
5882 3132 1062 3133 
5883 3130 3122 3131 
5884 3126 611 3132 
5885 3122 3124 3131 
5886 3131 3124 3137 
5887 3125 3132 3133 
5888 3124 3129 3137 
5889 616 3127 3130 
5890 622 623 3128 
5891 613 614 3129 
5892 611 3126 3135 
5893 3129 3124 3133 
5894 3130 3127 3136 
5895 1062 613 3129 
5896 3125 3126 3132 
5897 3127 619 3136 
5898 616 3130 3131 
5899 3129 614 3137 
5900 1062 3129 3133 
5901 617 618 3127 
5902 615 616 3131 
5903 3125 3123 3126 
5904 3124 3123 3125 
5905 3122 621 3123 
5906 620 3122 3130 
5907 620 621 3122 
5908 614 615 3137 
5909 3122 3123 3124 
5910 619 620 3136 
5911 611 612 3132 
5912 3128 610 3134 
5913 3124 3125 3133 
5914 3134 610 3135 
5915 615 3131 3137 
5916 620 3130 3136 
5917 622 3128 3134 
5918 3126 3134 3135 
5919 616 617 3127 
5920 621 622 3126 
5921 3123 621 3126 
2 1183 2 5
5922 629 630 628 
5923 626 631 625 
5924 628 630 627 
5925 631 627 630 
5926 627 631 626 
2 1184 2 39
5927 640 3141 639 
5928 3142 3144 636 
5929 644 3143 643 
5930 636 3144 635 
5931 643 3138 642 
5932 643 3143 3140 
5933 3144 3150 633 
5934 3141 3147 639 
5935 643 3140 3138 
5936 639 3147 3145 
5937 633 3143 632 
5938 636 3149 3142 
5939 3146 3147 3141 
5940 3139 3147 3146 
5941 3147 3151 3145 
5942 3140 3144 3142 
5943 633 3150 3143 
5944 3140 3142 3138 
5945 3146 3149 3139 
5946 3139 3151 3147 
5947 3141 3148 3146 
5948 642 3148 641 
5949 641 3148 3141 
5950 3142 3146 3138 
5951 3142 3149 3146 
5952 638 3145 637 
5953 3140 3150 3144 
5954 3138 3148 642 
5955 3146 3148 3138 
5956 3143 3150 3140 
5957 3145 3151 637 
5958 632 3143 644 
5959 637 3151 636 
5960 636 3151 3149 
5961 641 3141 640 
5962 634 3144 633 
5963 635 3144 634 
5964 639 3145 638 
5965 3149 3151 3139 
2 1185 2 40
5966 655 656 3155 
5967 3154 657 3159 
5968 3158 3157 3165 
5969 645 3156 3164 
5970 3159 3156 3160 
5971 3154 3158 3165 
5972 3156 648 3160 
5973 3156 3159 3164 
5974 645 646 3156 
5975 3155 3157 3163 
5976 647 648 3156 
5977 3157 3153 3163 
5978 656 3154 3165 
5979 650 651 3161 
5980 648 3158 3160 
5981 3153 650 3161 
5982 3158 3154 3160 
5983 646 647 3156 
5984 3153 3162 3163 
5985 3152 650 3153 
5986 3157 3155 3165 
5987 3154 3159 3160 
5988 649 650 3152 
5989 651 652 3161 
5990 3155 656 3165 
5991 3152 3153 3157 
5992 3152 3157 3158 
5993 3159 658 3164 
5994 657 658 3159 
5995 652 653 3162 
5996 654 3155 3163 
5997 654 655 3155 
5998 3153 3161 3162 
5999 3161 652 3162 
6000 658 645 3164 
6001 3162 653 3163 
6002 648 649 3158 
6003 649 3152 3158 
6004 653 654 3163 
6005 656 657 3154 
2 1186 2 26
6006 661 3169 3171 
6007 663 664 3168 
6008 659 660 3171 
6009 660 661 3171 
6010 662 663 3168 
6011 664 665 3168 
6012 667 668 3173 
6013 3169 661 3170 
6014 3169 669 3171 
6015 666 667 3173 
6016 3170 662 3172 
6017 668 669 3166 
6018 3167 3166 3172 
6019 3166 3170 3172 
6020 662 3168 3172 
6021 3166 669 3169 
6022 3166 3169 3170 
6023 668 3166 3167 
6024 668 3167 3173 
6025 661 662 3170 
6026 669 670 3171 
6027 670 659 3171 
6028 665 666 3173 
6029 665 3167 3172 
6030 3167 665 3173 
6031 3168 665 3172 
2 1187 2 42
6032 3182 3185 3183 
6033 3181 3184 3177 
6034 3177 3184 678 
6035 3180 3183 3175 
6036 676 3184 675 
6037 683 3183 3178 
6038 679 3177 678 
6039 3182 3183 683 
6040 3175 3181 3180 
6041 677 3184 676 
6042 3176 3185 3182 
6043 680 3179 3174 
6044 681 3188 3179 
6045 675 3181 3175 
6046 3182 3186 3176 
6047 684 3182 683 
6048 3178 3183 3180 
6049 674 3176 673 
6050 682 3188 681 
6051 684 3186 3182 
6052 680 3174 679 
6053 3180 3187 3178 
6054 3179 3187 3174 
6055 675 3184 3181 
6056 3180 3181 3177 
6057 674 3185 3176 
6058 3174 3180 3177 
6059 3174 3187 3180 
6060 3174 3177 679 
6061 3179 3188 3187 
6062 3187 3188 3178 
6063 678 3184 677 
6064 683 3178 682 
6065 671 672 684 
6066 673 3176 672 
6067 672 3186 684 
6068 3176 3186 672 
6069 675 3175 674 
6070 3175 3185 674 
6071 681 3179 680 
6072 3178 3188 682 
6073 3183 3185 3175 
2 1188 2 22
6074 691 3189 3193 
6075 686 3192 3193 
6076 3192 3190 3193 
6077 3189 692 3194 
6078 3190 691 3193 
6079 687 3191 3192 
6080 685 686 3193 
6081 691 692 3189 
6082 688 689 3191 
6083 686 687 3192 
6084 3192 3191 3195 
6085 3190 3192 3195 
6086 690 691 3190 
6087 690 3190 3195 
6088 693 694 3194 
6089 692 693 3194 
6090 694 685 3194 
6091 3189 685 3193 
6092 685 3189 3194 
6093 687 688 3191 
6094 689 690 3195 
6095 3191 689 3195 
2 1189 2 37
6096 3196 704 3204 
6097 695 696 3202 
6098 698 3198 3201 
6099 3199 702 3205 
6100 3200 3206 3209 
6101 3201 3198 3203 
6102 699 700 3207 
6103 701 702 3199 
6104 3197 3201 3203 
6105 3206 3208 3209 
6106 3201 3197 3202 
6107 697 698 3201 
6108 702 703 3205 
6109 701 3199 3200 
6110 705 3197 3204 
6111 704 705 3204 
6112 705 695 3197 
6113 3196 3204 3208 
6114 3207 3200 3209 
6115 3197 3203 3204 
6116 3204 3203 3208 
6117 3208 3198 3209 
6118 699 3207 3209 
6119 3197 695 3202 
6120 3199 3205 3206 
6121 701 3200 3207 
6122 700 701 3207 
6123 3200 3199 3206 
6124 3203 3198 3208 
6125 3205 3196 3206 
6126 3206 3196 3208 
6127 3198 698 3209 
6128 703 704 3205 
6129 696 697 3202 
6130 697 3201 3202 
6131 698 699 3209 
6132 704 3196 3205 
2 1190 2 29
6133 708 3211 707 
6134 3215 3218 716 
6135 707 3215 706 
6136 714 3217 713 
6137 712 3213 711 
6138 3211 3212 707 
6139 713 3217 3213 
6140 715 3218 3216 
6141 715 3216 3214 
6142 3210 3216 3211 
6143 713 3213 712 
6144 3212 3218 3215 
6145 711 3213 710 
6146 3216 3218 3212 
6147 709 3211 708 
6148 3212 3215 707 
6149 716 3218 715 
6150 3211 3216 3212 
6151 3214 3217 714 
6152 3214 3216 3210 
6153 3210 3217 3214 
6154 3213 3219 710 
6155 3217 3219 3213 
6156 3210 3219 3217 
6157 706 3215 716 
6158 710 3219 709 
6159 709 3219 3210 
6160 3210 3211 709 
6161 715 3214 714 
2 1191 2 7
6162 723 718 3220 
6163 720 721 3220 
6164 719 720 3220 
6165 718 723 717 
6166 721 723 3220 
6167 718 719 3220 
6168 722 723 721 
2 1192 2 11
6169 3221 730 3222 
6170 724 725 3222 
6171 726 727 3223 
6172 725 726 3223 
6173 730 724 3222 
6174 3221 3222 3223 
6175 728 729 3221 
6176 3222 725 3223 
6177 727 728 3223 
6178 728 3221 3223 
6179 729 730 3221 
2 1193 2 177
6180 753 3224 752 
6181 753 3225 3224 
6182 3245 3281 3246 
6183 3264 3278 3250 
6184 750 3241 749 
6185 3241 3242 749 
6186 3236 3263 3262 
6187 3255 3281 3245 
6188 751 3268 3241 
6189 751 3241 750 
6190 3274 3275 3244 
6191 3242 3259 749 
6192 3250 3252 759 
6193 739 3269 738 
6194 760 3250 759 
6195 743 3245 742 
6196 732 3278 3264 
6197 3272 3276 3230 
6198 3251 3263 3236 
6199 733 3279 732 
6200 3246 3270 741 
6201 745 3231 744 
6202 3254 3295 734 
6203 760 3264 3250 
6204 741 3292 3246 
6205 3230 3265 3260 
6206 3249 3277 3276 
6207 3266 3283 3280 
6208 3230 3276 3265 
6209 756 3275 3258 
6210 748 3259 747 
6211 3225 3226 3224 
6212 3276 3277 3242 
6213 3261 3280 3239 
6214 3258 3275 3274 
6215 3231 3248 3243 
6216 3226 3230 3224 
6217 3253 3280 3261 
6218 743 3283 3245 
6219 745 3267 3231 
6220 3245 3283 3255 
6221 3255 3283 3266 
6222 733 3295 3253 
6223 3242 3277 3259 
6224 3245 3292 742 
6225 3248 3277 3249 
6226 3246 3292 3245 
6227 3248 3249 3243 
6228 3249 3276 3272 
6229 3231 3243 3240 
6230 3231 3267 3248 
6231 3271 3294 3252 
6232 759 3238 758 
6233 3272 3273 3249 
6234 3226 3272 3230 
6235 3241 3265 3242 
6236 3262 3296 3236 
6237 3225 3227 3226 
6238 3252 3294 3238 
6239 3265 3268 3260 
6240 3274 3288 3257 
6241 3266 3280 3254 
6242 3239 3283 743 
6243 3227 3228 3226 
6244 3278 3291 3250 
6245 3233 3234 3229 
6246 3224 3260 752 
6247 3231 3240 744 
6248 754 3297 753 
6249 3227 3229 3228 
6250 3269 3281 738 
6251 759 3252 3238 
6252 3243 3256 3240 
6253 3228 3272 3226 
6254 3232 3233 3229 
6255 3237 3239 743 
6256 744 3237 743 
6257 3232 3244 3233 
6258 3254 3280 3253 
6259 3244 3271 3233 
6260 3253 3295 3254 
6261 3227 3232 3229 
6262 3243 3273 3256 
6263 3233 3235 3234 
6264 3237 3263 3261 
6265 3249 3273 3243 
6266 3236 3296 3234 
6267 3265 3276 3242 
6268 753 3257 3225 
6269 3234 3285 3229 
6270 3263 3284 3262 
6271 3233 3271 3235 
6272 3235 3236 3234 
6273 756 3282 3275 
6274 742 3292 741 
6275 3256 3262 3240 
6276 3246 3281 3269 
6277 3237 3261 3239 
6278 3250 3291 3252 
6279 3241 3268 3265 
6280 3232 3274 3244 
6281 3228 3273 3272 
6282 3230 3260 3224 
6283 3280 3283 3239 
6284 3258 3293 755 
6285 3273 3285 3256 
6286 3247 3251 3236 
6287 3252 3289 3271 
6288 3275 3282 3238 
6289 3257 3293 3274 
6290 749 3259 748 
6291 3275 3294 3244 
6292 3225 3288 3227 
6293 3238 3282 758 
6294 3228 3285 3273 
6295 753 3297 3257 
6296 3235 3247 3236 
6297 3259 3287 747 
6298 3255 3266 737 
6299 3240 3284 744 
6300 3238 3294 3275 
6301 3267 3287 3248 
6302 3237 3284 3263 
6303 3229 3285 3228 
6304 3234 3296 3285 
6305 738 3281 3255 
6306 3244 3294 3271 
6307 3279 3290 3286 
6308 3247 3278 3251 
6309 3251 3286 3263 
6310 3232 3288 3274 
6311 744 3284 3237 
6312 3262 3284 3240 
6313 3261 3290 3253 
6314 3227 3288 3232 
6315 3263 3286 3261 
6316 747 3287 3267 
6317 3257 3288 3225 
6318 3269 3270 3246 
6319 733 3290 3279 
6320 3253 3290 733 
6321 3271 3289 3235 
6322 3248 3287 3277 
6323 3235 3289 3247 
6324 3252 3291 3289 
6325 3278 3279 3251 
6326 3277 3287 3259 
6327 757 3282 756 
6328 3279 3286 3251 
6329 3256 3296 3262 
6330 3247 3291 3278 
6331 738 3255 737 
6332 3274 3293 3258 
6333 3285 3296 3256 
6334 3289 3291 3247 
6335 732 3279 3278 
6336 731 3264 761 
6337 3286 3290 3261 
6338 3293 3297 755 
6339 3257 3297 3293 
6340 732 3264 731 
6341 739 3270 3269 
6342 3260 3268 752 
6343 755 3297 754 
6344 758 3282 757 
6345 734 3295 733 
6346 735 3254 734 
6347 736 3254 735 
6348 737 3266 736 
6349 736 3266 3254 
6350 740 3270 739 
6351 741 3270 740 
6352 746 3267 745 
6353 747 3267 746 
6354 752 3268 751 
6355 756 3258 755 
6356 761 3264 760 
2 1194 2 66
6357 764 3304 763 
6358 3318 3322 3303 
6359 3304 3305 763 
6360 3310 3318 3303 
6361 3305 3312 3311 
6362 3299 3319 769 
6363 3303 3322 767 
6364 3305 3315 776 
6365 3305 3323 3312 
6366 768 3319 3303 
6367 767 3322 766 
6368 775 3315 3298 
6369 3303 3319 3310 
6370 3298 3306 774 
6371 3307 3313 3306 
6372 3301 3322 3318 
6373 771 3314 770 
6374 3306 3313 3308 
6375 3304 3323 3305 
6376 3311 3315 3305 
6377 774 3306 3302 
6378 1063 3321 3300 
6379 3309 3316 3314 
6380 3300 3323 1063 
6381 3308 3310 3309 
6382 3298 3307 3306 
6383 765 3317 764 
6384 3308 3309 3302 
6385 3306 3308 3302 
6386 3298 3311 3307 
6387 1063 3323 3317 
6388 774 3302 773 
6389 770 3314 3299 
6390 3310 3319 3316 
6391 3316 3319 3299 
6392 764 3317 3304 
6393 3307 3320 3313 
6394 3308 3318 3310 
6395 1063 3317 765 
6396 3311 3312 3307 
6397 3312 3320 3307 
6398 3310 3316 3309 
6399 3298 3315 3311 
6400 3317 3323 3304 
6401 3320 3321 3301 
6402 3321 3322 3301 
6403 766 3322 3321 
6404 3301 3318 3313 
6405 776 3315 775 
6406 3313 3320 3301 
6407 3313 3318 3308 
6408 3314 3316 3299 
6409 772 3314 771 
6410 3300 3321 3320 
6411 3300 3320 3312 
6412 3312 3323 3300 
6413 763 3305 762 
6414 762 3305 776 
6415 766 3321 1063 
6416 768 3303 767 
6417 769 3319 768 
6418 770 3299 769 
6419 773 3309 772 
6420 3309 3314 772 
6421 3302 3309 773 
6422 775 3298 774 
2 1195 2 7
6423 778 779 3324 
6424 780 781 3324 
6425 779 780 3324 
6426 778 782 777 
6427 782 783 777 
6428 782 778 3324 
6429 781 782 3324 
2 1196 2 29
6430 789 3330 788 
6431 788 3330 787 
6432 796 784 785 
6433 787 3330 786 
6434 3327 3328 785 
6435 3331 3333 3332 
6436 3327 3330 3325 
6437 796 3328 795 
6438 786 3330 3327 
6439 790 3325 789 
6440 3325 3333 3327 
6441 3332 3333 3325 
6442 3331 3332 3326 
6443 3327 3333 3328 
6444 785 3328 796 
6445 793 3329 792 
6446 3325 3330 789 
6447 3326 3329 793 
6448 3328 3331 795 
6449 3328 3333 3331 
6450 3329 3332 790 
6451 790 3332 3325 
6452 3326 3332 3329 
6453 794 3326 793 
6454 792 3329 791 
6455 786 3327 785 
6456 791 3329 790 
6457 795 3331 3326 
6458 795 3326 794 
2 1197 2 21
6459 797 798 3338 
6460 3334 803 3336 
6461 800 801 3334 
6462 807 797 3337 
6463 804 805 3339 
6464 801 802 3334 
6465 3337 797 3338 
6466 803 804 3339 
6467 799 800 3334 
6468 799 3334 3336 
6469 3336 803 3339 
6470 805 3335 3339 
6471 798 799 3338 
6472 799 3336 3338 
6473 806 807 3337 
6474 3336 3335 3338 
6475 3335 3337 3338 
6476 3335 3336 3339 
6477 802 803 3334 
6478 805 806 3335 
6479 3335 806 3337 
2 1198 2 5
6480 810 813 808 
6481 809 810 808 
6482 811 812 810 
6483 813 814 808 
6484 812 813 810 
2 1199 2 23
6485 3341 819 3343 
6486 817 3341 3342 
6487 815 816 3345 
6488 817 818 3341 
6489 823 815 3346 
6490 3342 3341 3344 
6491 815 3345 3346 
6492 822 823 3346 
6493 3340 822 3346 
6494 816 3342 3345 
6495 818 819 3341 
6496 3341 3343 3344 
6497 821 3340 3347 
6498 820 821 3343 
6499 3344 3340 3345 
6500 3342 3344 3345 
6501 3340 3344 3347 
6502 3344 3343 3347 
6503 3345 3340 3346 
6504 3343 821 3347 
6505 819 820 3343 
6506 816 817 3342 
6507 821 822 3340 
2 1200 2 61
6508 3359 3350 3361 
6509 826 3350 3362 
6510 836 3349 3355 
6511 835 836 3355 
6512 3359 3361 3371 
6513 827 828 3358 
6514 3351 3355 3366 
6515 836 837 3349 
6516 837 838 3369 
6517 3350 3359 3362 
6518 3348 3352 3353 
6519 3348 833 3351 
6520 3354 824 3370 
6521 832 833 3348 
6522 832 3348 3356 
6523 3355 3349 3366 
6524 3348 3353 3357 
6525 830 831 3360 
6526 838 824 3364 
6527 3348 3351 3352 
6528 3357 3359 3360 
6529 829 830 3358 
6530 3358 830 3361 
6531 3356 3348 3357 
6532 3353 3352 3363 
6533 3360 3359 3371 
6534 834 835 3355 
6535 3349 837 3369 
6536 3352 3351 3366 
6537 3354 3362 3365 
6538 827 3358 3368 
6539 824 3354 3364 
6540 3357 3353 3359 
6541 826 3362 3370 
6542 3362 3354 3370 
6543 3364 3363 3367 
6544 3359 3353 3365 
6545 3354 3363 3364 
6546 3363 3352 3367 
6547 3352 3366 3367 
6548 3361 830 3371 
6549 3362 3359 3365 
6550 3353 3363 3365 
6551 838 3364 3369 
6552 3358 3361 3368 
6553 3356 3357 3360 
6554 3361 3350 3368 
6555 3363 3354 3365 
6556 3366 3349 3367 
6557 3364 3367 3369 
6558 825 826 3370 
6559 3367 3349 3369 
6560 3350 826 3368 
6561 833 834 3351 
6562 824 825 3370 
6563 826 827 3368 
6564 828 829 3358 
6565 830 3360 3371 
6566 831 832 3356 
6567 831 3356 3360 
6568 3351 834 3355 
2 1201 2 5
6569 840 844 839 
6570 844 845 839 
6571 841 842 840 
6572 842 843 840 
6573 843 844 840 
2 1202 2 39
6574 853 854 3379 
6575 3377 853 3379 
6576 850 3373 3383 
6577 3374 857 3378 
6578 3376 3375 3381 
6579 847 3378 3384 
6580 851 852 3373 
6581 854 855 3372 
6582 3374 3378 3380 
6583 849 3376 3381 
6584 3376 849 3383 
6585 3372 3376 3377 
6586 856 3374 3385 
6587 848 849 3381 
6588 3372 3375 3376 
6589 3380 848 3381 
6590 855 856 3385 
6591 3372 855 3375 
6592 857 858 3378 
6593 3373 3382 3383 
6594 3377 3376 3382 
6595 3372 3377 3379 
6596 854 3372 3379 
6597 3374 3381 3385 
6598 3381 3375 3385 
6599 3374 3380 3381 
6600 3375 855 3385 
6601 3382 3376 3383 
6602 3378 858 3384 
6603 846 847 3384 
6604 858 846 3384 
6605 849 850 3383 
6606 847 848 3380 
6607 3378 847 3380 
6608 850 851 3373 
6609 852 853 3377 
6610 3373 852 3382 
6611 852 3377 3382 
6612 856 857 3374 
2 1203 2 9
6613 862 863 3387 
6614 861 862 3387 
6615 864 865 859 
6616 864 859 3386 
6617 3386 861 3387 
6618 859 860 3386 
6619 860 861 3386 
6620 863 864 3386 
6621 863 3386 3387 
2 1204 2 9
6622 867 872 866 
6623 870 3388 3389 
6624 870 871 3388 
6625 871 872 3388 
6626 867 868 3389 
6627 872 867 3388 
6628 3388 867 3389 
6629 868 869 3389 
6630 869 870 3389 
2 1205 2 28
6631 3390 3396 1067 
6632 880 3394 879 
6633 874 3396 3390 
6634 883 3395 3390 
6635 1066 3394 880 
6636 884 3395 883 
6637 878 3394 3393 
6638 875 3393 3392 
6639 3392 3393 3391 
6640 3391 3394 1066 
6641 3393 3394 3391 
6642 875 3392 874 
6643 1067 3392 3391 
6644 879 3394 878 
6645 1067 3396 3392 
6646 873 3395 884 
6647 3392 3396 874 
6648 3390 3395 873 
6649 1064 1065 880 
6650 880 1065 1066 
6651 882 1065 881 
6652 881 1065 1064 
6653 874 3390 873 
6654 876 877 875 
6655 877 3393 875 
6656 878 3393 877 
6657 883 3390 1067 
6658 1067 3391 1066 
2 1206 2 136
6659 1068 891 3445 
6660 3423 3399 3434 
6661 3438 3435 3444 
6662 887 888 3400 
6663 3399 3423 3435 
6664 900 901 3430 
6665 905 3399 3436 
6666 3415 3438 3444 
6667 904 905 3436 
6668 3436 3438 3447 
6669 3418 3424 3427 
6670 3425 3413 3451 
6671 3438 3420 3447 
6672 3414 3422 3428 
6673 895 896 3453 
6674 893 3411 3426 
6675 3418 3414 3428 
6676 3413 3425 3450 
6677 902 903 3447 
6678 3419 3418 3427 
6679 3426 3411 3448 
6680 3420 902 3447 
6681 897 898 3424 
6682 887 3400 3401 
6683 3424 3418 3428 
6684 3424 898 3427 
6685 3433 3426 3448 
6686 3398 3426 3433 
6687 893 894 3411 
6688 3436 3435 3438 
6689 3409 3408 3410 
6690 3440 3417 3441 
6691 3415 3431 3438 
6692 3398 3433 3437 
6693 901 902 3397 
6694 3397 3420 3431 
6695 3405 3415 3444 
6696 3431 3440 3441 
6697 3407 3408 3409 
6698 3408 3406 3432 
6699 3431 3415 3440 
6700 3406 3416 3432 
6701 3397 902 3420 
6702 3407 3406 3408 
6703 3407 3409 3440 
6704 3410 3408 3421 
6705 3398 892 3426 
6706 3432 3416 3437 
6707 3439 3448 3452 
6708 3399 885 3434 
6709 3405 3407 3415 
6710 905 885 3399 
6711 3409 3417 3440 
6712 3433 3432 3437 
6713 3415 3407 3440 
6714 3401 3403 3423 
6715 901 3397 3430 
6716 3431 3420 3438 
6717 3419 3430 3441 
6718 3417 3414 3418 
6719 3417 3418 3419 
6720 3397 3431 3441 
6721 3422 3410 3439 
6722 891 892 3398 
6723 3419 3427 3446 
6724 3430 3397 3441 
6725 900 3430 3446 
6726 3417 3419 3441 
6727 3399 3435 3436 
6728 3405 3406 3407 
6729 3406 3404 3416 
6730 3410 3421 3439 
6731 3401 3423 3449 
6732 3427 898 3429 
6733 3405 3404 3406 
6734 3414 3410 3422 
6735 3434 886 3449 
6736 3448 3411 3452 
6737 3409 3410 3414 
6738 3413 3400 3451 
6739 3398 3437 3445 
6740 3421 3408 3432 
6741 3435 3423 3444 
6742 3403 3404 3405 
6743 3421 3432 3433 
6744 887 3401 3449 
6745 3401 3402 3403 
6746 3403 3402 3404 
6747 898 899 3429 
6748 3428 3422 3453 
6749 3400 888 3451 
6750 3409 3414 3417 
6751 3403 3405 3444 
6752 3430 3419 3446 
6753 891 3398 3445 
6754 3402 3400 3413 
6755 3411 894 3452 
6756 1068 3442 3450 
6757 3442 3416 3443 
6758 3416 3404 3443 
6759 903 904 3447 
6760 3423 3403 3444 
6761 3401 3400 3402 
6762 904 3436 3447 
6763 3404 3402 3443 
6764 889 890 3425 
6765 3437 3442 3445 
6766 3437 3416 3442 
6767 3402 3413 3443 
6768 3427 3429 3446 
6769 3423 3434 3449 
6770 3421 3433 3448 
6771 3412 3453 3454 
6772 3439 3421 3448 
6773 3439 3452 3454 
6774 894 895 3412 
6775 3443 3413 3450 
6776 3442 3443 3450 
6777 3442 1068 3445 
6778 886 887 3449 
6779 3429 900 3446 
6780 896 3428 3453 
6781 3453 3422 3454 
6782 3422 3439 3454 
6783 894 3412 3452 
6784 3452 3412 3454 
6785 885 886 3434 
6786 888 889 3451 
6787 892 893 3426 
6788 899 900 3429 
6789 889 3425 3451 
6790 890 1068 3425 
6791 3412 895 3453 
6792 896 897 3424 
6793 896 3424 3428 
6794 3425 1068 3450 
2 1207 2 84
6795 3466 3475 3474 
6796 3456 3485 906 
6797 3469 3479 3455 
6798 914 3459 913 
6799 906 3476 921 
6800 3474 3475 3467 
6801 3470 3483 915 
6802 3474 3486 918 
6803 918 3477 3464 
6804 3471 3478 3456 
6805 3466 3481 3475 
6806 912 3480 911 
6807 3456 3487 3471 
6808 920 3457 919 
6809 914 3460 3459 
6810 3458 3471 3468 
6811 3458 3472 3471 
6812 3455 3480 3469 
6813 920 3465 3457 
6814 906 3485 3476 
6815 3463 3469 3461 
6816 3469 3480 3473 
6817 3463 3479 3469 
6818 3458 3468 909 
6819 910 3458 909 
6820 3472 3479 3475 
6821 3467 3475 3463 
6822 3458 3489 3472 
6823 3487 3488 3468 
6824 3472 3481 3471 
6825 3478 3485 3456 
6826 3464 3470 916 
6827 3465 3466 3457 
6828 3462 3467 3463 
6829 3462 3463 3461 
6830 3465 3478 3466 
6831 3482 3489 3458 
6832 3477 3484 3464 
6833 3475 3479 3463 
6834 3461 3473 3459 
6835 3471 3481 3478 
6836 3466 3474 3457 
6837 3464 3484 3470 
6838 3460 3461 3459 
6839 910 3482 3458 
6840 3462 3477 3467 
6841 917 3464 916 
6842 3475 3481 3472 
6843 911 3480 3455 
6844 3469 3473 3461 
6845 915 3483 914 
6846 920 3476 3465 
6847 3460 3462 3461 
6848 921 3476 920 
6849 914 3483 3460 
6850 3465 3485 3478 
6851 3471 3487 3468 
6852 3473 3480 912 
6853 3478 3481 3466 
6854 3472 3489 3479 
6855 3467 3486 3474 
6856 3483 3484 3460 
6857 3479 3489 3455 
6858 3460 3484 3462 
6859 3462 3484 3477 
6860 918 3486 3477 
6861 3477 3486 3467 
6862 3470 3484 3483 
6863 3476 3485 3465 
6864 3455 3489 3482 
6865 3456 3488 3487 
6866 909 3468 908 
6867 916 3470 915 
6868 907 3488 906 
6869 906 3488 3456 
6870 908 3468 907 
6871 3468 3488 907 
6872 911 3482 910 
6873 3455 3482 911 
6874 913 3473 912 
6875 3459 3473 913 
6876 918 3464 917 
6877 919 3474 918 
6878 3457 3474 919 
2 1208 2 7
6879 927 922 3490 
6880 924 925 3490 
6881 922 923 3490 
6882 927 928 922 
6883 923 924 3490 
6884 925 926 3490 
6885 926 927 3490 
2 1209 2 16
6886 935 3491 3494 
6887 929 930 3492 
6888 930 3491 3492 
6889 931 932 3493 
6890 938 929 3492 
6891 931 3493 3494 
6892 937 938 3492 
6893 936 937 3492 
6894 930 931 3491 
6895 3491 931 3494 
6896 3493 935 3494 
6897 933 934 3493 
6898 934 935 3493 
6899 932 933 3493 
6900 935 936 3491 
6901 3491 936 3492 
2 1210 2 9
6902 943 944 3495 
6903 3495 944 3496 
6904 945 939 3496 
6905 941 943 3495 
6906 944 945 3496 
6907 939 940 3496 
6908 942 943 941 
6909 940 941 3495 
6910 940 3495 3496 
2 1211 2 9
6911 947 949 946 
6912 952 3497 3498 
6913 949 950 3497 
6914 950 951 3498 
6915 946 949 3497 
6916 952 946 3497 
6917 948 949 947 
6918 3497 950 3498 
6919 951 952 3498 
2 1212 2 35
6920 958 3504 957 
6921 960 3510 3504 
6922 956 3505 955 
6923 3508 3509 3502 
6924 959 3504 958 
6925 957 3504 956 
6926 955 3500 954 
6927 963 3503 3499 
6928 3502 3510 960 
6929 3499 3508 962 
6930 3500 3501 954 
6931 3506 3508 3499 
6932 955 3505 3500 
6933 3506 3509 3508 
6934 3499 3507 3506 
6935 963 3499 962 
6936 3505 3509 3500 
6937 954 3501 953 
6938 3500 3506 3501 
6939 3503 3507 3499 
6940 3502 3509 3505 
6941 3500 3509 3506 
6942 956 3510 3505 
6943 3506 3507 3501 
6944 961 3502 960 
6945 3505 3510 3502 
6946 3504 3510 956 
6947 965 3503 964 
6948 962 3508 961 
6949 964 3503 963 
6950 953 3507 965 
6951 3501 3507 953 
6952 960 3504 959 
6953 961 3508 3502 
6954 965 3507 3503 
2 1213 2 32
6955 971 972 3511 
6956 974 3512 3521 
6957 3512 3514 3521 
6958 968 969 3513 
6959 969 970 3513 
6960 970 3511 3513 
6961 973 974 3520 
6962 3514 3517 3521 
6963 3513 3511 3514 
6964 3514 3512 3519 
6965 3511 972 3517 
6966 968 3513 3515 
6967 3513 3514 3515 
6968 967 968 3516 
6969 3514 3511 3517 
6970 3518 1069 3519 
6971 966 967 3516 
6972 3515 3514 3519 
6973 3512 3518 3519 
6974 3515 1069 3516 
6975 970 971 3511 
6976 1069 3515 3519 
6977 972 973 3520 
6978 968 3515 3516 
6979 3520 974 3521 
6980 3517 972 3520 
6981 975 976 3518 
6982 3517 3520 3521 
6983 1069 966 3516 
6984 976 1069 3518 
6985 974 975 3512 
6986 3512 975 3518 
2 1214 2 9
6987 982 977 3522 
6988 980 981 3523 
6989 981 3522 3523 
6990 3522 978 3523 
6991 979 980 3523 
6992 978 979 3523 
6993 977 978 3522 
6994 982 983 977 
6995 981 982 3522 
2 1215 2 141
6996 989 3578 3563 
6997 3560 3573 3539 
6998 3535 3555 3547 
6999 3549 3566 1003 
7000 1070 3543 992 
7001 997 3561 996 
7002 3563 3578 3554 
7003 3555 3571 3547 
7004 3565 3571 3553 
7005 1070 3554 3543 
7006 3565 3576 3571 
7007 994 3557 3532 
7008 3551 3573 3560 
7009 3538 3569 3561 
7010 3561 3569 3548 
7011 3536 3574 3548 
7012 3536 3565 3553 
7013 3530 3566 3560 
7014 3553 3574 3536 
7015 1005 3549 1004 
7016 3554 3578 3543 
7017 984 3580 1071 
7018 999 3572 3570 
7019 3535 3559 3555 
7020 996 3581 995 
7021 995 3557 994 
7022 3539 3573 3552 
7023 3532 3557 3545 
7024 1071 3580 3550 
7025 991 3543 990 
7026 985 3542 984 
7027 985 3556 3542 
7028 3551 3566 3549 
7029 3548 3574 3558 
7030 3524 3525 987 
7031 988 3524 987 
7032 3560 3566 3551 
7033 3562 3563 3554 
7034 1000 3572 999 
7035 3526 3529 3528 
7036 3538 3570 3569 
7037 3548 3577 3561 
7038 3529 3534 3528 
7039 3529 3536 3534 
7040 1001 3572 1000 
7041 3526 3528 1002 
7042 1003 3526 1002 
7043 3535 3547 3539 
7044 3525 3567 3556 
7045 3525 3556 987 
7046 3526 3530 3529 
7047 3554 3582 3562 
7048 3529 3565 3536 
7049 3527 3559 3535 
7050 3527 3535 3533 
7051 3552 3580 3567 
7052 987 3556 986 
7053 3535 3539 3533 
7054 3547 3560 3539 
7055 1003 3566 3526 
7056 3532 3545 3541 
7057 994 3532 3531 
7058 3570 3572 3546 
7059 3545 3553 3541 
7060 3567 3580 3542 
7061 3556 3567 3542 
7062 3541 3555 3540 
7063 3532 3541 3540 
7064 1005 3550 3549 
7065 3557 3558 3545 
7066 3539 3552 3533 
7067 3537 3563 3562 
7068 3533 3567 3525 
7069 3532 3540 3531 
7070 3560 3576 3530 
7071 3537 3562 3559 
7072 3530 3565 3529 
7073 3537 3559 3527 
7074 3571 3576 3547 
7075 1070 3582 3554 
7076 3526 3566 3530 
7077 3534 3546 3528 
7078 3524 3537 3527 
7079 994 3531 993 
7080 3527 3533 3525 
7081 3528 3579 1002 
7082 3541 3571 3555 
7083 3536 3548 3534 
7084 3569 3570 3546 
7085 998 3538 997 
7086 1002 3579 1001 
7087 3550 3551 3549 
7088 3524 3527 3525 
7089 3553 3571 3541 
7090 3562 3582 3544 
7091 986 3556 985 
7092 3558 3574 3545 
7093 3534 3569 3546 
7094 3552 3567 3533 
7095 3547 3576 3560 
7096 990 3578 989 
7097 3524 3564 3537 
7098 3573 3580 3552 
7099 3545 3574 3553 
7100 3558 3577 3548 
7101 3548 3569 3534 
7102 3559 3575 3555 
7103 3537 3564 3563 
7104 3538 3561 997 
7105 3555 3575 3540 
7106 3540 3544 3531 
7107 3562 3575 3559 
7108 3543 3578 990 
7109 3550 3573 3551 
7110 988 3564 3524 
7111 3544 3575 3562 
7112 3530 3576 3565 
7113 3531 3568 993 
7114 1001 3579 3572 
7115 3540 3575 3544 
7116 3546 3579 3528 
7117 995 3581 3557 
7118 3572 3579 3546 
7119 3561 3577 996 
7120 3568 3582 1070 
7121 3557 3581 3558 
7122 3544 3568 3531 
7123 3558 3581 3577 
7124 3544 3582 3568 
7125 992 3543 991 
7126 3577 3581 996 
7127 993 3568 1070 
7128 3542 3580 984 
7129 989 3564 988 
7130 3563 3564 989 
7131 999 3570 998 
7132 998 3570 3538 
7133 1004 3549 1003 
7134 1006 3550 1005 
7135 1071 3550 1006 
7136 3550 3580 3573 
2 1216 2 11
7137 1009 3583 3585 
7138 1010 1011 3584 
7139 1011 1012 3584 
7140 1009 1010 3583 
7141 3583 1010 3584 
7142 1007 1008 3585 
7143 1008 1009 3585 
7144 1013 1007 3585 
7145 1012 1013 3584 
7146 1013 3583 3584 
7147 3583 1013 3585 
2 1217 2 16
7148 3586 3587 1018 
7149 1020 3590 3586 
7150 3587 3589 1016 
7151 1020 3586 1019 
7152 1014 3588 1021 
7153 1015 3588 1014 
7154 1017 3587 1016 
7155 1018 3587 1017 
7156 1015 3590 3588 
7157 3589 3590 1015 
7158 3586 3589 3587 
7159 3586 3590 3589 
7160 1016 3589 1015 
7161 1019 3586 1018 
7162 1021 3588 1020 
7163 3588 3590 1020 
2 1218 2 24
7164 3594 3595 3597 
7165 1022 1023 3591 
7166 1029 3594 3596 
7167 1026 3592 3596 
7168 3595 1072 3597 
7169 3594 1030 3595 
7170 1072 3593 3597 
7171 1024 1025 3591 
7172 1023 1024 3591 
7173 1025 1026 3593 
7174 1027 1028 3592 
7175 1029 1030 3594 
7176 3593 1026 3596 
7177 3596 3594 3597 
7178 3593 3596 3597 
7179 1028 1029 3592 
7180 1030 1031 3595 
7181 1032 1072 1031 
7182 1072 1022 3591 
7183 3591 1025 3593 
7184 1026 1027 3592 
7185 3592 1029 3596 
7186 1031 1072 3595 
7187 1072 3591 3593 
2 1219 2 7
7188 1038 1033 3598 
7189 1035 1036 3598 
7190 1036 1037 3598 
7191 1033 1034 3598 
7192 1038 1039 1033 
7193 1034 1035 3598 
7194 1037 1038 3598 
$EndElements
