$MeshFormat
4.1 0 8
$EndMeshFormat
$PhysicalNames
5
1 2 "inlet"
1 3 "outlet"
1 4 "noflux"
2 1 "Darcy"
2 6 "Vugs"
$EndPhysicalNames
$Entities
222 222 15 0
1 479 448 0 0 
2 480 465 0 0 
3 474 462 0 0 
4 470 465 0 0 
5 468 482 0 0 
6 461 481 0 0 
7 465 471 0 0 
8 459 467 0 0 
9 457 473 0 0 
10 443 487 0 0 
11 445 499 0 0 
12 464 499 0 0 
13 463 486 0 0 
14 470 488 0 0 
15 474 494 0 0 
16 487 474 0 0 
17 494 461 0 0 
18 487 454 0 0 
19 485 448 0 0 
20 75 428 0 0 
21 70 432 0 0 
22 61 430 0 0 
23 60 446 0 0 
24 73 450 0 0 
25 78 463 0 0 
26 89 481 0 0 
27 100 496 0 0 
28 100 499 0 0 
29 124 499 0 0 
30 117 486 0 0 
31 107 472 0 0 
32 95 452 0 0 
33 97 442 0 0 
34 89 429 0 0 
35 85 433 0 0 
36 473 420 0 0 
37 467 425 0 0 
38 456 425 0 0 
39 445 429 0 0 
40 440 452 0 0 
41 445 457 0 0 
42 456 463 0 0 
43 460 455 0 0 
44 457 450 0 0 
45 452 449 0 0 
46 456 435 0 0 
47 468 429 0 0 
48 475 429 0 0 
49 478 425 0 0 
50 416 402 0 0 
51 401 412 0 0 
52 386 416 0 0 
53 372 427 0 0 
54 362 431 0 0 
55 338 449 0 0 
56 330 458 0 0 
57 344 458 0 0 
58 349 455 0 0 
59 360 453 0 0 
60 373 441 0 0 
61 385 443 0 0 
62 396 430 0 0 
63 402 428 0 0 
64 405 418 0 0 
65 418 404 0 0 
66 15 397 0 0 
67 12 424 0 0 
68 21 428 0 0 
69 23 434 0 0 
70 30 428 0 0 
71 40 431 0 0 
72 43 423 0 0 
73 38 420 0 0 
74 47 410 0 0 
75 44 407 0 0 
76 31 407 0 0 
77 281 313 0 0 
78 278 330 0 0 
79 279 340 0 0 
80 277 347 0 0 
81 283 355 0 0 
82 284 365 0 0 
83 290 365 0 0 
84 296 356 0 0 
85 301 354 0 0 
86 301 343 0 0 
87 304 337 0 0 
88 305 325 0 0 
89 299 316 0 0 
90 316 298 0 0 
91 310 305 0 0 
92 314 318 0 0 
93 312 343 0 0 
94 318 349 0 0 
95 324 342 0 0 
96 323 328 0 0 
97 330 319 0 0 
98 327 313 0 0 
99 327 305 0 0 
100 169 287 0 0 
101 167 297 0 0 
102 171 305 0 0 
103 166 315 0 0 
104 156 310 0 0 
105 143 307 0 0 
106 136 308 0 0 
107 132 331 0 0 
108 135 338 0 0 
109 145 335 0 0 
110 149 343 0 0 
111 156 342 0 0 
112 154 350 0 0 
113 159 355 0 0 
114 156 363 0 0 
115 159 371 0 0 
116 153 379 0 0 
117 160 393 0 0 
118 172 377 0 0 
119 167 374 0 0 
120 167 366 0 0 
121 163 357 0 0 
122 175 354 0 0 
123 183 345 0 0 
124 179 331 0 0 
125 173 328 0 0 
126 179 317 0 0 
127 172 298 0 0 
128 173 290 0 0 
129 448 245 0 0 
130 445 252 0 0 
131 449 260 0 0 
132 449 269 0 0 
133 459 269 0 0 
134 467 281 0 0 
135 469 279 0 0 
136 481 280 0 0 
137 490 273 0 0 
138 486 266 0 0 
139 470 261 0 0 
140 460 252 0 0 
141 332 223 0 0 
142 327 228 0 0 
143 327 240 0 0 
144 339 247 0 0 
145 354 250 0 0 
146 351 241 0 0 
147 342 240 0 0 
148 341 228 0 0 
149 239 192 0 0 
150 219 195 0 0 
151 210 203 0 0 
152 196 203 0 0 
153 190 209 0 0 
154 176 217 0 0 
155 175 231 0 0 
156 186 246 0 0 
157 196 243 0 0 
158 203 243 0 0 
159 213 247 0 0 
160 241 251 0 0 
161 245 246 0 0 
162 252 248 0 0 
163 258 253 0 0 
164 274 249 0 0 
165 283 238 0 0 
166 281 229 0 0 
167 288 221 0 0 
168 300 222 0 0 
169 303 215 0 0 
170 312 212 0 0 
171 301 210 0 0 
172 276 209 0 0 
173 264 202 0 0 
174 258 195 0 0 
175 243 194 0 0 
176 355 186 0 0 
177 350 195 0 0 
178 341 199 0 0 
179 342 212 0 0 
180 347 218 0 0 
181 353 219 0 0 
182 357 231 0 0 
183 366 225 0 0 
184 367 221 0 0 
185 373 222 0 0 
186 373 232 0 0 
187 363 237 0 0 
188 371 241 0 0 
189 391 243 0 0 
190 402 237 0 0 
191 398 233 0 0 
192 391 233 0 0 
193 379 228 0 0 
194 377 211 0 0 
195 370 208 0 0 
196 370 193 0 0 
197 363 193 0 0 
198 15 133 0 0 
199 8 136 0 0 
200 12 155 0 0 
201 25 165 0 0 
202 31 166 0 0 
203 33 172 0 0 
204 39 165 0 0 
205 32 155 0 0 
206 31 140 0 0 
207 27 135 0 0 
208 102 103 0 0 
209 92 114 0 0 
210 80 131 0 0 
211 81 139 0 0 
212 88 146 0 0 
213 97 140 0 0 
214 86 138 0 0 
215 88 128 0 0 
216 98 125 0 0 
217 110 115 0 0 
218 112 108 0 0 
247 0 0 0 0 
248 0 500 0 0 
249 500 500 0 0 
250 500 0 0 0 
1 479 448 0 480 465 0 0 2 1 -2 
2 474 462 0 480 465 0 0 2 2 -3 
3 470 462 0 474 465 0 0 2 3 -4 
4 468 465 0 470 482 0 0 2 4 -5 
5 461 481 0 468 482 0 0 2 5 -6 
6 461 471 0 465 481 0 0 2 6 -7 
7 459 467 0 465 471 0 0 2 7 -8 
8 457 467 0 459 473 0 0 2 8 -9 
9 443 473 0 457 487 0 0 2 9 -10 
10 443 487 0 445 499 0 0 2 10 -11 
11 445 499 0 464 499 0 0 2 11 -12 
12 463 486 0 464 499 0 0 2 12 -13 
13 463 486 0 470 488 0 0 2 13 -14 
14 470 488 0 474 494 0 0 2 14 -15 
15 474 474 0 487 494 0 0 2 15 -16 
16 487 461 0 494 474 0 0 2 16 -17 
17 487 454 0 494 461 0 0 2 17 -18 
18 485 448 0 487 454 0 0 2 18 -19 
19 479 448 0 485 448 0 0 2 19 -1 
20 70 428 0 75 432 0 0 2 20 -21 
21 61 430 0 70 432 0 0 2 21 -22 
22 60 430 0 61 446 0 0 2 22 -23 
23 60 446 0 73 450 0 0 2 23 -24 
24 73 450 0 78 463 0 0 2 24 -25 
25 78 463 0 89 481 0 0 2 25 -26 
26 89 481 0 100 496 0 0 2 26 -27 
27 100 496 0 100 499 0 0 2 27 -28 
28 100 499 0 124 499 0 0 2 28 -29 
29 117 486 0 124 499 0 0 2 29 -30 
30 107 472 0 117 486 0 0 2 30 -31 
31 95 452 0 107 472 0 0 2 31 -32 
32 95 442 0 97 452 0 0 2 32 -33 
33 89 429 0 97 442 0 0 2 33 -34 
34 85 429 0 89 433 0 0 2 34 -35 
35 75 428 0 85 433 0 0 2 35 -20 
36 467 420 0 473 425 0 0 2 36 -37 
37 456 425 0 467 425 0 0 2 37 -38 
38 445 425 0 456 429 0 0 2 38 -39 
39 440 429 0 445 452 0 0 2 39 -40 
40 440 452 0 445 457 0 0 2 40 -41 
41 445 457 0 456 463 0 0 2 41 -42 
42 456 455 0 460 463 0 0 2 42 -43 
43 457 450 0 460 455 0 0 2 43 -44 
44 452 449 0 457 450 0 0 2 44 -45 
45 452 435 0 456 449 0 0 2 45 -46 
46 456 429 0 468 435 0 0 2 46 -47 
47 468 429 0 475 429 0 0 2 47 -48 
48 475 425 0 478 429 0 0 2 48 -49 
49 473 420 0 478 425 0 0 2 49 -36 
50 401 402 0 416 412 0 0 2 50 -51 
51 386 412 0 401 416 0 0 2 51 -52 
52 372 416 0 386 427 0 0 2 52 -53 
53 362 427 0 372 431 0 0 2 53 -54 
54 338 431 0 362 449 0 0 2 54 -55 
55 330 449 0 338 458 0 0 2 55 -56 
56 330 458 0 344 458 0 0 2 56 -57 
57 344 455 0 349 458 0 0 2 57 -58 
58 349 453 0 360 455 0 0 2 58 -59 
59 360 441 0 373 453 0 0 2 59 -60 
60 373 441 0 385 443 0 0 2 60 -61 
61 385 430 0 396 443 0 0 2 61 -62 
62 396 428 0 402 430 0 0 2 62 -63 
63 402 418 0 405 428 0 0 2 63 -64 
64 405 404 0 418 418 0 0 2 64 -65 
65 416 402 0 418 404 0 0 2 65 -50 
66 12 397 0 15 424 0 0 2 66 -67 
67 12 424 0 21 428 0 0 2 67 -68 
68 21 428 0 23 434 0 0 2 68 -69 
69 23 428 0 30 434 0 0 2 69 -70 
70 30 428 0 40 431 0 0 2 70 -71 
71 40 423 0 43 431 0 0 2 71 -72 
72 38 420 0 43 423 0 0 2 72 -73 
73 38 410 0 47 420 0 0 2 73 -74 
74 44 407 0 47 410 0 0 2 74 -75 
75 31 407 0 44 407 0 0 2 75 -76 
76 15 397 0 31 407 0 0 2 76 -66 
77 278 313 0 281 330 0 0 2 77 -78 
78 278 330 0 279 340 0 0 2 78 -79 
79 277 340 0 279 347 0 0 2 79 -80 
80 277 347 0 283 355 0 0 2 80 -81 
81 283 355 0 284 365 0 0 2 81 -82 
82 284 365 0 290 365 0 0 2 82 -83 
83 290 356 0 296 365 0 0 2 83 -84 
84 296 354 0 301 356 0 0 2 84 -85 
85 301 343 0 301 354 0 0 2 85 -86 
86 301 337 0 304 343 0 0 2 86 -87 
87 304 325 0 305 337 0 0 2 87 -88 
88 299 316 0 305 325 0 0 2 88 -89 
89 281 313 0 299 316 0 0 2 89 -77 
90 310 298 0 316 305 0 0 2 90 -91 
91 310 305 0 314 318 0 0 2 91 -92 
92 312 318 0 314 343 0 0 2 92 -93 
93 312 343 0 318 349 0 0 2 93 -94 
94 318 342 0 324 349 0 0 2 94 -95 
95 323 328 0 324 342 0 0 2 95 -96 
96 323 319 0 330 328 0 0 2 96 -97 
97 327 313 0 330 319 0 0 2 97 -98 
98 327 305 0 327 313 0 0 2 98 -99 
99 316 298 0 327 305 0 0 2 99 -90 
100 167 287 0 169 297 0 0 2 100 -101 
101 167 297 0 171 305 0 0 2 101 -102 
102 166 305 0 171 315 0 0 2 102 -103 
103 156 310 0 166 315 0 0 2 103 -104 
104 143 307 0 156 310 0 0 2 104 -105 
105 136 307 0 143 308 0 0 2 105 -106 
106 132 308 0 136 331 0 0 2 106 -107 
107 132 331 0 135 338 0 0 2 107 -108 
108 135 335 0 145 338 0 0 2 108 -109 
109 145 335 0 149 343 0 0 2 109 -110 
110 149 342 0 156 343 0 0 2 110 -111 
111 154 342 0 156 350 0 0 2 111 -112 
112 154 350 0 159 355 0 0 2 112 -113 
113 156 355 0 159 363 0 0 2 113 -114 
114 156 363 0 159 371 0 0 2 114 -115 
115 153 371 0 159 379 0 0 2 115 -116 
116 153 379 0 160 393 0 0 2 116 -117 
117 160 377 0 172 393 0 0 2 117 -118 
118 167 374 0 172 377 0 0 2 118 -119 
119 167 366 0 167 374 0 0 2 119 -120 
120 163 357 0 167 366 0 0 2 120 -121 
121 163 354 0 175 357 0 0 2 121 -122 
122 175 345 0 183 354 0 0 2 122 -123 
123 179 331 0 183 345 0 0 2 123 -124 
124 173 328 0 179 331 0 0 2 124 -125 
125 173 317 0 179 328 0 0 2 125 -126 
126 172 298 0 179 317 0 0 2 126 -127 
127 172 290 0 173 298 0 0 2 127 -128 
128 169 287 0 173 290 0 0 2 128 -100 
129 445 245 0 448 252 0 0 2 129 -130 
130 445 252 0 449 260 0 0 2 130 -131 
131 449 260 0 449 269 0 0 2 131 -132 
132 449 269 0 459 269 0 0 2 132 -133 
133 459 269 0 467 281 0 0 2 133 -134 
134 467 279 0 469 281 0 0 2 134 -135 
135 469 279 0 481 280 0 0 2 135 -136 
136 481 273 0 490 280 0 0 2 136 -137 
137 486 266 0 490 273 0 0 2 137 -138 
138 470 261 0 486 266 0 0 2 138 -139 
139 460 252 0 470 261 0 0 2 139 -140 
140 448 245 0 460 252 0 0 2 140 -129 
141 327 223 0 332 228 0 0 2 141 -142 
142 327 228 0 327 240 0 0 2 142 -143 
143 327 240 0 339 247 0 0 2 143 -144 
144 339 247 0 354 250 0 0 2 144 -145 
145 351 241 0 354 250 0 0 2 145 -146 
146 342 240 0 351 241 0 0 2 146 -147 
147 341 228 0 342 240 0 0 2 147 -148 
148 332 223 0 341 228 0 0 2 148 -141 
149 219 192 0 239 195 0 0 2 149 -150 
150 210 195 0 219 203 0 0 2 150 -151 
151 196 203 0 210 203 0 0 2 151 -152 
152 190 203 0 196 209 0 0 2 152 -153 
153 176 209 0 190 217 0 0 2 153 -154 
154 175 217 0 176 231 0 0 2 154 -155 
155 175 231 0 186 246 0 0 2 155 -156 
156 186 243 0 196 246 0 0 2 156 -157 
157 196 243 0 203 243 0 0 2 157 -158 
158 203 243 0 213 247 0 0 2 158 -159 
159 213 247 0 241 251 0 0 2 159 -160 
160 241 246 0 245 251 0 0 2 160 -161 
161 245 246 0 252 248 0 0 2 161 -162 
162 252 248 0 258 253 0 0 2 162 -163 
163 258 249 0 274 253 0 0 2 163 -164 
164 274 238 0 283 249 0 0 2 164 -165 
165 281 229 0 283 238 0 0 2 165 -166 
166 281 221 0 288 229 0 0 2 166 -167 
167 288 221 0 300 222 0 0 2 167 -168 
168 300 215 0 303 222 0 0 2 168 -169 
169 303 212 0 312 215 0 0 2 169 -170 
170 301 210 0 312 212 0 0 2 170 -171 
171 276 209 0 301 210 0 0 2 171 -172 
172 264 202 0 276 209 0 0 2 172 -173 
173 258 195 0 264 202 0 0 2 173 -174 
174 243 194 0 258 195 0 0 2 174 -175 
175 239 192 0 243 194 0 0 2 175 -149 
176 350 186 0 355 195 0 0 2 176 -177 
177 341 195 0 350 199 0 0 2 177 -178 
178 341 199 0 342 212 0 0 2 178 -179 
179 342 212 0 347 218 0 0 2 179 -180 
180 347 218 0 353 219 0 0 2 180 -181 
181 353 219 0 357 231 0 0 2 181 -182 
182 357 225 0 366 231 0 0 2 182 -183 
183 366 221 0 367 225 0 0 2 183 -184 
184 367 221 0 373 222 0 0 2 184 -185 
185 373 222 0 373 232 0 0 2 185 -186 
186 363 232 0 373 237 0 0 2 186 -187 
187 363 237 0 371 241 0 0 2 187 -188 
188 371 241 0 391 243 0 0 2 188 -189 
189 391 237 0 402 243 0 0 2 189 -190 
190 398 233 0 402 237 0 0 2 190 -191 
191 391 233 0 398 233 0 0 2 191 -192 
192 379 228 0 391 233 0 0 2 192 -193 
193 377 211 0 379 228 0 0 2 193 -194 
194 370 208 0 377 211 0 0 2 194 -195 
195 370 193 0 370 208 0 0 2 195 -196 
196 363 193 0 370 193 0 0 2 196 -197 
197 355 186 0 363 193 0 0 2 197 -176 
198 8 133 0 15 136 0 0 2 198 -199 
199 8 136 0 12 155 0 0 2 199 -200 
200 12 155 0 25 165 0 0 2 200 -201 
201 25 165 0 31 166 0 0 2 201 -202 
202 31 166 0 33 172 0 0 2 202 -203 
203 33 165 0 39 172 0 0 2 203 -204 
204 32 155 0 39 165 0 0 2 204 -205 
205 31 140 0 32 155 0 0 2 205 -206 
206 27 135 0 31 140 0 0 2 206 -207 
207 15 133 0 27 135 0 0 2 207 -198 
208 92 103 0 102 114 0 0 2 208 -209 
209 80 114 0 92 131 0 0 2 209 -210 
210 80 131 0 81 139 0 0 2 210 -211 
211 81 139 0 88 146 0 0 2 211 -212 
212 88 140 0 97 146 0 0 2 212 -213 
213 86 138 0 97 140 0 0 2 213 -214 
214 86 128 0 88 138 0 0 2 214 -215 
215 88 125 0 98 128 0 0 2 215 -216 
216 98 115 0 110 125 0 0 2 216 -217 
217 110 108 0 112 115 0 0 2 217 -218 
218 102 103 0 112 108 0 0 2 218 -208 
247 0 0 0 0 500 0 1 2 2 247 -248 
248 0 500 0 500 500 0 1 4 2 248 -249 
249 500 0 0 500 500 0 1 3 2 249 -250 
250 0 0 0 500 0 0 1 4 2 250 -247 
233 443 448 0 494 499 0 1 6 19 1 2 3 4 5 6 7 8 9 10 11 12 13 14 15 16 17 18 19 
234 60 428 0 124 499 0 1 6 16 20 21 22 23 24 25 26 27 28 29 30 31 32 33 34 35 
235 440 420 0 478 463 0 1 6 14 36 37 38 39 40 41 42 43 44 45 46 47 48 49 
236 330 402 0 418 458 0 1 6 16 50 51 52 53 54 55 56 57 58 59 60 61 62 63 64 65 
237 12 397 0 47 434 0 1 6 11 66 67 68 69 70 71 72 73 74 75 76 
238 277 313 0 305 365 0 1 6 13 77 78 79 80 81 82 83 84 85 86 87 88 89 
239 310 298 0 330 349 0 1 6 10 90 91 92 93 94 95 96 97 98 99 
240 132 287 0 183 393 0 1 6 29 100 101 102 103 104 105 106 107 108 109 110 111 112 113 114 115 116 117 118 119 120 121 122 123 124 125 126 127 128 
241 445 245 0 490 281 0 1 6 12 129 130 131 132 133 134 135 136 137 138 139 140 
242 327 223 0 354 250 0 1 6 8 141 142 143 144 145 146 147 148 
243 175 192 0 312 253 0 1 6 27 149 150 151 152 153 154 155 156 157 158 159 160 161 162 163 164 165 166 167 168 169 170 171 172 173 174 175 
244 341 186 0 402 243 0 1 6 22 176 177 178 179 180 181 182 183 184 185 186 187 188 189 190 191 192 193 194 195 196 197 
245 8 133 0 39 172 0 1 6 10 198 199 200 201 202 203 204 205 206 207 
246 80 103 0 112 146 0 1 6 11 208 209 210 211 212 213 214 215 216 217 218 
1000 0 0 0 500 500 0 1 1 222 1 2 3 4 5 6 7 8 9 10 11 12 13 14 15 16 17 18 19 -35 -34 -33 -32 -31 -30 -29 -28 -27 -26 -25 -24 -23 -22 -21 -20 -49 -48 -47 -46 -45 -44 -43 -42 -41 -40 -39 -38 -37 -36 -65 -64 -63 -62 -61 -60 -59 -58 -57 -56 -55 -54 -53 -52 -51 -50 -76 -75 -74 -73 -72 -71 -70 -69 -68 -67 -66 -89 -88 -87 -86 -85 -84 -83 -82 -81 -80 -79 -78 -77 -99 -98 -97 -96 -95 -94 -93 -92 -91 -90 -128 -127 -126 -125 -124 -123 -122 -121 -120 -119 -118 -117 -116 -115 -114 -113 -112 -111 -110 -109 -108 -107 -106 -105 -104 -103 -102 -101 -100 -140 -139 -138 -137 -136 -135 -134 -133 -132 -131 -130 -129 -148 -147 -146 -145 -144 -143 -142 -141 -175 -174 -173 -172 -171 -170 -169 -168 -167 -166 -165 -164 -163 -162 -161 -160 -159 -158 -157 -156 -155 -154 -153 -152 -151 -150 -149 -197 -196 -195 -194 -193 -192 -191 -190 -189 -188 -187 -186 -185 -184 -183 -182 -181 -180 -179 -178 -177 -176 -207 -206 -205 -204 -203 -202 -201 -200 -199 -198 -218 -217 -216 -215 -214 -213 -212 -211 -210 -209 -208 -250 -249 -248 -247 
$EndEntities
$Nodes
241 1501 1 1501
0 1 0 1
1
479 448 0
0 2 0 1
2
480 465 0
0 3 0 1
3
474 462 0
0 4 0 1
4
470 465 0
0 5 0 1
5
468 482 0
0 6 0 1
6
461 481 0
0 7 0 1
7
465 471 0
0 8 0 1
8
459 467 0
0 9 0 1
9
457 473 0
0 10 0 1
10
443 487 0
0 11 0 1
11
445 499 0
0 12 0 1
12
464 499 0
0 13 0 1
13
463 486 0
0 14 0 1
14
470 488 0
0 15 0 1
15
474 494 0
0 16 0 1
16
487 474 0
0 17 0 1
17
494 461 0
0 18 0 1
18
487 454 0
0 19 0 1
19
485 448 0
0 20 0 1
20
75 428 0
0 21 0 1
21
70 432 0
0 22 0 1
22
61 430 0
0 23 0 1
23
60 446 0
0 24 0 1
24
73 450 0
0 25 0 1
25
78 463 0
0 26 0 1
26
89 481 0
0 27 0 1
27
100 496 0
0 28 0 1
28
100 499 0
0 29 0 1
29
124 499 0
0 30 0 1
30
117 486 0
0 31 0 1
31
107 472 0
0 32 0 1
32
95 452 0
0 33 0 1
33
97 442 0
0 34 0 1
34
89 429 0
0 35 0 1
35
85 433 0
0 36 0 1
36
473 420 0
0 37 0 1
37
467 425 0
0 38 0 1
38
456 425 0
0 39 0 1
39
445 429 0
0 40 0 1
40
440 452 0
0 41 0 1
41
445 457 0
0 42 0 1
42
456 463 0
0 43 0 1
43
460 455 0
0 44 0 1
44
457 450 0
0 45 0 1
45
452 449 0
0 46 0 1
46
456 435 0
0 47 0 1
47
468 429 0
0 48 0 1
48
475 429 0
0 49 0 1
49
478 425 0
0 50 0 1
50
416 402 0
0 51 0 1
51
401 412 0
0 52 0 1
52
386 416 0
0 53 0 1
53
372 427 0
0 54 0 1
54
362 431 0
0 55 0 1
55
338 449 0
0 56 0 1
56
330 458 0
0 57 0 1
57
344 458 0
0 58 0 1
58
349 455 0
0 59 0 1
59
360 453 0
0 60 0 1
60
373 441 0
0 61 0 1
61
385 443 0
0 62 0 1
62
396 430 0
0 63 0 1
63
402 428 0
0 64 0 1
64
405 418 0
0 65 0 1
65
418 404 0
0 66 0 1
66
15 397 0
0 67 0 1
67
12 424 0
0 68 0 1
68
21 428 0
0 69 0 1
69
23 434 0
0 70 0 1
70
30 428 0
0 71 0 1
71
40 431 0
0 72 0 1
72
43 423 0
0 73 0 1
73
38 420 0
0 74 0 1
74
47 410 0
0 75 0 1
75
44 407 0
0 76 0 1
76
31 407 0
0 77 0 1
77
281 313 0
0 78 0 1
78
278 330 0
0 79 0 1
79
279 340 0
0 80 0 1
80
277 347 0
0 81 0 1
81
283 355 0
0 82 0 1
82
284 365 0
0 83 0 1
83
290 365 0
0 84 0 1
84
296 356 0
0 85 0 1
85
301 354 0
0 86 0 1
86
301 343 0
0 87 0 1
87
304 337 0
0 88 0 1
88
305 325 0
0 89 0 1
89
299 316 0
0 90 0 1
90
316 298 0
0 91 0 1
91
310 305 0
0 92 0 1
92
314 318 0
0 93 0 1
93
312 343 0
0 94 0 1
94
318 349 0
0 95 0 1
95
324 342 0
0 96 0 1
96
323 328 0
0 97 0 1
97
330 319 0
0 98 0 1
98
327 313 0
0 99 0 1
99
327 305 0
0 100 0 1
100
169 287 0
0 101 0 1
101
167 297 0
0 102 0 1
102
171 305 0
0 103 0 1
103
166 315 0
0 104 0 1
104
156 310 0
0 105 0 1
105
143 307 0
0 106 0 1
106
136 308 0
0 107 0 1
107
132 331 0
0 108 0 1
108
135 338 0
0 109 0 1
109
145 335 0
0 110 0 1
110
149 343 0
0 111 0 1
111
156 342 0
0 112 0 1
112
154 350 0
0 113 0 1
113
159 355 0
0 114 0 1
114
156 363 0
0 115 0 1
115
159 371 0
0 116 0 1
116
153 379 0
0 117 0 1
117
160 393 0
0 118 0 1
118
172 377 0
0 119 0 1
119
167 374 0
0 120 0 1
120
167 366 0
0 121 0 1
121
163 357 0
0 122 0 1
122
175 354 0
0 123 0 1
123
183 345 0
0 124 0 1
124
179 331 0
0 125 0 1
125
173 328 0
0 126 0 1
126
179 317 0
0 127 0 1
127
172 298 0
0 128 0 1
128
173 290 0
0 129 0 1
129
448 245 0
0 130 0 1
130
445 252 0
0 131 0 1
131
449 260 0
0 132 0 1
132
449 269 0
0 133 0 1
133
459 269 0
0 134 0 1
134
467 281 0
0 135 0 1
135
469 279 0
0 136 0 1
136
481 280 0
0 137 0 1
137
490 273 0
0 138 0 1
138
486 266 0
0 139 0 1
139
470 261 0
0 140 0 1
140
460 252 0
0 141 0 1
141
332 223 0
0 142 0 1
142
327 228 0
0 143 0 1
143
327 240 0
0 144 0 1
144
339 247 0
0 145 0 1
145
354 250 0
0 146 0 1
146
351 241 0
0 147 0 1
147
342 240 0
0 148 0 1
148
341 228 0
0 149 0 1
149
239 192 0
0 150 0 1
150
219 195 0
0 151 0 1
151
210 203 0
0 152 0 1
152
196 203 0
0 153 0 1
153
190 209 0
0 154 0 1
154
176 217 0
0 155 0 1
155
175 231 0
0 156 0 1
156
186 246 0
0 157 0 1
157
196 243 0
0 158 0 1
158
203 243 0
0 159 0 1
159
213 247 0
0 160 0 1
160
241 251 0
0 161 0 1
161
245 246 0
0 162 0 1
162
252 248 0
0 163 0 1
163
258 253 0
0 164 0 1
164
274 249 0
0 165 0 1
165
283 238 0
0 166 0 1
166
281 229 0
0 167 0 1
167
288 221 0
0 168 0 1
168
300 222 0
0 169 0 1
169
303 215 0
0 170 0 1
170
312 212 0
0 171 0 1
171
301 210 0
0 172 0 1
172
276 209 0
0 173 0 1
173
264 202 0
0 174 0 1
174
258 195 0
0 175 0 1
175
243 194 0
0 176 0 1
176
355 186 0
0 177 0 1
177
350 195 0
0 178 0 1
178
341 199 0
0 179 0 1
179
342 212 0
0 180 0 1
180
347 218 0
0 181 0 1
181
353 219 0
0 182 0 1
182
357 231 0
0 183 0 1
183
366 225 0
0 184 0 1
184
367 221 0
0 185 0 1
185
373 222 0
0 186 0 1
186
373 232 0
0 187 0 1
187
363 237 0
0 188 0 1
188
371 241 0
0 189 0 1
189
391 243 0
0 190 0 1
190
402 237 0
0 191 0 1
191
398 233 0
0 192 0 1
192
391 233 0
0 193 0 1
193
379 228 0
0 194 0 1
194
377 211 0
0 195 0 1
195
370 208 0
0 196 0 1
196
370 193 0
0 197 0 1
197
363 193 0
0 198 0 1
198
15 133 0
0 199 0 1
199
8 136 0
0 200 0 1
200
12 155 0
0 201 0 1
201
25 165 0
0 202 0 1
202
31 166 0
0 203 0 1
203
33 172 0
0 204 0 1
204
39 165 0
0 205 0 1
205
32 155 0
0 206 0 1
206
31 140 0
0 207 0 1
207
27 135 0
0 208 0 1
208
102 103 0
0 209 0 1
209
92 114 0
0 210 0 1
210
80 131 0
0 211 0 1
211
81 139 0
0 212 0 1
212
88 146 0
0 213 0 1
213
97 140 0
0 214 0 1
214
86 138 0
0 215 0 1
215
88 128 0
0 216 0 1
216
98 125 0
0 217 0 1
217
110 115 0
0 218 0 1
218
112 108 0
0 247 0 1
219
0 0 0
0 248 0 1
220
0 500 0
0 249 0 1
221
500 500 0
0 250 0 1
222
500 0 0
1 247 0 6
223
224
225
226
227
228
0 71.42857142853919 0
0 142.8571428569789 0
0 214.2857142855764 0
0 285.7142857142073 0
0 357.1428571428049 0
0 428.5714285714025 0
1 248 0 6
229
230
231
232
233
234
71.42857142853919 500 0
142.8571428569789 500 0
214.2857142855764 500 0
285.7142857142073 500 0
357.1428571428049 500 0
428.5714285714025 500 0
1 249 0 6
235
236
237
238
239
240
500 428.5714285714333 0
500 357.1428571428667 0
500 285.7142857143 0
500 214.2857142857 0
500 142.8571428571333 0
500 71.42857142856667 0
1 250 0 6
241
242
243
244
245
246
428.5714285714333 0 0
357.1428571428667 0 0
285.7142857143 0 0
214.2857142857 0 0
142.8571428571333 0 0
71.42857142856667 0 0
2 233 0 7
247
248
249
250
251
252
253
456.4565690373811 486.3127940493252 0
475.1878472678671 480.9629835960833 0
473.5556758186594 473.6007362130387 0
486.6712480910732 461.9795224212133 0
450.7394142242871 491.8767642959522 0
478.8549056988359 472.3733742511071 0
475.2821163034991 467.594822092829 0
2 234 0 11
254
255
256
257
258
259
260
261
262
263
264
74.89392097524799 435.1650096735414 0
86.02911448144853 445.5695155556823 0
69.45334538225362 439.1526990437522 0
92.3735362997658 466.5772833723653 0
77.95641879207545 441.0688590500521 0
104.5566188099503 484.7845901693354 0
88.18911834269828 437.7832382443519 0
85.16968746334926 455.444062443358 0
109.1113237619901 492.9569180338671 0
83.58658964696122 438.5926571835873 0
79.28738588285694 435.1653051814361 0
2 235 0 5
265
266
267
268
269
453.2495092421685 454.5984207473697 0
472.1517857142858 425.4107142857143 0
447.0427861199436 451.0738317026227 0
446.8499935974373 443.1184011709893 0
450.2496760073728 433.8000087661781 0
2 236 0 6
270
271
272
273
274
275
354.3700204996671 446.2091888746393 0
383.7173913043478 430.7608695652174 0
396.6796702591947 421.3408483513138 0
362.8501024983355 443.0459443731967 0
390.2889820804468 424.6051179820007 0
376.3026760388968 433.7283802829359 0
2 237 0 6
276
277
278
279
280
281
25.5 421.3642728954442 0
37.85227917193538 411.7138788566194 0
36.57616546340856 424.7761654634086 0
31.88082731704279 421.8808273170428 0
30.70434923737104 415.9727079363801 0
22.84086984747421 413.0673961663649 0
2 238 0 14
282
283
284
285
286
287
288
289
290
291
292
293
294
295
297.1952856134938 337.2765253027302 0
294.086880266771 343.9388877743553 0
290.7942445072403 338.1063346417641 0
293.2516566399862 331.018625087192 0
283.9383390958313 345.7839176843685 0
290.3455797534523 350.7019412512263 0
296.4864920040447 349.5281658051164 0
289.3048780487805 358.0365853658537 0
288.2862751561128 323.7732460567694 0
299.3000871985457 330.8730720611386 0
285.6740822411076 333.7393817201513 0
296.967603798929 325.3329886410201 0
285.4535005851769 340.3208012581872 0
288.9237088416943 343.7703765219803 0
2 239 0 3
296
297
298
321.5239017450689 311.7880142962224 0
323.1047803490138 317.9576028592445 0
317.3078891487389 306.638857833677 0
2 240 0 21
299
300
301
302
303
304
305
306
307
308
309
310
311
312
313
314
315
316
317
318
319
147.7229147751167 316.2007026411608 0
174.367891226475 340.9695974813203 0
160.4012233123183 348.8109397875619 0
162.8826667016527 342.664813968179 0
159.9687582414361 336.1118587936191 0
166.9367977359271 350.4018084059522 0
157.162045966271 320.1759080674581 0
148.4528892334619 327.1683419015827 0
141.4699719295836 324.1503981960288 0
165.221355359914 323.8038855754309 0
152.7128112249663 335.4248553104715 0
157.6813207182989 328.886982144648 0
161.4808362369338 378.6769537083126 0
167.3166046198373 338.1932549973195 0
166.1436931119493 331.5246236744331 0
140.0385773409401 317.2702201674379 0
162.7329779886396 352.5340440227209 0
171.9656377916523 333.9374952306146 0
161.128078817734 362.5303776683087 0
139.331610539802 331.8237263052287 0
168.6582715203157 344.6283822116259 0
2 241 0 5
320
321
322
323
324
476.0142863850065 271.5320413214037 0
467.2704637536284 270.7295362463716 0
483.0388856991868 272.5495987475101 0
454.6571229050279 264.7629189944134 0
461.2014402586124 261.5368210289718 0
2 242 0 1
325
334.6666666666667 234.3333333333333 0
2 243 0 57
326
327
328
329
330
331
332
333
334
335
336
337
338
339
340
341
342
343
344
345
346
347
348
349
350
351
352
353
354
355
356
357
358
359
360
361
362
363
364
365
366
367
368
369
370
371
372
373
374
375
376
377
378
379
380
381
382
250.5355854396114 241.5089235860779 0
243.4523577300497 239.2619502124592 0
248.7256309618829 234.2772721919568 0
241.3955194557907 232.1743667414846 0
198.5607664639599 236.7028404300208 0
246.9839446298379 226.7096017066727 0
239.1751124477695 224.3454781443135 0
256.1027253314169 236.7621898753243 0
245.1905518413266 218.5982569501967 0
237.2558807782376 200.0426856145678 0
233.1227803856273 230.5244371002671 0
230.4413353420173 221.801942515846 0
253.3885469964802 221.4590723265881 0
189.2356897362009 220.9977596330917 0
203 211.8883980178283 0
249.8455409851345 202.2318384045005 0
221.7770797044451 228.7100909305072 0
207.280400357103 237.4693814130574 0
202.8325946296749 230.0853454537383 0
188.9197566096846 236.9374868744864 0
220.8404668979731 218.5224814886363 0
227.9278348299345 212.7439992051246 0
269.1098305405579 237.8955205138787 0
228.405338111763 239.4768648890997 0
265.6442415165729 213.1389835942305 0
211.0679767817674 230.1570998061316 0
257.8043932094829 243.8506089313206 0
251.3838300924493 212.6878388885078 0
243.7383854176956 210.2482050498683 0
193.9390196432855 229.7689588973657 0
206.9498634370134 222.2745957699954 0
294.7147488016603 216.6852511983397 0
273.5452515062846 220.0423643766791 0
263.1408081138364 223.5614672273979 0
254.082298359091 229.2544705980542 0
237.1244705359264 216.1910078009834 0
218.2758778389519 209.1761277704524 0
257.1530600068156 206.527625687805 0
237.0063635848256 237.0566589857026 0
262.2108161947739 239.0778693692538 0
216.3061589910157 236.5626874077592 0
238.9728118853277 242.5590948174523 0
229.4918278286684 202.8836847378594 0
198.6907135604337 222.817545925212 0
195.2054349992269 215.2499983156193 0
185.2102464958247 228.6666853551229 0
271.6373469692005 228.8966990735535 0
236.4888241528188 207.5917624710688 0
211.6288322251333 214.8084955071195 0
262.7139709181461 232.5747027762437 0
214.4528438092665 222.894552700478 0
264.2250079889629 244.5647997628906 0
242.716576516413 203.1256382802502 0
275.7494355019517 236.5584439174864 0
283.6840787241293 216.5461607217009 0
196.0513587498067 209.7845990833619 0
258.0998364756415 215.632071318077 0
2 244 0 16
383
384
385
386
387
388
389
390
391
392
393
394
395
396
397
398
350.3613521606215 212.8961979821171 0
357.3561688498531 213.902208625332 0
362.4959974530928 221.9989993632732 0
356.0668796356609 206.5275937030155 0
381 235.4 0
370.4563708192563 216.7038319493934 0
364.3243148715782 216.2089179259444 0
365.4560158094045 199.2858976445069 0
359.3420653587041 199.1539500399432 0
363.2805343128583 210.1001080987515 0
347.737213729676 206.5923389852781 0
358.3343795185103 219.5188137362005 0
352.8315640313285 201.2138654904594 0
356.2912701763533 193.6578971550005 0
362.8290990233256 204.6135098972434 0
369.0122440007385 212.4025715948179 0
2 245 0 6
399
400
401
402
403
404
22.37638652637504 140.9565404764199 0
15.36706612264951 142.5435935193503 0
24.11274336974922 155.2675754326843 0
20.24011556440767 148.4701081748756 0
25.94584909210638 147.938844816796 0
29.83700171806652 160.9699947846266 0
2 246 0 2
405
406
100.9010416666667 116.28125 0
104.3302508503401 110.2989249271137 0
2 1000 0 1095
407
408
409
410
411
412
413
414
415
416
417
418
419
420
421
422
423
424
425
426
427
428
429
430
431
432
433
434
435
436
437
438
439
440
441
442
443
444
445
446
447
448
449
450
451
452
453
454
455
456
457
458
459
460
461
462
463
464
465
466
467
468
469
470
471
472
473
474
475
476
477
478
479
480
481
482
483
484
485
486
487
488
489
490
491
492
493
494
495
496
497
498
499
500
501
502
503
504
505
506
507
508
509
510
511
512
513
514
515
516
517
518
519
520
521
522
523
524
525
526
527
528
529
530
531
532
533
534
535
536
537
538
539
540
541
542
543
544
545
546
547
548
549
550
551
552
553
554
555
556
557
558
559
560
561
562
563
564
565
566
567
568
569
570
571
572
573
574
575
576
577
578
579
580
581
582
583
584
585
586
587
588
589
590
591
592
593
594
595
596
597
598
599
600
601
602
603
604
605
606
607
608
609
610
611
612
613
614
615
616
617
618
619
620
621
622
623
624
625
626
627
628
629
630
631
632
633
634
635
636
637
638
639
640
641
642
643
644
645
646
647
648
649
650
651
652
653
654
655
656
657
658
659
660
661
662
663
664
665
666
667
668
669
670
671
672
673
674
675
676
677
678
679
680
681
682
683
684
685
686
687
688
689
690
691
692
693
694
695
696
697
698
699
700
701
702
703
704
705
706
707
708
709
710
711
712
713
714
715
716
717
718
719
720
721
722
723
724
725
726
727
728
729
730
731
732
733
734
735
736
737
738
739
740
741
742
743
744
745
746
747
748
749
750
751
752
753
754
755
756
757
758
759
760
761
762
763
764
765
766
767
768
769
770
771
772
773
774
775
776
777
778
779
780
781
782
783
784
785
786
787
788
789
790
791
792
793
794
795
796
797
798
799
800
801
802
803
804
805
806
807
808
809
810
811
812
813
814
815
816
817
818
819
820
821
822
823
824
825
826
827
828
829
830
831
832
833
834
835
836
837
838
839
840
841
842
843
844
845
846
847
848
849
850
851
852
853
854
855
856
857
858
859
860
861
862
863
864
865
866
867
868
869
870
871
872
873
874
875
876
877
878
879
880
881
882
883
884
885
886
887
888
889
890
891
892
893
894
895
896
897
898
899
900
901
902
903
904
905
906
907
908
909
910
911
912
913
914
915
916
917
918
919
920
921
922
923
924
925
926
927
928
929
930
931
932
933
934
935
936
937
938
939
940
941
942
943
944
945
946
947
948
949
950
951
952
953
954
955
956
957
958
959
960
961
962
963
964
965
966
967
968
969
970
971
972
973
974
975
976
977
978
979
980
981
982
983
984
985
986
987
988
989
990
991
992
993
994
995
996
997
998
999
1000
1001
1002
1003
1004
1005
1006
1007
1008
1009
1010
1011
1012
1013
1014
1015
1016
1017
1018
1019
1020
1021
1022
1023
1024
1025
1026
1027
1028
1029
1030
1031
1032
1033
1034
1035
1036
1037
1038
1039
1040
1041
1042
1043
1044
1045
1046
1047
1048
1049
1050
1051
1052
1053
1054
1055
1056
1057
1058
1059
1060
1061
1062
1063
1064
1065
1066
1067
1068
1069
1070
1071
1072
1073
1074
1075
1076
1077
1078
1079
1080
1081
1082
1083
1084
1085
1086
1087
1088
1089
1090
1091
1092
1093
1094
1095
1096
1097
1098
1099
1100
1101
1102
1103
1104
1105
1106
1107
1108
1109
1110
1111
1112
1113
1114
1115
1116
1117
1118
1119
1120
1121
1122
1123
1124
1125
1126
1127
1128
1129
1130
1131
1132
1133
1134
1135
1136
1137
1138
1139
1140
1141
1142
1143
1144
1145
1146
1147
1148
1149
1150
1151
1152
1153
1154
1155
1156
1157
1158
1159
1160
1161
1162
1163
1164
1165
1166
1167
1168
1169
1170
1171
1172
1173
1174
1175
1176
1177
1178
1179
1180
1181
1182
1183
1184
1185
1186
1187
1188
1189
1190
1191
1192
1193
1194
1195
1196
1197
1198
1199
1200
1201
1202
1203
1204
1205
1206
1207
1208
1209
1210
1211
1212
1213
1214
1215
1216
1217
1218
1219
1220
1221
1222
1223
1224
1225
1226
1227
1228
1229
1230
1231
1232
1233
1234
1235
1236
1237
1238
1239
1240
1241
1242
1243
1244
1245
1246
1247
1248
1249
1250
1251
1252
1253
1254
1255
1256
1257
1258
1259
1260
1261
1262
1263
1264
1265
1266
1267
1268
1269
1270
1271
1272
1273
1274
1275
1276
1277
1278
1279
1280
1281
1282
1283
1284
1285
1286
1287
1288
1289
1290
1291
1292
1293
1294
1295
1296
1297
1298
1299
1300
1301
1302
1303
1304
1305
1306
1307
1308
1309
1310
1311
1312
1313
1314
1315
1316
1317
1318
1319
1320
1321
1322
1323
1324
1325
1326
1327
1328
1329
1330
1331
1332
1333
1334
1335
1336
1337
1338
1339
1340
1341
1342
1343
1344
1345
1346
1347
1348
1349
1350
1351
1352
1353
1354
1355
1356
1357
1358
1359
1360
1361
1362
1363
1364
1365
1366
1367
1368
1369
1370
1371
1372
1373
1374
1375
1376
1377
1378
1379
1380
1381
1382
1383
1384
1385
1386
1387
1388
1389
1390
1391
1392
1393
1394
1395
1396
1397
1398
1399
1400
1401
1402
1403
1404
1405
1406
1407
1408
1409
1410
1411
1412
1413
1414
1415
1416
1417
1418
1419
1420
1421
1422
1423
1424
1425
1426
1427
1428
1429
1430
1431
1432
1433
1434
1435
1436
1437
1438
1439
1440
1441
1442
1443
1444
1445
1446
1447
1448
1449
1450
1451
1452
1453
1454
1455
1456
1457
1458
1459
1460
1461
1462
1463
1464
1465
1466
1467
1468
1469
1470
1471
1472
1473
1474
1475
1476
1477
1478
1479
1480
1481
1482
1483
1484
1485
1486
1487
1488
1489
1490
1491
1492
1493
1494
1495
1496
1497
1498
1499
1500
1501
287.0649056044179 370.3229272327508 0
280.8091305288767 370.3580996386304 0
125.7902038032907 337.6027351168811 0
404.0998015960368 230.1831035594374 0
283.9933613270321 375.9305786865013 0
277.2732826603685 375.9826087743681 0
290.9245060046804 376.3590417482768 0
280.8445800840078 382.1332731725003 0
273.4281191126758 382.1819183241045 0
176.8960517276685 393.6226623045426 0
277.3069979543604 388.7864371258117 0
163.3756443470179 223.1339745962155 0
189.0446318927708 335.7015337449225 0
97.67931423875393 150.3704304961064 0
187.9433916658847 200.582558111849 0
326.9919620507551 350.2049167585186 0
269.8223733413386 375.5423235986648 0
88.97088604467211 156.2286828017744 0
98.27994203404191 160.6745483089254 0
107.0336144164613 154.9509803389601 0
89.62300333435476 167.2445850231169 0
77.06040928645382 116.1897006727909 0
269.4533279641475 319.8950841264445 0
107.5360104714185 165.2898750846008 0
116.2361392974761 159.6410557406695 0
400.6194882685284 248.5706660280518 0
390.7392475810155 403.0273289280497 0
146.8874078094521 390.6823244443172 0
151.4427963121211 403.8537767015202 0
343.676306555735 428.1568423478654 0
391.9232770367701 254.5060503537075 0
116.7732038501179 170.0745830625778 0
125.4023884016746 164.3904218474932 0
226.1364997952072 261.7396705821488 0
173.6850999872873 284.910181456694 0
178.1318549214698 288.2299808850252 0
169.5144452088653 281.4660335392223 0
163.9379783374256 284.3839651275416 0
164.8772671869756 276.9076168320208 0
157.8511222850344 280.44987636334 0
307.8126736917681 201.4941004264698 0
333.0154476122776 343.9302399953569 0
335.7392783510817 352.4264378349858 0
342.1265803754939 346.3275558690387 0
328.114436139564 358.9657798867436 0
344.5250887960633 354.730287694767 0
351.3504040114825 347.9671850940128 0
124.7291208017351 154.214118388334 0
133.7291427250717 158.9331035600454 0
133.1644283231588 148.7073202319973 0
227.5770095862114 184.0133972414093 0
142.1979383604244 153.2981702397188 0
142.0026605387122 142.4989809288849 0
152.4623429570177 147.2994755486143 0
151.5618324827584 134.2949898151643 0
142.5342038505282 163.2139476642726 0
267.7385844695609 193.1535543882554 0
261.0979783907363 185.109963701552 0
271.7693801898236 183.2571746512969 0
263.3840663376603 172.7743377764282 0
408.9668172772008 235.7891129679398 0
410.8748660033332 228.0593397494981 0
353.979462588438 356.7491558690575 0
360.5063189795507 349.6674021352925 0
357.917591183556 340.9351568756441 0
366.9555757592375 342.5814357063434 0
364.0845329235882 333.5190821290338 0
373.3289400725279 335.3901271679808 0
370.2463060901617 326.1440034824573 0
379.6756526482376 328.1879471772765 0
382.6818458515872 337.2310842710966 0
389.0316031245771 330.1938251820915 0
391.9778418778681 339.1252910450132 0
398.2690280033423 332.1760917117626 0
401.1601723284489 341.0654081753719 0
407.5275798009773 334.1237995741736 0
410.458691750067 343.4176274017362 0
417.3139743824621 335.8675653180551 0
422.6847650099269 397.3152349900731 0
404.5757705505012 325.3519150154547 0
376.7448482313644 318.9819500027137 0
420.4247218274547 345.8641649269699 0
427.823961583413 337.8098257035504 0
158.7349790924337 271.6754034063827 0
150.261701486599 275.9028594024099 0
306.7442894826015 296.7552287711374 0
178.8396806904438 282.2888151380153 0
183.8899437254162 286.0500653064259 0
402.3173533878402 259.4987748943399 0
393.7201889552214 265.8148369899412 0
404.1048889839554 269.7684701644397 0
99.38103577876862 431.6411398296 0
123.2646655370367 470.953810330688 0
141.1307099148871 380.7676602386583 0
134.5940830961702 391.3046376794536 0
394.9612347185728 348.0514987185953 0
363.4845848050022 358.9608993337956 0
356.513906460919 366.4349463130279 0
130.2218033242173 380.1877200151504 0
123.7038222185301 388.9228573909368 0
119.527607766999 379.4100760110639 0
113.5872138196158 387.9035534982931 0
109.3122651304232 378.8083016898159 0
103.6377723578509 387.1399180205203 0
100.0852394994388 379.7934095969118 0
286.1909433641832 249.3764333080686 0
344.6885316488638 258.2378354191493 0
312.6770109194891 288.8018960524461 0
193.1700150958613 251.7333836528711 0
367.2338820654232 316.892113387118 0
72.80401333708099 135.9460869825982 0
373.7441377077155 309.7493124719435 0
193.6683060177336 194.3644536927225 0
185.2431194401547 191.7704228945117 0
191.6619699575502 185.0835085035979 0
150.9037497534153 265.5540857488945 0
140.7410766284962 270.6062022621452 0
364.2210452479756 307.7530637183222 0
182.2606096439596 182.5244942512815 0
189.3517770922333 174.9539100931515 0
363.2721966435818 418.2150609887971 0
440.4214909404377 245.8924237031541 0
146.0808964801115 349.6685469205634 0
355.0522757147045 260.7363048401677 0
347.909437922446 269.9906395598024 0
303.3484038235984 287.1636673017811 0
271.2977606997811 259.6932955554158 0
186.5146066251099 356.4233660289402 0
175.6825977672866 189.3829785159601 0
126.2349785570074 174.9689716604769 0
117.2246635430885 181.0471829955622 0
371.0410774885115 300.4411509861846 0
381.1888413092097 302.0773613265561 0
398.332135444273 225.3852048049699 0
405.3273326440081 221.495383603283 0
417.8059232892493 220.3067069146155 0
437.391408838872 252.8393841988287 0
184.7378750220741 279.2317116771654 0
190.5329646832551 283.723452365307 0
123.782914411501 317.2180397759284 0
127.1069821692598 186.0766965699214 0
117.1750305779435 192.9417096440083 0
117.4055539789232 396.8535800324439 0
309.6990939542965 279.9857143286255 0
297.1102872348835 363.2401914899226 0
397.3359693534621 442.2842817606218 0
413.8738180245729 391.8544366704736 0
424.3542770592176 327.1476406579883 0
40.02148213663808 146.9319011908908 0
366.5846515908765 368.6498659743202 0
359.5630756881503 376.3350294753187 0
433.006407540393 438.1495556525553 0
79.51050763139516 162.9122842622195 0
80.62599838484397 174.3671170554412 0
191.6505462488023 276.1741094267436 0
198.0923594404888 281.1181807991965 0
196.741682802533 289.4078595302315 0
205.2937795513556 286.5748486848098 0
203.7341093974094 296.157945350014 0
213.2268340141836 292.6537135721391 0
211.42254082392 302.9707835897946 0
221.6002379298365 299.2868176854891 0
219.6462934143622 310.104434180941 0
35.81185571236745 397.0694202311327 0
436.7813188500153 460.8217124635999 0
424.102224561006 385.4420262716233 0
433.3842524991016 392.3931763684895 0
435.6051191187112 379.9163008440988 0
446.4760523306308 387.0925093314489 0
333.8497390373699 313.4615978338737 0
337.1207862001557 319.7288922218615 0
124.2498705223137 144.1760191355927 0
285.2957976437257 388.9985899304592 0
280.5332592800006 397.469016681826 0
290.7920942355423 397.0398167115097 0
286.4350942647002 406.4703508101032 0
297.399155058515 405.6164232864 0
300.9682421656366 394.3614461212401 0
432.7269767597636 246.7522735779409 0
185.2808620769749 271.917329338882 0
270.0989254320971 305.5990728211733 0
361.127952688755 298.5736274286285 0
368.0858027394514 291.1479014625447 0
308.3946031050561 404.3449727023133 0
303.8813964137523 414.834667253368 0
312.7360469761812 394.1253692929254 0
198.962973931529 273.177598591224 0
115.0141145220915 370.5889432395907 0
127.9637689170185 198.1195878169643 0
117.4782546929784 205.9820787542188 0
412.7438705259917 353.808951190128 0
172.3441280529073 179.8902472226414 0
271.710844919595 341.6565868227568 0
269.4706272317184 349.2048091544751 0
263.8094471968825 343.1805473264366 0
261.3586967509927 351.4089731921715 0
255.2992529640185 345.0499111074421 0
252.6621150670928 353.735253522631 0
246.2874856513333 347.2400940793874 0
243.5976647024189 356.1135271630039 0
265.466464095028 382.2171150940846 0
275.603037559243 405.9126913800377 0
236.9790622339077 349.1982261632704 0
234.2632088099905 358.6295652496785 0
227.3150663979623 351.5045415421127 0
224.4274558402307 361.3715486233059 0
231.8852175559829 368.9305137056563 0
221.0762678395096 371.9784389009184 0
229.3814112621119 380.4253269213159 0
240.4125459921014 340.5157274663485 0
282.1368177621749 419.2290057747174 0
217.2473289474213 383.8863563964462 0
227.3324656502991 393.6510900680852 0
165.2498964380091 187.3228282748213 0
429.6825385830939 253.9968073037146 0
299.9436818475418 277.858113712842 0
306.8879605582862 269.8814200637986 0
230.2424593302774 306.3865975226717 0
232.1923414135334 295.0729906127186 0
212.2789746202359 397.0857108727669 0
226.3916645137257 409.6974644678497 0
205.0590683808464 416.0956730747217 0
105.0894342832605 199.5620612973905 0
105.0110992274629 214.7094392365095 0
117.7674446486658 222.1693734366527 0
107.0813759400582 230.1572845147001 0
90.37076703486122 206.9897099975589 0
141.5341629516451 258.5752166871941 0
129.5130832253996 264.6579011934389 0
159.5383633470404 262.188904525379 0
319.5145810180381 281.926375441569 0
129.7050548276641 346.4461792782504 0
292.2313786882667 242.1678782739689 0
389.8858868366449 55.73598910052687 0
69.98770108748008 169.8836381246497 0
71.32428860234583 181.423016991532 0
395.747302768886 276.4516734058388 0
405.7525385056791 280.1361184422117 0
120.2976575230971 346.0476059975284 0
139.1015716067006 299.4912944261743 0
349.1696473279217 373.9743672215347 0
352.2653427628252 384.1735529785884 0
209.4318786621732 313.668991402795 0
217.3665259271211 320.7480375922559 0
319.0597290898126 402.9591765837832 0
414.1472880470733 273.6460646933952 0
415.6474806755837 283.8508294170704 0
407.5055672149035 290.4751346607131 0
417.2082091613357 294.111983856234 0
425.3745993661682 287.6239940112961 0
426.8803070519836 297.7752543904656 0
434.7879123917892 291.6026626422573 0
436.352835553245 301.3501836828345 0
436.8251395426433 328.8698799574944 0
442.6673711641205 350.0265518943334 0
444.1539826278872 295.2325532723357 0
445.3745304612237 305.381849295073 0
261.6290176496593 374.9065085910336 0
341.7455232223712 381.6065507117038 0
344.7918778008348 392.1959724775321 0
256.6481768051314 382.2271750596999 0
341.1839014678781 313.2559864425589 0
410.566611617323 425.0398287402232 0
453.6588126674953 298.9211484689811 0
456.4593556447124 309.7304397439218 0
217.3179362977815 353.9131792105639 0
293.5699235741567 285.4385796758464 0
318.7419853988144 234 0
111.9769418021833 336.5693629689044 0
289.738132607504 276.0719340052905 0
385.8592113375047 271.9637280180579 0
344.7339758265369 320.2857231015589 0
363.0663982159672 386.2867048633168 0
278.1278029596704 363.0495508980944 0
199.5852517872923 178.3548598611461 0
197.942203678935 167.4572094740741 0
185.9292700085982 163.7618590777686 0
194.6729868356309 154.3515714099933 0
109.0591997519631 126.0710397023558 0
424.8549321826912 247.7628665418064 0
435.3647134606192 238.418695800423 0
332.9835364693826 206.5975231042512 0
69.91485596900705 159.5851550140008 0
317.8670784371281 244.1252927595277 0
462.6806930984039 449.8865617157443 0
373.4910246196688 361.015895325899 0
376.6940967872491 370.9049728434358 0
105.2818167072236 448.8563633414446 0
409.1434231323605 300.6525413343217 0
136.6158787122997 371.0047776283633 0
251.9704079614435 51.35550002652671 0
60.22881340318714 177.2683612226395 0
59.49496822835749 188.9920775380901 0
446.8934167508183 417.6874694027426 0
436.6034801163765 421.5255500593626 0
358.0601180426896 289.3394721516279 0
364.5981946508912 282.0264378408806 0
351.7302064082626 296.6319946237427 0
182.9666572312136 291.3406668778949 0
296.3135933995551 197.9841847582461 0
304.5151865983125 190.2484806956528 0
277.8558373066706 169.8555987445484 0
267.3118543964636 157.4453742621731 0
284.023347014039 154.6887499803332 0
314.9975043315612 192.9545965068016 0
312.5701246002645 181.5016573917678 0
248.7955315454482 163.4324397991178 0
207.6527886668168 157.997375599068 0
205.0377150553604 142.8577692955907 0
254.511979104663 142.8576301141331 0
337.6870229117858 266.5328805765956 0
339.6465194117843 276.8971304640845 0
307.0003409182177 385.0901924653722 0
316.8239962420922 384.7030998919241 0
311.3769890502524 376.5543120027912 0
165.1260217261215 140.7161406007826 0
163.4875558454912 124.7393067391563 0
147.69773953627 118.1917017885361 0
162.89403525279 106.6420531695519 0
145.2838957560132 98.31062415783724 0
117.824960910606 113.9064389953901 0
323.3513578532167 183.9399625736188 0
320.9460892678632 171.6611760491591 0
162.0319796844808 177.3993887987014 0
154.9018455811654 185.1724845472328 0
157.9758843757751 195.6674567150139 0
472.6375744764304 434.3374788324305 0
283.4100809862746 283.8782721925502 0
208.6514628025 375.6086606579326 0
434.5905929513582 260.5767638265314 0
296.0784982248739 250.9632655825236 0
220.2806887388688 344.4400388235691 0
210.0574279850988 348.4634542377368 0
184.4723656066862 254.9509468473824 0
176.8162226075695 249.2643293420809 0
464.5954104118316 417.6790848600426 0
471.6324042296723 412.3918989287538 0
340.2866938244098 326.8138251921147 0
207.3527333693279 324.0239735581175 0
396.5107282422845 216.726232296284 0
252.2770532347124 375.0295960590349 0
41.94185886968965 173.2353832644117 0
479.72741644948 435.6693582236267 0
171.6794376971264 274.8368766515364 0
433.3952395827778 281.2696869235751 0
413.0692308412281 379.2639288640664 0
126.7341627765116 301.92598395114 0
112.512748377773 305.4590527969071 0
161.316537885055 79.80462208173618 0
134.2379309936457 70.75374821586816 0
184.8997724807036 95.83034000454958 0
447.012707697304 465.4172266552505 0
241.2941679834481 302.1022543868975 0
242.9803001550177 290.3253241694846 0
239.2717719139334 313.8217168049646 0
447.9351317459748 372.8365426981753 0
420.4964265218752 256.7655103003154 0
333.4013924174207 174.1372293424974 0
330.2102865460388 159.8439572684291 0
347.898416366116 164.2455024286584 0
341.237870636158 144.4915941846747 0
362.7061116742162 148.6290979376696 0
351.6695687636566 128.9719079862361 0
328.2182124215033 122.5978669479016 0
379.5346278877709 130.8171431984405 0
386.5011562263646 156.2792442994603 0
404.3405412888718 208.3117142948933 0
423.7410731227181 203.8460133764867 0
130.3730406072863 250.9569689979766 0
141.8010829070382 245.7124799336294 0
116.5319452774692 257.4418939885718 0
115.7629569669523 273.3248454876407 0
99.35017478421449 263.9553818268542 0
451.9294145436812 288.1058131871275 0
408.6277960035029 433.4859797342965 0
320.723836363935 376.6629819858521 0
315.0721774761108 368.4390829114079 0
422.9336488348433 358.2980016286327 0
468.6536778446076 242.1243527280918 0
399.5246720417697 297.0516240082179 0
385.964628038251 283.2347759949406 0
465.8323422435146 454.836115212654 0
416.1984155990525 248.5597811862602 0
125.3809192712547 354.5185935588444 0
401.1515835459037 306.9474208181187 0
164.3012516381737 154.9784157496676 0
261.0186838767551 390.6404015378703 0
383.5015255083328 363.2110715286341 0
387.7683601709191 373.0444971956274 0
394.0543780997328 364.1920050991175 0
244.4137486831422 186.1725026337147 0
157.9676113194642 288.4949999466753 0
324.5962027415279 219.8355526018407 0
418.4853932187826 233.6344322069897 0
214.5939393260373 282.2720776587909 0
410.3315620836067 310.3603137282613 0
377.8606984714929 452.1464210485562 0
325.5030947845696 295.2094224813907 0
379.5684862928156 381.1860424998156 0
279.5066929975758 274.4759016858413 0
273.1320025258192 282.312819297416 0
175.7681432293259 259.3234775344308 0
233.8690387984561 283.3289517177701 0
244.7175227381616 279.0439800305699 0
254.0708693273065 285.3491997784236 0
254.980474470778 274.0263888733623 0
410.3934191547261 137.2455678291344 0
266.0673171146493 366.9924359597296 0
43.54919690491525 325.8097799696097 0
191.5135695125586 260.0801564594009 0
199.1214100557328 257.0557216585402 0
347.307841783464 326.9028021768769 0
48.36687447980476 166.450795924939 0
257.3019017115316 336.7437326052549 0
349.5322066423948 313.1171371369579 0
428.4861398921435 307.9365190510547 0
118.916109484041 105.6009137268756 0
294.4492934442553 188.793050997985 0
199.5200828665027 317.3838495759083 0
194.8784995474206 298.5586135768306 0
250.473820120205 391.027215307374 0
256.0017211473447 401.616106664639 0
363.2225115551995 254.6307811408994 0
403.3764127486734 386.6985996467633 0
336.6494807158593 306.5000569636732 0
364.693528948838 264.9242163776562 0
135.806085292723 179.2483070815362 0
333.3967818714008 389.9115946298262 0
336.8666820696811 401.6683418408776 0
372.9095110231762 258.4612922233907 0
207.2764901731071 356.3274040664267 0
290.8351905645492 258.87119179591 0
115.3383885495643 354.5753694442958 0
407.2584423328592 189.1259680496574 0
432.9539694999968 182.4115169520707 0
446.4645307261793 203.3607256688382 0
47.32821690333552 429.1855813387507 0
49.85493987575742 422.4173574472356 0
45.32686482358415 438.4875090313706 0
308.2769649693971 237.5655534770461 0
376.2588997842921 203.0625671699852 0
384.2098174613914 206.3235217480084 0
383.4276091885154 196.9072039136775 0
112.3458297529639 100.3742267219786 0
104.3516349605458 90.53103539979548 0
348.2426070638608 403.3980906997461 0
151.024793883551 300.3849225100181 0
94.35205914732498 179.1687719774955 0
379.905785822561 353.5686607003428 0
461.3193790166875 292.2483784080454 0
308.2599281993 48.57645534032432 0
417.3138685505382 431.1412637156504 0
414.3027858204257 439.3461095270453 0
419.1047332989811 421.4325371864641 0
161.8048496143805 235.6848283007954 0
133.3136289275324 290.3583790981318 0
377.9996211925295 405.7006295168703 0
438.5078263992896 410.4574962987239 0
449.0105073655649 406.7452860896862 0
74.31507509122393 144.4148872124367 0
65.73211898036236 141.7732933193151 0
64.01275521550673 132.4458880571665 0
55.0083214885079 139.9363035004386 0
54.4016751581859 129.0209052377525 0
463.8966799544556 459.5169337320575 0
307.41056715028 221.4565921768596 0
126.7788405172997 112.0511367445471 0
123.5458894339573 122.8074045269293 0
249.6404227330931 309.291468719752 0
248.5915982608485 320.6683768628492 0
147.4987448732667 193.2270719220959 0
150.3222670535772 204.3392425760588 0
291.0404979915185 304.3109910121505 0
339.7859254505462 371.0801164592268 0
468.3542342271642 449.6078255775532 0
465.2659862695007 444.5435096381356 0
233.6559737754069 149.0267287803877 0
239.0189777190644 125.32213345266 0
268.8775550952083 120.3493563442576 0
59.74722114882045 147.3920689865489 0
68.41480649245899 425.6419518598353 0
73.82011685828314 421.427333324746 0
93.57719493279365 386.48653118108 0
49.54986754767185 404.450132452328 0
97.9815413264306 395.2784963138448 0
88.22732127866209 394.7664818649289 0
83.16492967665936 385.3935315461452 0
68.03147063432847 418.9147143571233 0
77.48939061094254 394.9133948908312 0
71.68710089851841 384.4905833137021 0
78.70040324757349 373.2565174402946 0
63.03073813265628 372.5201617975068 0
92.88454489443809 403.5827015125294 0
53.99944019943793 409.6400898690773 0
56.76903399463532 403.1507787432691 0
52.77445562133566 395.8813208534789 0
73.20135540734591 414.3167973781115 0
80.03429762228524 417.2689811311483 0
102.2122012860879 403.7394621958705 0
97.20329376998376 411.5667776771042 0
106.0771494166849 411.7216656504704 0
60.46887875926036 409.8069991366356 0
72.51829038891846 358.1277410780677 0
64.27672268134324 402.384262745488 0
78.94090872525207 409.5127983966125 0
57.45721298625446 414.8778777522443 0
152.0874625856257 228.6877752099728 0
145.7312807533577 291.2509605895004 0
236.6572637563557 324.225176980089 0
134.0216334998307 354.6502272385279 0
306.5545214615958 369.2376591417693 0
310.2456119671717 362.1740598275274 0
315.062589602556 156.0896585603462 0
24.16041741037711 180.853310836857 0
456.7990403280322 279.1339731146451 0
446.7077901925037 278.8321019964318 0
367.3329942283697 165.712154274679 0
247.0203343797426 267.6493843855207 0
471.9498440731411 454.6254513839228 0
152.4633141450602 175.225509939159 0
178.7278143162434 132.0737009322555 0
348.6241041412649 287.7233927679619 0
342.8544501225563 294.5149789934567 0
292.9302648846897 228.9514142121152 0
194.4722242878589 347.3857372503281 0
199.6744431631468 337.6790665416643 0
209.0115512029561 191.6431647468331 0
175.6139221268197 465.7799245705187 0
166.6154786194462 406.7974230529445 0
156.1216139931143 419.8909599542869 0
139.4064163414431 414.2053080380606 0
144.1815830989776 432.0538010000074 0
128.3913837822658 427.3817522326267 0
131.5905197172649 442.5770120953586 0
174.7258446602761 423.2201443536267 0
124.9944018310911 414.4277662581615 0
181.9908780034422 304.4335247746188 0
215.5000015182505 330.057476268873 0
169.2298356715341 169.9363175814776 0
340.1844570353713 412.3076799261132 0
46.68774209131291 135.6080695723215 0
44.91718610903113 125.5544928744751 0
44.91375013411776 249.8316024458538 0
90.76354787959893 360.3675637411115 0
83.33931665743262 343.3124666445175 0
356.1205566864949 99.21558130871972 0
318.7674832970926 361.304546625555 0
358.153499552168 466.8356599069928 0
271.2120997525187 273.9709472749843 0
390.6788517394297 455.5538057078175 0
405.0442014976045 454.4560332852936 0
402.6674316807512 465.7328714373696 0
116.7368076069051 422.7127564932202 0
117.1968674540218 436.6872308567275 0
364.986002322301 185.0965924619705 0
376.0783047737525 186.5539695342768 0
52.86435723307201 355.0189184303651 0
43.16838644124046 375.1750869405533 0
223.9056795065931 432.6305164153262 0
331.4522247931666 273.9135157338627 0
326.6816790754559 263.2360783760439 0
333.7529946683496 283.6544090885413 0
65.17121896248157 457.9405914013492 0
43.42753306491455 458.5597044770557 0
342.8454851906531 190.5360033841776 0
75.86466010216034 195.8571290791466 0
59.82130925960108 205.738739540894 0
41.67202172218686 193.5918167443326 0
340.708575163968 220.0665298319618 0
163.3945008749744 208.1846360612819 0
428.742813467168 451.0885588255681 0
277.6541837040966 192.4482665442636 0
124.4614043202328 94.73918448322189 0
374.3290273176924 284.0033863692813 0
99.77937669725532 288.3857588197002 0
343.7436911958356 334.0518799356766 0
132.6254628989668 240.0559706471209 0
335.7094217477896 332.3926047000821 0
421.1150026521903 465.8759998437142 0
429.0803467343109 229.0261491025239 0
450.322860631286 226.7818629555833 0
83.06197589885849 427.1321235992472 0
86.72223201260979 421.9108890073138 0
389.3737592182086 186.1052230071523 0
179.2708432296458 149.7115901231602 0
474.1681511880861 440.1086586890083 0
183.1636870648462 65.04766737639508 0
142.2820560571482 342.7127167380767 0
267.0502814634385 357.5390113471504 0
101.2090144384337 418.4713509218722 0
456.8776679068807 331.8161209546268 0
87.62983112988813 412.4611554504339 0
43.84949059962575 157.231758258704 0
52.61283077733484 159.2317045452603 0
174.16421156247 205.3253058199045 0
332.9240101854257 215.7187823414635 0
326.7721566425611 211.7796463403452 0
324.8761896006803 203.8503602138277 0
225.4098004832337 327.4985903371804 0
64.16417152631334 121.7381087160996 0
33.21564242132583 135.0792642787272 0
30.92753751850544 128.6965018351038 0
37.02476092228598 114.3825244730527 0
255.6635925950372 264.6636463612944 0
250.5480884818625 256.1151669997101 0
179.989653224373 364.0730054356327 0
190.051614008084 367.1047061499789 0
292.4232538580752 168.6184585008012 0
380.2148121063505 250.7345423078508 0
300.4135718761107 260.0171130646812 0
305.5578611498626 252.8861308197526 0
149.0495502953075 450.7370688495105 0
326.4411117719011 251.2600358232548 0
165.9848501967004 254.5746320407014 0
391.5799708344282 303.9333670854005 0
393.4368094817211 313.6325424312615 0
303.0051865053782 376.9150881201438 0
296.9311257969629 382.7995355610387 0
276.7786016016375 292.9736844844459 0
264.0611757866072 292.5679978555849 0
250.3256381539544 362.0134947733397 0
241.6763013115047 400.6328492336518 0
248.4283012781289 417.8349790459416 0
249.3791259141213 457.9118710504946 0
288.5825501621373 458.6764498794212 0
197.1795831125281 327.6428460703389 0
424.1195280453472 372.1909481463113 0
48.91722979560637 182.3883126321418 0
119.4303411274499 451.3428700655888 0
331.0454760296935 376.8648036981528 0
437.0860284706592 472.9386366414253 0
150.6275473435809 369.3901725588325 0
147.2444831351679 362.1561392003151 0
75.07995001671215 272.2104347856716 0
81.75000168170317 246.5909282896643 0
347.8593037051821 224.7524242456603 0
125.6147397062165 370.8269618538931 0
428.463631930971 416.3694697841883 0
386.4249899064428 216.0158929449406 0
370.2712144262276 274.6022213120058 0
232.4644833007447 165.5319870539388 0
355.1092807377816 305.7822620880588 0
252.3256747709742 296.9518318540968 0
390.9613089321666 224.6963184199711 0
184.4831750325629 409.1211243322609 0
193.1391388205125 391.1130971783686 0
302.7549958788306 229.1885955967774 0
184.3420590623824 263.6647969616656 0
241.0718503038158 375.9058041145968 0
403.3230069543284 397.9969232448842 0
382.1865540866946 392.8709583378348 0
316.0462412511264 255.0163274246062 0
316.3011079499276 265.9379298193694 0
37.938305559572 180.4137646955487 0
423.7409756070653 277.4440847241379 0
421.660882645645 267.2243677490208 0
431.7611177057717 269.3186307532617 0
412.6434993664972 263.5509605119684 0
427.3116431029972 428.0468606703544 0
413.3002911422255 366.5329073256495 0
390.9658072353344 383.4732627888254 0
235.8516151932635 271.4241742334178 0
178.6011000466209 275.7054712522696 0
315.5684122150222 220.3923376520403 0
400.9439557360172 373.3927469992056 0
131.5887411519024 403.4632704761005 0
115.806317799256 149.4818701659801 0
115.3568130320091 139.7493719679973 0
123.9042366999812 134.4058773452091 0
106.3461592667942 144.9113340142267 0
228.0990191375472 317.1307589030171 0
187.3211253055556 327.4761508177523 0
324.3016495224137 368.2002603625692 0
397.6099707684152 286.9508518921579 0
107.7651573060956 395.8677942335551 0
344.7794806425845 304.1709256707188 0
45.97691683603929 418.1719276042277 0
99.65452369488659 344.9138695006616 0
95.97344563446723 330.4918897757025 0
386.1151253531015 321.1163253910766 0
389.4519912263233 293.8834409554301 0
380.624640618035 468.1782995349644 0
259.0537282639069 359.9641911599248 0
376.4151431545828 344.3769480850531 0
71.39307954101834 406.5811526697436 0
201.5680554791016 306.5419745124898 0
230.4112638958527 342.5931204181007 0
309.4999999999999 351.4999999999999 0
224.5434900540633 275.7575219262966 0
214.3658618883669 269.7797606764331 0
395.6131211887558 323.134508448339 0
322.607436706537 392.7703537651922 0
358.2261940373529 314.681960911969 0
361.2987362455157 324.0456328394459 0
354.7087913375931 278.7131238931645 0
80.38428043322341 151.8832874964708 0
134.4935878577023 456.8085170590609 0
144.6162309240616 470.8324356024983 0
383.8550212376059 311.5909267919616 0
418.7207990509148 304.329325342887 0
419.5039727485661 316.333183692491 0
152.9917940766077 253.2494078470897 0
158.4845191221033 167.0560013783553 0
182.0811339011289 373.7810918479257 0
190.6613713116922 308.821854280844 0
344.8640139604909 179.6235101318575 0
379.3141391060594 292.5063531527576 0
332.4259021264602 197.0286451267595 0
383.4185588725271 261.378838341432 0
431.5186176168242 318.2788652066616 0
444.1362254926529 317.5125645611641 0
72.80461563464999 301.0486740042393 0
469.0858708214395 459.3938984950232 0
370.1264055234338 351.6952068811211 0
246.6702865074093 331.6895605385789 0
299.6813934383489 369.9337713524988 0
199.580608207862 249.7316772376856 0
305.3392857142858 348.0535714285713 0
216.0923125854813 183.8120683578419 0
134.3719667629628 169.1484471577661 0
368.6134140872639 397.3733478718486 0
347.0202692845435 363.9603679622398 0
413.794899106862 327.1352757338651 0
106.3676156608735 438.4216959294659 0
263.4304342725486 280.3575739263624 0
47.26950253807902 286.9229553839163 0
332.8525047247201 325.6408417425598 0
315.1309436783272 413.6536906276678 0
310.6213729488462 424.6687146657873 0
326.66401562768 444.7094396000086 0
322.176625038323 423.237067499858 0
297.5043309909103 424.9457603216813 0
305.782634923614 436.9362934481521 0
130.2229818780311 362.481053629961 0
275.3703782627491 266.5609498845733 0
280.4722398640051 258.3389087122239 0
349.2265506175303 233.7087373742767 0
369.6810896814309 378.4971561813336 0
296.2328588143122 268.6134801906366 0
40.19762818470146 215.8273582355419 0
311.783322290917 228.4993945435778 0
58.49043681924522 385.4935214623115 0
433.9702852370279 363.564475247294 0
179.6225844743403 172.7158296939052 0
151.7461814150428 158.7385032947794 0
393.3734957083391 199.8847000293316 0
241.0615989212845 365.1743149338697 0
285.3592488517826 267.1553943790793 0
404.0732099140075 360.5440280743899 0
356.2543760125488 394.8498944253545 0
359.4478415550635 406.2226286044024 0
105.2201664000672 134.1493418085248 0
224.0638320556614 174.3745124401955 0
130.7875265867112 212.4558129035215 0
319.5379845292563 226.1454569594918 0
385.8935976720287 346.3481272685323 0
402.2503906192911 316.3363509583874 0
411.7109205514429 164.6084050655077 0
444.2165927539917 153.0687681978484 0
450.3083690478557 111.0997113133563 0
152.0244856482571 216.2833504321479 0
140.7416351140864 221.7462554098016 0
352.5826107406871 320.8150773201543 0
192.287578918096 268.3493182255053 0
53.84399182918324 434.9666422723433 0
102.9080813546154 369.018386047041 0
50.21564863627732 149.6940182294775 0
111.4178485021127 404.3003069332461 0
442.1756921105986 286.2414858940151 0
456.4635555432684 413.6654759533489 0
223.337646922685 288.062012195534 0
210.481460294564 174.2081320962518 0
119.561479279931 239.224964937128 0
426.913532277396 239.5266218557027 0
301.5486331802128 243.7351382580306 0
177.0768659306399 268.3673380203061 0
167.9779515872666 267.1783778056652 0
84.25564200692612 402.6080366947861 0
441.0505738839946 264.9709894895961 0
440.0853729876765 273.0729500636668 0
361.3563155886982 244.4272575260767 0
353.7721592004009 331.4394400826932 0
444.8192870791534 56.83767004744658 0
95.43890381810183 424.4505628686455 0
75.32196173275233 324.7251555683791 0
403.4825245303417 350.4561949366391 0
327.8973243745316 410.7890640469803 0
389.4197346070006 355.7352807910929 0
351.6468143865631 414.1315538551049 0
287.2141154987588 293.920347774186 0
107.0949070006144 175.5449138325203 0
134.7598528026086 120.6320422397903 0
334.8462425037883 257.1161568884997 0
194.464061414767 378.4605948478003 0
442.5547701070385 237.3234436415635 0
403.740742611692 99.71188798321135 0
274.310627842915 355.821143954233 0
285.2174626003949 182.3006460596808 0
334.642984260497 421.3289182803265 0
330.4726984766174 431.7344338525547 0
318.274317599143 434.3551599065858 0
213.1650981735394 364.6764181959242 0
266.4148578890827 335.4368294410751 0
273.8858270012611 369.1764185325276 0
141.8659569638716 281.5389742255251 0
115.25064454247 121.02168559405 0
57.83788724265588 476.7500493130673 0
293.5636740504436 370.1342559183403 0
282.979502746399 85.4785930122877 0
338.0495515161747 360.9978623748822 0
110.438240152169 321.5224320216695 0
373.5718254224782 415.1769537362997 0
64.68221666052523 226.9502492976634 0
132.5165097509337 138.9648722964093 0
244.3202804538236 94.82252348406317 0
216.0202370601029 108.3486366115231 0
297.5232737937092 114.8795730382828 0
150.725164616109 355.8185223866087 0
120.413278144402 362.6374941877943 0
92.51184967179367 193.0753395971681 0
288.4411184164397 382.6129914855958 0
459.5648346879663 445.1083108243828 0
196.5313367681275 358.0999624338427 0
239.6806698278935 387.2212025817055 0
32.11693285959615 357.8257363488548 0
66.77134686155874 411.3588401266936 0
118.9610856064057 289.8651412012418 0
303.5033215019325 363.1851593248319 0
89.41614852493088 226.2912380022383 0
205.1561933210873 385.2308839906629 0
361.5619157871673 273.5669354679847 0
139.276837548018 201.6580049189344 0
137.2130462482631 190.1277961961713 0
300.6260250552318 358.762390484248 0
306.3881302565077 357.65483283014 0
143.549710217096 172.6430549830595 0
256.0612126832768 368.0456627117151 0
233.7939263703504 333.7329082569451 0
24.70671791532033 374.5435952955428 0
464.4365452768727 464.922314075156 0
138.8876745322418 362.1529054321673 0
251.5892329896442 178.4085721441322 0
105.5746573706709 186.8899965573575 0
168.9334912996966 196.8043266414373 0
421.0020357345978 412.7287766397427 0
162.4285714285714 304.2857142857143 0
158.9767202397119 296.1417268801933 0
309.1257993210957 261.359855441105 0
165.9210010382561 438.8015789850808 0
173.2633196620864 369.5160511080446 0
268.8631255830392 388.5962819850646 0
402.020766593105 435.2073697916074 0
115.8662993024131 130.6598221051691 0
62.84184663443611 423.1736310680957 0
428.9990177570749 404.8341247842498 0
71.62254524554389 126.5552833439455 0
59.96729420694161 106.5910235296823 0
89.39422364733223 99.78869406865995 0
81.61902835674729 78.79798990632843 0
145.2387910595957 182.6073707782091 0
109.9953646743421 459.0306087475442 0
290.8419610341049 438.2186734261434 0
307.1938118829967 452.1863028267905 0
414.206786960251 240.4890243087964 0
409.7816100903005 253.3070290331993 0
348.9124758923084 339.891295930031 0
238.2719768801217 177.704773044644 0
52.09501758455159 119.4574109662125 0
407.544260885023 243.4353185108015 0
205.6964437995775 278.066868513091 0
380.9224236448595 173.7799839106935 0
68.47513606706605 150.1802901473395 0
453.0384615384614 468.3461538461538 0
99.37718439755093 169.5845388453318 0
206.5208902445609 331.9205160786955 0
68.10687663416311 393.561607625073 0
76.03102031641575 212.3654131835002 0
271.6959953124658 362.6922207632989 0
206.3066643822858 252.8302992849948 0
297.086960647856 295.6988913419339 0
248.0303140583516 382.2821986244822 0
94.47173137151113 311.9388271644329 0
82.93890879363562 185.1642382158253 0
107.14285714285 35.16558844556104 0
57.80207708767864 50.00482529109384 0
55.77414523820546 82.51478075104038 0
410.1812261436524 319.0766682841501 0
438.8706101593004 229.6972233887955 0
436.0648099047658 217.6285607271406 0
427.0854468112849 261.2554977420093 0
369.7406300546849 249.8507746396435 0
301.3997159376069 305.4822591522789 0
174.4639527260687 279.8414756075475 0
441.0887543507991 399.6660257670993 0
38.80139065650908 139.3763369897019 0
422.7706448518106 439.92212329465 0
429.5639977293719 351.1126038801561 0
151.0305122444896 284.9680476143055 0
58.67619133415874 166.1867453257326 0
199.3337787252206 265.1326965989973 0
120.7976600338288 328.7825139766767 0
364.0397959183674 230.9806122448979 0
269.0416137687907 397.8361259048697 0
263.964470980792 411.831945958839 0
102.4152537658969 246.449329165677 0
249.1942945652788 340.2478051594024 0
269.6577874946886 433.0978504907117 0
201.6585738144562 196.0657335450054 0
181.7071928382894 206.0435219714489 0
140.0434729635726 130.7204771281048 0
51.86119940096475 415.9511288265306 0
104.6758921636251 68.67869573317799 0
372.5730740377548 387.448173469588 0
264.5864464071445 267.9359847385194 0
163.3764619793203 290.604138390882 0
130.024765681205 277.9488586070595 0
316.2848863499357 204.5512566884153 0
349.4164479443999 59.6096322709426 0
260.4682846960845 326.9425640577235 0
175.0279064314391 160.3024637481838 0
394.1182057212093 392.8134145892715 0
189.0297759622336 320.3874501241405 0
91.53323276511327 375.7193232587639 0
194.0149694196366 438.860988575663 0
93.64065503380345 417.7721471850739 0
222.9707737548512 336.1472288430074 0
464.3461999899421 298.9008696767443 0
240.1113075700152 261.5856792401594 0
72.95203408976386 94.65293103765391 0
220.7774500716267 161.346765814481 0
375.9101588582581 267.1303988387323 0
468.6182854013045 438.7216806116727 0
332.2594077316784 367.221764556315 0
60.21453136802189 396.3512671216699 0
420.1318120476346 241.9945452199111 0
406.4193550689099 442.3941662799695 0
340.894573687166 286.2483046317256 0
333.7799511707091 292.4416721451194 0
337.279467588762 299.4188842560324 0
435.4803826899417 429.1804915955681 0
273.6906067609552 199.6682274759231 0
179.1460925160247 295.1338026316831 0
300.7325784350606 179.704365780638 0
201.2760007085218 367.3261920084834 0
111.9273271491104 362.2378169053902 0
314.0797480845573 356.0521120582899 0
357.9572255524509 175.9478862728718 0
272.9307044803871 141.7942213836187 0
65.51862458341814 341.3988123381878 0
326.6659772435956 287.2880661620682 0
200.5010507379981 187.9906267060055 0
220.8591038242763 133.6059354993032 0
189.2994854883102 291.3132168182083 0
441.6987778354313 257.9377071661559 0
306.8674312001912 168.7772809413897 0
211.1005939779387 77.92406572383643 0
320.4196536319677 88.39295031974314 0
403.0945489710128 480.7927816102337 0
165.2020348645698 41.5766809453817 0
130.3476078636154 485.3572491866372 0
471.5323598026565 445.0831354868713 0
259.0046630028884 315.190654280485 0
177.5128540324367 116.0641721012736 0
196.3097354886339 124.3682191125665 0
160.2651766018615 246.0516711105895 0
56.6603944554105 421.7462195634728 0
285.3148580273001 200.5352451742876 0
211.058943879509 339.1067659678637 0
437.3417760833366 310.350920887886 0
106.3569495468672 426.9442083937699 0
143.3334369133167 367.6128775055396 0
325.4381892730889 384.5662783158564 0
309.1967074926164 137.0478720077398 0
338.757017132936 339.3924274625275 0
416.3991338930181 448.8471651760401 0
213.4388583114742 258.7132470455017 0
167.9742198041024 243.3150921588334 0
262.3493146973042 258.4013489424899 0
114.7594381516654 412.6959492762599 0
151.8654654447989 240.7133933071633 0
320.0721327931385 290.2451520274948 0
259.026172345132 303.9202051062184 0
149.7555857499661 167.3754034519251 0
297.8840872185233 236.1604024465875 0
293.4713588980105 414.219241489254 0
179.8880207538619 198.3128216301901 0
142.2148726781818 355.3902296580005 0
306.2327104867667 312.9675897298185 0
142.5354948950686 211.5682796454868 0
296.8211771591627 375.2283385400596 0
131.5222608032375 129.679326878375 0
280.9604081843802 302.1951818375238 0
76.48585203958471 402.707050730133 0
414.7346761301804 416.2402285132859 0
273.1380155354224 335.1767663939646 0
329.5063251894361 337.6815274688676 0
54.05026829555436 428.1718063669005 0
125.4795233653792 397.1910080292184 0
468.2272083661198 211.7646956058 0
466.217867204738 181.3337186868623 0
26.50751682931635 201.139550025577 0
333.2255759783647 187.4969959586316 0
426.5734017330529 481.3214836190745 0
140.7838889422178 400.7018634678904 0
378.4668479955867 276.1869021066036 0
392.9719145214659 209.4524122626915 0
397.1982163739311 355.7958015239669 0
203.1790297484222 345.0268614777156 0
110.5538331060364 347.002568351738 0
315.4632704045343 444.6458870555518 0
315.1121911497306 273.8534975625807 0
120.940917830179 404.8219801675716 0
327.9655908223926 399.6197061733319 0
321.577262986572 354.6792330665174 0
209.1930849493612 43.79352943500762 0
251.6201920127046 187.7382076958797 0
395.4386399730334 172.992594044065 0
346.8735537012129 280.0633015743231 0
94.77070369659251 132.5020673237954 0
322.8164065699066 272.7770209226804 0
45.32117474646877 388.8928086649564 0
33.24827027576505 385.5742960455015 0
323.957265768273 195.2132013403178 0
217.4589258971576 148.2093383129977 0
289.5622857097437 235.3538348615865 0
269.4948972169474 329.4902488038414 0
60.75726477975918 156.0330488552647 0
186.4904973496839 298.2669464933466 0
130.4605231505146 227.7052125918549 0
318.9435175897453 213.0647637798087 0
190.8038189851029 140.6725701747132 0
51.62619357648933 173.1059196739729 0
394.5733610941098 229.0203808062352 0
105.1909502889686 356.3525956650396 0
183.7536836554027 383.6907079742192 0
326.8906896868498 280.1579305453005 0
141.5969386835051 234.1035145165904 0
472.7091095257406 449.3291031120869 0
450.5810287107485 396.5647518536005 0
458.6825988082902 388.682008403188 0
459.8647613450852 402.9852675861594 0
466.9744198162439 369.1615218039498 0
460.6666450462657 461.8878495614426 0
292.6573396422301 389.4569298147989 0
206.5032109294404 262.3232524175713 0
356.5 237.5 0
78.83843919763115 423.9264486469515 0
324.7851333397746 144.0141897938182 0
376.4229247619794 195.5853558983439 0
459.2619584721002 285.1220411774544 0
470.3200137995891 289.1092164258847 0
475.5718910487321 307.4876842369063 0
138.0299538408638 109.3639801079499 0
330.9680111481072 300.4068594908595 0
137.2926670291975 347.8523224173118 0
207.1343253216584 183.2017703536157 0
290.5660559288101 136.1376431101825 0
462.5834879784468 438.5335183765056 0
152.9461836881149 292.2481315081385 0
112.3583129593195 444.0993994034174 0
356.1226878107127 268.9863988673187 0
463.1390328824643 411.6804318320761 0
369.62 223.78 0
29.92002318664181 88.37047268354424 0
352.975358139525 422.3763642218989 0
340.1626041320065 436.9201431600857 0
330.7799741055834 308.5166555603794 0
247.0145216827786 369.3677497272278 0
181.4701802535578 324.7727201883785 0
440.5910237183892 279.8540562194222 0
204.9724538548269 269.6960353594633 0
172.2674160175357 361.4586763697596 0
452.876707630134 273.9915187777692 0
446.1612084635517 473.5473620406328 0
211.4398822505494 459.0366601224005 0
45.49147072556875 398.6587364403792 0
46.09855537605894 142.6650376658211 0
320.1441736708214 453.5782299398692 0
321.399770438896 468.349520216995 0
309.7840663920546 245.9230174569972 0
80.681897920776 145.4411542472476 0
344.6251840755383 419.6602717262617 0
144.9415145768169 373.5550975862787 0
70.78760993609714 399.9598209744794 0
369.4553901043467 177.4181172908983 0
330.2670629154864 330.9287434778773 0
63.25657414605623 416.1491144730599 0
201.0671345113647 352.1248041381281 0
299.6898975160479 153.559943850132 0
368.5809797801834 408.5377241436436 0
190.2310899115298 423.3432647077005 0
39.3445865680179 132.9161385599135 0
247.4923434754642 250.3472769140406 0
287.6301313962844 192.8975682955784 0
109.0278718321113 418.5091861471186 0
$EndNodes
$Elements
19 3000 1 3000
1 247 1 7
1 219 223 
2 223 224 
3 224 225 
4 225 226 
5 226 227 
6 227 228 
7 228 220 
1 248 1 7
8 220 229 
9 229 230 
10 230 231 
11 231 232 
12 232 233 
13 233 234 
14 234 221 
1 249 1 7
15 221 235 
16 235 236 
17 236 237 
18 237 238 
19 238 239 
20 239 240 
21 240 222 
1 250 1 7
22 222 241 
23 241 242 
24 242 243 
25 243 244 
26 244 245 
27 245 246 
28 246 219 
2 233 2 31
29 247 251 12 
30 16 250 2 
31 248 252 249 
32 15 248 14 
33 249 253 4 
34 18 250 17 
35 2 252 16 
36 8 9 7 
37 5 13 14 
38 6 13 5 
39 248 249 5 
40 11 251 10 
41 14 248 5 
42 6 247 13 
43 252 253 249 
44 3 253 2 
45 2 253 252 
46 4 253 3 
47 5 249 4 
48 17 250 16 
49 18 1 2 
50 19 1 18 
51 2 250 18 
52 7 9 6 
53 9 247 6 
54 10 247 9 
55 10 251 247 
56 12 251 11 
57 13 247 12 
58 16 248 15 
59 16 252 248 
2 234 2 36
60 27 259 26 
61 35 260 34 
62 255 258 24 
63 26 257 25 
64 24 261 255 
65 24 256 23 
66 26 259 31 
67 31 257 26 
68 32 261 257 
69 30 262 29 
70 33 255 32 
71 31 259 30 
72 33 260 255 
73 21 254 20 
74 27 262 259 
75 25 261 24 
76 257 261 25 
77 24 258 256 
78 35 263 260 
79 255 261 32 
80 28 262 27 
81 255 263 258 
82 21 256 254 
83 258 264 254 
84 256 258 254 
85 259 262 30 
86 35 264 263 
87 260 263 255 
88 263 264 258 
89 29 262 28 
90 32 257 31 
91 34 260 33 
92 20 264 35 
93 254 264 20 
94 22 256 21 
95 23 256 22 
2 235 2 22
96 37 266 36 
97 38 269 46 
98 46 269 268 
99 43 265 42 
100 39 269 38 
101 48 266 47 
102 36 266 49 
103 49 266 48 
104 267 268 40 
105 265 267 41 
106 44 265 43 
107 45 267 265 
108 47 266 37 
109 45 265 44 
110 45 268 267 
111 41 267 40 
112 40 268 39 
113 268 269 39 
114 42 265 41 
115 46 268 45 
116 38 47 37 
117 46 47 38 
2 236 2 26
118 52 272 51 
119 271 274 52 
120 57 58 55 
121 59 270 58 
122 64 272 63 
123 56 57 55 
124 62 274 271 
125 54 275 53 
126 60 275 54 
127 271 275 61 
128 54 273 60 
129 53 275 271 
130 63 272 62 
131 61 275 60 
132 59 273 270 
133 51 272 64 
134 272 274 62 
135 52 274 272 
136 60 273 59 
137 50 51 65 
138 65 51 64 
139 53 271 52 
140 55 270 54 
141 270 273 54 
142 58 270 55 
143 62 271 61 
2 237 2 21
144 69 70 68 
145 74 75 277 
146 76 66 281 
147 70 71 278 
148 73 277 280 
149 279 73 280 
150 68 70 276 
151 67 276 281 
152 71 72 278 
153 280 76 281 
154 70 278 279 
155 278 73 279 
156 72 73 278 
157 276 70 279 
158 276 279 280 
159 276 280 281 
160 277 76 280 
161 66 67 281 
162 75 76 277 
163 67 68 276 
164 73 74 277 
2 238 2 39
165 82 83 289 
166 89 77 290 
167 84 287 289 
168 287 84 288 
169 77 78 290 
170 81 82 289 
171 78 79 292 
172 86 283 288 
173 283 287 288 
174 89 290 293 
175 80 81 286 
176 286 81 287 
177 287 283 295 
178 79 80 286 
179 284 294 295 
180 290 285 293 
181 286 287 295 
182 86 87 282 
183 283 282 284 
184 285 290 292 
185 284 292 294 
186 86 282 283 
187 283 284 295 
188 284 282 285 
189 84 85 288 
190 287 81 289 
191 290 78 292 
192 284 285 292 
193 282 87 291 
194 88 89 293 
195 294 286 295 
196 79 286 294 
197 285 282 291 
198 285 291 293 
199 291 88 293 
200 83 84 289 
201 85 86 288 
202 87 88 291 
203 292 79 294 
2 239 2 14
204 91 92 298 
205 296 99 298 
206 98 296 297 
207 96 97 297 
208 94 95 93 
209 98 99 296 
210 92 96 297 
211 296 92 297 
212 90 91 298 
213 97 98 297 
214 99 90 298 
215 93 96 92 
216 92 296 298 
217 95 96 93 
2 240 2 69
218 121 122 304 
219 116 117 311 
220 127 128 101 
221 119 120 115 
222 125 313 316 
223 109 306 318 
224 111 112 301 
225 122 123 300 
226 113 114 317 
227 306 307 318 
228 112 113 301 
229 306 109 309 
230 302 301 304 
231 125 308 313 
232 313 312 316 
233 111 301 302 
234 306 309 310 
235 305 299 306 
236 308 305 310 
237 127 101 102 
238 104 299 305 
239 109 110 309 
240 119 115 311 
241 110 111 309 
242 115 120 317 
243 308 310 313 
244 304 122 319 
245 108 109 318 
246 299 105 314 
247 307 107 318 
248 103 104 305 
249 304 301 315 
250 306 299 307 
251 305 306 310 
252 121 304 315 
253 103 305 308 
254 302 304 319 
255 115 116 311 
256 111 302 303 
257 114 115 317 
258 111 303 309 
259 309 303 310 
260 301 113 315 
261 310 303 313 
262 303 302 312 
263 124 125 316 
264 303 312 313 
265 312 302 319 
266 307 299 314 
267 312 300 316 
268 300 312 319 
269 113 121 315 
270 105 106 314 
271 107 108 318 
272 126 127 102 
273 106 107 314 
274 107 307 314 
275 117 118 311 
276 120 121 317 
277 128 100 101 
278 126 102 103 
279 126 103 308 
280 104 105 299 
281 121 113 317 
282 118 119 311 
283 122 300 319 
284 123 124 300 
285 300 124 316 
286 125 126 308 
2 241 2 20
287 131 323 324 
288 138 320 322 
289 135 136 320 
290 140 131 324 
291 136 137 322 
292 135 320 321 
293 132 133 323 
294 139 140 324 
295 133 321 324 
296 320 139 321 
297 131 132 323 
298 137 138 322 
299 321 139 324 
300 320 136 322 
301 323 133 324 
302 133 134 321 
303 130 140 129 
304 131 140 130 
305 134 135 321 
306 138 139 320 
2 242 2 8
307 141 142 325 
308 147 148 325 
309 148 141 325 
310 142 143 325 
311 143 144 325 
312 145 146 144 
313 146 147 144 
314 144 147 325 
2 243 2 139
315 167 357 380 
316 153 339 370 
317 151 152 340 
318 333 326 352 
319 155 345 371 
320 164 165 379 
321 339 154 371 
322 159 349 366 
323 157 330 345 
324 359 338 360 
325 326 162 352 
326 348 372 375 
327 353 341 354 
328 352 163 377 
329 348 164 379 
330 351 342 376 
331 342 351 366 
332 174 341 363 
333 340 152 381 
334 172 173 350 
335 372 359 375 
336 166 167 380 
337 335 368 373 
338 345 330 355 
339 358 166 380 
340 173 174 363 
341 350 173 363 
342 338 359 382 
343 158 159 343 
344 167 168 357 
345 154 155 371 
346 150 362 368 
347 359 360 375 
348 354 341 378 
349 341 175 378 
350 150 151 362 
351 156 157 345 
352 170 171 169 
353 356 340 369 
354 341 353 363 
355 369 340 370 
356 364 349 367 
357 365 348 375 
358 349 342 366 
359 358 350 359 
360 330 344 355 
361 333 352 365 
362 339 355 369 
363 161 162 326 
364 339 369 370 
365 332 331 334 
366 161 326 327 
367 157 158 330 
368 346 337 347 
369 334 353 354 
370 368 347 373 
371 166 358 372 
372 162 163 352 
373 332 334 361 
374 347 337 361 
375 334 354 361 
376 151 340 374 
377 328 326 333 
378 359 350 382 
379 334 331 338 
380 358 359 372 
381 327 326 328 
382 329 328 331 
383 342 337 346 
384 327 328 329 
385 330 158 343 
386 334 338 353 
387 346 347 362 
388 340 356 374 
389 329 331 332 
390 172 350 358 
391 350 363 382 
392 337 332 361 
393 362 151 374 
394 336 337 342 
395 175 335 378 
396 328 333 360 
397 343 159 366 
398 331 328 360 
399 342 346 376 
400 330 343 344 
401 336 332 337 
402 336 342 349 
403 329 332 336 
404 344 351 356 
405 344 343 351 
406 362 347 368 
407 327 329 364 
408 346 362 374 
409 338 331 360 
410 355 344 369 
411 164 348 377 
412 355 339 371 
413 363 353 382 
414 168 169 357 
415 347 361 373 
416 373 354 378 
417 346 374 376 
418 336 349 364 
419 344 356 369 
420 335 373 378 
421 361 354 373 
422 351 343 366 
423 333 365 375 
424 360 333 375 
425 329 336 364 
426 345 355 371 
427 165 166 379 
428 152 153 381 
429 374 356 376 
430 370 340 381 
431 356 351 376 
432 153 370 381 
433 365 352 377 
434 166 372 379 
435 372 348 379 
436 348 365 377 
437 161 327 367 
438 353 338 382 
439 172 358 380 
440 175 149 335 
441 327 364 367 
442 169 171 357 
443 160 161 367 
444 155 156 345 
445 349 160 367 
446 163 164 377 
447 357 171 380 
448 174 175 341 
449 149 150 368 
450 335 149 368 
451 153 154 339 
452 159 160 349 
453 171 172 380 
2 244 2 52
454 192 387 189 
455 389 394 385 
456 185 186 193 
457 384 394 389 
458 393 395 178 
459 389 392 384 
460 187 188 186 
461 386 397 391 
462 184 389 385 
463 180 383 179 
464 390 397 195 
465 178 395 177 
466 188 387 186 
467 176 396 197 
468 389 398 392 
469 194 398 388 
470 391 395 386 
471 383 393 179 
472 392 397 386 
473 185 388 184 
474 195 397 392 
475 392 398 195 
476 197 391 390 
477 197 390 196 
478 181 384 383 
479 384 392 386 
480 388 389 184 
481 384 386 383 
482 186 387 193 
483 181 383 180 
484 177 396 176 
485 195 398 194 
486 391 396 395 
487 181 394 384 
488 386 393 383 
489 184 385 183 
490 197 396 391 
491 386 395 393 
492 391 397 390 
493 395 396 177 
494 388 398 389 
495 179 393 178 
496 196 390 195 
497 182 394 181 
498 183 385 182 
499 385 394 182 
500 194 185 193 
501 194 388 185 
502 189 387 188 
503 191 189 190 
504 192 189 191 
505 193 387 192 
2 245 2 20
506 203 204 202 
507 200 201 401 
508 399 198 400 
509 204 205 404 
510 400 200 402 
511 206 399 403 
512 198 199 400 
513 206 207 399 
514 401 201 404 
515 399 400 402 
516 401 205 403 
517 201 202 404 
518 205 401 404 
519 399 402 403 
520 402 401 403 
521 200 401 402 
522 199 200 400 
523 205 206 403 
524 207 198 399 
525 202 204 404 
2 246 2 13
526 208 209 406 
527 214 215 210 
528 211 214 210 
529 209 405 406 
530 218 208 406 
531 209 216 405 
532 405 217 406 
533 217 218 406 
534 210 215 209 
535 216 217 405 
536 215 216 209 
537 212 214 211 
538 213 214 212 
2 1000 2 2462
539 238 237 137 
540 225 200 920 
541 235 49 743 
542 220 69 970 
543 785 129 987 
544 57 233 1485 
545 220 970 1213 
546 233 1088 1364 
547 235 19 749 
548 233 954 1088 
549 49 235 749 
550 69 228 67 
551 105 646 853 
552 1007 1008 1498 
553 1084 675 1415 
554 1030 231 1481 
555 59 60 803 
556 100 101 1321 
557 192 193 1050 
558 1036 782 1079 
559 186 183 1469 
560 771 952 1202 
561 800 1180 1341 
562 144 145 513 
563 1020 808 1183 
564 413 1024 1227 
565 1067 795 1071 
566 1351 1172 1440 
567 979 851 1318 
568 85 1094 1241 
569 1036 1079 1339 
570 1094 85 1124 
571 151 152 1314 
572 57 58 954 
573 1024 413 1396 
574 1141 533 1142 
575 1102 689 1278 
576 1052 416 1441 
577 183 186 1308 
578 244 697 1421 
579 1235 632 1311 
580 661 1149 1303 
581 154 976 1001 
582 229 26 27 
583 899 998 1184 
584 440 160 1334 
585 789 1271 1275 
586 845 23 970 
587 1035 499 1267 
588 921 780 922 
589 1251 65 1261 
590 134 856 1456 
591 824 1204 1349 
592 1131 812 1320 
593 626 628 1052 
594 860 1044 1065 
595 931 419 932 
596 72 73 1083 
597 835 1193 1419 
598 185 186 1469 
599 1021 539 1087 
600 982 818 1188 
601 570 66 1428 
602 1063 736 1185 
603 154 418 976 
604 37 38 742 
605 1112 971 1408 
606 558 40 977 
607 995 814 1089 
608 1019 967 1058 
609 89 77 879 
610 1049 1026 1388 
611 148 141 975 
612 1121 876 1325 
613 821 668 1082 
614 820 1121 1325 
615 899 906 998 
616 811 1026 1049 
617 167 168 930 
618 949 225 1146 
619 819 1305 1438 
620 164 165 512 
621 156 157 515 
622 1020 636 1108 
623 952 640 1202 
624 1203 680 1284 
625 983 1179 1435 
626 636 1020 1183 
627 512 165 639 
628 908 910 1232 
629 1044 701 1065 
630 417 580 1309 
631 1179 631 1435 
632 980 787 1113 
633 835 946 1193 
634 955 1131 1320 
635 552 62 1258 
636 1107 1129 1293 
637 795 796 1071 
638 688 179 1002 
639 134 135 1457 
640 982 1188 1272 
641 989 988 1453 
642 201 203 920 
643 819 1000 1305 
644 763 1062 1064 
645 81 680 1203 
646 96 97 1133 
647 1058 967 1059 
648 697 857 1215 
649 232 231 1030 
650 1107 554 1129 
651 750 445 1183 
652 904 989 1453 
653 149 457 1273 
654 1044 1251 1261 
655 792 722 991 
656 429 78 1432 
657 950 1172 1329 
658 166 930 1431 
659 1008 948 1498 
660 116 117 434 
661 818 1169 1188 
662 633 972 1226 
663 538 589 1113 
664 125 126 1475 
665 943 127 1348 
666 837 1208 1350 
667 937 1072 1410 
668 223 219 1291 
669 148 975 1042 
670 1063 1185 1186 
671 445 490 1183 
672 1457 136 1458 
673 628 1051 1052 
674 1000 1173 1433 
675 854 1197 1249 
676 1169 1100 1188 
677 89 879 1298 
678 792 945 1109 
679 205 555 999 
680 1257 417 1309 
681 531 1101 1424 
682 166 167 930 
683 46 47 1464 
684 697 243 857 
685 193 1045 1050 
686 1057 1067 1327 
687 994 529 1461 
688 1255 941 1330 
689 123 419 931 
690 529 1224 1393 
691 559 689 1102 
692 1087 539 1113 
693 204 205 999 
694 1096 801 1276 
695 186 187 1308 
696 814 995 1284 
697 668 831 1082 
698 499 1035 1103 
699 1173 886 1433 
700 1096 1276 1477 
701 742 38 1176 
702 953 451 1079 
703 925 3 1119 
704 1062 763 1296 
705 866 1102 1278 
706 998 911 1184 
707 942 939 959 
708 83 551 1214 
709 109 110 994 
710 1268 1031 1313 
711 111 112 110 
712 587 1368 1388 
713 688 1002 1003 
714 419 124 1078 
715 1101 531 1467 
716 1402 96 1492 
717 1010 924 1011 
718 836 1015 1115 
719 1095 801 1096 
720 873 823 979 
721 533 164 1142 
722 800 986 1180 
723 784 1033 1066 
724 21 22 887 
725 226 225 949 
726 932 1374 1414 
727 932 1281 1374 
728 915 1005 1077 
729 499 1103 1104 
730 451 953 1420 
731 1460 831 1473 
732 937 939 942 
733 216 685 1158 
734 1172 950 1440 
735 943 1348 1434 
736 985 957 1381 
737 1348 705 1434 
738 1187 146 1452 
739 830 1067 1071 
740 238 785 1405 
741 922 780 1175 
742 910 1091 1232 
743 961 176 1353 
744 853 646 914 
745 168 872 1053 
746 1066 1071 1155 
747 960 1130 1376 
748 675 1084 1085 
749 825 745 1032 
750 513 145 530 
751 116 434 500 
752 223 1291 1470 
753 108 994 1461 
754 533 1141 1320 
755 197 176 961 
756 997 236 1448 
757 1265 1291 1318 
758 77 78 429 
759 86 87 93 
760 1032 745 1281 
761 1226 972 1289 
762 1015 437 1115 
763 1057 805 1067 
764 126 943 1111 
765 1123 158 1285 
766 1004 1003 1436 
767 713 1248 1273 
768 529 1393 1461 
769 539 1021 1105 
770 141 799 1002 
771 435 937 1410 
772 1053 846 1390 
773 86 93 1124 
774 244 243 697 
775 719 584 1024 
776 145 146 1187 
777 1054 816 1170 
778 1226 854 1249 
779 1122 551 1234 
780 179 975 1002 
781 51 433 1056 
782 1048 821 1082 
783 761 915 1077 
784 91 92 1394 
785 787 980 1411 
786 142 143 674 
787 874 1075 1259 
788 1305 698 1438 
789 838 1145 1154 
790 1071 796 1155 
791 975 141 1002 
792 410 540 541 
793 812 1010 1320 
794 176 177 971 
795 1056 433 1327 
796 242 241 640 
797 586 1054 1170 
798 976 418 1167 
799 433 52 863 
800 1011 163 1384 
801 232 1031 1485 
802 126 1111 1328 
803 147 148 1143 
804 558 977 1302 
805 959 960 1376 
806 626 1052 1236 
807 1271 432 1275 
808 859 1302 1381 
809 1042 182 1143 
810 872 1070 1147 
811 1026 587 1388 
812 203 204 748 
813 1290 756 1318 
814 106 546 753 
815 1031 1030 1313 
816 636 522 1108 
817 1051 416 1052 
818 871 1119 1246 
819 189 190 432 
820 764 1112 1408 
821 1074 1158 1259 
822 498 34 1190 
823 539 538 1113 
824 736 1063 1296 
825 1252 853 1253 
826 763 1064 1271 
827 75 76 570 
828 850 851 979 
829 515 157 1123 
830 597 784 1066 
831 1268 1139 1269 
832 63 64 669 
833 110 112 529 
834 1002 799 1003 
835 587 429 1368 
836 1270 789 1275 
837 433 1057 1327 
838 1069 750 1182 
839 958 957 985 
840 440 1068 1095 
841 640 952 1324 
842 1024 584 1450 
843 846 1181 1390 
844 555 206 1301 
845 586 1069 1182 
846 1224 1039 1393 
847 1264 428 1335 
848 1204 1014 1349 
849 688 1003 1004 
850 756 979 1318 
851 748 1034 1060 
852 542 541 773 
853 433 863 1057 
854 632 631 1179 
855 1121 616 1244 
856 939 940 960 
857 1066 752 1071 
858 440 1095 1096 
859 768 772 923 
860 1147 1070 1161 
861 797 149 1273 
862 1020 1108 1371 
863 51 52 433 
864 12 14 15 
865 1025 587 1026 
866 589 980 1113 
867 1082 831 1345 
868 869 1173 1483 
869 685 217 1212 
870 869 886 1173 
871 945 792 1326 
872 118 1110 1441 
873 821 1048 1099 
874 934 1018 1255 
875 1292 1009 1470 
876 921 134 1456 
877 960 940 1035 
878 1000 999 1173 
879 722 927 991 
880 1145 676 1154 
881 1141 955 1320 
882 986 687 1180 
883 826 1111 1434 
884 937 938 939 
885 1054 586 1182 
886 457 150 1125 
887 873 979 1459 
888 1197 854 1280 
889 1047 713 1273 
890 787 1087 1113 
891 720 719 721 
892 1026 811 1131 
893 239 238 1406 
894 179 180 975 
895 1016 623 1145 
896 1053 872 1147 
897 783 917 918 
898 169 170 872 
899 992 1 1367 
900 507 594 1043 
901 99 1460 1473 
902 1010 1011 1384 
903 682 714 1178 
904 780 662 1175 
905 930 168 1053 
906 783 721 917 
907 25 26 1213 
908 929 1082 1345 
909 799 1070 1436 
910 416 118 1441 
911 1033 752 1066 
912 1011 924 1334 
913 1156 1127 1157 
914 551 1122 1214 
915 989 904 998 
916 551 84 1240 
917 740 515 816 
918 522 634 1108 
919 708 1014 1204 
920 1005 915 1244 
921 578 454 1073 
922 856 134 1457 
923 1227 1024 1450 
924 242 640 1324 
925 30 31 499 
926 857 242 1324 
927 1323 1004 1436 
928 243 242 857 
929 755 756 1365 
930 962 849 1455 
931 497 495 1064 
932 935 416 1051 
933 209 428 1264 
934 751 1063 1186 
935 963 815 1355 
936 240 239 1166 
937 132 922 1186 
938 559 560 641 
939 999 555 1173 
940 1021 1022 1105 
941 1089 814 1243 
942 176 971 1112 
943 1158 685 1259 
944 624 761 1077 
945 1345 831 1460 
946 826 1092 1111 
947 815 963 1231 
948 915 1121 1244 
949 1182 750 1183 
950 932 419 1032 
951 838 1016 1145 
952 808 1182 1183 
953 790 638 916 
954 1061 652 1062 
955 721 719 1023 
956 696 505 1043 
957 559 641 689 
958 971 178 1114 
959 792 1109 1151 
960 872 170 1070 
961 1302 977 1381 
962 592 584 719 
963 627 1028 1029 
964 640 1189 1202 
965 670 662 780 
966 1189 1166 1202 
967 681 682 1178 
968 964 898 1148 
969 733 48 749 
970 1229 837 1350 
971 1094 94 1352 
972 1027 1243 1474 
973 679 1127 1156 
974 492 91 1298 
975 71 72 843 
976 789 763 1271 
977 1208 735 1350 
978 241 222 1189 
979 1272 450 1380 
980 469 504 1128 
981 1058 1017 1486 
982 646 862 914 
983 102 103 1252 
984 529 112 1224 
985 1121 820 1312 
986 495 432 1271 
987 428 210 1262 
988 653 652 1061 
989 982 1272 1380 
990 572 752 1033 
991 1286 492 1298 
992 967 1019 1199 
993 500 505 696 
994 1095 809 1177 
995 815 226 1132 
996 454 431 1073 
997 499 1104 1366 
998 104 853 1252 
999 143 144 1019 
1000 505 507 1043 
1001 1001 976 1250 
1002 751 1061 1063 
1003 509 508 510 
1004 216 1158 1425 
1005 1086 1022 1097 
1006 891 510 1081 
1007 929 704 1082 
1008 1243 747 1474 
1009 592 719 720 
1010 965 627 1029 
1011 892 891 899 
1012 1040 949 1041 
1013 754 981 1233 
1014 932 1032 1281 
1015 1003 799 1436 
1016 99 804 1460 
1017 959 939 960 
1018 937 942 1072 
1019 766 923 1353 
1020 766 768 923 
1021 1263 1292 1335 
1022 917 1122 1234 
1023 510 508 1081 
1024 1138 617 1391 
1025 439 431 454 
1026 1074 1076 1158 
1027 475 473 1100 
1028 507 506 508 
1029 880 1036 1339 
1030 812 924 1010 
1031 426 420 1076 
1032 917 721 1023 
1033 1100 473 1188 
1034 811 810 812 
1035 761 876 915 
1036 939 938 940 
1037 649 650 745 
1038 659 658 662 
1039 507 508 509 
1040 981 754 1288 
1041 889 510 891 
1042 219 246 1291 
1043 1048 524 1099 
1044 1075 874 1397 
1045 420 213 1076 
1046 942 959 1385 
1047 487 518 1105 
1048 1035 694 1466 
1049 1061 1062 1063 
1050 452 469 1128 
1051 189 437 1015 
1052 934 1255 1330 
1053 534 123 931 
1054 1023 719 1024 
1055 1022 1086 1105 
1056 855 692 1120 
1057 674 690 846 
1058 760 810 811 
1059 508 549 1081 
1060 640 241 1189 
1061 801 1095 1177 
1062 875 759 1049 
1063 512 639 737 
1064 1063 1062 1296 
1065 623 1016 1254 
1066 1041 1235 1311 
1067 172 173 1347 
1068 192 1050 1439 
1069 790 916 1140 
1070 787 643 1080 
1071 704 588 1048 
1072 505 506 507 
1073 455 462 1126 
1074 578 1073 1074 
1075 844 72 1083 
1076 990 840 1152 
1077 782 721 783 
1078 428 1263 1335 
1079 505 501 506 
1080 690 1019 1058 
1081 437 495 496 
1082 1365 244 1421 
1083 457 1159 1273 
1084 690 1058 1486 
1085 43 788 871 
1086 222 240 1189 
1087 88 89 1394 
1088 496 495 497 
1089 1034 748 1438 
1090 993 1365 1421 
1091 897 950 1329 
1092 735 1200 1350 
1093 851 208 1264 
1094 675 1085 1217 
1095 437 432 495 
1096 1235 1219 1283 
1097 1241 1094 1352 
1098 1367 1 1444 
1099 490 636 1183 
1100 760 809 810 
1101 966 718 968 
1102 439 454 455 
1103 864 701 1044 
1104 658 656 751 
1105 638 108 1461 
1106 1111 943 1434 
1107 500 501 505 
1108 862 1233 1322 
1109 752 553 830 
1110 1200 735 1236 
1111 825 1032 1328 
1112 647 665 880 
1113 150 151 933 
1114 1045 746 1050 
1115 212 420 424 
1116 530 145 829 
1117 786 1021 1087 
1118 883 713 1047 
1119 657 656 658 
1120 792 991 1326 
1121 720 721 782 
1122 424 559 1102 
1123 1374 739 1414 
1124 652 497 1064 
1125 702 588 704 
1126 928 704 929 
1127 588 524 1048 
1128 1046 832 1337 
1129 115 116 1038 
1130 496 497 643 
1131 513 530 531 
1132 1190 996 1376 
1133 649 569 650 
1134 665 834 1036 
1135 1018 934 1104 
1136 460 792 1151 
1137 752 830 1071 
1138 746 540 1050 
1139 656 653 1061 
1140 184 185 1469 
1141 790 1140 1225 
1142 826 565 1092 
1143 880 665 1036 
1144 423 814 1210 
1145 904 911 998 
1146 1212 874 1259 
1147 187 188 1187 
1148 787 1080 1087 
1149 745 650 944 
1150 47 48 733 
1151 704 1048 1082 
1152 77 429 587 
1153 1086 487 1105 
1154 944 1332 1374 
1155 988 20 1453 
1156 780 921 1456 
1157 1130 498 1376 
1158 676 806 1154 
1159 146 147 1143 
1160 212 213 420 
1161 1068 440 1334 
1162 811 812 1131 
1163 431 426 1073 
1164 658 751 1175 
1165 498 1190 1376 
1166 717 531 718 
1167 518 539 1105 
1168 657 658 659 
1169 142 674 1161 
1170 689 641 1305 
1171 1324 952 1363 
1172 447 707 711 
1173 806 807 955 
1174 61 552 956 
1175 899 891 905 
1176 700 39 701 
1177 1090 855 1120 
1178 1080 786 1087 
1179 644 497 652 
1180 968 718 1343 
1181 508 506 549 
1182 643 644 1080 
1183 516 475 1100 
1184 154 155 418 
1185 565 567 1092 
1186 438 431 439 
1187 899 905 906 
1188 677 643 787 
1189 654 695 786 
1190 783 918 953 
1191 794 692 855 
1192 786 695 791 
1193 500 434 501 
1194 870 869 947 
1195 871 788 1119 
1196 120 121 1478 
1197 122 534 1012 
1198 439 455 1126 
1199 718 531 1424 
1200 239 1165 1166 
1201 165 166 1431 
1202 513 531 717 
1203 567 649 1092 
1204 574 1033 1149 
1205 1033 784 1149 
1206 567 569 649 
1207 895 892 1184 
1208 641 642 698 
1209 761 875 876 
1210 1021 791 1022 
1211 504 647 1128 
1212 418 861 913 
1213 1269 1139 1416 
1214 468 410 541 
1215 479 478 480 
1216 972 633 1283 
1217 700 701 864 
1218 7 8 1246 
1219 1065 558 1302 
1220 38 39 700 
1221 759 760 1049 
1222 544 493 1069 
1223 154 1001 1315 
1224 786 791 1021 
1225 644 652 653 
1226 1248 797 1273 
1227 1372 912 1493 
1228 507 509 594 
1229 676 734 806 
1230 643 497 644 
1231 534 931 1229 
1232 470 453 471 
1233 518 516 524 
1234 702 704 928 
1235 455 458 462 
1236 1146 225 1407 
1237 418 155 861 
1238 1215 885 1221 
1239 751 656 1061 
1240 759 625 760 
1241 1250 535 1392 
1242 474 476 477 
1243 1332 738 1374 
1244 1062 652 1064 
1245 477 478 479 
1246 602 995 1089 
1247 889 891 892 
1248 477 476 478 
1249 617 1138 1268 
1250 654 655 695 
1251 33 498 1130 
1252 547 536 833 
1253 849 990 1152 
1254 430 426 431 
1255 517 211 866 
1256 496 643 677 
1257 624 759 761 
1258 782 1036 1378 
1259 730 731 926 
1260 644 653 654 
1261 92 88 1394 
1262 717 718 966 
1263 1358 715 1370 
1264 885 1215 1223 
1265 914 862 1211 
1266 1092 825 1111 
1267 696 1043 1140 
1268 121 122 1478 
1269 602 600 995 
1270 689 1305 1433 
1271 129 130 528 
1272 583 581 584 
1273 1012 534 1013 
1274 38 700 1176 
1275 1210 814 1284 
1276 644 654 1080 
1277 634 775 776 
1278 878 976 1167 
1279 1006 428 1262 
1280 655 656 657 
1281 487 475 516 
1282 43 44 691 
1283 150 933 1125 
1284 1083 74 1317 
1285 655 653 656 
1286 563 826 1359 
1287 546 107 1307 
1288 188 1015 1297 
1289 1185 132 1186 
1290 597 1066 1155 
1291 598 620 730 
1292 422 95 448 
1293 800 542 986 
1294 472 471 473 
1295 80 81 1203 
1296 783 953 1079 
1297 832 1046 1237 
1298 474 477 1090 
1299 692 503 1120 
1300 481 480 482 
1301 738 672 739 
1302 649 825 1092 
1303 611 738 1093 
1304 1073 426 1076 
1305 524 516 1099 
1306 1041 1219 1235 
1307 976 732 1250 
1308 1140 1043 1225 
1309 611 672 738 
1310 655 657 1106 
1311 512 737 838 
1312 470 471 472 
1313 538 524 588 
1314 791 695 802 
1315 1044 860 1251 
1316 487 516 518 
1317 590 584 592 
1318 802 1106 1107 
1319 1097 1022 1163 
1320 654 786 1080 
1321 641 560 642 
1322 474 475 476 
1323 569 624 1077 
1324 1055 613 1153 
1325 654 653 655 
1326 496 677 1115 
1327 1323 711 1429 
1328 110 529 994 
1329 479 480 481 
1330 94 95 422 
1331 645 638 790 
1332 422 448 449 
1333 449 448 450 
1334 1228 46 1464 
1335 665 666 834 
1336 550 532 622 
1337 482 480 486 
1338 212 424 1102 
1339 480 478 1097 
1340 1291 1265 1292 
1341 741 740 808 
1342 435 936 937 
1343 622 673 676 
1344 1170 816 1306 
1345 472 473 474 
1346 918 917 1234 
1347 1004 1323 1429 
1348 424 420 425 
1349 695 655 1106 
1350 518 524 538 
1351 240 1166 1189 
1352 1043 594 1225 
1353 853 914 1465 
1354 693 692 794 
1355 760 625 809 
1356 960 1035 1466 
1357 702 928 1101 
1358 556 503 692 
1359 843 72 844 
1360 578 1074 1075 
1361 478 476 1086 
1362 944 650 1005 
1363 998 906 1331 
1364 472 474 1090 
1365 456 454 578 
1366 761 759 875 
1367 170 171 447 
1368 747 1055 1474 
1369 1099 516 1100 
1370 609 611 1093 
1371 474 473 475 
1372 838 737 1016 
1373 164 512 1142 
1374 917 1023 1122 
1375 717 966 967 
1376 437 496 1115 
1377 832 829 836 
1378 447 706 707 
1379 584 581 1450 
1380 570 1427 1482 
1381 634 776 1108 
1382 423 664 814 
1383 501 1072 1404 
1384 425 420 426 
1385 1178 714 1336 
1386 806 955 1141 
1387 802 1107 1293 
1388 589 588 702 
1389 1027 604 1089 
1390 1162 502 1194 
1391 751 1186 1476 
1392 476 475 487 
1393 528 543 585 
1394 485 572 573 
1395 476 487 1086 
1396 915 876 1121 
1397 572 553 752 
1398 1328 1078 1475 
1399 218 208 850 
1400 647 648 665 
1401 156 515 740 
1402 647 880 1128 
1403 670 780 856 
1404 586 544 1069 
1405 995 1203 1284 
1406 657 822 1106 
1407 808 740 1054 
1408 615 613 1055 
1409 122 123 534 
1410 1136 1206 1472 
1411 631 596 1160 
1412 622 676 1145 
1413 902 1148 1340 
1414 425 426 430 
1415 530 829 832 
1416 649 745 825 
1417 760 811 1049 
1418 460 722 792 
1419 1206 1136 1207 
1420 833 536 1126 
1421 478 1086 1097 
1422 961 1353 1491 
1423 1106 822 1107 
1424 93 1094 1124 
1425 1072 942 1418 
1426 764 766 1112 
1427 430 431 438 
1428 1260 1372 1493 
1429 906 907 996 
1430 756 1290 1365 
1431 605 609 616 
1432 922 132 1479 
1433 623 622 1145 
1434 604 602 1089 
1435 740 816 1054 
1436 514 550 637 
1437 422 449 451 
1438 1017 1058 1254 
1439 554 1107 1116 
1440 550 622 623 
1441 469 453 470 
1442 791 802 1163 
1443 694 1035 1267 
1444 690 143 1019 
1445 1160 595 1238 
1446 452 450 453 
1447 504 557 647 
1448 1233 778 1322 
1449 921 922 1479 
1450 609 610 611 
1451 518 538 539 
1452 561 544 586 
1453 730 926 1109 
1454 852 1156 1157 
1455 606 604 1027 
1456 937 936 938 
1457 1237 1101 1467 
1458 486 480 1097 
1459 980 703 1046 
1460 906 905 907 
1461 900 908 912 
1462 1074 1073 1076 
1463 114 1038 1039 
1464 802 695 1106 
1465 1057 863 1127 
1466 812 810 924 
1467 605 606 609 
1468 78 79 1401 
1469 703 702 1101 
1470 650 569 1077 
1471 43 691 788 
1472 438 439 536 
1473 782 783 1079 
1474 538 588 589 
1475 245 244 1365 
1476 708 710 1014 
1477 563 565 826 
1478 1141 1142 1154 
1479 113 114 1224 
1480 905 891 1081 
1481 806 734 807 
1482 556 692 693 
1483 1193 946 1205 
1484 657 659 822 
1485 585 621 686 
1486 589 703 980 
1487 1064 495 1271 
1488 178 688 1114 
1489 469 470 503 
1490 1016 737 1017 
1491 887 22 1260 
1492 447 711 1323 
1493 589 702 703 
1494 804 90 1387 
1495 587 1025 1398 
1496 117 416 935 
1497 10 1037 1480 
1498 559 427 560 
1499 486 1097 1163 
1500 514 532 550 
1501 869 867 886 
1502 1149 784 1303 
1503 528 130 543 
1504 573 575 1300 
1505 629 1226 1249 
1506 971 1114 1408 
1507 622 532 673 
1508 1090 477 1162 
1509 947 869 1483 
1510 409 108 638 
1511 499 31 1267 
1512 82 83 407 
1513 479 481 502 
1514 591 1134 1135 
1515 1159 1178 1336 
1516 1187 188 1297 
1517 592 720 1098 
1518 472 1090 1120 
1519 893 892 895 
1520 861 155 1383 
1521 897 909 950 
1522 846 1053 1147 
1523 1115 677 1337 
1524 503 470 1120 
1525 1343 718 1424 
1526 590 592 651 
1527 1015 836 1297 
1528 730 620 731 
1529 452 453 469 
1530 187 1187 1452 
1531 525 535 598 
1532 1221 1222 1362 
1533 603 602 604 
1534 858 669 860 
1535 707 706 824 
1536 795 794 796 
1537 993 755 1365 
1538 1076 213 1158 
1539 453 450 1272 
1540 676 673 734 
1541 470 472 1120 
1542 616 609 1093 
1543 810 809 1068 
1544 583 590 591 
1545 514 492 532 
1546 574 572 1033 
1547 512 838 1142 
1548 36 37 742 
1549 603 604 605 
1550 20 21 887 
1551 855 1162 1194 
1552 832 836 1337 
1553 647 557 648 
1554 90 91 492 
1555 624 568 625 
1556 1337 677 1411 
1557 816 515 817 
1558 1050 540 1439 
1559 74 900 1317 
1560 693 794 795 
1561 611 612 672 
1562 744 982 984 
1563 449 450 452 
1564 1068 809 1095 
1565 126 1328 1475 
1566 956 552 957 
1567 651 592 1098 
1568 834 666 835 
1569 605 604 606 
1570 103 104 1252 
1571 624 625 759 
1572 63 669 781 
1573 665 648 666 
1574 768 771 772 
1575 554 484 1129 
1576 744 984 1133 
1577 469 503 504 
1578 152 153 421 
1579 504 503 556 
1580 662 658 1175 
1581 567 568 569 
1582 648 557 679 
1583 809 625 1177 
1584 724 461 1316 
1585 852 1157 1195 
1586 468 542 800 
1587 583 584 590 
1588 463 465 978 
1589 561 586 1170 
1590 521 520 525 
1591 1005 650 1077 
1592 796 794 1194 
1593 598 535 620 
1594 1081 549 1174 
1595 686 763 789 
1596 489 484 554 
1597 1135 1134 1137 
1598 598 730 945 
1599 1128 880 1216 
1600 536 439 1126 
1601 630 596 631 
1602 133 921 1479 
1603 697 1221 1362 
1604 55 56 1136 
1605 1150 945 1326 
1606 609 606 610 
1607 671 997 1117 
1608 1222 884 1358 
1609 1019 144 1199 
1610 776 775 983 
1611 477 479 1162 
1612 565 566 567 
1613 569 568 624 
1614 577 678 744 
1615 418 913 1167 
1616 1027 1089 1243 
1617 739 672 837 
1618 878 732 976 
1619 905 1081 1174 
1620 1098 834 1419 
1621 208 209 1264 
1622 1001 1250 1392 
1623 923 772 1277 
1624 455 454 456 
1625 114 115 1038 
1626 642 560 1289 
1627 614 618 735 
1628 645 790 839 
1629 479 502 1162 
1630 888 887 894 
1631 674 143 690 
1632 744 818 982 
1633 920 974 1407 
1634 1012 1013 1110 
1635 821 1099 1169 
1636 558 1065 1346 
1637 693 795 805 
1638 444 100 1321 
1639 1022 791 1163 
1640 858 860 1065 
1641 737 639 1181 
1642 1023 1024 1396 
1643 955 807 1131 
1644 728 764 1408 
1645 525 520 535 
1646 1142 838 1154 
1647 504 556 557 
1648 1229 931 1494 
1649 141 142 799 
1650 517 866 867 
1651 805 795 1067 
1652 573 572 574 
1653 82 407 408 
1654 490 522 636 
1655 855 1090 1162 
1656 1032 1078 1328 
1657 483 482 484 
1658 706 1373 1500 
1659 868 869 870 
1660 1292 1265 1335 
1661 525 598 1150 
1662 1118 815 1132 
1663 918 1241 1352 
1664 591 590 1134 
1665 885 1223 1463 
1666 1157 527 1195 
1667 1072 501 1410 
1668 1070 799 1161 
1669 90 492 514 
1670 863 52 1218 
1671 840 773 1152 
1672 1110 118 1256 
1673 788 881 925 
1674 907 905 1174 
1675 920 203 1060 
1676 741 808 1020 
1677 1099 1100 1169 
1678 53 527 1218 
1679 158 159 1285 
1680 835 666 852 
1681 835 852 946 
1682 601 602 603 
1683 900 901 908 
1684 639 165 1431 
1685 659 662 663 
1686 688 1004 1114 
1687 97 577 1133 
1688 819 999 1000 
1689 97 98 576 
1690 611 610 612 
1691 744 678 818 
1692 807 1025 1026 
1693 20 887 888 
1694 481 482 483 
1695 556 693 1144 
1696 717 967 1199 
1697 596 595 1160 
1698 674 846 1147 
1699 1354 885 1463 
1700 1032 419 1078 
1701 567 566 568 
1702 482 486 1129 
1703 541 540 746 
1704 731 732 877 
1705 122 1012 1478 
1706 128 100 441 
1707 829 145 1187 
1708 986 542 1295 
1709 700 864 865 
1710 1055 747 1287 
1711 1352 94 1420 
1712 601 600 602 
1713 213 214 1425 
1714 485 573 1261 
1715 226 949 1132 
1716 1188 471 1272 
1717 892 899 1184 
1718 731 620 732 
1719 696 1140 1247 
1720 678 668 821 
1721 585 543 621 
1722 753 546 754 
1723 577 668 678 
1724 1118 981 1288 
1725 1034 974 1060 
1726 957 552 1342 
1727 668 576 831 
1728 144 513 1199 
1729 623 1059 1417 
1730 519 421 520 
1731 590 651 1134 
1732 412 415 423 
1733 807 1026 1131 
1734 680 1210 1284 
1735 830 1056 1327 
1736 1059 623 1254 
1737 711 712 728 
1738 949 1040 1132 
1739 131 132 1185 
1740 1260 22 1372 
1741 408 411 412 
1742 423 607 664 
1743 834 835 1419 
1744 756 726 979 
1745 679 557 1144 
1746 447 171 706 
1747 484 482 1129 
1748 175 797 1422 
1749 519 520 521 
1750 965 1029 1030 
1751 580 608 1309 
1752 1167 913 1168 
1753 1046 703 1237 
1754 462 458 1151 
1755 79 80 599 
1756 916 638 1461 
1757 560 427 854 
1758 858 1065 1302 
1759 614 735 1208 
1760 933 151 1314 
1761 211 212 1487 
1762 788 925 1119 
1763 548 547 595 
1764 408 407 411 
1765 713 466 1248 
1766 557 556 1144 
1767 173 174 463 
1768 1143 182 1452 
1769 963 898 964 
1770 1058 1059 1254 
1771 911 903 1091 
1772 794 855 1194 
1773 693 805 1144 
1774 157 158 1123 
1775 728 729 764 
1776 473 471 1188 
1777 148 1042 1143 
1778 877 732 878 
1779 1112 766 1353 
1780 950 951 1084 
1781 964 1148 1427 
1782 537 536 547 
1783 806 1141 1154 
1784 455 456 458 
1785 130 131 1360 
1786 1137 1205 1206 
1787 432 190 1275 
1788 542 774 1295 
1789 1325 876 1368 
1790 521 526 681 
1791 585 686 1180 
1792 434 117 435 
1793 132 133 1479 
1794 58 59 954 
1795 648 679 1156 
1796 1017 737 1181 
1797 82 408 680 
1798 210 211 517 
1799 1175 751 1476 
1800 677 787 1411 
1801 563 564 565 
1802 1359 826 1434 
1803 168 169 872 
1804 686 789 1341 
1805 830 553 1056 
1806 32 33 694 
1807 995 600 1203 
1808 513 717 1199 
1809 97 576 577 
1810 944 1005 1332 
1811 682 526 683 
1812 565 564 566 
1813 888 894 903 
1814 985 1037 1409 
1815 716 713 883 
1816 1104 230 1366 
1817 1435 1168 1443 
1818 621 543 736 
1819 582 581 583 
1820 1016 1017 1254 
1821 634 635 775 
1822 807 734 1025 
1823 606 1027 1153 
1824 723 461 724 
1825 116 500 1489 
1826 1404 1072 1418 
1827 577 744 1133 
1828 1012 1110 1256 
1829 595 547 1239 
1830 888 903 904 
1831 152 421 519 
1832 177 178 971 
1833 112 113 1224 
1834 577 576 668 
1835 950 1084 1440 
1836 805 1057 1319 
1837 189 432 437 
1838 599 80 600 
1839 663 662 670 
1840 124 125 1475 
1841 686 621 763 
1842 566 564 801 
1843 615 1055 1230 
1844 1028 619 1230 
1845 1330 941 1497 
1846 664 667 747 
1847 511 510 889 
1848 666 648 1156 
1849 136 237 1458 
1850 545 544 561 
1851 1205 436 1206 
1852 452 1128 1216 
1853 852 666 1156 
1854 629 630 633 
1855 625 568 1177 
1856 506 501 1404 
1857 509 510 511 
1858 844 1083 1317 
1859 788 691 881 
1860 246 245 1290 
1861 580 579 581 
1862 451 449 1216 
1863 598 945 1150 
1864 844 1317 1372 
1865 411 407 413 
1866 1160 1238 1395 
1867 868 867 869 
1868 521 525 526 
1869 694 33 1130 
1870 1221 884 1222 
1871 699 974 1034 
1872 685 1212 1259 
1873 818 678 1169 
1874 423 415 607 
1875 727 873 874 
1876 119 120 1256 
1877 945 730 1109 
1878 146 1143 1452 
1879 449 452 1216 
1880 483 488 597 
1881 612 610 613 
1882 612 613 614 
1883 424 427 559 
1884 630 631 632 
1885 438 536 537 
1886 683 1150 1326 
1887 672 612 1208 
1888 627 619 1028 
1889 579 1227 1450 
1890 1222 1358 1370 
1891 597 488 784 
1892 900 890 901 
1893 886 867 1278 
1894 979 726 1459 
1895 456 578 1220 
1896 637 1426 1442 
1897 422 451 1420 
1898 74 890 900 
1899 678 821 1169 
1900 593 561 1170 
1901 412 411 414 
1902 711 728 1429 
1903 711 707 712 
1904 720 782 1378 
1905 946 852 1195 
1906 214 215 1425 
1907 160 1011 1334 
1908 545 562 563 
1909 815 1118 1191 
1910 757 1222 1370 
1911 1148 896 1282 
1912 614 613 615 
1913 578 1075 1220 
1914 114 1039 1224 
1915 1035 940 1103 
1916 881 691 882 
1917 65 485 1261 
1918 441 100 443 
1919 600 80 1203 
1920 101 102 1252 
1921 709 466 713 
1922 629 633 1226 
1923 1291 1290 1318 
1924 1036 834 1378 
1925 908 901 910 
1926 599 600 601 
1927 26 229 1213 
1928 542 773 774 
1929 1134 651 1193 
1930 1165 239 1406 
1931 924 810 1068 
1932 875 1049 1388 
1933 537 547 548 
1934 614 615 618 
1935 407 83 1214 
1936 494 493 544 
1937 616 1121 1312 
1938 1414 739 1494 
1939 568 566 1177 
1940 1108 776 1386 
1941 1040 1118 1132 
1942 972 642 1289 
1943 1305 1000 1433 
1944 597 1155 1192 
1945 1198 724 1316 
1946 93 94 1094 
1947 412 414 415 
1948 128 441 442 
1949 664 607 667 
1950 194 195 847 
1951 417 414 579 
1952 1157 1127 1496 
1953 641 698 1305 
1954 1067 830 1327 
1955 594 509 1172 
1956 1140 916 1247 
1957 1069 493 1299 
1958 605 616 1312 
1959 237 136 137 
1960 517 867 868 
1961 55 1136 1472 
1962 610 606 1153 
1963 1216 880 1339 
1964 1372 22 1403 
1965 1137 1134 1193 
1966 889 892 893 
1967 633 1235 1283 
1968 34 989 1190 
1969 748 204 819 
1970 731 877 1266 
1971 725 724 726 
1972 96 1133 1492 
1973 458 459 460 
1974 550 623 1417 
1975 877 1239 1266 
1976 170 447 1323 
1977 471 453 1272 
1978 864 1044 1261 
1979 194 848 1045 
1980 502 481 1192 
1981 840 990 1423 
1982 738 739 1374 
1983 950 909 951 
1984 857 1324 1363 
1985 1055 1153 1474 
1986 683 526 1150 
1987 490 491 522 
1988 817 515 1123 
1989 739 837 1494 
1990 819 204 999 
1991 1091 903 1232 
1992 548 595 596 
1993 1159 1047 1273 
1994 458 460 1151 
1995 98 99 1473 
1996 573 574 575 
1997 983 775 1179 
1998 762 574 1149 
1999 750 1069 1299 
2000 726 724 1459 
2001 24 25 969 
2002 637 1356 1387 
2003 467 800 1270 
2004 548 596 629 
2005 940 1018 1103 
2006 1193 651 1419 
2007 617 1268 1313 
2008 1041 949 1219 
2009 732 620 1250 
2010 958 985 1364 
2011 664 747 1243 
2012 883 1047 1336 
2013 904 903 911 
2014 941 935 1051 
2015 1342 859 1381 
2016 500 696 1489 
2017 894 887 1260 
2018 409 638 645 
2019 703 1101 1237 
2020 1107 822 1116 
2021 816 817 1306 
2022 412 423 1210 
2023 681 526 682 
2024 562 561 593 
2025 1238 595 1239 
2026 563 562 564 
2027 799 142 1161 
2028 906 996 1331 
2029 457 1125 1159 
2030 1158 213 1425 
2031 837 672 1208 
2032 528 585 687 
2033 808 1054 1182 
2034 1408 1114 1429 
2035 430 438 1197 
2036 1371 1108 1386 
2037 1126 462 1242 
2038 1119 4 1246 
2039 1239 833 1266 
2040 1261 573 1300 
2041 566 801 1177 
2042 1380 448 1402 
2043 483 597 1192 
2044 526 525 1150 
2045 494 544 545 
2046 745 944 1281 
2047 612 614 1208 
2048 1065 701 1346 
2049 547 833 1239 
2050 700 865 1176 
2051 75 570 1482 
2052 839 790 1225 
2053 779 1041 1311 
2054 90 514 1387 
2055 927 1370 1437 
2056 66 1245 1428 
2057 190 467 1275 
2058 1135 1137 1207 
2059 1223 770 1379 
2060 434 435 1410 
2061 953 918 1352 
2062 84 85 1240 
2063 190 410 467 
2064 735 618 1236 
2065 701 39 1346 
2066 1013 534 1229 
2067 545 561 562 
2068 1037 10 1409 
2069 616 1093 1244 
2070 1393 916 1461 
2071 673 532 1286 
2072 156 740 741 
2073 984 1380 1402 
2074 1168 1160 1395 
2075 535 520 1392 
2076 734 673 1196 
2077 532 492 1286 
2078 981 778 1233 
2079 674 1147 1161 
2080 781 669 858 
2081 764 765 766 
2082 895 1184 1399 
2083 428 1006 1263 
2084 238 1405 1406 
2085 733 749 992 
2086 187 182 1308 
2087 601 603 820 
2088 1011 160 1499 
2089 989 998 1331 
2090 1230 1055 1287 
2091 1005 1244 1332 
2092 926 731 1266 
2093 931 932 1414 
2094 781 858 859 
2095 728 1408 1429 
2096 571 758 1037 
2097 1148 1282 1340 
2098 483 484 488 
2099 893 895 896 
2100 580 581 582 
2101 1160 1168 1435 
2102 836 1115 1337 
2103 203 748 1060 
2104 1137 1206 1207 
2105 613 610 1153 
2106 777 635 778 
2107 796 1194 1413 
2108 829 1187 1297 
2109 1127 863 1496 
2110 877 1238 1239 
2111 521 681 1357 
2112 458 456 459 
2113 217 218 727 
2114 814 664 1243 
2115 766 767 768 
2116 1370 715 1437 
2117 522 523 634 
2118 1059 967 1426 
2119 442 441 493 
2120 1075 1074 1259 
2121 571 41 758 
2122 1148 902 1427 
2123 34 988 989 
2124 687 986 1294 
2125 77 587 1398 
2126 443 445 750 
2127 849 962 990 
2128 560 854 1289 
2129 727 874 1212 
2130 877 878 1238 
2131 408 412 1210 
2132 599 601 1209 
2133 746 1045 1412 
2134 1343 929 1344 
2135 53 54 527 
2136 868 870 1006 
2137 842 841 1406 
2138 481 483 1192 
2139 888 904 1453 
2140 728 712 729 
2141 779 1040 1041 
2142 488 484 489 
2143 1031 1268 1269 
2144 1300 575 1445 
2145 912 908 1493 
2146 1110 1013 1200 
2147 530 832 1467 
2148 1317 912 1372 
2149 833 1126 1242 
2150 415 414 417 
2151 162 163 1011 
2152 1356 637 1442 
2153 1240 85 1241 
2154 1163 802 1293 
2155 698 1034 1438 
2156 697 1215 1221 
2157 1151 1109 1389 
2158 620 535 1250 
2159 903 894 1232 
2160 867 866 1278 
2161 440 1096 1382 
2162 101 1252 1253 
2163 1079 451 1339 
2164 417 579 580 
2165 1046 1337 1411 
2166 1445 1446 1447 
2167 460 461 722 
2168 775 635 777 
2169 983 1435 1443 
2170 834 1098 1378 
2171 442 493 494 
2172 736 543 1360 
2173 1242 926 1266 
2174 527 1157 1496 
2175 1181 639 1390 
2176 579 414 1227 
2177 1225 594 1351 
2178 4 7 1246 
2179 1084 951 1085 
2180 663 671 1117 
2181 413 407 1214 
2182 1137 1193 1205 
2183 774 842 1295 
2184 575 762 1446 
2185 490 446 491 
2186 517 868 1262 
2187 1102 866 1487 
2188 485 553 572 
2189 773 746 1412 
2190 34 35 988 
2191 684 683 991 
2192 1168 913 1443 
2193 553 50 1056 
2194 463 978 1347 
2195 836 829 1297 
2196 1037 758 1480 
2197 63 781 1258 
2198 900 912 1317 
2199 127 128 1348 
2200 1025 734 1196 
2201 870 947 948 
2202 1379 919 1495 
2203 1385 959 1501 
2204 435 935 936 
2205 30 499 1366 
2206 180 181 1042 
2207 928 929 1343 
2208 1093 738 1332 
2209 1127 679 1319 
2210 194 847 848 
2211 801 564 1276 
2212 634 523 635 
2213 1196 673 1286 
2214 152 519 1314 
2215 1176 865 1447 
2216 898 896 1148 
2217 1155 796 1413 
2218 696 1247 1377 
2219 603 605 1312 
2220 443 100 444 
2221 987 1201 1294 
2222 948 1008 1009 
2223 968 1343 1344 
2224 190 191 410 
2225 629 596 630 
2226 438 537 1197 
2227 874 873 1198 
2228 845 843 1171 
2229 1369 757 1370 
2230 448 95 1402 
2231 637 1417 1426 
2232 425 430 1280 
2233 789 1270 1341 
2234 691 44 1228 
2235 210 517 1262 
2236 60 61 803 
2237 1244 1093 1332 
2238 680 408 1210 
2239 1040 981 1118 
2240 682 684 714 
2241 723 724 725 
2242 548 629 1249 
2243 874 1198 1397 
2244 421 153 1315 
2245 1152 773 1412 
2246 450 448 1380 
2247 514 637 1387 
2248 1085 1191 1288 
2249 191 192 1439 
2250 856 780 1456 
2251 940 938 1018 
2252 663 1117 1375 
2253 446 444 798 
2254 460 459 461 
2255 1219 973 1283 
2256 846 690 1486 
2257 978 465 1204 
2258 1038 116 1489 
2259 1159 1125 1178 
2260 913 861 1386 
2261 707 824 1349 
2262 646 753 862 
2263 966 968 1442 
2264 176 1112 1353 
2265 833 1242 1266 
2266 1166 813 1202 
2267 978 1204 1500 
2268 886 1278 1433 
2269 742 1176 1468 
2270 435 117 935 
2271 531 530 1467 
2272 486 1163 1293 
2273 827 1230 1287 
2274 1129 486 1293 
2275 1234 551 1240 
2276 876 875 1368 
2277 1427 570 1428 
2278 1242 462 1389 
2279 722 723 927 
2280 1111 825 1328 
2281 71 843 845 
2282 1057 1127 1319 
2283 775 777 1179 
2284 938 936 1255 
2285 463 174 464 
2286 1039 1247 1393 
2287 591 1135 1138 
2288 890 75 1482 
2289 822 659 1375 
2290 621 736 1296 
2291 463 464 465 
2292 804 1344 1460 
2293 467 1270 1275 
2294 1165 813 1166 
2295 1098 720 1378 
2296 967 966 1426 
2297 908 1232 1493 
2298 991 927 1437 
2299 953 1352 1420 
2300 1344 929 1345 
2301 698 699 1034 
2302 414 411 1227 
2303 675 1217 1307 
2304 1368 875 1388 
2305 1333 856 1457 
2306 618 615 619 
2307 445 446 490 
2308 798 444 1321 
2309 879 1286 1298 
2310 716 883 884 
2311 424 425 427 
2312 827 1028 1230 
2313 23 24 969 
2314 699 973 974 
2315 1304 798 1465 
2316 1211 491 1304 
2317 411 413 1227 
2318 1052 1200 1236 
2319 865 864 1300 
2320 451 1216 1339 
2321 632 1179 1311 
2322 831 576 1473 
2323 878 1167 1395 
2324 763 621 1296 
2325 1078 124 1475 
2326 682 683 684 
2327 709 713 716 
2328 1030 1029 1313 
2329 1185 736 1360 
2330 914 1211 1304 
2331 667 607 793 
2332 864 1261 1300 
2333 708 709 710 
2334 851 1264 1265 
2335 679 1144 1319 
2336 1039 1038 1377 
2337 1144 805 1319 
2338 101 1253 1321 
2339 583 591 1391 
2340 764 729 765 
2341 985 571 1037 
2342 215 216 1425 
2343 217 727 1212 
2344 687 585 1180 
2345 774 773 840 
2346 1110 1200 1441 
2347 769 767 770 
2348 1246 8 1449 
2349 991 683 1326 
2350 716 884 885 
2351 1200 1013 1350 
2352 848 847 849 
2353 1101 928 1424 
2354 545 563 1359 
2355 894 1260 1493 
2356 820 603 1312 
2357 543 130 1360 
2358 1167 1168 1395 
2359 778 635 1322 
2360 465 708 1204 
2361 957 1342 1381 
2362 465 466 708 
2363 779 778 981 
2364 459 456 1220 
2365 918 1234 1241 
2366 1179 777 1311 
2367 1306 817 1451 
2368 633 630 1235 
2369 206 207 1007 
2370 1253 798 1321 
2371 660 1116 1117 
2372 765 729 919 
2373 409 645 675 
2374 107 108 409 
2375 94 422 1420 
2376 608 617 1310 
2377 996 1190 1331 
2378 129 528 1201 
2379 832 1237 1467 
2380 977 985 1381 
2381 1344 804 1356 
2382 537 548 1249 
2383 860 669 1400 
2384 1136 56 1484 
2385 443 444 445 
2386 631 1160 1435 
2387 410 191 540 
2388 581 579 1450 
2389 1204 824 1500 
2390 879 77 1398 
2391 520 421 1392 
2392 212 1102 1487 
2393 936 935 941 
2394 196 197 961 
2395 774 841 842 
2396 1192 1155 1413 
2397 511 889 1329 
2398 1279 9 1480 
2399 927 1369 1370 
2400 928 1343 1424 
2401 501 434 1410 
2402 926 1242 1389 
2403 509 511 1172 
2404 980 1046 1411 
2405 854 1226 1289 
2406 889 893 1329 
2407 1190 989 1331 
2408 697 1362 1421 
2409 549 506 1404 
2410 1139 1135 1207 
2411 803 61 956 
2412 754 546 1217 
2413 564 562 1276 
2414 1146 973 1219 
2415 637 550 1417 
2416 467 468 800 
2417 131 1185 1360 
2418 776 983 1443 
2419 618 626 1236 
2420 1427 902 1482 
2421 562 593 1276 
2422 618 619 626 
2423 699 642 972 
2424 824 706 1500 
2425 462 1151 1389 
2426 949 1146 1219 
2427 182 187 1452 
2428 443 750 1299 
2429 489 554 660 
2430 768 769 771 
2431 817 1123 1285 
2432 747 667 1287 
2433 839 1225 1351 
2434 23 969 970 
2435 659 663 1375 
2436 984 982 1380 
2437 533 1320 1384 
2438 1070 170 1436 
2439 465 464 466 
2440 1125 933 1462 
2441 170 1323 1436 
2442 882 691 1228 
2443 522 491 523 
2444 582 583 1391 
2445 62 63 1258 
2446 161 162 1499 
2447 1234 1240 1241 
2448 698 642 699 
2449 445 444 446 
2450 930 1053 1390 
2451 727 218 823 
2452 1426 966 1442 
2453 1217 546 1307 
2454 519 521 1357 
2455 651 1098 1419 
2456 893 896 897 
2457 859 858 1302 
2458 173 463 1347 
2459 896 895 1282 
2460 601 820 1209 
2461 413 1214 1396 
2462 1214 1122 1396 
2463 722 461 723 
2464 607 415 1257 
2465 1109 926 1389 
2466 1215 857 1363 
2467 866 211 1487 
2468 1197 537 1249 
2469 1191 1118 1288 
2470 766 765 767 
2471 667 793 827 
2472 924 1068 1334 
2473 1198 1316 1397 
2474 196 962 1455 
2475 768 767 769 
2476 1138 1135 1139 
2477 770 1223 1363 
2478 871 1246 1449 
2479 862 753 1233 
2480 1117 1116 1375 
2481 231 934 1481 
2482 1207 1136 1416 
2483 1222 757 1362 
2484 907 1174 1385 
2485 885 884 1221 
2486 712 707 1349 
2487 1103 1018 1104 
2488 430 1197 1280 
2489 897 896 898 
2490 753 754 1233 
2491 948 1009 1274 
2492 523 1211 1322 
2493 727 823 873 
2494 491 446 1304 
2495 714 684 715 
2496 708 466 709 
2497 725 757 1369 
2498 770 767 1454 
2499 1256 120 1478 
2500 1278 689 1433 
2501 619 615 1230 
2502 635 523 1322 
2503 575 574 762 
2504 934 1330 1481 
2505 881 882 1367 
2506 442 494 705 
2507 1223 1215 1363 
2508 968 1344 1356 
2509 1013 1229 1350 
2510 660 554 1116 
2511 772 771 813 
2512 777 778 779 
2513 883 1336 1430 
2514 541 746 773 
2515 626 627 628 
2516 593 1170 1306 
2517 1085 951 1191 
2518 1471 436 1488 
2519 848 849 1152 
2520 797 1248 1422 
2521 696 1377 1489 
2522 580 582 608 
2523 1320 1010 1384 
2524 769 770 952 
2525 485 50 553 
2526 725 755 757 
2527 827 828 1028 
2528 1091 910 1490 
2529 1361 1014 1495 
2530 523 491 1211 
2531 630 632 1235 
2532 1314 519 1357 
2533 919 729 1361 
2534 1258 781 1342 
2535 502 1192 1413 
2536 1209 820 1325 
2537 1180 686 1341 
2538 459 1220 1316 
2539 1245 964 1428 
2540 1211 862 1322 
2541 40 571 977 
2542 1357 681 1462 
2543 1164 813 1165 
2544 897 898 909 
2545 1310 617 1313 
2546 20 888 1453 
2547 11 234 10 
2548 1116 822 1375 
2549 441 443 1299 
2550 1206 436 1472 
2551 466 464 1248 
2552 901 890 902 
2553 1298 91 1394 
2554 977 571 985 
2555 1184 911 1399 
2556 1194 502 1413 
2557 645 839 1415 
2558 1263 1006 1274 
2559 628 1330 1497 
2560 107 409 1307 
2561 1164 840 1423 
2562 1018 938 1255 
2563 779 981 1040 
2564 1247 1039 1377 
2565 755 726 756 
2566 1122 1023 1396 
2567 798 1253 1465 
2568 841 840 1164 
2569 549 1404 1418 
2570 1218 527 1496 
2571 803 956 1088 
2572 793 1257 1309 
2573 781 859 1342 
2574 421 1315 1392 
2575 813 771 1202 
2576 1220 1075 1397 
2577 963 964 1231 
2578 1017 1181 1486 
2579 868 1006 1262 
2580 493 441 1299 
2581 1171 843 1403 
2582 36 742 743 
2583 911 1091 1399 
2584 827 793 828 
2585 1301 947 1483 
2586 741 1020 1383 
2587 914 1304 1465 
2588 206 1007 1301 
2589 705 1359 1434 
2590 489 660 661 
2591 922 1175 1476 
2592 1186 922 1476 
2593 1248 464 1422 
2594 446 798 1304 
2595 409 675 1307 
2596 716 885 1354 
2597 415 417 1257 
2598 817 1285 1451 
2599 1270 800 1341 
2600 667 827 1287 
2601 1463 1379 1495 
2602 1176 1447 1468 
2603 882 1338 1367 
2604 850 208 851 
2605 1025 1196 1398 
2606 784 488 1303 
2607 772 813 1164 
2608 1344 1345 1460 
2609 626 619 627 
2610 1251 860 1400 
2611 494 545 1359 
2612 909 898 963 
2613 997 660 1117 
2614 1181 846 1486 
2615 79 599 1401 
2616 865 1445 1447 
2617 74 75 890 
2618 594 1172 1351 
2619 919 1379 1454 
2620 733 992 1338 
2621 661 660 997 
2622 461 459 1316 
2623 1282 910 1340 
2624 1178 1125 1462 
2625 1133 984 1492 
2626 128 442 1348 
2627 1174 549 1418 
2628 748 819 1438 
2629 1247 916 1393 
2630 925 881 1444 
2631 1114 1004 1429 
2632 841 1165 1406 
2633 1238 878 1395 
2634 468 541 542 
2635 910 901 1340 
2636 969 25 1213 
2637 1047 1159 1336 
2638 854 427 1280 
2639 910 1282 1490 
2640 843 844 1403 
2641 599 1209 1401 
2642 996 907 1501 
2643 681 1178 1462 
2644 793 607 1257 
2645 628 965 1330 
2646 3 4 1119 
2647 669 64 1400 
2648 956 957 958 
2649 1029 1310 1313 
2650 646 106 753 
2651 936 941 1255 
2652 42 8 1279 
2653 1173 555 1483 
2654 919 1361 1495 
2655 974 973 1146 
2656 663 670 671 
2657 1153 1027 1474 
2658 1253 853 1465 
2659 956 958 1088 
2660 1281 944 1374 
2661 105 106 646 
2662 884 883 1358 
2663 757 755 993 
2664 22 1171 1403 
2665 1231 964 1245 
2666 1364 985 1409 
2667 593 1306 1477 
2668 467 410 468 
2669 1205 946 1488 
2670 882 1228 1464 
2671 224 199 200 
2672 1200 1052 1441 
2673 1338 882 1464 
2674 777 779 1311 
2675 699 972 973 
2676 879 1196 1286 
2677 576 98 1473 
2678 893 897 1329 
2679 464 174 1422 
2680 725 726 755 
2681 772 1164 1423 
2682 758 42 1279 
2683 528 687 1201 
2684 1347 978 1373 
2685 489 661 1303 
2686 29 30 1366 
2687 848 1152 1412 
2688 901 902 1340 
2689 990 962 1277 
2690 1028 828 1029 
2691 8 42 1449 
2692 837 1229 1494 
2693 1014 710 1495 
2694 488 489 1303 
2695 895 1399 1490 
2696 946 1195 1488 
2697 933 1314 1357 
2698 849 847 1455 
2699 436 1205 1488 
2700 1045 848 1412 
2701 675 645 1415 
2702 427 425 1280 
2703 1232 894 1493 
2704 1306 1451 1477 
2705 951 909 1355 
2706 1282 895 1490 
2707 1196 879 1398 
2708 1316 1220 1397 
2709 754 1217 1288 
2710 1198 873 1459 
2711 1356 804 1387 
2712 1209 1325 1432 
2713 729 712 1361 
2714 710 709 1354 
2715 591 1138 1391 
2716 863 1218 1496 
2717 844 1372 1403 
2718 89 1298 1394 
2719 1138 1139 1268 
2720 1195 527 1471 
2721 552 1258 1342 
2722 724 1198 1459 
2723 162 1011 1499 
2724 774 840 841 
2725 1006 870 1274 
2726 933 1357 1462 
2727 828 793 1309 
2728 907 1385 1501 
2729 1285 159 1382 
2730 227 1231 1245 
2731 608 582 617 
2732 947 1301 1498 
2733 1338 992 1367 
2734 1007 207 1008 
2735 628 627 965 
2736 851 1265 1318 
2737 841 1164 1165 
2738 974 1146 1407 
2739 246 1290 1291 
2740 1315 1001 1392 
2741 948 947 1498 
2742 973 972 1283 
2743 540 191 1439 
2744 1020 1371 1383 
2745 710 1463 1495 
2746 694 1130 1466 
2747 913 1386 1443 
2748 1012 1256 1478 
2749 881 1367 1444 
2750 712 1349 1361 
2751 861 1371 1386 
2752 684 991 1437 
2753 927 723 1369 
2754 709 716 1354 
2755 823 218 850 
2756 1379 770 1454 
2757 118 119 1256 
2758 1385 1174 1418 
2759 1445 575 1446 
2760 1386 776 1443 
2761 870 948 1274 
2762 527 54 1471 
2763 930 1390 1431 
2764 865 1300 1445 
2765 1362 993 1421 
2766 965 1030 1481 
2767 1217 1085 1288 
2768 1382 1096 1451 
2769 1376 996 1501 
2770 1390 639 1431 
2771 1191 951 1355 
2772 196 961 962 
2773 1276 593 1477 
2774 952 770 1363 
2775 1285 1382 1451 
2776 705 494 1359 
2777 1290 245 1365 
2778 987 842 1405 
2779 723 725 1369 
2780 139 140 785 
2781 555 1301 1483 
2782 1405 842 1406 
2783 670 856 1333 
2784 1265 1264 1335 
2785 1358 883 1430 
2786 1130 960 1466 
2787 1201 687 1294 
2788 743 742 1468 
2789 617 582 1391 
2790 1446 762 1448 
2791 815 1191 1355 
2792 1399 1091 1490 
2793 757 993 1362 
2794 183 184 1469 
2795 909 963 1355 
2796 941 1051 1497 
2797 968 1356 1442 
2798 1330 965 1481 
2799 1417 1059 1426 
2800 1277 962 1491 
2801 715 684 1437 
2802 765 919 1454 
2803 1051 628 1497 
2804 1377 1038 1489 
2805 1195 1471 1488 
2806 172 1347 1373 
2807 902 890 1482 
2808 1325 429 1432 
2809 714 715 1430 
2810 429 1325 1368 
2811 1309 608 1310 
2812 1336 714 1430 
2813 1416 1136 1484 
2814 1373 978 1500 
2815 715 1358 1430 
2816 1371 861 1383 
2817 442 705 1348 
2818 990 1277 1423 
2819 839 1351 1440 
2820 8 9 1279 
2821 767 765 1454 
2822 1029 828 1310 
2823 1294 986 1295 
2824 1333 1457 1458 
2825 10 234 1409 
2826 710 1354 1463 
2827 828 1309 1310 
2828 1349 1014 1361 
2829 823 850 979 
2830 842 987 1295 
2831 1484 56 1485 
2832 1301 1007 1498 
2833 1269 1484 1485 
2834 1223 1379 1463 
2835 984 1402 1492 
2836 1353 923 1491 
2837 175 149 797 
2838 1415 839 1440 
2839 1139 1207 1416 
2840 962 961 1491 
2841 942 1385 1418 
2842 959 1376 1501 
2843 1401 1209 1432 
2844 931 1414 1494 
2845 40 41 571 
2846 1451 1096 1477 
2847 758 1279 1480 
2848 78 1401 1432 
2849 987 1294 1295 
2850 1277 772 1423 
2851 964 1427 1428 
2852 923 1277 1491 
2853 671 670 1333 
2854 160 161 1499 
2855 230 29 1366 
2856 65 50 485 
2857 1269 1416 1484 
2858 234 1364 1409 
2859 1084 1415 1440 
2860 5 7 4 
2861 9 10 1480 
2862 11 12 234 
2863 221 12 15 
2864 12 221 234 
2865 17 235 221 
2866 35 20 988 
2867 22 23 1171 
2868 28 29 230 
2869 229 28 230 
2870 31 32 1267 
2871 41 42 758 
2872 50 51 1056 
2873 52 53 1218 
2874 436 54 1472 
2875 64 65 1400 
2876 65 1251 1400 
2877 228 66 67 
2878 66 227 1245 
2879 73 74 1083 
2880 85 86 1124 
2881 87 88 93 
2882 88 92 93 
2883 95 96 1402 
2884 106 107 546 
2885 126 127 943 
2886 153 154 1315 
2887 174 175 1422 
2888 181 182 1042 
2889 182 183 1308 
2890 193 194 1045 
2891 195 196 847 
2892 198 223 1470 
2893 224 223 199 
2894 225 920 1407 
2895 234 233 1364 
2896 237 236 1458 
2897 2 3 1 
2898 1 3 925 
2899 19 1 749 
2900 749 1 992 
2901 1 925 1444 
2902 6 7 5 
2903 12 13 14 
2904 221 15 16 
2905 221 16 17 
2906 235 17 18 
2907 235 18 19 
2908 23 845 1171 
2909 28 229 27 
2910 32 694 1267 
2911 33 34 498 
2912 49 36 743 
2913 39 40 558 
2914 39 558 1346 
2915 42 43 1449 
2916 43 871 1449 
2917 44 45 1228 
2918 45 46 1228 
2919 47 733 1338 
2920 47 1338 1464 
2921 48 49 749 
2922 54 55 1472 
2923 54 436 1471 
2924 56 57 1485 
2925 233 57 954 
2926 59 803 1088 
2927 954 59 1088 
2928 61 62 552 
2929 76 66 570 
2930 228 227 66 
2931 68 69 67 
2932 70 71 69 
2933 69 71 845 
2934 220 228 69 
2935 69 845 970 
2936 81 82 680 
2937 83 84 551 
2938 99 90 804 
2939 104 105 853 
2940 108 109 994 
2941 117 118 416 
2942 123 124 419 
2943 140 129 785 
2944 987 129 1201 
2945 133 134 921 
2946 135 136 1457 
2947 238 137 138 
2948 138 139 785 
2949 238 138 785 
2950 149 150 457 
2951 155 156 741 
2952 155 741 1383 
2953 159 160 440 
2954 159 440 1382 
2955 163 164 1384 
2956 164 533 1384 
2957 171 172 1373 
2958 706 171 1373 
2959 178 179 688 
2960 975 180 1042 
2961 188 189 1015 
2962 847 196 1455 
2963 199 223 198 
2964 207 198 1008 
2965 1008 198 1009 
2966 1009 198 1470 
2967 200 201 920 
2968 225 224 200 
2969 201 202 203 
2970 205 206 555 
2971 209 210 428 
2972 216 217 685 
2973 229 220 1213 
2974 227 226 815 
2975 227 815 1231 
2976 231 230 934 
2977 934 230 1104 
2978 233 232 1485 
2979 232 1030 1031 
2980 236 235 743 
2981 236 743 1448 
2982 236 997 1458 
2983 1172 511 1329 
2984 661 762 1149 
2985 762 661 1448 
2986 661 997 1448 
2987 997 671 1458 
2988 671 1333 1458 
2989 1446 743 1447 
2990 743 1446 1448 
2991 1447 743 1468 
2992 771 769 952 
2993 785 987 1405 
2994 974 920 1060 
2995 1088 958 1364 
2996 970 969 1213 
2997 1009 1263 1274 
2998 1263 1009 1292 
2999 1031 1269 1485 
3000 1291 1292 1470 
$EndElements
