# vtk DataFile Version 3.0
Arquivo gerado por PZ
ASCII

DATASET UNSTRUCTURED_GRID
POINTS 16816 float
1 375 0
0 366.667 0
1 391 0
0 366.667 0
0 366.667 0
0 400 0
1 391 0
0 400 0
200 0 0
166.667 0 0
196 1 0
166.667 0 0
1 68 0
0 66.6667 0
1 97 0
0 66.6667 0
466.667 600 0
499 599 0
485.489 590.229 0
499 599 0
192 8 0
167 1 0
177.382 11.164 0
167 1 0
1 572 0
0 600 0
4 599 0
0 600 0
9 93 0
5 103 0
12.8333 106.368 0
5 103 0
600 233.333 0
588.187 210.765 0
586.916 225.65 0
588.187 210.765 0
591 257 0
600 233.333 0
586.916 225.65 0
600 233.333 0
1 572 0
17 587 0
11.7561 567.359 0
17 587 0
1 24 0
0 33.3333 0
20 34 0
0 33.3333 0
318 111 0
315 120 0
322.392 121.556 0
315 120 0
299 511 0
305 515 0
312 505 0
305 515 0
434.828 429.266 0
445 436 0
445.619 427.371 0
445 436 0
14.1566 136.256 0
23.7707 144.516 0
24.2635 129.685 0
23.7707 144.516 0
7 106 0
4 117 0
11.6968 113.568 0
4 117 0
360 317 0
379 314 0
367.636 303.695 0
379 314 0
450 169 0
454 157 0
440.892 167.763 0
454 157 0
174.4 463.858 0
167 475 0
179.844 474.775 0
167 475 0
23.7707 144.516 0
42 138 0
24.2635 129.685 0
42 138 0
515 294 0
521 304 0
527.015 291.831 0
521 304 0
156 227 0
142 213 0
139.878 233.038 0
142 213 0
182 192 0
181.411 178.02 0
170.085 176.998 0
181.411 178.02 0
258 99 0
270 92 0
257.639 89.1019 0
270 92 0
135 50 0
133.533 40.6068 0
125.618 41.4735 0
133.533 40.6068 0
51 193 0
62 200 0
56.8116 187.971 0
62 200 0
14 467 0
1 474 0
16.7323 482.747 0
1 474 0
292.09 534.235 0
284.757 524.266 0
276.992 532.564 0
284.757 524.266 0
491 168 0
503 157 0
492.061 155.974 0
503 157 0
90 49 0
84.4152 61.9849 0
93.5172 61.1648 0
84.4152 61.9849 0
133.67 558.437 0
121.526 559.939 0
128.726 576.451 0
121.526 559.939 0
70 210 0
76.3313 222.075 0
82.0303 213.724 0
76.3313 222.075 0
92 413 0
99.0626 419.329 0
97.5576 412.639 0
99.0626 419.329 0
302 175 0
315 176 0
302.945 162.569 0
315 176 0
272.647 463.035 0
263.01 467.224 0
270.34 469.705 0
263.01 467.224 0
420.16 430.422 0
434.828 429.266 0
426.449 418.498 0
434.828 429.266 0
243.764 486.582 0
232.631 481.76 0
235.666 490.854 0
232.631 481.76 0
150.374 243.812 0
156 227 0
143.761 239.701 0
156 227 0
240 426 0
237.55 416.549 0
231.91 423.132 0
237.55 416.549 0
132 135 0
133 138 0
135.194 133.603 0
133 138 0
92.0916 68.4233 0
89 74 0
97.6758 74.7789 0
89 74 0
312 119 0
318 111 0
310.816 111.816 0
318 111 0
316.863 316.817 0
313.079 308.778 0
311.137 315.048 0
313.079 308.778 0
211 241 0
219 245 0
216.652 231.739 0
219 245 0
420.749 560.661 0
432 556 0
422.611 553.549 0
432 556 0
208 453 0
215.611 453.089 0
210.948 450.168 0
215.611 453.089 0
390 243 0
373 252 0
396.167 256.082 0
373 252 0
222 205 0
209 201 0
213.703 212.402 0
209 201 0
208 453 0
209.791 460.703 0
215.611 453.089 0
209.791 460.703 0
108 422 0
99.0626 419.329 0
102.579 427.287 0
99.0626 419.329 0
283.521 544.079 0
292.09 534.235 0
276.992 532.564 0
292.09 534.235 0
315 356 0
318.465 353.699 0
315.567 352.245 0
318.465 353.699 0
468 5 0
474.604 15.3506 0
478.133 7.72251 0
474.604 15.3506 0
291 346 0
296 351 0
296.84 345.397 0
296 351 0
21.5442 509.548 0
15.8612 498.199 0
11.8368 516.623 0
15.8612 498.199 0
296 332 0
283 334 0
289.268 340.532 0
283 334 0
176 276 0
174.285 266.189 0
165.261 266.531 0
174.285 266.189 0
29.4772 496.06 0
41.6299 485.501 0
30.402 478.912 0
41.6299 485.501 0
437 228 0
424 220 0
423.046 231.388 0
424 220 0
222.5 262.5 0
219 245 0
214.272 255.079 0
219 245 0
441 70 0
443 61 0
436.502 62.9009 0
443 61 0
242 507 0
246 507 0
240.811 502.057 0
246 507 0
90 411 0
93.7153 408.9 0
88.236 407.165 0
93.7153 408.9 0
441 70 0
436 77 0
443.72 83.1734 0
436 77 0
461 476 0
472.454 476.689 0
468.808 469.967 0
472.454 476.689 0
323.192 312.215 0
313.079 308.778 0
316.863 316.817 0
313.079 308.778 0
270 92 0
262 80 0
257.639 89.1019 0
262 80 0
406 402 0
396 393 0
397.336 401.474 0
396 393 0
474 295 0
483.556 295.857 0
477.523 290.711 0
483.556 295.857 0
167 46 0
179 50 0
179.491 35.7805 0
179 50 0
312 154 0
302.444 140.652 0
297.339 150.755 0
302.444 140.652 0
236 196 0
249.917 196.163 0
250.969 185.504 0
249.917 196.163 0
257.663 500.803 0
263.275 511.79 0
266.172 500.031 0
263.275 511.79 0
302 175 0
302 189 0
313.867 187.867 0
302 189 0
134 494 0
118.796 506.879 0
130.271 510.117 0
118.796 506.879 0
348 376 0
365 379 0
354.708 368.501 0
365 379 0
428 277 0
424 294 0
433.884 289.167 0
424 294 0
558 236 0
544 230 0
546 243 0
544 230 0
429.38 60.6201 0
436.502 62.9009 0
437.189 57.6352 0
436.502 62.9009 0
25 19 0
29.1867 26.424 0
34.8544 20.4073 0
29.1867 26.424 0
87 377 0
75 373 0
81.1632 382.232 0
75 373 0
263.275 511.79 0
257.663 500.803 0
254.532 508.731 0
257.663 500.803 0
534.112 571.297 0
523.999 580.188 0
545.082 582.367 0
523.999 580.188 0
338.171 553.696 0
351 556 0
341.691 544.531 0
351 556 0
365 379 0
365 395 0
375.197 389.942 0
365 395 0
45 159 0
31.3205 156.722 0
36.3423 168.877 0
31.3205 156.722 0
545 23 0
549 27 0
550.294 17.2458 0
549 27 0
92.3763 499.422 0
78.2578 490.846 0
76.997 502.27 0
78.2578 490.846 0
333 80 0
348 80 0
348.624 68.8621 0
348 80 0
253 94 0
258 99 0
257.639 89.1019 0
258 99 0
296 332 0
293.63 341.524 0
298.423 339.411 0
293.63 341.524 0
105 527 0
116.562 529.237 0
111.886 523.647 0
116.562 529.237 0
16.7323 482.747 0
0 500 0
15.8612 498.199 0
0 500 0
505.962 578.573 0
510 581 0
509.231 577.741 0
510 581 0
16.7323 482.747 0
29.4772 496.06 0
30.402 478.912 0
29.4772 496.06 0
19 362 0
10 375 0
19.6028 374.537 0
10 375 0
266 148 0
278.34 139.09 0
268.678 138.225 0
278.34 139.09 0
184 305 0
189 317 0
193.491 302.953 0
189 317 0
194 176 0
183.5 161 0
181.411 178.02 0
183.5 161 0
106 232 0
100 229 0
100.611 238.136 0
100 229 0
101.381 119.619 0
104 138 0
112.862 126.227 0
104 138 0
546.747 379.952 0
536.732 378.428 0
545.88 389.938 0
536.732 378.428 0
441 487 0
442 501 0
447.181 495.538 0
442 501 0
574 18 0
566.667 0 0
559.925 12.6509 0
566.667 0 0
562.884 436.232 0
574.405 430.569 0
562.328 426.477 0
574.405 430.569 0
161 466 0
167 475 0
174.4 463.858 0
167 475 0
195 80 0
202 98 0
206.826 82.7444 0
202 98 0
574 38 0
564.456 28 0
563.384 43.157 0
564.456 28 0
173 146 0
187 132 0
173.894 134.395 0
187 132 0
23.7707 144.516 0
14.1566 136.256 0
14.6997 145.046 0
14.1566 136.256 0
184.729 354.737 0
192 366 0
192.496 355.686 0
192 366 0
137.23 385.968 0
147.17 391.565 0
151.4 380.089 0
147.17 391.565 0
203.9 282.761 0
195.303 283.5 0
200.642 289.071 0
195.303 283.5 0
565 138 0
578.808 133.749 0
571.117 123.43 0
578.808 133.749 0
306.351 384.178 0
314 376 0
303.92 375.217 0
314 376 0
568 415 0
569 402 0
558.206 402.696 0
569 402 0
84.4152 61.9849 0
90 49 0
80.0501 53.3384 0
90 49 0
523 207 0
515.33 205.132 0
517.773 209.399 0
515.33 205.132 0
208 287 0
214 293 0
216.797 286.358 0
214 293 0
494 133 0
476 137 0
493.801 141.199 0
476 137 0
110 95 0
111.5 75.5 0
100.076 87.8162 0
111.5 75.5 0
338.746 572.093 0
353 566 0
342.923 561.855 0
353 566 0
566 90 0
577 83 0
566.628 78.5059 0
577 83 0
451 101 0
466 102 0
459.024 93.6403 0
466 102 0
276 252 0
286 261 0
284.393 248.802 0
286 261 0
246 475 0
232.631 481.76 0
243.764 486.582 0
232.631 481.76 0
390.411 382.391 0
377 381 0
383.131 387.665 0
377 381 0
296.84 345.397 0
301.649 349.007 0
302.942 342.57 0
301.649 349.007 0
100 229 0
92.4639 222.221 0
89.4968 228.716 0
92.4639 222.221 0
77.9831 31.4337 0
75.5401 39.8685 0
84.3398 36.6411 0
75.5401 39.8685 0
134.897 143.598 0
142.476 144.454 0
138.211 140.192 0
142.476 144.454 0
260 210 0
268.872 218.827 0
268.349 207.062 0
268.872 218.827 0
73.8723 527.05 0
64 536 0
73.4894 535.255 0
64 536 0
187 441 0
190 451 0
195.505 438.82 0
190 451 0
315.725 333.791 0
311.287 335.985 0
315.669 338.694 0
311.287 335.985 0
278.34 139.09 0
286 149 0
289.644 139.31 0
286 149 0
595 149.5 0
593 128 0
585.241 144.294 0
593 128 0
159 46 0
163 36 0
151.857 41.897 0
163 36 0
192 292 0
188 299 0
194.153 297.39 0
188 299 0
413 417 0
404 429 0
411.939 426.74 0
404 429 0
302.444 140.652 0
295.474 130.142 0
289.644 139.31 0
295.474 130.142 0
472 201 0
486.901 207.373 0
486.056 197.997 0
486.901 207.373 0
316 142 0
330 149 0
326.887 138.545 0
330 149 0
578.808 133.749 0
565 138 0
576.393 148.156 0
565 138 0
562.039 111.444 0
560 96 0
550.223 102.859 0
560 96 0
130.253 527.716 0
116.562 529.237 0
124.948 536.252 0
116.562 529.237 0
183 128 0
187 132 0
194.927 124.617 0
187 132 0
99.0626 419.329 0
93 427 0
102.579 427.287 0
93 427 0
138.289 406.861 0
150 416 0
145.196 401.828 0
150 416 0
302.942 342.57 0
306.778 338.487 0
302.481 335.929 0
306.778 338.487 0
312 505 0
305 515 0
312.975 518.602 0
305 515 0
526.459 516.103 0
512.62 523.698 0
523.428 530.762 0
512.62 523.698 0
399 457 0
390.463 447.371 0
382.101 459.511 0
390.463 447.371 0
574 92 0
577 83 0
566 90 0
577 83 0
302.945 162.569 0
312 154 0
297.339 150.755 0
312 154 0
150 491 0
134 494 0
141.234 510.276 0
134 494 0
58 63 0
70 75 0
72.0698 61.2694 0
70 75 0
500 222 0
506 212 0
496.516 213.109 0
506 212 0
536.732 378.428 0
537 396 0
545.88 389.938 0
537 396 0
135 1 0
147 12 0
151 1 0
147 12 0
284.757 524.266 0
287 510 0
274.968 518.612 0
287 510 0
199.458 356.91 0
196.617 347.215 0
192.496 355.686 0
196.617 347.215 0
190.652 44.0878 0
194.62 31.9596 0
179.491 35.7805 0
194.62 31.9596 0
188.465 331.886 0
177 335 0
187.862 339.724 0
177 335 0
240.729 309.656 0
235.712 318.878 0
245.934 316.251 0
235.712 318.878 0
565 138 0
568 155 0
576.393 148.156 0
568 155 0
600 600 0
599 569 0
582.935 580.336 0
599 569 0
414.319 146.626 0
405.665 156.749 0
414.892 156.767 0
405.665 156.749 0
118.796 506.879 0
110 489 0
106.649 502.042 0
110 489 0
528.206 131.026 0
511 135 0
516.822 145.373 0
511 135 0
221 392 0
215 408 0
224.647 403.753 0
215 408 0
79.9391 278.346 0
70.2794 287.002 0
79.7364 290.068 0
70.2794 287.002 0
184 305 0
178 314 0
189 317 0
178 314 0
578 112 0
562.039 111.444 0
571.117 123.43 0
562.039 111.444 0
515 294 0
508 297 0
510.023 305.779 0
508 297 0
57.1109 281.817 0
61 299 0
70.2794 287.002 0
61 299 0
532 145 0
544 128 0
528.206 131.026 0
544 128 0
180 344 0
173 355 0
184.729 354.737 0
173 355 0
202 98 0
200 117 0
209.27 109.093 0
200 117 0
207.269 265.132 0
188 266 0
198.535 274.907 0
188 266 0
133.333 600 0
166.667 600 0
152.123 581.818 0
166.667 600 0
332 543 0
320 531 0
317.387 546.777 0
320 531 0
485 505 0
489 522 0
497.651 510.801 0
489 522 0
159 509 0
150 491 0
141.234 510.276 0
150 491 0
512 583 0
523.999 580.188 0
513.654 578.347 0
523.999 580.188 0
288.34 230.67 0
275.257 231.811 0
284.456 239.509 0
275.257 231.811 0
500 0 0
487.576 11.9439 0
498.004 13.438 0
487.576 11.9439 0
497 443 0
486 450 0
495.287 453.502 0
486 450 0
584 392 0
579 405 0
591 408 0
579 405 0
328.923 292.441 0
332.337 306.679 0
345.188 301.319 0
332.337 306.679 0
192.952 463.125 0
190 451 0
183.888 458.274 0
190 451 0
417 58.4996 0
411 54 0
404.78 58.2033 0
411 54 0
255.648 385.697 0
252.524 373.464 0
244.432 377.59 0
252.524 373.464 0
194.62 31.9596 0
184.371 25.4299 0
179.491 35.7805 0
184.371 25.4299 0
235 512 0
242 507 0
233.979 505.798 0
242 507 0
494.261 203.909 0
493 190 0
486.056 197.997 0
493 190 0
121 285 0
108 295 0
123.009 294.991 0
108 295 0
318 478 0
314 493 0
323.833 484.356 0
314 493 0
420.16 430.422 0
413 417 0
411.939 426.74 0
413 417 0
488 110 0
474 93 0
470 105 0
474 93 0
287 510 0
273.783 506.056 0
274.968 518.612 0
273.783 506.056 0
491 463 0
495.287 453.502 0
488.067 456.479 0
495.287 453.502 0
197.033 487.069 0
191.67 498.387 0
210.22 495.556 0
191.67 498.387 0
227 235 0
235 218 0
221.3 221.935 0
235 218 0
150 170 0
154 181 0
160.903 168.038 0
154 181 0
564 382 0
553 372 0
554.072 386.643 0
553 372 0
533.333 600 0
523.999 580.188 0
519.583 590.547 0
523.999 580.188 0
443 533 0
454.043 543.018 0
454.258 529.681 0
454.043 543.018 0
250.954 339.632 0
252.797 332.855 0
243.684 332.243 0
252.797 332.855 0
526.459 516.103 0
515.901 509.769 0
512.62 523.698 0
515.901 509.769 0
109 243 0
106 232 0
100.611 238.136 0
106 232 0
280.804 462.461 0
272.647 463.035 0
275.801 470.268 0
272.647 463.035 0
415 35 0
420 20 0
409.728 22.7822 0
420 20 0
147 12 0
135 1 0
135.343 12.8214 0
135 1 0
379 498 0
379 476 0
370.266 485.004 0
379 476 0
288 438 0
284.702 426.12 0
281.487 433.563 0
284.702 426.12 0
559.925 12.6509 0
566.667 0 0
548.605 7.19582 0
566.667 0 0
516 376 0
536.732 378.428 0
527.665 369.271 0
536.732 378.428 0
231.61 416.335 0
224.919 415.645 0
231.91 423.132 0
224.919 415.645 0
248.392 165.11 0
247.995 156.712 0
240.521 158.747 0
247.995 156.712 0
505 203 0
506 212 0
510.274 208.106 0
506 212 0
335 278.5 0
317 283 0
328.923 292.441 0
317 283 0
593 128 0
578.808 133.749 0
585.241 144.294 0
578.808 133.749 0
331.53 316.654 0
345.043 314.228 0
332.337 306.679 0
345.043 314.228 0
491 463 0
501.598 459.072 0
495.287 453.502 0
501.598 459.072 0
129.985 403.082 0
138.289 406.861 0
137.521 396.715 0
138.289 406.861 0
491.624 20.4247 0
496.398 25.921 0
499.761 21.145 0
496.398 25.921 0
225 8 0
225 19 0
232.438 13.5 0
225 19 0
432 556 0
420.749 560.661 0
428.533 566.234 0
420.749 560.661 0
116.562 529.237 0
130.253 527.716 0
122.094 518.879 0
130.253 527.716 0
441.372 381.423 0
436.245 374.056 0
435.654 380.12 0
436.245 374.056 0
208.25 361.268 0
219.607 364.994 0
214.596 356.335 0
219.607 364.994 0
505 159 0
518 157 0
508.506 153.494 0
518 157 0
236.596 333.308 0
235.371 343.701 0
243.101 340.049 0
235.371 343.701 0
523.305 243.086 0
535 243 0
529.184 237.471 0
535 243 0
168 456 0
161 466 0
174.4 463.858 0
161 466 0
344.651 521.782 0
361 518 0
350.408 511.687 0
361 518 0
76.3563 186.271 0
68.4521 176.007 0
66.4417 188.023 0
68.4521 176.007 0
397.038 530.259 0
397.107 517.306 0
390.344 522.974 0
397.107 517.306 0
77.9831 31.4337 0
84.3398 36.6411 0
84.016 26.4363 0
84.3398 36.6411 0
524 482 0
509.689 483.526 0
516.637 490.513 0
509.689 483.526 0
297 523 0
287 510 0
284.757 524.266 0
287 510 0
268.872 218.827 0
257 226 0
275.257 231.811 0
257 226 0
166.667 600 0
183 588 0
167.823 586.33 0
183 588 0
297.495 543.188 0
308.046 537.694 0
300.571 531.363 0
308.046 537.694 0
0 300 0
0 333.333 0
14.5924 318.505 0
0 333.333 0
129.754 269.511 0
125 274 0
135.949 274.654 0
125 274 0
348 329 0
360 317 0
345.043 314.228 0
360 317 0
530 266 0
526 252 0
522.5 260.571 0
526 252 0
152.123 581.818 0
141.774 568.353 0
128.726 576.451 0
141.774 568.353 0
22 21 0
20 34 0
29.1867 26.424 0
20 34 0
264 527 0
270 544 0
276.992 532.564 0
270 544 0
436.502 62.9009 0
429.38 60.6201 0
433.976 66.9042 0
429.38 60.6201 0
560 352 0
547.47 345.323 0
545.608 354.888 0
547.47 345.323 0
70.2794 287.002 0
79.9391 278.346 0
69.2882 276.816 0
79.9391 278.346 0
101 158 0
99 160 0
106.45 158.211 0
99 160 0
514 47 0
501 42 0
500.018 49.5319 0
501 42 0
55.7176 443.459 0
57.032 452.383 0
64.6027 447.128 0
57.032 452.383 0
441.317 561.897 0
432 556 0
428.533 566.234 0
432 556 0
201.832 432.406 0
204.042 437.806 0
211.206 432.505 0
204.042 437.806 0
48 554 0
38 551 0
37 562 0
38 551 0
290.537 119.751 0
277.636 121.967 0
284.566 130.09 0
277.636 121.967 0
454 250 0
439.46 256.722 0
447.238 261.953 0
439.46 256.722 0
66.4417 188.023 0
68.4521 176.007 0
60.024 180.139 0
68.4521 176.007 0
135.343 12.8214 0
129 8 0
130.927 18.9643 0
129 8 0
412 445 0
430 441 0
420.16 430.422 0
430 441 0
370 166 0
378.802 158.446 0
366.56 152.489 0
378.802 158.446 0
96.3738 509.369 0
105.403 511.994 0
106.649 502.042 0
105.403 511.994 0
260 210 0
257 226 0
268.872 218.827 0
257 226 0
323 50 0
337.409 46.5331 0
328.932 40.8597 0
337.409 46.5331 0
94.1249 234.392 0
100 229 0
89.4968 228.716 0
100 229 0
108 328 0
102.731 320.269 0
100.621 331.828 0
102.731 320.269 0
413 417 0
426.449 418.498 0
421.95 407.347 0
426.449 418.498 0
302.444 140.652 0
289.644 139.31 0
297.339 150.755 0
289.644 139.31 0
406 402 0
413 417 0
421.95 407.347 0
413 417 0
252.797 332.855 0
248.853 327.136 0
243.684 332.243 0
248.853 327.136 0
117.68 429.247 0
121.696 440.453 0
125.053 432.448 0
121.696 440.453 0
242.985 367.787 0
229 371 0
244.432 377.59 0
229 371 0
399.003 321.85 0
403.028 316.958 0
391.532 311.78 0
403.028 316.958 0
268 335 0
260 332 0
261.882 339.147 0
260 332 0
105 217 0
108 203 0
100 206 0
108 203 0
243.101 340.049 0
235.371 343.701 0
242.201 350.42 0
235.371 343.701 0
167 32 0
163 36 0
167 46 0
163 36 0
492.522 576.976 0
482 573 0
488.495 582.428 0
482 573 0
599 377 0
597 377 0
599 396 0
597 377 0
574.405 430.569 0
562.884 436.232 0
570.814 440.355 0
562.884 436.232 0
390.463 447.371 0
378.449 446.101 0
382.101 459.511 0
378.449 446.101 0
413 417 0
420.16 430.422 0
426.449 418.498 0
420.16 430.422 0
323 50 0
336 62 0
337.409 46.5331 0
336 62 0
424 220 0
417 227 0
423.046 231.388 0
417 227 0
345.043 314.228 0
331.53 316.654 0
339.044 322.562 0
331.53 316.654 0
496 30 0
503 34 0
501.934 27.3337 0
503 34 0
222.608 128.696 0
224 141 0
230.961 138.069 0
224 141 0
515.976 222.304 0
515.336 230.356 0
523.565 225.607 0
515.336 230.356 0
421 136 0
431 125 0
421.619 128.189 0
431 125 0
100.611 238.136 0
100 229 0
94.1249 234.392 0
100 229 0
242.985 367.787 0
238.908 358.067 0
231.054 361.689 0
238.908 358.067 0
292.09 534.235 0
297.495 543.188 0
300.571 531.363 0
297.495 543.188 0
555.111 415.21 0
558.206 402.696 0
547.087 403.293 0
558.206 402.696 0
62 521 0
64 536 0
73.8723 527.05 0
64 536 0
104 311 0
94.3077 315.769 0
102.731 320.269 0
94.3077 315.769 0
299 511 0
312 505 0
306.078 496.69 0
312 505 0
243.101 340.049 0
242.201 350.42 0
248.719 345.075 0
242.201 350.42 0
332 543 0
317.387 546.777 0
327.638 554.892 0
317.387 546.777 0
141.774 568.353 0
133.67 558.437 0
128.726 576.451 0
133.67 558.437 0
275.257 231.811 0
277.73 242.858 0
284.456 239.509 0
277.73 242.858 0
121.696 440.453 0
117.68 429.247 0
113.534 434.704 0
117.68 429.247 0
455.764 374.072 0
449.055 362.474 0
446.044 374.179 0
449.055 362.474 0
400.808 43.4968 0
404.606 34.4442 0
395.177 37.4621 0
404.606 34.4442 0
445.832 526.734 0
443 533 0
454.258 529.681 0
443 533 0
49.5656 14.6978 0
43.9648 22.2459 0
53.508 26.2444 0
43.9648 22.2459 0
455 72 0
462.39 71.6256 0
461.116 65.3935 0
462.39 71.6256 0
533 114 0
544 128 0
546.816 119.228 0
544 128 0
271 359 0
280.859 358.96 0
278.828 351.577 0
280.859 358.96 0
81.8193 204.052 0
70 210 0
82.0303 213.724 0
70 210 0
328.923 292.441 0
317 283 0
318.054 292.598 0
317 283 0
188 266 0
189 278 0
198.535 274.907 0
189 278 0
38.1055 352.041 0
48 340 0
28.7721 343.619 0
48 340 0
493.801 141.199 0
476 137 0
487.896 148.203 0
476 137 0
333.333 0 0
338 13 0
343 8 0
338 13 0
130 359 0
118 351 0
118.247 359.589 0
118 351 0
521 304 0
528 304 0
529.728 298.52 0
528 304 0
411 563 0
410 575 0
418.417 569.746 0
410 575 0
339.31 330.151 0
348 329 0
339.044 322.562 0
348 329 0
266 273 0
270 286 0
277.207 277.979 0
270 286 0
558 477 0
547 476 0
551 493 0
547 476 0
271 327 0
268 335 0
274.42 332.312 0
268 335 0
454 157 0
450 169 0
466.451 169.008 0
450 169 0
375 424 0
368.293 431.088 0
373.764 436.583 0
368.293 431.088 0
510 9 0
500 0 0
498.004 13.438 0
500 0 0
41 501 0
41.6299 485.501 0
29.4772 496.06 0
41.6299 485.501 0
565 138 0
571.117 123.43 0
559.859 123.384 0
571.117 123.43 0
512.084 211.72 0
512 216 0
515.73 213.03 0
512 216 0
557.251 22.2437 0
549 27 0
556.271 34.5551 0
549 27 0
52 366 0
67 365 0
59.1523 360.285 0
67 365 0
428 249 0
431.398 259.678 0
439.46 256.722 0
431.398 259.678 0
324 129 0
316 142 0
326.887 138.545 0
316 142 0
286 261 0
292 252 0
284.393 248.802 0
292 252 0
386 322 0
399.003 321.85 0
391.532 311.78 0
399.003 321.85 0
313.079 308.778 0
302 306 0
306.933 312.131 0
302 306 0
109 164 0
112.932 153.798 0
106.45 158.211 0
112.932 153.798 0
526 214 0
523 207 0
520.362 212.525 0
523 207 0
31 310 0
24.0484 293.772 0
14.5924 318.505 0
24.0484 293.772 0
436 87 0
429.581 96.606 0
440.713 94.7308 0
429.581 96.606 0
361 518 0
364.858 501.767 0
356.443 506.698 0
364.858 501.767 0
90.6593 209.151 0
82.0303 213.724 0
89.3459 216.22 0
82.0303 213.724 0
252.791 143.133 0
252.199 151.819 0
260.533 152.42 0
252.199 151.819 0
84.8786 508.976 0
92.3763 499.422 0
76.997 502.27 0
92.3763 499.422 0
306 129 0
295.474 130.142 0
302.444 140.652 0
295.474 130.142 0
133 138 0
129 144 0
134.897 143.598 0
129 144 0
129.813 424.956 0
141 431 0
136.097 417.737 0
141 431 0
116.562 529.237 0
116 541 0
124.948 536.252 0
116 541 0
421.95 407.347 0
426.449 418.498 0
431.862 411.076 0
426.449 418.498 0
579 405 0
568 415 0
583 418 0
568 415 0
102.425 579.159 0
90.7068 578.453 0
89.6365 589.852 0
90.7068 578.453 0
179.844 474.775 0
193.094 474.857 0
184.325 466.482 0
193.094 474.857 0
430.721 346.924 0
441 351 0
438.234 342.147 0
441 351 0
297.728 379.769 0
306.351 384.178 0
303.92 375.217 0
306.351 384.178 0
141 431 0
150 416 0
136.097 417.737 0
150 416 0
0 533.333 0
13.116 531.956 0
11.8368 516.623 0
13.116 531.956 0
158 275 0
176 276 0
165.261 266.531 0
176 276 0
219 245 0
227 235 0
216.652 231.739 0
227 235 0
573 50 0
563.384 43.157 0
567.109 57.3662 0
563.384 43.157 0
441.681 409.286 0
455 413 0
448.307 403.383 0
455 413 0
468.245 65.6453 0
473.926 59.1282 0
465.041 59.0713 0
473.926 59.1282 0
177 254 0
168 248 0
170.937 258.712 0
168 248 0
477.482 49.4609 0
486 40 0
477.954 37.4063 0
486 40 0
101 148 0
101 158 0
106.618 152.739 0
101 158 0
64.3387 243.631 0
53 241 0
60.6742 250.411 0
53 241 0
134 151 0
129 144 0
122.75 147.75 0
129 144 0
484.116 187.701 0
472 201 0
486.056 197.997 0
472 201 0
83 117 0
101.381 119.619 0
92.2249 109.477 0
101.381 119.619 0
62.193 562.331 0
68.3715 552.9 0
58.6192 555.101 0
68.3715 552.9 0
315 176 0
302 175 0
313.867 187.867 0
302 175 0
108 203 0
115 198 0
106.376 192.379 0
115 198 0
92 339 0
94.6433 325.274 0
84.8556 330.282 0
94.6433 325.274 0
572.78 448.972 0
562 443 0
565.319 455.323 0
562 443 0
289 346 0
291 346 0
289.268 340.532 0
291 346 0
253 494 0
253 483 0
243.764 486.582 0
253 483 0
233.333 0 0
225 8 0
232.438 13.5 0
225 8 0
235.712 318.878 0
243.317 323.531 0
245.934 316.251 0
243.317 323.531 0
156 227 0
139.878 233.038 0
143.761 239.701 0
139.878 233.038 0
246 475 0
253 483 0
258 477 0
253 483 0
195.303 283.5 0
189 289 0
195.168 289.168 0
189 289 0
14 467 0
16.7323 482.747 0
26.3426 466.717 0
16.7323 482.747 0
262 307 0
269.842 302.686 0
261.695 299.982 0
269.842 302.686 0
383.62 401.625 0
378 410 0
389.913 405.295 0
378 410 0
403.028 316.958 0
412.016 320.695 0
409.275 313.016 0
412.016 320.695 0
499.479 488.046 0
487.869 484.215 0
490.525 493.676 0
487.869 484.215 0
284 469 0
280.804 462.461 0
275.801 470.268 0
280.804 462.461 0
486 40 0
491 29 0
483.505 32.1263 0
491 29 0
106 182 0
95.9625 189.585 0
106.376 192.379 0
95.9625 189.585 0
229 371 0
242.985 367.787 0
231.054 361.689 0
242.985 367.787 0
523.999 580.188 0
533.333 600 0
545.082 582.367 0
533.333 600 0
481 285 0
473 278 0
472.194 284.527 0
473 278 0
471 525 0
462.254 525.961 0
463.926 534.277 0
462.254 525.961 0
88 397 0
88.236 407.165 0
92.6946 402.833 0
88.236 407.165 0
563.384 43.157 0
556.866 53.2918 0
567.109 57.3662 0
556.866 53.2918 0
397.107 517.306 0
400 508 0
394.794 511.748 0
400 508 0
585 38 0
600 33.3333 0
587 26 0
600 33.3333 0
249.917 196.163 0
253 204 0
260.05 200.553 0
253 204 0
54 422 0
47 430 0
54.7121 435 0
47 430 0
100 600 0
133.333 600 0
116.138 586.491 0
133.333 600 0
226 280 0
216.797 286.358 0
228.293 291.918 0
216.797 286.358 0
594 283 0
600 266.667 0
591.2 269.733 0
600 266.667 0
219.775 485.395 0
208.035 479.785 0
210.22 495.556 0
208.035 479.785 0
535 225 0
526.399 219.021 0
523.565 225.607 0
526.399 219.021 0
72.0698 61.2694 0
70 75 0
76.9733 68.8932 0
70 75 0
275.257 231.811 0
288.34 230.67 0
279.006 222.904 0
288.34 230.67 0
211.206 432.505 0
219.09 429.395 0
217.1 422.711 0
219.09 429.395 0
367 406 0
378 410 0
375.28 399.763 0
378 410 0
361 518 0
374 510 0
364.858 501.767 0
374 510 0
563.384 43.157 0
564.456 28 0
556.271 34.5551 0
564.456 28 0
43.9648 22.2459 0
45.9068 30.2306 0
53.508 26.2444 0
45.9068 30.2306 0
362.993 435.882 0
354 432 0
360.999 440.776 0
354 432 0
102.731 320.269 0
94.6433 325.274 0
100.621 331.828 0
94.6433 325.274 0
177 335 0
180 344 0
187.862 339.724 0
180 344 0
396.167 256.082 0
373 252 0
385.974 268.489 0
373 252 0
527.015 291.831 0
521 304 0
529.728 298.52 0
521 304 0
510 225 0
505 232 0
515.336 230.356 0
505 232 0
222.608 128.696 0
230.961 138.069 0
233.099 130.686 0
230.961 138.069 0
493.911 569.615 0
502.709 569.926 0
501.553 561.054 0
502.709 569.926 0
167 46 0
163 36 0
159 46 0
163 36 0
553.452 467.545 0
558 477 0
560.954 464.374 0
558 477 0
73.0576 513.976 0
73.8723 527.05 0
81.0105 517.946 0
73.8723 527.05 0
396 388 0
409 385 0
399.282 380.154 0
409 385 0
296 351 0
301.649 349.007 0
296.84 345.397 0
301.649 349.007 0
236.596 333.308 0
229 337 0
235.371 343.701 0
229 337 0
129.541 242.479 0
130 234 0
123.379 237.127 0
130 234 0
552 360 0
560 352 0
545.608 354.888 0
560 352 0
194.153 297.39 0
193.491 302.953 0
198.686 297.435 0
193.491 302.953 0
298.423 339.411 0
302.942 342.57 0
302.481 335.929 0
302.942 342.57 0
320.04 336.707 0
315.725 333.791 0
315.669 338.694 0
315.725 333.791 0
336 62 0
333 80 0
348.624 68.8621 0
333 80 0
418 342 0
417.769 354.121 0
423.511 348.59 0
417.769 354.121 0
21.5442 509.548 0
34 508 0
29.4772 496.06 0
34 508 0
441 520 0
440 530 0
445.832 526.734 0
440 530 0
348 329 0
345.043 314.228 0
339.044 322.562 0
345.043 314.228 0
215.611 453.089 0
217.348 445.183 0
213.572 448.146 0
217.348 445.183 0
408.107 305.225 0
409.275 313.016 0
416.094 310.374 0
409.275 313.016 0
476 533 0
471 525 0
463.926 534.277 0
471 525 0
403.028 316.958 0
409.275 313.016 0
399.473 308.493 0
409.275 313.016 0
225 454 0
223.209 441.59 0
217.348 445.183 0
223.209 441.59 0
584 195 0
600 200 0
590.76 183.13 0
600 200 0
26.3426 466.717 0
16.7323 482.747 0
30.402 478.912 0
16.7323 482.747 0
87 19 0
82 19 0
84.016 26.4363 0
82 19 0
472.185 42.6143 0
477.482 49.4609 0
477.954 37.4063 0
477.482 49.4609 0
306 35 0
312 45 0
316.594 34.854 0
312 45 0
323.621 344.107 0
319.947 341.599 0
319.676 345.828 0
319.947 341.599 0
455 413 0
441.681 409.286 0
446.722 418.769 0
441.681 409.286 0
584 392 0
591 408 0
599 396 0
591 408 0
498 74 0
508.147 76.9237 0
503.646 67.2325 0
508.147 76.9237 0
510.091 236.484 0
505 232 0
500.903 236.172 0
505 232 0
167 32 0
167 46 0
179.491 35.7805 0
167 46 0
88 441 0
90 436 0
80.2025 437.564 0
90 436 0
578.808 133.749 0
583 122 0
571.117 123.43 0
583 122 0
300.965 122.21 0
303.647 112.753 0
290.537 119.751 0
303.647 112.753 0
108 295 0
107 307 0
115.294 301.65 0
107 307 0
331.787 325.062 0
331.407 332.93 0
339.31 330.151 0
331.407 332.93 0
26.9536 353.511 0
38.1055 352.041 0
28.7721 343.619 0
38.1055 352.041 0
517.013 73.4203 0
508.147 76.9237 0
515.888 80.7194 0
508.147 76.9237 0
142 195 0
135 179 0
127.769 190.865 0
135 179 0
95.9625 189.585 0
106 182 0
95.3292 179.405 0
106 182 0
498 297 0
494 299 0
502.074 303.288 0
494 299 0
138.289 406.861 0
130.498 410.628 0
136.097 417.737 0
130.498 410.628 0
490 531 0
500 541 0
501.342 529.869 0
500 541 0
508.147 76.9237 0
517.013 73.4203 0
510.85 71.6577 0
517.013 73.4203 0
92.3763 499.422 0
110 489 0
88.3361 487.86 0
110 489 0
25 430 0
20 437 0
27.037 437.802 0
20 437 0
352 192 0
355 206 0
359.748 196.148 0
355 206 0
349 17 0
338 13 0
340.667 22.5975 0
338 13 0
130.498 410.628 0
138.289 406.861 0
129.985 403.082 0
138.289 406.861 0
284.566 130.09 0
278.34 139.09 0
289.644 139.31 0
278.34 139.09 0
62 573 0
75 575 0
69.5529 567.405 0
75 575 0
133 138 0
138.859 135.614 0
135.194 133.603 0
138.859 135.614 0
504 580 0
505.962 578.573 0
502.516 576.135 0
505.962 578.573 0
57.1109 281.817 0
70.2794 287.002 0
69.2882 276.816 0
70.2794 287.002 0
550.294 17.2458 0
549 27 0
557.251 22.2437 0
549 27 0
600 33.3333 0
585 38 0
590.7 47.6205 0
585 38 0
114.533 250.542 0
109 243 0
101.514 248.864 0
109 243 0
253.385 296.567 0
262.609 291.865 0
253.254 288.402 0
262.609 291.865 0
357.342 60.7065 0
362.272 49.4134 0
353.869 51.1508 0
362.272 49.4134 0
268 160 0
266 148 0
260.533 152.42 0
266 148 0
3 150 0
9 156 0
10.4987 149.436 0
9 156 0
243.684 332.243 0
243.317 323.531 0
238.062 326.792 0
243.317 323.531 0
493.911 569.615 0
482 573 0
492.522 576.976 0
482 573 0
428 389 0
424 395 0
433.45 392.739 0
424 395 0
490 560 0
482 573 0
493.911 569.615 0
482 573 0
472 201 0
484.116 187.701 0
474.201 183.239 0
484.116 187.701 0
114.533 250.542 0
101.514 248.864 0
105.807 259.153 0
101.514 248.864 0
242 91 0
234 81 0
225.216 90.0276 0
234 81 0
178 509 0
204 513 0
191.67 498.387 0
204 513 0
280.859 358.96 0
271 359 0
280.235 366.382 0
271 359 0
562 443 0
572.78 448.972 0
570.814 440.355 0
572.78 448.972 0
283.521 544.079 0
290.778 552.634 0
297.495 543.188 0
290.778 552.634 0
416 304 0
408.107 305.225 0
416.094 310.374 0
408.107 305.225 0
297 523 0
284.757 524.266 0
292.09 534.235 0
284.757 524.266 0
521 195 0
514 193 0
515 197 0
514 193 0
486 40 0
477.482 49.4609 0
485.001 51.2438 0
477.482 49.4609 0
414 583 0
425.093 576.032 0
416.878 575.944 0
425.093 576.032 0
476 137 0
479 157 0
487.896 148.203 0
479 157 0
71.6515 452.785 0
71.8611 442.287 0
64.6027 447.128 0
71.8611 442.287 0
219.09 429.395 0
224.836 426.048 0
217.1 422.711 0
224.836 426.048 0
493.809 587.976 0
501 584 0
495.025 582.475 0
501 584 0
414.841 373.749 0
424 380 0
422.686 371.151 0
424 380 0
271.77 351.778 0
271 359 0
278.828 351.577 0
271 359 0
459.012 84.319 0
459.024 93.6403 0
467.485 84.2928 0
459.024 93.6403 0
320.072 575.672 0
313.401 582.122 0
327.317 585.589 0
313.401 582.122 0
416 97 0
425 86 0
411.068 81.468 0
425 86 0
73.7581 197.586 0
70 210 0
81.8193 204.052 0
70 210 0
21.1203 223.147 0
19.3849 243.598 0
30.9575 231.378 0
19.3849 243.598 0
497 443 0
495.287 453.502 0
507.611 452.399 0
495.287 453.502 0
126.537 546.22 0
135.388 537.088 0
124.948 536.252 0
135.388 537.088 0
284 271 0
293 275 0
291.071 267.214 0
293 275 0
535.479 16.3204 0
545 23 0
542.654 13.0437 0
545 23 0
54 422 0
54.7121 435 0
61.9925 429.275 0
54.7121 435 0
104 311 0
102.731 320.269 0
109.179 312.504 0
102.731 320.269 0
242 390 0
237 404 0
245.16 400.515 0
237 404 0
89 76 0
91 78 0
89 74 0
91 78 0
441.681 409.286 0
438.057 418.979 0
446.722 418.769 0
438.057 418.979 0
351 556 0
338.171 553.696 0
342.923 561.855 0
338.171 553.696 0
6 355 0
19 362 0
16.7861 349.042 0
19 362 0
0 300 0
24.0484 293.772 0
21.139 271.439 0
24.0484 293.772 0
270 92 0
258 99 0
267.985 102.331 0
258 99 0
312 154 0
316 142 0
302.444 140.652 0
316 142 0
409.275 313.016 0
408.107 305.225 0
399.473 308.493 0
408.107 305.225 0
88 384 0
88 397 0
94.1715 397.174 0
88 397 0
60.3972 18.2188 0
49.5656 14.6978 0
53.508 26.2444 0
49.5656 14.6978 0
381 437 0
375 424 0
373.764 436.583 0
375 424 0
404 195 0
410 196 0
407.245 188.924 0
410 196 0
503.646 67.2325 0
508.147 76.9237 0
510.85 71.6577 0
508.147 76.9237 0
315.83 343.465 0
315.669 338.694 0
311.259 340.633 0
315.669 338.694 0
224.919 415.645 0
224.836 426.048 0
231.91 423.132 0
224.836 426.048 0
481 285 0
472.194 284.527 0
477.523 290.711 0
472.194 284.527 0
353 335 0
344.169 337.276 0
345.713 346.073 0
344.169 337.276 0
429.38 60.6201 0
437.189 57.6352 0
431.637 54.7035 0
437.189 57.6352 0
452.119 48.0308 0
437 48 0
443.5 55.6359 0
437 48 0
43 294 0
61 299 0
57.1109 281.817 0
61 299 0
113 441 0
120 449 0
121.696 440.453 0
120 449 0
182 297 0
184 305 0
188 299 0
184 305 0
206 289 0
203.9 282.761 0
200.642 289.071 0
203.9 282.761 0
315.669 338.694 0
311.287 335.985 0
311.259 340.633 0
311.287 335.985 0
112 319 0
127 317 0
114.179 311.345 0
127 317 0
266 251 0
276 252 0
268.582 241.501 0
276 252 0
430 441 0
434.828 429.266 0
420.16 430.422 0
434.828 429.266 0
86.6564 265.521 0
98.5482 268.706 0
96.514 258.235 0
98.5482 268.706 0
206.826 82.7444 0
210 76 0
201.325 72.665 0
210 76 0
242 390 0
255.648 385.697 0
244.432 377.59 0
255.648 385.697 0
491.624 20.4247 0
491.701 25.7534 0
496.398 25.921 0
491.701 25.7534 0
455 72 0
458 76 0
462.39 71.6256 0
458 76 0
332.337 306.679 0
328.923 292.441 0
321.348 301.549 0
328.923 292.441 0
122.094 518.879 0
130.253 527.716 0
133.371 518.998 0
130.253 527.716 0
370.842 47.9601 0
371.643 57.7878 0
382.435 50.7906 0
371.643 57.7878 0
547.087 403.293 0
537 406 0
544.016 417.614 0
537 406 0
53 409 0
62 402 0
48 398 0
62 402 0
112 405 0
113.881 401.825 0
107.007 402.81 0
113.881 401.825 0
483.454 18.4015 0
474.604 15.3506 0
478.967 24.0871 0
474.604 15.3506 0
568 415 0
558.206 402.696 0
555.111 415.21 0
558.206 402.696 0
288 438 0
297 427 0
284.702 426.12 0
297 427 0
196.617 347.215 0
195 334 0
187.862 339.724 0
195 334 0
365 448 0
366 442 0
360.999 440.776 0
366 442 0
204 513 0
222.755 503.572 0
210.22 495.556 0
222.755 503.572 0
510.274 208.106 0
515.33 205.132 0
510.921 201.648 0
515.33 205.132 0
246 507 0
253 518 0
254.532 508.731 0
253 518 0
25 19 0
22 21 0
29.1867 26.424 0
22 21 0
392 28 0
386 42 0
395.177 37.4621 0
386 42 0
267.207 119.472 0
260 117 0
260.834 126.295 0
260 117 0
443 466 0
444 473 0
451.558 467.106 0
444 473 0
305 515 0
297 523 0
307.283 525.971 0
297 523 0
90 436 0
79 429 0
80.2025 437.564 0
79 429 0
332 525 0
339 534 0
344.651 521.782 0
339 534 0
455 483 0
449 480 0
449.234 489.319 0
449 480 0
94 28 0
87 19 0
84.016 26.4363 0
87 19 0
465.041 59.0713 0
454.77 61.4389 0
461.116 65.3935 0
454.77 61.4389 0
523.565 225.607 0
515.336 230.356 0
522.904 234.139 0
515.336 230.356 0
208.25 361.268 0
211 373 0
219.607 364.994 0
211 373 0
262.609 291.865 0
261.82 283.48 0
253.254 288.402 0
261.82 283.48 0
469.609 437.506 0
469 428 0
463.533 434.152 0
469 428 0
456.281 583.044 0
466.667 600 0
468.214 580.781 0
466.667 600 0
267 487 0
261 493 0
270.326 494.348 0
261 493 0
412.016 320.695 0
403.028 316.958 0
407.409 323.701 0
403.028 316.958 0
332.337 306.679 0
345.043 314.228 0
345.188 301.319 0
345.043 314.228 0
283.521 544.079 0
297.495 543.188 0
292.09 534.235 0
297.495 543.188 0
141.774 568.353 0
156 563 0
146.174 554.247 0
156 563 0
546.816 119.228 0
549 128 0
559.859 123.384 0
549 128 0
405.665 156.749 0
404 144 0
391.622 155.154 0
404 144 0
351 556 0
351 543 0
341.691 544.531 0
351 543 0
573 462 0
583 453 0
572.78 448.972 0
583 453 0
429 161 0
419.955 171.306 0
431.271 174.645 0
419.955 171.306 0
563 217 0
567 227 0
574.94 220.944 0
567 227 0
303 321 0
306.931 317.368 0
300.94 314.108 0
306.931 317.368 0
53 98 0
46 107 0
53.7886 105.836 0
46 107 0
194.62 31.9596 0
202 23 0
191.29 20.9551 0
202 23 0
32.1848 443.012 0
31 432 0
27.037 437.802 0
31 432 0
378.802 158.446 0
374 144 0
366.56 152.489 0
374 144 0
514 193 0
521 195 0
518.847 190.625 0
521 195 0
284 271 0
288 280 0
293 275 0
288 280 0
535.775 301.434 0
546.243 296.707 0
536.331 292.945 0
546.243 296.707 0
221 392 0
229 383 0
221.921 376.799 0
229 383 0
314 493 0
318 478 0
306.686 485.448 0
318 478 0
546 243 0
544 230 0
536.438 234.733 0
544 230 0
302 306 0
295 309 0
300.94 314.108 0
295 309 0
487.869 484.215 0
480 480 0
475.802 483.479 0
480 480 0
18.2148 560.812 0
12 554 0
11.7561 567.359 0
12 554 0
454.043 543.018 0
463.926 534.277 0
454.258 529.681 0
463.926 534.277 0
253 483 0
246 475 0
243.764 486.582 0
246 475 0
81 300 0
88 307 0
88.3516 293.767 0
88 307 0
247.424 499.555 0
253 494 0
242.443 494.536 0
253 494 0
92.3763 499.422 0
96.3738 509.369 0
106.649 502.042 0
96.3738 509.369 0
242 285 0
228.293 291.918 0
237.459 296.507 0
228.293 291.918 0
120 131 0
123.409 125.293 0
112.862 126.227 0
123.409 125.293 0
354 432 0
362.993 435.882 0
360.551 430.664 0
362.993 435.882 0
84.3398 36.6411 0
75.5401 39.8685 0
80.8883 45.4577 0
75.5401 39.8685 0
532 145 0
528.206 131.026 0
516.822 145.373 0
528.206 131.026 0
196.617 347.215 0
199.458 356.91 0
206.199 352.268 0
199.458 356.91 0
71.6515 452.785 0
79 446 0
71.8611 442.287 0
79 446 0
506.776 574.353 0
505.962 578.573 0
509.231 577.741 0
505.962 578.573 0
523.999 580.188 0
523.112 568.722 0
515.984 573.066 0
523.112 568.722 0
135 50 0
145 52 0
141.59 45.2658 0
145 52 0
138.989 129.31 0
133.123 130.089 0
135.194 133.603 0
133.123 130.089 0
253 94 0
257.639 89.1019 0
248.128 87.4204 0
257.639 89.1019 0
490 531 0
489 522 0
486 530 0
489 522 0
73.0576 513.976 0
84.8786 508.976 0
76.997 502.27 0
84.8786 508.976 0
463.926 534.277 0
462.254 525.961 0
454.258 529.681 0
462.254 525.961 0
79.9391 278.346 0
79.7364 290.068 0
87.5206 285.288 0
79.7364 290.068 0
308.046 537.694 0
320 531 0
307.283 525.971 0
320 531 0
324.061 339.396 0
320.04 336.707 0
319.947 341.599 0
320.04 336.707 0
48.7431 453.934 0
57.032 452.383 0
48.6445 447.081 0
57.032 452.383 0
339.31 330.151 0
331.407 332.93 0
337.556 336.369 0
331.407 332.93 0
501 42 0
514 47 0
509.742 37.3961 0
514 47 0
578.808 133.749 0
576.393 148.156 0
585.241 144.294 0
576.393 148.156 0
376 40 0
364 41 0
370.842 47.9601 0
364 41 0
104 410 0
112 405 0
107.007 402.81 0
112 405 0
274 482 0
267 487 0
270.326 494.348 0
267 487 0
488 110 0
470 105 0
482 121.25 0
470 105 0
463.234 78.0157 0
467.485 84.2928 0
467.871 73.1159 0
467.485 84.2928 0
413.987 241.99 0
425 243 0
419.384 237.29 0
425 243 0
135.388 537.088 0
126.537 546.22 0
137.954 546.998 0
126.537 546.22 0
276 454 0
272.647 463.035 0
280.804 462.461 0
272.647 463.035 0
449 480 0
441 487 0
449.234 489.319 0
441 487 0
535 452.556 0
541 450 0
534.776 444.403 0
541 450 0
118 389 0
110 398 0
118.115 397.047 0
110 398 0
413 417 0
406 402 0
397 414 0
406 402 0
194.62 31.9596 0
191.29 20.9551 0
184.371 25.4299 0
191.29 20.9551 0
525 494 0
524 482 0
516.637 490.513 0
524 482 0
236 196 0
232 202 0
245 203 0
232 202 0
356.568 293.277 0
353 274 0
343.736 287.907 0
353 274 0
454.77 61.4389 0
455 72 0
461.116 65.3935 0
455 72 0
528 348 0
527.002 360.963 0
537.147 352.927 0
527.002 360.963 0
265 172 0
259.622 181.747 0
266.616 187.139 0
259.622 181.747 0
111.5 75.5 0
113 56 0
102.387 64.9338 0
113 56 0
213.703 212.402 0
205 224 0
221.3 221.935 0
205 224 0
439 302 0
424 294 0
426.075 303.89 0
424 294 0
257.663 500.803 0
253 494 0
247.424 499.555 0
253 494 0
422.698 311.369 0
416 304 0
416.094 310.374 0
416 304 0
37 42 0
47 45 0
42.2288 36.1946 0
47 45 0
108 295 0
115.294 301.65 0
123.009 294.991 0
115.294 301.65 0
65 390 0
50 385 0
56.25 393.75 0
50 385 0
180 344 0
184.729 354.737 0
187.474 347.518 0
184.729 354.737 0
205 196 0
191 199 0
202.207 201.561 0
191 199 0
543.935 320.256 0
534 331 0
543.281 334.516 0
534 331 0
310 119 0
312 119 0
310.816 111.816 0
312 119 0
466.451 169.008 0
464 187 0
474.201 183.239 0
464 187 0
277.636 121.967 0
290.537 119.751 0
282.434 113.329 0
290.537 119.751 0
195.303 283.5 0
195.168 289.168 0
200.642 289.071 0
195.168 289.168 0
436.245 374.056 0
441.372 381.423 0
446.044 374.179 0
441.372 381.423 0
311.613 345.006 0
315.83 343.465 0
311.259 340.633 0
315.83 343.465 0
61 299 0
74 307 0
72.6476 296.929 0
74 307 0
242 285 0
226 280 0
228.293 291.918 0
226 280 0
189 289 0
192 292 0
195.168 289.168 0
192 292 0
318.465 353.699 0
319.084 349.886 0
315.567 352.245 0
319.084 349.886 0
421 136 0
415 136 0
414.319 146.626 0
415 136 0
84.4152 61.9849 0
72.0698 61.2694 0
76.9733 68.8932 0
72.0698 61.2694 0
252.524 373.464 0
255.648 385.697 0
261.244 377.715 0
255.648 385.697 0
126.962 393.216 0
129.985 403.082 0
137.521 396.715 0
129.985 403.082 0
480 480 0
477 472 0
472.454 476.689 0
477 472 0
562.328 426.477 0
574.405 430.569 0
571.933 422.512 0
574.405 430.569 0
523 100 0
533 114 0
537.69 100.079 0
533 114 0
206 289 0
208 287 0
203.9 282.761 0
208 287 0
210.916 280.676 0
216.797 286.358 0
215.883 274.719 0
216.797 286.358 0
455.764 374.072 0
458 361 0
449.055 362.474 0
458 361 0
31 432 0
25 430 0
27.037 437.802 0
25 430 0
462.618 454.991 0
457.279 460.723 0
465.585 462.39 0
457.279 460.723 0
284 469 0
287 469 0
280.804 462.461 0
287 469 0
336.527 32.3895 0
337.409 46.5331 0
344.003 37.3086 0
337.409 46.5331 0
325.746 566.81 0
338.746 572.093 0
334.375 561.759 0
338.746 572.093 0
523.999 580.188 0
512 583 0
519.583 590.547 0
512 583 0
493 66 0
498 74 0
503.646 67.2325 0
498 74 0
452.119 48.0308 0
443.5 55.6359 0
450.739 55.5651 0
443.5 55.6359 0
225 454 0
217.348 445.183 0
215.611 453.089 0
217.348 445.183 0
190 451 0
177 452 0
183.888 458.274 0
177 452 0
84.8786 508.976 0
73.0576 513.976 0
81.0105 517.946 0
73.0576 513.976 0
224.836 426.048 0
224.919 415.645 0
217.1 422.711 0
224.919 415.645 0
515.616 466.856 0
525 457 0
515.453 457.508 0
525 457 0
515.984 573.066 0
523.112 568.722 0
514.992 565.705 0
523.112 568.722 0
398 231 0
402 219 0
392.35 217.1 0
402 219 0
120 449 0
124 449 0
121.696 440.453 0
124 449 0
76.0807 333.977 0
85 339 0
84.8556 330.282 0
85 339 0
243.101 340.049 0
250.954 339.632 0
243.684 332.243 0
250.954 339.632 0
510.575 28.5298 0
513 19 0
506.109 22.7516 0
513 19 0
229 100 0
242 91 0
225.216 90.0276 0
242 91 0
517 186 0
514 193 0
518.847 190.625 0
514 193 0
377 381 0
365 379 0
375.197 389.942 0
365 379 0
131 122 0
118.047 118.85 0
123.409 125.293 0
118.047 118.85 0
228 146 0
237.19 151.245 0
235.568 143.067 0
237.19 151.245 0
342 509 0
344.651 521.782 0
350.408 511.687 0
344.651 521.782 0
566 90 0
566.628 78.5059 0
558.632 84.9151 0
566.628 78.5059 0
90.6593 209.151 0
81.8193 204.052 0
82.0303 213.724 0
81.8193 204.052 0
321.348 301.549 0
328.923 292.441 0
318.054 292.598 0
328.923 292.441 0
344 89 0
333 80 0
329.038 91.5091 0
333 80 0
497.651 510.801 0
489 522 0
498.443 520.432 0
489 522 0
514 95 0
523 100 0
519.691 88.3033 0
523 100 0
376 40 0
370.842 47.9601 0
382.435 50.7906 0
370.842 47.9601 0
396.167 256.082 0
399 278 0
411.663 260.078 0
399 278 0
249.917 196.163 0
260.05 200.553 0
259.674 190.9 0
260.05 200.553 0
213.703 212.402 0
221.3 221.935 0
221.243 213.196 0
221.3 221.935 0
472.976 31.041 0
461 32 0
472.185 42.6143 0
461 32 0
110 95 0
100.076 87.8162 0
102.901 104.74 0
100.076 87.8162 0
54 422 0
53 409 0
45.4673 418.036 0
53 409 0
118.115 397.047 0
110 398 0
113.881 401.825 0
110 398 0
88 307 0
96 300 0
88.3516 293.767 0
96 300 0
290.537 119.751 0
303.647 112.753 0
292.185 107.558 0
303.647 112.753 0
236.596 333.308 0
243.684 332.243 0
238.062 326.792 0
243.684 332.243 0
27 562 0
27.3243 550.882 0
19.4139 552.325 0
27.3243 550.882 0
268.582 241.501 0
276 252 0
277.73 242.858 0
276 252 0
439.038 263.106 0
443.36 267.189 0
447.238 261.953 0
443.36 267.189 0
76.3313 222.075 0
84.026 220.846 0
82.0303 213.724 0
84.026 220.846 0
129.541 242.479 0
123.379 237.127 0
124.199 243.089 0
123.379 237.127 0
138.859 135.614 0
133 138 0
138.211 140.192 0
133 138 0
584 266 0
587 276 0
591.2 269.733 0
587 276 0
515.33 205.132 0
515 197 0
510.921 201.648 0
515 197 0
455.764 374.072 0
446.044 374.179 0
447.612 383.206 0
446.044 374.179 0
118.796 506.879 0
105.403 511.994 0
112.791 516.79 0
105.403 511.994 0
431.271 174.645 0
444 180 0
440.892 167.763 0
444 180 0
269.247 128.241 0
267.207 119.472 0
260.834 126.295 0
267.207 119.472 0
150 416 0
138.289 406.861 0
136.097 417.737 0
138.289 406.861 0
237.55 416.549 0
250 413 0
240.742 409.213 0
250 413 0
533.333 600 0
566.667 600 0
545.082 582.367 0
566.667 600 0
82 19 0
77 13 0
75.1437 19.5492 0
77 13 0
265 353 0
271 359 0
271.77 351.778 0
271 359 0
584 195 0
576 207 0
588.187 210.765 0
576 207 0
57.032 452.383 0
55.7176 443.459 0
48.6445 447.081 0
55.7176 443.459 0
142 443 0
141 431 0
131.53 438.53 0
141 431 0
98.5482 268.706 0
86.6564 265.521 0
89.9329 277.172 0
86.6564 265.521 0
337.409 46.5331 0
336.527 32.3895 0
328.932 40.8597 0
336.527 32.3895 0
246 475 0
233 466 0
232.631 481.76 0
233 466 0
85 339 0
92 339 0
84.8556 330.282 0
92 339 0
555.111 415.21 0
547.087 403.293 0
544.016 417.614 0
547.087 403.293 0
566.628 78.5059 0
577 83 0
572.198 70.5071 0
577 83 0
353.869 51.1508 0
347.527 43.7533 0
346.402 56.4663 0
347.527 43.7533 0
301.649 349.007 0
300 356 0
307.347 352.229 0
300 356 0
297 11 0
308 18 0
307.203 8.90313 0
308 18 0
317.387 546.777 0
310.57 556.574 0
319.102 558.324 0
310.57 556.574 0
512 216 0
515.193 217.192 0
515.73 213.03 0
515.193 217.192 0
261.243 141.498 0
252.791 143.133 0
260.533 152.42 0
252.791 143.133 0
184.371 25.4299 0
173.797 20.986 0
179.491 35.7805 0
173.797 20.986 0
200 117 0
191 117 0
194.927 124.617 0
191 117 0
453 83 0
443.72 83.1734 0
451.975 90.6055 0
443.72 83.1734 0
68.3715 552.9 0
62.193 562.331 0
71.5732 560.495 0
62.193 562.331 0
472.185 42.6143 0
461 32 0
462.474 43.9128 0
461 32 0
18.2148 560.812 0
27 562 0
19.4139 552.325 0
27 562 0
152.123 581.818 0
166.667 600 0
167.823 586.33 0
166.667 600 0
317.387 546.777 0
320 531 0
308.046 537.694 0
320 531 0
571.117 123.43 0
562.039 111.444 0
559.859 123.384 0
562.039 111.444 0
519.542 366.969 0
516 376 0
527.665 369.271 0
516 376 0
521 68 0
517.013 73.4203 0
522.84 77.8609 0
517.013 73.4203 0
142 374 0
137.23 385.968 0
151.4 380.089 0
137.23 385.968 0
62 521 0
73.8723 527.05 0
73.0576 513.976 0
73.8723 527.05 0
307.283 525.971 0
320 531 0
312.975 518.602 0
320 531 0
90 436 0
94 443 0
97.2569 433.474 0
94 443 0
291 159 0
302.945 162.569 0
297.339 150.755 0
302.945 162.569 0
352 471 0
340.487 478.666 0
349.471 481.155 0
340.487 478.666 0
410 196 0
413 188 0
407.245 188.924 0
413 188 0
189 317 0
178 314 0
185.293 324.977 0
178 314 0
512 218 0
510 225 0
515.976 222.304 0
510 225 0
519 252 0
526 252 0
523.305 243.086 0
526 252 0
406 67 0
417 58.4996 0
404.78 58.2033 0
417 58.4996 0
370 166 0
380.546 168.058 0
378.802 158.446 0
380.546 168.058 0
539.05 363.995 0
552 360 0
545.608 354.888 0
552 360 0
133.67 558.437 0
141.774 568.353 0
146.174 554.247 0
141.774 568.353 0
215 408 0
224.919 415.645 0
224.647 403.753 0
224.919 415.645 0
506.776 574.353 0
502.709 569.926 0
502.516 576.135 0
502.709 569.926 0
420.749 560.661 0
422.611 553.549 0
414.872 556.442 0
422.611 553.549 0
458 76 0
453 83 0
459.012 84.319 0
453 83 0
404 144 0
405.665 156.749 0
414.319 146.626 0
405.665 156.749 0
74 344 0
85 339 0
76.0807 333.977 0
85 339 0
94.6433 325.274 0
92 339 0
100.621 331.828 0
92 339 0
379 476 0
400 472 0
391.073 465.062 0
400 472 0
378.761 197.141 0
390 190 0
377.532 187.472 0
390 190 0
369 177 0
363 183 0
370.501 184.31 0
363 183 0
48 398 0
62 402 0
56.25 393.75 0
62 402 0
505 203 0
494.261 203.909 0
500.444 208.005 0
494.261 203.909 0
434 582 0
446 589 0
445.309 576.399 0
446 589 0
493 190 0
484.116 187.701 0
486.056 197.997 0
484.116 187.701 0
331.407 332.93 0
333 339.591 0
337.556 336.369 0
333 339.591 0
313.079 308.778 0
323.192 312.215 0
321.348 301.549 0
323.192 312.215 0
515.336 230.356 0
505 232 0
510.091 236.484 0
505 232 0
488.5 324 0
506 323 0
503.895 312.752 0
506 323 0
394 545 0
399 554 0
403.688 547.777 0
399 554 0
42.0496 177.807 0
48 186 0
52.4147 178.694 0
48 186 0
324.061 339.396 0
319.947 341.599 0
323.621 344.107 0
319.947 341.599 0
390 190 0
395 179 0
384.854 181.303 0
395 179 0
365 379 0
363 366 0
354.708 368.501 0
363 366 0
119 242 0
114.533 250.542 0
123.955 248.85 0
114.533 250.542 0
400 0 0
390 6 0
401.49 16.0464 0
390 6 0
386 42 0
376 40 0
382.435 50.7906 0
376 40 0
352 471 0
338 469 0
340.487 478.666 0
338 469 0
152 152 0
154.441 142.914 0
149.219 144.738 0
154.441 142.914 0
99 160 0
88.9184 170.257 0
99.6784 171.071 0
88.9184 170.257 0
56.8116 187.971 0
62 200 0
66.4417 188.023 0
62 200 0
62 521 0
73.0576 513.976 0
65.5791 505.577 0
73.0576 513.976 0
371.643 57.7878 0
384.573 63.0829 0
382.435 50.7906 0
384.573 63.0829 0
422.611 553.549 0
414 549 0
414.872 556.442 0
414 549 0
159 550 0
148 539 0
146.174 554.247 0
148 539 0
525 13 0
529 24 0
535.479 16.3204 0
529 24 0
535 243 0
546 243 0
536.438 234.733 0
546 243 0
552 360 0
539.05 363.995 0
544.657 371.192 0
539.05 363.995 0
193.094 474.857 0
192.952 463.125 0
184.325 466.482 0
192.952 463.125 0
509 195 0
505 203 0
510.921 201.648 0
505 203 0
48.7431 453.934 0
48.6445 447.081 0
40.8218 452.407 0
48.6445 447.081 0
267 487 0
274 482 0
269.803 478.592 0
274 482 0
511 352 0
506 347 0
505.578 356.416 0
506 347 0
187 132 0
183 128 0
173.894 134.395 0
183 128 0
437 269 0
428 277 0
437.696 278.846 0
428 277 0
472.731 443.953 0
478 439 0
469.609 437.506 0
478 439 0
441.317 561.897 0
445.309 576.399 0
454.925 570.33 0
445.309 576.399 0
513 474 0
502 477 0
509.689 483.526 0
502 477 0
368.898 470.692 0
359.002 480.114 0
370.266 485.004 0
359.002 480.114 0
73.8723 527.05 0
83.9339 525.117 0
81.0105 517.946 0
83.9339 525.117 0
128 131 0
132 135 0
133.123 130.089 0
132 135 0
76.0807 333.977 0
70 321 0
65.7939 338.055 0
70 321 0
441.317 561.897 0
428.533 566.234 0
436.576 571.003 0
428.533 566.234 0
31.0622 12 0
25 19 0
34.8544 20.4073 0
25 19 0
60.3972 18.2188 0
67.8277 19.8537 0
67.7593 10.2177 0
67.8277 19.8537 0
576.393 148.156 0
587.421 158.572 0
585.241 144.294 0
587.421 158.572 0
333.333 600 0
343 587 0
327.317 585.589 0
343 587 0
272.647 463.035 0
267 456 0
263.01 467.224 0
267 456 0
469 428 0
461.04 425.784 0
463.533 434.152 0
461.04 425.784 0
456.281 583.044 0
468.214 580.781 0
454.925 570.33 0
468.214 580.781 0
160.903 168.038 0
154 181 0
170.085 176.998 0
154 181 0
444 355 0
442 367 0
449.055 362.474 0
442 367 0
549 27 0
548 41 0
556.271 34.5551 0
548 41 0
14.3512 381.742 0
26 382 0
19.6028 374.537 0
26 382 0
151.857 41.897 0
142 36 0
145.862 43.0407 0
142 36 0
131 122 0
128 131 0
133.123 130.089 0
128 131 0
525 13 0
513 19 0
519.769 24.6103 0
513 19 0
46 107 0
34.4748 118.215 0
49.3772 116.008 0
34.4748 118.215 0
512 218 0
515.976 222.304 0
515.193 217.192 0
515.976 222.304 0
289.644 139.31 0
286 149 0
297.339 150.755 0
286 149 0
544 128 0
533 114 0
528.206 131.026 0
533 114 0
533.177 549.933 0
523.208 543.718 0
522.8 553.914 0
523.208 543.718 0
419 363 0
414.841 373.749 0
422.686 371.151 0
414.841 373.749 0
515.984 573.066 0
514.992 565.705 0
509.76 569.931 0
514.992 565.705 0
573 462 0
572.78 448.972 0
565.319 455.323 0
572.78 448.972 0
515.984 573.066 0
509.76 569.931 0
510.961 574.73 0
509.76 569.931 0
364.858 501.767 0
374 510 0
370.436 496.432 0
374 510 0
494.261 203.909 0
496.516 213.109 0
500.444 208.005 0
496.516 213.109 0
42 138 0
34.4748 118.215 0
24.2635 129.685 0
34.4748 118.215 0
70 110 0
71 98 0
65.25 104 0
71 98 0
210 76 0
208 65 0
201.325 72.665 0
208 65 0
300 356 0
305.522 365.137 0
306.467 357.342 0
305.522 365.137 0
93 427 0
97.2569 433.474 0
102.579 427.287 0
97.2569 433.474 0
72.0698 61.2694 0
84.4152 61.9849 0
80.0501 53.3384 0
84.4152 61.9849 0
231 326 0
236.596 333.308 0
238.062 326.792 0
236.596 333.308 0
459.012 84.319 0
453 83 0
451.975 90.6055 0
453 83 0
129.813 424.956 0
122.057 423.888 0
125.053 432.448 0
122.057 423.888 0
332 543 0
327.638 554.892 0
338.171 553.696 0
327.638 554.892 0
283.925 209.11 0
294.97 215.044 0
292.586 206.2 0
294.97 215.044 0
328.923 292.441 0
345.188 301.319 0
343.736 287.907 0
345.188 301.319 0
521 304 0
515 294 0
510.023 305.779 0
515 294 0
349 30 0
340.667 22.5975 0
336.527 32.3895 0
340.667 22.5975 0
562.039 111.444 0
550.223 102.859 0
552.563 112.08 0
550.223 102.859 0
63.3543 438.34 0
55.7176 443.459 0
64.6027 447.128 0
55.7176 443.459 0
317.387 546.777 0
308.046 537.694 0
306.789 547.79 0
308.046 537.694 0
145 52 0
148 49 0
141.59 45.2658 0
148 49 0
526.459 516.103 0
523.428 530.762 0
535.33 527.628 0
523.428 530.762 0
347.527 43.7533 0
337.409 46.5331 0
346.402 56.4663 0
337.409 46.5331 0
537.147 352.927 0
527.002 360.963 0
539.05 363.995 0
527.002 360.963 0
68.3715 552.9 0
62 546 0
58.6192 555.101 0
62 546 0
536 1 0
536 2 0
540.547 5.5 0
536 2 0
32 541 0
21 534 0
22.4364 543.435 0
21 534 0
349 30 0
349 17 0
340.667 22.5975 0
349 17 0
359 36 0
349 30 0
351.113 37.8804 0
349 30 0
235.712 318.878 0
240.729 309.656 0
233.681 310.928 0
240.729 309.656 0
19 362 0
28.6628 371.942 0
34.2473 361.805 0
28.6628 371.942 0
94.3077 315.769 0
104 311 0
95.5769 308.442 0
104 311 0
141 431 0
129.813 424.956 0
131.849 431.734 0
129.813 424.956 0
278.34 139.09 0
284.566 130.09 0
276.709 130.821 0
284.566 130.09 0
88 307 0
84 319 0
94.3077 315.769 0
84 319 0
454.043 543.018 0
443 551 0
453.806 557.254 0
443 551 0
228 513 0
235 512 0
233.979 505.798 0
235 512 0
502.709 569.926 0
493.911 569.615 0
497.756 574.442 0
493.911 569.615 0
395 179 0
388.251 173.877 0
384.854 181.303 0
388.251 173.877 0
111.285 145.395 0
112.932 153.798 0
122.75 147.75 0
112.932 153.798 0
296 332 0
298.423 339.411 0
302.481 335.929 0
298.423 339.411 0
371.818 274.284 0
371.194 289.868 0
384.467 285.711 0
371.194 289.868 0
289 95 0
270 92 0
279.083 103.712 0
270 92 0
78.7733 24.543 0
77.9831 31.4337 0
84.016 26.4363 0
77.9831 31.4337 0
445.309 576.399 0
441.317 561.897 0
436.576 571.003 0
441.317 561.897 0
0 133.333 0
14.1566 136.256 0
10.6634 124.035 0
14.1566 136.256 0
465.278 441.951 0
472.731 443.953 0
469.609 437.506 0
472.731 443.953 0
424.779 334.259 0
418 342 0
425.593 341.917 0
418 342 0
461 32 0
452.119 48.0308 0
462.474 43.9128 0
452.119 48.0308 0
299 573 0
292 587 0
302.968 582.294 0
292 587 0
319.676 345.828 0
319.084 349.886 0
322.942 348.118 0
319.084 349.886 0
27 210 0
15.6154 205.144 0
21.1203 223.147 0
15.6154 205.144 0
502.516 576.135 0
502.709 569.926 0
497.756 574.442 0
502.709 569.926 0
424 294 0
439 302 0
433.884 289.167 0
439 302 0
220.677 474.249 0
208.035 479.785 0
219.775 485.395 0
208.035 479.785 0
498.004 13.438 0
491.624 20.4247 0
499.761 21.145 0
491.624 20.4247 0
348 80 0
333 80 0
344 89 0
333 80 0
122.057 423.888 0
117.68 429.247 0
125.053 432.448 0
117.68 429.247 0
540 276 0
530 266 0
524 280 0
530 266 0
295 309 0
294 316 0
300.94 314.108 0
294 316 0
248.853 327.136 0
243.317 323.531 0
243.684 332.243 0
243.317 323.531 0
344.169 337.276 0
348 329 0
339.31 330.151 0
348 329 0
306 275 0
303 265 0
297.962 270.586 0
303 265 0
478.967 24.0871 0
474.604 15.3506 0
472.887 23.3697 0
474.604 15.3506 0
110 489 0
92.3763 499.422 0
106.649 502.042 0
92.3763 499.422 0
582 443 0
574.405 430.569 0
570.814 440.355 0
574.405 430.569 0
395.177 37.4621 0
404.606 34.4442 0
400.845 25.815 0
404.606 34.4442 0
263.01 467.224 0
265.88 472.45 0
270.34 469.705 0
265.88 472.45 0
438.234 342.147 0
441 351 0
445.478 347.255 0
441 351 0
87.8733 554.7 0
94.6672 559.661 0
93.1681 549.144 0
94.6672 559.661 0
448 511 0
441 520 0
450.98 520.046 0
441 520 0
135 179 0
142 195 0
144.4 179.4 0
142 195 0
126.962 393.216 0
118.115 397.047 0
120.487 402.199 0
118.115 397.047 0
546.816 119.228 0
559.859 123.384 0
552.563 112.08 0
559.859 123.384 0
368.293 431.088 0
360 424 0
360.551 430.664 0
360 424 0
564.456 28 0
557.251 22.2437 0
556.271 34.5551 0
557.251 22.2437 0
547.47 345.323 0
560 352 0
556.722 343.093 0
560 352 0
141.234 510.276 0
134 494 0
130.271 510.117 0
134 494 0
481 63 0
488.154 57.5044 0
481.112 56.0675 0
488.154 57.5044 0
490 531 0
501.342 529.869 0
494.696 525.825 0
501.342 529.869 0
519.951 219.285 0
526.399 219.021 0
522.416 216.003 0
526.399 219.021 0
500 222 0
490 229 0
497.722 229.389 0
490 229 0
5 548 0
7 549 0
8.99146 542.776 0
7 549 0
459.024 93.6403 0
459.012 84.319 0
451.975 90.6055 0
459.012 84.319 0
368.293 431.088 0
368.841 438.308 0
373.764 436.583 0
368.841 438.308 0
371.818 274.284 0
384.467 285.711 0
385.974 268.489 0
384.467 285.711 0
233.333 0 0
232.438 13.5 0
241.154 8.7 0
232.438 13.5 0
390 203 0
390 190 0
378.761 197.141 0
390 190 0
583 418 0
568 415 0
571.933 422.512 0
568 415 0
294.97 215.044 0
283.925 209.11 0
286.296 217.942 0
283.925 209.11 0
288 449 0
276 454 0
280.804 462.461 0
276 454 0
231 439 0
232 431 0
224.805 434.087 0
232 431 0
540 276 0
524 280 0
534.606 285.364 0
524 280 0
110 362 0
120 368 0
118.247 359.589 0
120 368 0
130.271 510.117 0
122.094 518.879 0
133.371 518.998 0
122.094 518.879 0
78.2578 490.846 0
92.3763 499.422 0
88.3361 487.86 0
92.3763 499.422 0
124 449 0
135 456 0
133.041 446.936 0
135 456 0
138.211 140.192 0
142.476 144.454 0
142.381 138.776 0
142.476 144.454 0
240.811 502.057 0
246 507 0
247.424 499.555 0
246 507 0
255.648 385.697 0
242 390 0
254.6 398.549 0
242 390 0
282 307 0
281 316 0
288.125 311.895 0
281 316 0
118.115 397.047 0
113.881 401.825 0
120.487 402.199 0
113.881 401.825 0
33.0528 252.708 0
19.3849 243.598 0
21.139 271.439 0
19.3849 243.598 0
13.116 531.956 0
8.99146 542.776 0
16.0762 539.874 0
8.99146 542.776 0
174.285 266.189 0
176 276 0
180.711 267.334 0
176 276 0
254.866 173.402 0
250.969 185.504 0
259.622 181.747 0
250.969 185.504 0
351 543 0
339 534 0
341.691 544.531 0
339 534 0
111.285 145.395 0
101 148 0
106.618 152.739 0
101 148 0
429 49 0
425.618 58.2624 0
431.637 54.7035 0
425.618 58.2624 0
93 427 0
90 436 0
97.2569 433.474 0
90 436 0
242.201 350.42 0
250.928 351.806 0
248.719 345.075 0
250.928 351.806 0
399 457 0
382.101 459.511 0
391.073 465.062 0
382.101 459.511 0
183 588 0
169.5 575.5 0
167.823 586.33 0
169.5 575.5 0
451.66 433.579 0
448 440 0
457.026 439.103 0
448 440 0
406 556 0
414 549 0
403.688 547.777 0
414 549 0
455 387 0
455.764 374.072 0
447.612 383.206 0
455.764 374.072 0
547.47 345.323 0
554 334 0
543.281 334.516 0
554 334 0
494 243 0
490 229 0
484.75 240.5 0
490 229 0
106 182 0
99.6784 171.071 0
95.3292 179.405 0
99.6784 171.071 0
555 460 0
544 459 0
553.452 467.545 0
544 459 0
70 321 0
76.0807 333.977 0
78.7341 326.065 0
76.0807 333.977 0
503 157 0
508.506 153.494 0
498.617 149.842 0
508.506 153.494 0
501.342 529.869 0
512.62 523.698 0
498.443 520.432 0
512.62 523.698 0
271.818 410.124 0
280.616 405.293 0
272.88 399.999 0
280.616 405.293 0
119 416 0
114 423 0
122.057 423.888 0
114 423 0
29.4772 496.06 0
16.7323 482.747 0
15.8612 498.199 0
16.7323 482.747 0
434.828 429.266 0
445.619 427.371 0
438.057 418.979 0
445.619 427.371 0
67 365 0
60.8888 351.296 0
59.1523 360.285 0
60.8888 351.296 0
574.405 430.569 0
583 418 0
571.933 422.512 0
583 418 0
367.636 303.695 0
379 314 0
381.142 300.882 0
379 314 0
68.4521 176.007 0
76.3563 186.271 0
78.8502 176.768 0
76.3563 186.271 0
191.67 498.387 0
204 513 0
210.22 495.556 0
204 513 0
273.977 419.266 0
271.818 410.124 0
264.547 412.681 0
271.818 410.124 0
305.522 365.137 0
296 371 0
303.92 375.217 0
296 371 0
513 19 0
510.575 28.5298 0
519.769 24.6103 0
510.575 28.5298 0
457.279 460.723 0
461.378 467.243 0
465.585 462.39 0
461.378 467.243 0
398 231 0
403.753 243.502 0
407.96 233.95 0
403.753 243.502 0
237 404 0
234 412 0
240.742 409.213 0
234 412 0
183 261 0
179 261 0
180.711 267.334 0
179 261 0
142 195 0
154 181 0
144.4 179.4 0
154 181 0
62.7226 268.747 0
57.1109 281.817 0
69.2882 276.816 0
57.1109 281.817 0
495.287 453.502 0
501.598 459.072 0
507.611 452.399 0
501.598 459.072 0
192 185 0
194 176 0
181.411 178.02 0
194 176 0
67 419 0
54 422 0
61.9925 429.275 0
54 422 0
406 67 0
397 77 0
411.068 81.468 0
397 77 0
534.776 444.403 0
541 450 0
542.713 443.721 0
541 450 0
501.598 459.072 0
507 469 0
509.707 460.951 0
507 469 0
519.951 219.285 0
515.976 222.304 0
523.565 225.607 0
515.976 222.304 0
288 280 0
284 271 0
277.207 277.979 0
284 271 0
424 266 0
433 266 0
431.398 259.678 0
433 266 0
289 95 0
292.185 107.558 0
302.882 104.417 0
292.185 107.558 0
211.206 432.505 0
209.005 439.057 0
213.573 439.515 0
209.005 439.057 0
319.947 341.599 0
320.04 336.707 0
315.669 338.694 0
320.04 336.707 0
174.285 266.189 0
170.937 258.712 0
165.261 266.531 0
170.937 258.712 0
70.2794 287.002 0
61 299 0
72.6476 296.929 0
61 299 0
523.208 543.718 0
511.508 538.215 0
514.313 549.881 0
511.508 538.215 0
1 124 0
0 133.333 0
10.6634 124.035 0
0 133.333 0
257.663 500.803 0
247.424 499.555 0
250.974 504.456 0
247.424 499.555 0
118 389 0
126.962 393.216 0
128.514 379.755 0
126.962 393.216 0
240.729 309.656 0
245.368 301.925 0
236.966 304.108 0
245.368 301.925 0
38 551 0
32 541 0
27.3243 550.882 0
32 541 0
554.072 386.643 0
553 372 0
546.747 379.952 0
553 372 0
508.147 76.9237 0
511 87 0
515.888 80.7194 0
511 87 0
193.094 474.857 0
179.844 474.775 0
184.567 486.012 0
179.844 474.775 0
500 135 0
493.801 141.199 0
504.604 143.397 0
493.801 141.199 0
123.409 125.293 0
118.047 118.85 0
112.862 126.227 0
118.047 118.85 0
338.746 572.093 0
325.746 566.81 0
329.489 576.25 0
325.746 566.81 0
436.502 62.9009 0
443 61 0
437.189 57.6352 0
443 61 0
268.349 207.062 0
268.872 218.827 0
276.254 213.009 0
268.872 218.827 0
271.668 475.267 0
265.88 472.45 0
267.47 476.462 0
265.88 472.45 0
119 242 0
123.955 248.85 0
124.199 243.089 0
123.955 248.85 0
340 500 0
342 509 0
347.947 502.956 0
342 509 0
398 231 0
390 243 0
403.753 243.502 0
390 243 0
308.046 537.694 0
297.495 543.188 0
306.789 547.79 0
297.495 543.188 0
313 298 0
321.348 301.549 0
318.054 292.598 0
321.348 301.549 0
47 430 0
47 440 0
54.7121 435 0
47 440 0
236 196 0
245 203 0
249.917 196.163 0
245 203 0
275.1 338.56 0
283 334 0
274.42 332.312 0
283 334 0
444 473 0
449 480 0
450.955 473.745 0
449 480 0
333 339.591 0
331.407 332.93 0
328.56 337.253 0
331.407 332.93 0
513 19 0
510 9 0
504.497 17.0007 0
510 9 0
142 374 0
128.514 379.755 0
137.23 385.968 0
128.514 379.755 0
286 200 0
277.2 203.085 0
283.925 209.11 0
277.2 203.085 0
289 369 0
280.859 358.96 0
280.235 366.382 0
280.859 358.96 0
512.62 523.698 0
506.379 513.868 0
498.443 520.432 0
506.379 513.868 0
100 600 0
102.425 579.159 0
89.6365 589.852 0
102.425 579.159 0
37 424 0
47 430 0
45.4673 418.036 0
47 430 0
425.771 324.644 0
434.04 323.054 0
427.323 317.542 0
434.04 323.054 0
585 171 0
590.76 183.13 0
591.752 173.426 0
590.76 183.13 0
208.035 479.785 0
197.033 487.069 0
210.22 495.556 0
197.033 487.069 0
39.0771 278.486 0
57.1109 281.817 0
49.9124 268.289 0
57.1109 281.817 0
338 469 0
329 478 0
340.487 478.666 0
329 478 0
297.728 379.769 0
296 371 0
290.419 375.871 0
296 371 0
490 229 0
494 243 0
500.903 236.172 0
494 243 0
86.6906 540.857 0
83.69 547.729 0
93.1681 549.144 0
83.69 547.729 0
195 80 0
206.826 82.7444 0
201.325 72.665 0
206.826 82.7444 0
79 446 0
88 441 0
80.2025 437.564 0
88 441 0
464 284 0
457 276 0
453.563 286.71 0
457 276 0
207.55 424.674 0
211.206 432.505 0
217.1 422.711 0
211.206 432.505 0
310.57 556.574 0
317.387 546.777 0
306.789 547.79 0
317.387 546.777 0
451.558 467.106 0
444 473 0
450.955 473.745 0
444 473 0
282 599 0
300 600 0
292 587 0
300 600 0
48 340 0
30 330 0
28.7721 343.619 0
30 330 0
252.199 151.819 0
252.791 143.133 0
245.188 150.471 0
252.791 143.133 0
129.985 403.082 0
126.962 393.216 0
120.487 402.199 0
126.962 393.216 0
568 206 0
563 217 0
571.134 213.428 0
563 217 0
355 206 0
360 203 0
359.748 196.148 0
360 203 0
55.1679 503.611 0
62 521 0
65.5791 505.577 0
62 521 0
414 549 0
406 556 0
414.872 556.442 0
406 556 0
34.7543 241.291 0
46 236 0
30.9575 231.378 0
46 236 0
268.445 342.008 0
261.882 339.147 0
262.756 346.008 0
261.882 339.147 0
423.108 318.645 0
425.771 324.644 0
427.323 317.542 0
425.771 324.644 0
41.6299 485.501 0
38 467 0
30.402 478.912 0
38 467 0
295 564 0
300.588 555.525 0
290.778 552.634 0
300.588 555.525 0
344.5 365.824 0
355 356 0
344.931 355.058 0
355 356 0
423 194 0
432 197 0
430.621 185.616 0
432 197 0
466 549 0
454.043 543.018 0
453.806 557.254 0
454.043 543.018 0
220 339 0
207 344 0
216.585 348.248 0
207 344 0
419.955 171.306 0
429 161 0
419.663 161.601 0
429 161 0
253 518 0
264 527 0
263.275 511.79 0
264 527 0
71 98 0
70 110 0
81.8427 107.026 0
70 110 0
282.896 387.098 0
290.008 392.378 0
290.898 383.8 0
290.008 392.378 0
508 212 0
512.084 211.72 0
510.274 208.106 0
512.084 211.72 0
281 316 0
282 307 0
275 310 0
282 307 0
242 91 0
253 94 0
248.128 87.4204 0
253 94 0
283.521 544.079 0
278 554 0
290.778 552.634 0
278 554 0
224.805 434.087 0
218.385 436.751 0
223.209 441.59 0
218.385 436.751 0
514 193 0
509 195 0
515 197 0
509 195 0
133.333 600 0
152.123 581.818 0
128.726 576.451 0
152.123 581.818 0
377.532 187.472 0
390 190 0
384.854 181.303 0
390 190 0
306 35 0
316.594 34.854 0
313.919 26.7708 0
316.594 34.854 0
232.438 13.5 0
241 17 0
241.154 8.7 0
241 17 0
526 214 0
520.362 212.525 0
522.416 216.003 0
520.362 212.525 0
122 155 0
134 151 0
122.75 147.75 0
134 151 0
444 180 0
450 169 0
440.892 167.763 0
450 169 0
241 17 0
232.438 13.5 0
234.287 20.7 0
232.438 13.5 0
559.859 123.384 0
562.039 111.444 0
552.563 112.08 0
562.039 111.444 0
252.791 143.133 0
242.849 143.423 0
245.188 150.471 0
242.849 143.423 0
444 180 0
431.271 174.645 0
430.621 185.616 0
431.271 174.645 0
334 205 0
327 185 0
319.562 198.785 0
327 185 0
254.866 173.402 0
258.788 165.304 0
248.392 165.11 0
258.788 165.304 0
381.142 300.882 0
379 314 0
391.532 311.78 0
379 314 0
82 19 0
78.7733 24.543 0
84.016 26.4363 0
78.7733 24.543 0
454.258 529.681 0
462.254 525.961 0
457.856 521.274 0
462.254 525.961 0
288 449 0
288 438 0
279 439 0
288 438 0
277 373 0
275.831 381.525 0
283.904 378.54 0
275.831 381.525 0
512.62 523.698 0
515.901 509.769 0
506.379 513.868 0
515.901 509.769 0
458 76 0
463.234 78.0157 0
462.39 71.6256 0
463.234 78.0157 0
224.805 434.087 0
232 431 0
224.836 426.048 0
232 431 0
407 515 0
400 508 0
397.107 517.306 0
400 508 0
560 96 0
566 90 0
558.632 84.9151 0
566 90 0
523 100 0
537.69 100.079 0
529.944 92.1925 0
537.69 100.079 0
425.618 58.2624 0
429.38 60.6201 0
431.637 54.7035 0
429.38 60.6201 0
41.6299 485.501 0
41 501 0
50.3579 494.294 0
41 501 0
59 487 0
41.6299 485.501 0
50.3579 494.294 0
41.6299 485.501 0
374 510 0
379 498 0
370.436 496.432 0
379 498 0
449.055 362.474 0
442 367 0
446.044 374.179 0
442 367 0
327.638 554.892 0
317.387 546.777 0
319.102 558.324 0
317.387 546.777 0
316.594 34.854 0
312 45 0
321.192 41.5601 0
312 45 0
116.562 529.237 0
122.094 518.879 0
111.886 523.647 0
122.094 518.879 0
15.4555 183.333 0
21 194 0
25.2792 186.292 0
21 194 0
207 248 0
207.269 265.132 0
214.272 255.079 0
207.269 265.132 0
264.885 403.144 0
254.6 398.549 0
264.547 412.681 0
254.6 398.549 0
417.967 250.519 0
425 243 0
413.987 241.99 0
425 243 0
291 346 0
296.84 345.397 0
293.63 341.524 0
296.84 345.397 0
497.722 229.389 0
490 229 0
500.903 236.172 0
490 229 0
416.667 14.4338 0
401.49 16.0464 0
409.728 22.7822 0
401.49 16.0464 0
513 245 0
519 252 0
523.305 243.086 0
519 252 0
292 252 0
286 261 0
293.094 260.52 0
286 261 0
275.831 381.525 0
282.896 387.098 0
283.904 378.54 0
282.896 387.098 0
211 241 0
207 248 0
219 245 0
207 248 0
21.7087 168.367 0
15 168 0
22.0083 176.492 0
15 168 0
70 110 0
83 117 0
81.8427 107.026 0
83 117 0
568 415 0
555.111 415.21 0
562.328 426.477 0
555.111 415.21 0
190 56 0
190 70 0
198.127 62.2454 0
190 70 0
518 157 0
532 145 0
516.822 145.373 0
532 145 0
86.6564 265.521 0
96.514 258.235 0
86.3195 254.352 0
96.514 258.235 0
591 408 0
579 405 0
583 418 0
579 405 0
457.279 460.723 0
451.558 467.106 0
461.378 467.243 0
451.558 467.106 0
473.926 59.1282 0
481 63 0
481.112 56.0675 0
481 63 0
136 23 0
135.343 12.8214 0
130.927 18.9643 0
135.343 12.8214 0
207.55 424.674 0
201.832 432.406 0
211.206 432.505 0
201.832 432.406 0
320 531 0
321 515 0
312.975 518.602 0
321 515 0
319.084 349.886 0
318.465 353.699 0
322.067 351.768 0
318.465 353.699 0
298 277 0
306 275 0
297.962 270.586 0
306 275 0
269.247 128.241 0
268.678 138.225 0
276.709 130.821 0
268.678 138.225 0
144.397 134.036 0
138.989 129.31 0
138.859 135.614 0
138.989 129.31 0
49.9124 268.289 0
57.1109 281.817 0
62.7226 268.747 0
57.1109 281.817 0
234 412 0
237.55 416.549 0
240.742 409.213 0
237.55 416.549 0
436 77 0
436 87 0
443.72 83.1734 0
436 87 0
432 110 0
419 118 0
431 125 0
419 118 0
554 334 0
547.47 345.323 0
556.722 343.093 0
547.47 345.323 0
221.3 221.935 0
205 224 0
216.652 231.739 0
205 224 0
551 514 0
537.723 506.852 0
540.232 517.698 0
537.723 506.852 0
91 78 0
100.076 87.8162 0
97.6758 74.7789 0
100.076 87.8162 0
270 286 0
266 273 0
261.82 283.48 0
266 273 0
156 563 0
159 550 0
146.174 554.247 0
159 550 0
353 274 0
356.568 293.277 0
363.145 282.857 0
356.568 293.277 0
51 461 0
57.032 452.383 0
48.7431 453.934 0
57.032 452.383 0
291.071 267.214 0
293 275 0
297.962 270.586 0
293 275 0
545 23 0
550.294 17.2458 0
542.654 13.0437 0
550.294 17.2458 0
232.631 481.76 0
233 466 0
220.677 474.249 0
233 466 0
306.778 338.487 0
302.942 342.57 0
307.685 342.449 0
302.942 342.57 0
384.573 63.0829 0
397 77 0
397.023 62.2478 0
397 77 0
223.209 441.59 0
218.385 436.751 0
217.348 445.183 0
218.385 436.751 0
92.4639 222.221 0
99 215 0
89.3459 216.22 0
99 215 0
411 563 0
418.417 569.746 0
420.749 560.661 0
418.417 569.746 0
248.392 165.11 0
255.264 158.229 0
247.995 156.712 0
255.264 158.229 0
48.6445 447.081 0
42 446 0
40.8218 452.407 0
42 446 0
253 494 0
243.764 486.582 0
242.443 494.536 0
243.764 486.582 0
44 458 0
48.7431 453.934 0
40.8218 452.407 0
48.7431 453.934 0
360 424 0
368.293 431.088 0
366.796 421.946 0
368.293 431.088 0
450.98 520.046 0
441 520 0
445.832 526.734 0
441 520 0
556.866 53.2918 0
557.343 63.8187 0
567.109 57.3662 0
557.343 63.8187 0
53 241 0
52.0684 250.225 0
60.6742 250.411 0
52.0684 250.225 0
250.928 351.806 0
256.413 343.468 0
248.719 345.075 0
256.413 343.468 0
536 9 0
535.479 16.3204 0
542.654 13.0437 0
535.479 16.3204 0
280.616 405.293 0
271.818 410.124 0
281.559 414.888 0
271.818 410.124 0
236.966 304.108 0
228 301 0
233.681 310.928 0
228 301 0
318 111 0
325 103 0
313.643 103.372 0
325 103 0
128.876 263.571 0
134.372 258.797 0
126.998 256.667 0
134.372 258.797 0
172.369 168.392 0
183.5 161 0
167.033 157.898 0
183.5 161 0
498.667 579.483 0
504 580 0
502.516 576.135 0
504 580 0
533.394 538.602 0
523.208 543.718 0
533.177 549.933 0
523.208 543.718 0
414.841 373.749 0
419 363 0
409.725 367.977 0
419 363 0
468.214 580.781 0
466.667 600 0
475.592 588.502 0
466.667 600 0
295.474 130.142 0
290.537 119.751 0
284.566 130.09 0
290.537 119.751 0
492.061 155.974 0
503 157 0
498.617 149.842 0
503 157 0
365 395 0
367 406 0
375.28 399.763 0
367 406 0
224.805 434.087 0
219.09 429.395 0
218.385 436.751 0
219.09 429.395 0
529 450 0
535 452.556 0
534.776 444.403 0
535 452.556 0
544.379 546.58 0
533.394 538.602 0
533.177 549.933 0
533.394 538.602 0
126.537 546.22 0
133.67 558.437 0
137.954 546.998 0
133.67 558.437 0
127.592 285.129 0
121 285 0
123.009 294.991 0
121 285 0
125 274 0
121 285 0
127.592 285.129 0
121 285 0
267.985 102.331 0
258 99 0
262.145 105.886 0
258 99 0
524 280 0
530 266 0
515 268 0
530 266 0
523.305 243.086 0
522.904 234.139 0
516.927 237.813 0
522.904 234.139 0
183.5 161 0
173 146 0
167.033 157.898 0
173 146 0
516.464 499.114 0
525 494 0
516.637 490.513 0
525 494 0
229 383 0
221 392 0
232 394 0
221 392 0
189 278 0
188 266 0
182.742 273.267 0
188 266 0
252.791 143.133 0
247.377 135.399 0
242.849 143.423 0
247.377 135.399 0
314 376 0
306.351 384.178 0
314.811 385.455 0
306.351 384.178 0
192 292 0
194.153 297.39 0
197.504 293.285 0
194.153 297.39 0
401.49 16.0464 0
392 28 0
400.845 25.815 0
392 28 0
478 66 0
473.926 59.1282 0
468.245 65.6453 0
473.926 59.1282 0
430.954 337.813 0
424.779 334.259 0
425.593 341.917 0
424.779 334.259 0
47 430 0
54 422 0
45.4673 418.036 0
54 422 0
316.594 34.854 0
322 26 0
313.919 26.7708 0
322 26 0
62 200 0
70 210 0
73.7581 197.586 0
70 210 0
514 361 0
511 352 0
505.578 356.416 0
511 352 0
426 357 0
430.721 346.924 0
423.511 348.59 0
430.721 346.924 0
315.869 328.599 0
311.387 330.838 0
315.725 333.791 0
311.387 330.838 0
466.667 0 0
468 5 0
478.133 7.72251 0
468 5 0
397.038 530.259 0
394 545 0
399.821 538.873 0
394 545 0
483.556 295.857 0
481 285 0
477.523 290.711 0
481 285 0
439.46 256.722 0
439.038 263.106 0
447.238 261.953 0
439.038 263.106 0
261.882 339.147 0
260 332 0
256.409 337.421 0
260 332 0
22.0083 176.492 0
25.2792 186.292 0
28.8104 179.684 0
25.2792 186.292 0
268.872 218.827 0
275.257 231.811 0
279.006 222.904 0
275.257 231.811 0
509 442 0
518.804 450.296 0
524.2 444.267 0
518.804 450.296 0
282.896 387.098 0
281.702 396.152 0
290.008 392.378 0
281.702 396.152 0
227 235 0
221.3 221.935 0
216.652 231.739 0
221.3 221.935 0
128.514 379.755 0
126.962 393.216 0
137.23 385.968 0
126.962 393.216 0
209 127 0
222.608 128.696 0
216.263 121.079 0
222.608 128.696 0
340 500 0
346.327 495.153 0
336.489 492.832 0
346.327 495.153 0
232 431 0
240 426 0
231.91 423.132 0
240 426 0
51.089 36.0955 0
59.8159 35.265 0
53.508 26.2444 0
59.8159 35.265 0
311.632 325.674 0
307.066 328.083 0
311.387 330.838 0
307.066 328.083 0
210.22 495.556 0
222.755 503.572 0
225.678 492.598 0
222.755 503.572 0
208 453 0
201 459 0
209.791 460.703 0
201 459 0
215.611 453.089 0
209.791 460.703 0
218.391 462.723 0
209.791 460.703 0
362.272 49.4134 0
357.342 60.7065 0
371.643 57.7878 0
357.342 60.7065 0
495.287 453.502 0
486 450 0
488.067 456.479 0
486 450 0
466.451 169.008 0
474.201 183.239 0
478.019 169.267 0
474.201 183.239 0
219.775 485.395 0
210.22 495.556 0
225.678 492.598 0
210.22 495.556 0
493 66 0
503.646 67.2325 0
496.559 58.8654 0
503.646 67.2325 0
433.45 392.739 0
424 395 0
431.173 401.273 0
424 395 0
399 278 0
396.167 256.082 0
385.974 268.489 0
396.167 256.082 0
412 445 0
420.16 430.422 0
410.02 433.632 0
420.16 430.422 0
282.896 387.098 0
290.898 383.8 0
283.904 378.54 0
290.898 383.8 0
233 123 0
222.608 128.696 0
233.099 130.686 0
222.608 128.696 0
535.775 301.434 0
531 308 0
543.242 306.852 0
531 308 0
142 36 0
136 31 0
133.533 40.6068 0
136 31 0
179 261 0
177 254 0
170.937 258.712 0
177 254 0
95.3292 179.405 0
88.9184 170.257 0
86.2962 183.615 0
88.9184 170.257 0
315.725 333.791 0
311.387 330.838 0
311.287 335.985 0
311.387 330.838 0
371 453 0
368.898 470.692 0
382.101 459.511 0
368.898 470.692 0
280.859 358.96 0
286 349 0
278.828 351.577 0
286 349 0
83.69 547.729 0
87.8733 554.7 0
93.1681 549.144 0
87.8733 554.7 0
405.665 156.749 0
391.622 155.154 0
397.65 163.086 0
391.622 155.154 0
129 144 0
134 151 0
134.897 143.598 0
134 151 0
115 198 0
114 189 0
106.376 192.379 0
114 189 0
585 38 0
583.173 50.0009 0
590.7 47.6205 0
583.173 50.0009 0
430 366 0
419 363 0
422.686 371.151 0
419 363 0
94.6672 559.661 0
101.916 555.275 0
93.1681 549.144 0
101.916 555.275 0
264.596 111.212 0
272.897 112.057 0
267.985 102.331 0
272.897 112.057 0
357 446 0
365 448 0
360.999 440.776 0
365 448 0
258.788 165.304 0
255.264 158.229 0
248.392 165.11 0
255.264 158.229 0
336.527 32.3895 0
326.673 33.3923 0
328.932 40.8597 0
326.673 33.3923 0
116 406 0
123.468 409.225 0
120.487 402.199 0
123.468 409.225 0
501.342 529.869 0
511.508 538.215 0
512.62 523.698 0
511.508 538.215 0
381 437 0
378.449 446.101 0
390.463 447.371 0
378.449 446.101 0
580 59 0
573 50 0
567.109 57.3662 0
573 50 0
349 30 0
336.527 32.3895 0
344.003 37.3086 0
336.527 32.3895 0
375 424 0
378 410 0
369.685 414.642 0
378 410 0
544.016 417.614 0
546.393 430.063 0
552.66 424.543 0
546.393 430.063 0
454.77 61.4389 0
465.041 59.0713 0
458.898 53.194 0
465.041 59.0713 0
331.787 325.062 0
339.31 330.151 0
339.044 322.562 0
339.31 330.151 0
232.631 481.76 0
220.677 474.249 0
219.775 485.395 0
220.677 474.249 0
227 321 0
235.712 318.878 0
233.681 310.928 0
235.712 318.878 0
54.7121 435 0
47 440 0
55.7176 443.459 0
47 440 0
355 356 0
344.5 365.824 0
354.708 368.501 0
344.5 365.824 0
0 266.667 0
0 300 0
21.139 271.439 0
0 300 0
247.377 135.399 0
238.838 136.597 0
242.849 143.423 0
238.838 136.597 0
265 172 0
265 164 0
258.788 165.304 0
265 164 0
237.19 151.245 0
242.849 143.423 0
235.568 143.067 0
242.849 143.423 0
233 466 0
225 454 0
218.391 462.723 0
225 454 0
496.516 213.109 0
506 212 0
500.444 208.005 0
506 212 0
77 13 0
77 1 0
67.7593 10.2177 0
77 1 0
131.53 438.53 0
141 431 0
131.849 431.734 0
141 431 0
320.072 575.672 0
327.317 585.589 0
329.489 576.25 0
327.317 585.589 0
135.388 537.088 0
143 528 0
130.253 527.716 0
143 528 0
535 225 0
523.565 225.607 0
529.418 231.39 0
523.565 225.607 0
480 249 0
494 243 0
484.75 240.5 0
494 243 0
6 355 0
16.7861 349.042 0
6.88338 348.143 0
16.7861 349.042 0
180 279 0
189 278 0
182.742 273.267 0
189 278 0
102.731 320.269 0
112 319 0
109.179 312.504 0
112 319 0
424 294 0
416 304 0
426.075 303.89 0
416 304 0
321 515 0
312 505 0
312.975 518.602 0
312 505 0
378 410 0
367 406 0
369.685 414.642 0
367 406 0
258 477 0
264 477 0
261 473.103 0
264 477 0
409.725 367.977 0
398 368 0
406.06 375.593 0
398 368 0
184.729 354.737 0
192.496 355.686 0
187.474 347.518 0
192.496 355.686 0
71 98 0
59 99 0
65.25 104 0
59 99 0
173.797 20.986 0
167 32 0
179.491 35.7805 0
167 32 0
220.677 474.249 0
233 466 0
218.391 462.723 0
233 466 0
74.2377 232.492 0
80.3767 238.301 0
81.8485 229.521 0
80.3767 238.301 0
546.243 296.707 0
535.775 301.434 0
543.242 306.852 0
535.775 301.434 0
445 335 0
436.572 332.111 0
438.234 342.147 0
436.572 332.111 0
523.112 568.722 0
531.498 560.843 0
519.978 561.307 0
531.498 560.843 0
15.4555 183.333 0
25.2792 186.292 0
22.0083 176.492 0
25.2792 186.292 0
523.428 530.762 0
511.508 538.215 0
523.208 543.718 0
511.508 538.215 0
214 80 0
214.184 90.1047 0
225.216 90.0276 0
214.184 90.1047 0
259.674 190.9 0
260.05 200.553 0
268.782 197.051 0
260.05 200.553 0
302 306 0
300.94 314.108 0
306.933 312.131 0
300.94 314.108 0
522.904 234.139 0
523.305 243.086 0
529.184 237.471 0
523.305 243.086 0
491.741 182.009 0
491 168 0
483.274 177.206 0
491 168 0
142 443 0
133.041 446.936 0
145.5 453.269 0
133.041 446.936 0
247.377 135.399 0
242 128 0
238.838 136.597 0
242 128 0
181.411 178.02 0
183.5 161 0
172.369 168.392 0
183.5 161 0
316 1 0
300 0 0
307.203 8.90313 0
300 0 0
150 491 0
159 509 0
164.022 495.239 0
159 509 0
168 456 0
156 456 0
161 466 0
156 456 0
323.621 344.107 0
319.676 345.828 0
322.942 348.118 0
319.676 345.828 0
373 252 0
371.818 274.284 0
385.974 268.489 0
371.818 274.284 0
537 342 0
547.47 345.323 0
543.281 334.516 0
547.47 345.323 0
571 550 0
562.904 560.346 0
574.457 566.773 0
562.904 560.346 0
265 172 0
258.788 165.304 0
254.866 173.402 0
258.788 165.304 0
523.428 530.762 0
523.208 543.718 0
533.394 538.602 0
523.208 543.718 0
34 35 0
38.7805 28.5241 0
29.1867 26.424 0
38.7805 28.5241 0
450.98 520.046 0
454.258 529.681 0
457.856 521.274 0
454.258 529.681 0
327.317 585.589 0
343 587 0
334.638 580.233 0
343 587 0
92.4639 222.221 0
84.026 220.846 0
89.4968 228.716 0
84.026 220.846 0
26.9536 353.511 0
19 362 0
34.2473 361.805 0
19 362 0
237.19 151.245 0
232 161 0
240.521 158.747 0
232 161 0
270 544 0
278 554 0
283.521 544.079 0
278 554 0
283.925 209.11 0
276.254 213.009 0
286.296 217.942 0
276.254 213.009 0
179 50 0
190 56 0
190.652 44.0878 0
190 56 0
164.022 495.239 0
178 509 0
177.731 495.184 0
178 509 0
45 159 0
36.3423 168.877 0
46.3613 170.876 0
36.3423 168.877 0
276.254 213.009 0
279.006 222.904 0
286.296 217.942 0
279.006 222.904 0
276 454 0
267 456 0
272.647 463.035 0
267 456 0
411 358 0
419 363 0
417.769 354.121 0
419 363 0
536.331 292.945 0
527.015 291.831 0
529.728 298.52 0
527.015 291.831 0
320.098 331.431 0
315.725 333.791 0
320.04 336.707 0
315.725 333.791 0
515 67 0
503.646 67.2325 0
510.85 71.6577 0
503.646 67.2325 0
250 413 0
254.6 398.549 0
245.16 400.515 0
254.6 398.549 0
459.669 447.527 0
452.998 452.413 0
462.618 454.991 0
452.998 452.413 0
190 70 0
195 80 0
201.325 72.665 0
195 80 0
66 162 0
56 170 0
68.4521 176.007 0
56 170 0
514.313 549.881 0
511.508 538.215 0
504.341 551.027 0
511.508 538.215 0
41 501 0
55.1679 503.611 0
50.3579 494.294 0
55.1679 503.611 0
560 96 0
558.632 84.9151 0
549.937 90.9198 0
558.632 84.9151 0
323.752 321.231 0
316.344 323.277 0
320.401 326.35 0
316.344 323.277 0
434.04 323.054 0
425.771 324.644 0
430.403 329.849 0
425.771 324.644 0
526.399 219.021 0
519.951 219.285 0
523.565 225.607 0
519.951 219.285 0
56 170 0
45 159 0
46.3613 170.876 0
45 159 0
465.278 441.951 0
469.609 437.506 0
463.533 434.152 0
469.609 437.506 0
10 375 0
1 375 0
7.27025 382.948 0
1 375 0
541.818 79.4833 0
549.937 90.9198 0
551.721 79.9213 0
549.937 90.9198 0
306 129 0
310 119 0
300.965 122.21 0
310 119 0
489 219 0
490 229 0
500 222 0
490 229 0
110 489 0
94 477 0
88.3361 487.86 0
94 477 0
194 327 0
189 317 0
185.293 324.977 0
189 317 0
496 30 0
501.934 27.3337 0
496.398 25.921 0
501.934 27.3337 0
311.613 345.006 0
306.885 346.319 0
311.893 349.816 0
306.885 346.319 0
553 372 0
552 360 0
544.657 371.192 0
552 360 0
546.243 296.707 0
556 286 0
545.687 286.046 0
556 286 0
476 137 0
494 133 0
482 121.25 0
494 133 0
214.596 356.335 0
216.585 348.248 0
206.199 352.268 0
216.585 348.248 0
150 170 0
141 172 0
144.4 179.4 0
141 172 0
455.789 512.68 0
459 503 0
450.672 503.371 0
459 503 0
436.572 332.111 0
443 326 0
434.04 323.054 0
443 326 0
435 385 0
428 389 0
433.45 392.739 0
428 389 0
370.436 496.432 0
379 498 0
370.266 485.004 0
379 498 0
422.836 182.436 0
423 194 0
430.621 185.616 0
423 194 0
548 41 0
563.384 43.157 0
556.271 34.5551 0
563.384 43.157 0
232 394 0
221 392 0
224.647 403.753 0
221 392 0
179 50 0
190.652 44.0878 0
179.491 35.7805 0
190.652 44.0878 0
250.928 351.806 0
242.201 350.42 0
246.29 357.852 0
242.201 350.42 0
323.192 312.215 0
332.337 306.679 0
321.348 301.549 0
332.337 306.679 0
316.344 323.277 0
323.752 321.231 0
316.863 316.817 0
323.752 321.231 0
324.521 334.238 0
320.04 336.707 0
324.061 339.396 0
320.04 336.707 0
100.502 197.876 0
108 203 0
106.376 192.379 0
108 203 0
78.8502 176.768 0
88.9184 170.257 0
75.0121 167.612 0
88.9184 170.257 0
119 242 0
109 243 0
114.533 250.542 0
109 243 0
485 469 0
491 463 0
483.511 461.032 0
491 463 0
569 402 0
563 393 0
558.206 402.696 0
563 393 0
88.9184 170.257 0
78.8502 176.768 0
86.2962 183.615 0
78.8502 176.768 0
207.269 265.132 0
207.716 274.443 0
215.883 274.719 0
207.716 274.443 0
445 335 0
443 326 0
436.572 332.111 0
443 326 0
424.779 334.259 0
430.954 337.813 0
430.403 329.849 0
430.954 337.813 0
563.384 43.157 0
548 41 0
556.866 53.2918 0
548 41 0
268 335 0
261.882 339.147 0
268.445 342.008 0
261.882 339.147 0
121 203 0
127.769 190.865 0
119.442 195.216 0
127.769 190.865 0
34.0742 450.406 0
42 446 0
32.1848 443.012 0
42 446 0
319.676 345.828 0
319.947 341.599 0
315.83 343.465 0
319.947 341.599 0
245.368 301.925 0
237.459 296.507 0
236.966 304.108 0
237.459 296.507 0
120 368 0
130 359 0
118.247 359.589 0
130 359 0
205 224 0
213.703 212.402 0
203.793 209.035 0
213.703 212.402 0
522.8 553.914 0
523.208 543.718 0
514.313 549.881 0
523.208 543.718 0
115.294 301.65 0
107 307 0
114.179 311.345 0
107 307 0
546.207 565.67 0
562.904 560.346 0
551.396 555.119 0
562.904 560.346 0
94.3077 315.769 0
84 319 0
94.6433 325.274 0
84 319 0
415 136 0
404 144 0
414.319 146.626 0
404 144 0
448 511 0
450.98 520.046 0
455.789 512.68 0
450.98 520.046 0
372.728 204.946 0
378.761 197.141 0
368.057 198.196 0
378.761 197.141 0
72.0847 49.6235 0
64.8861 43.8233 0
65.0383 54.9623 0
64.8861 43.8233 0
521 195 0
525 188 0
518.847 190.625 0
525 188 0
295.474 130.142 0
284.566 130.09 0
289.644 139.31 0
284.566 130.09 0
116 541 0
126.537 546.22 0
124.948 536.252 0
126.537 546.22 0
21.5442 509.548 0
29.4772 496.06 0
15.8612 498.199 0
29.4772 496.06 0
286.296 217.942 0
288.34 230.67 0
292.901 222.164 0
288.34 230.67 0
123.468 409.225 0
126.983 416.979 0
130.498 410.628 0
126.983 416.979 0
492.63 48.8048 0
488.154 57.5044 0
496.559 58.8654 0
488.154 57.5044 0
290.778 552.634 0
300.588 555.525 0
297.495 543.188 0
300.588 555.525 0
277.2 203.085 0
268.782 197.051 0
268.349 207.062 0
268.782 197.051 0
327.638 554.892 0
325.746 566.81 0
334.375 561.759 0
325.746 566.81 0
333 500 0
336.489 492.832 0
327.658 491.158 0
336.489 492.832 0
539.874 69.0158 0
531.069 73.1078 0
541.818 79.4833 0
531.069 73.1078 0
79.177 555.761 0
87.0876 562.912 0
87.8733 554.7 0
87.0876 562.912 0
225 19 0
213 24 0
221.063 26.4505 0
213 24 0
100.076 87.8162 0
111.5 75.5 0
97.6758 74.7789 0
111.5 75.5 0
362 188 0
352 192 0
359.748 196.148 0
352 192 0
70.3929 542.858 0
62 546 0
68.3715 552.9 0
62 546 0
99 160 0
109 164 0
106.45 158.211 0
109 164 0
77.9078 565.731 0
84.5366 572.446 0
87.0876 562.912 0
84.5366 572.446 0
234 412 0
231.61 416.335 0
237.55 416.549 0
231.61 416.335 0
464 187 0
472 201 0
474.201 183.239 0
472 201 0
467.485 84.2928 0
459.024 93.6403 0
466.56 94.4422 0
459.024 93.6403 0
113.881 401.825 0
110 398 0
107.007 402.81 0
110 398 0
275.831 381.525 0
274.332 390.466 0
282.896 387.098 0
274.332 390.466 0
290.008 392.378 0
288.695 400.513 0
297.239 397.118 0
288.695 400.513 0
24.0484 293.772 0
0 300 0
14.5924 318.505 0
0 300 0
562.904 560.346 0
546.207 565.67 0
563.447 576.18 0
546.207 565.67 0
109 164 0
99 160 0
99.6784 171.071 0
99 160 0
75 575 0
82 582 0
84.5366 572.446 0
82 582 0
325.746 566.81 0
327.638 554.892 0
319.102 558.324 0
327.638 554.892 0
419 363 0
426 357 0
417.769 354.121 0
426 357 0
15.8612 498.199 0
0 500 0
11.8368 516.623 0
0 500 0
419.955 171.306 0
422.836 182.436 0
431.271 174.645 0
422.836 182.436 0
340.667 22.5975 0
331 25 0
336.527 32.3895 0
331 25 0
113 56 0
97 54 0
102.387 64.9338 0
97 54 0
123.468 409.225 0
119 416 0
126.983 416.979 0
119 416 0
302.942 342.57 0
301.649 349.007 0
306.885 346.319 0
301.649 349.007 0
297 427 0
291.854 416.777 0
284.702 426.12 0
291.854 416.777 0
325 103 0
317 95 0
313.643 103.372 0
317 95 0
580 59 0
567.109 57.3662 0
571.453 63.7365 0
567.109 57.3662 0
322 26 0
317 20 0
313.919 26.7708 0
317 20 0
45.9068 30.2306 0
51.089 36.0955 0
53.508 26.2444 0
51.089 36.0955 0
64 536 0
62 546 0
70.3929 542.858 0
62 546 0
375.28 399.763 0
378 410 0
383.62 401.625 0
378 410 0
84.3398 36.6411 0
94 28 0
84.016 26.4363 0
94 28 0
496.516 213.109 0
494.261 203.909 0
486.901 207.373 0
494.261 203.909 0
242.849 143.423 0
237.19 151.245 0
245.188 150.471 0
237.19 151.245 0
192 8 0
183.298 16.51 0
191.29 20.9551 0
183.298 16.51 0
86.6564 265.521 0
79.9391 278.346 0
89.9329 277.172 0
79.9391 278.346 0
414.841 373.749 0
409.725 367.977 0
406.06 375.593 0
409.725 367.977 0
382.851 394.491 0
375.28 399.763 0
383.62 401.625 0
375.28 399.763 0
296 351 0
300 356 0
301.649 349.007 0
300 356 0
112.932 153.798 0
122 155 0
122.75 147.75 0
122 155 0
284.702 426.12 0
272 432 0
281.487 433.563 0
272 432 0
261 493 0
266.172 500.031 0
270.326 494.348 0
266.172 500.031 0
277 373 0
269 376 0
275.831 381.525 0
269 376 0
429 161 0
431.271 174.645 0
440.892 167.763 0
431.271 174.645 0
94.6433 325.274 0
84 319 0
84.8556 330.282 0
84 319 0
296 371 0
297.728 379.769 0
303.92 375.217 0
297.728 379.769 0
53 568 0
62 573 0
62.193 562.331 0
62 573 0
519 34 0
529 24 0
519.769 24.6103 0
529 24 0
451.66 433.579 0
457.026 439.103 0
457.79 431.471 0
457.026 439.103 0
482 573 0
482 583 0
488.495 582.428 0
482 583 0
247.995 156.712 0
255.264 158.229 0
252.199 151.819 0
255.264 158.229 0
268.782 197.051 0
280 194 0
266.616 187.139 0
280 194 0
28.6628 371.942 0
19 362 0
19.6028 374.537 0
19 362 0
75 575 0
84.5366 572.446 0
77.9078 565.731 0
84.5366 572.446 0
317 95 0
325 103 0
329.038 91.5091 0
325 103 0
314 493 0
327.658 491.158 0
323.833 484.356 0
327.658 491.158 0
372.728 204.946 0
378 217 0
380.818 206.218 0
378 217 0
415 136 0
421 136 0
421.619 128.189 0
421 136 0
48 370 0
43.8571 362.266 0
38.7188 370.678 0
43.8571 362.266 0
416 304 0
422.698 311.369 0
426.075 303.89 0
422.698 311.369 0
370.501 184.31 0
363 183 0
366.333 187.896 0
363 183 0
256.079 134.253 0
247.377 135.399 0
252.791 143.133 0
247.377 135.399 0
391.532 311.78 0
403.028 316.958 0
399.473 308.493 0
403.028 316.958 0
500 600 0
509 599 0
499 599 0
509 599 0
535.33 527.628 0
533.394 538.602 0
544.021 537.562 0
533.394 538.602 0
501 584 0
504 580 0
498.667 579.483 0
504 580 0
77.9078 565.731 0
87.0876 562.912 0
79.177 555.761 0
87.0876 562.912 0
290.008 392.378 0
281.702 396.152 0
288.695 400.513 0
281.702 396.152 0
97.9425 518.853 0
104.935 522.194 0
105.403 511.994 0
104.935 522.194 0
268.782 197.051 0
260.05 200.553 0
268.349 207.062 0
260.05 200.553 0
102.901 104.74 0
101.381 119.619 0
109.635 114.611 0
101.381 119.619 0
60.8888 351.296 0
74 344 0
65.7939 338.055 0
74 344 0
494 299 0
483.556 295.857 0
488.319 306.72 0
483.556 295.857 0
99.1629 404.036 0
104 410 0
107.007 402.81 0
104 410 0
443 551 0
432 556 0
441.317 561.897 0
432 556 0
277.636 121.967 0
267.207 119.472 0
269.247 128.241 0
267.207 119.472 0
250 413 0
245.16 400.515 0
240.742 409.213 0
245.16 400.515 0
378.761 197.141 0
371.029 191.372 0
368.057 198.196 0
371.029 191.372 0
159 509 0
178 509 0
164.022 495.239 0
178 509 0
89 74 0
91 78 0
97.6758 74.7789 0
91 78 0
133 138 0
134.897 143.598 0
138.211 140.192 0
134.897 143.598 0
549.937 90.9198 0
537.69 100.079 0
550.223 102.859 0
537.69 100.079 0
148 539 0
143 528 0
135.388 537.088 0
143 528 0
123.955 248.85 0
132.308 251.087 0
129.541 242.479 0
132.308 251.087 0
345.713 346.073 0
344.169 337.276 0
338.786 342.422 0
344.169 337.276 0
250.969 185.504 0
254.866 173.402 0
245.845 177.403 0
254.866 173.402 0
510 581 0
513.654 578.347 0
509.231 577.741 0
513.654 578.347 0
466 102 0
474 93 0
466.56 94.4422 0
474 93 0
218.385 436.751 0
211.206 432.505 0
213.573 439.515 0
211.206 432.505 0
79.177 555.761 0
87.8733 554.7 0
83.69 547.729 0
87.8733 554.7 0
43 294 0
57.1109 281.817 0
39.0771 278.486 0
57.1109 281.817 0
317 20 0
308 18 0
313.919 26.7708 0
308 18 0
101.916 555.275 0
101 548 0
93.1681 549.144 0
101 548 0
92.0916 68.4233 0
102.387 64.9338 0
93.5172 61.1648 0
102.387 64.9338 0
279.006 222.904 0
288.34 230.67 0
286.296 217.942 0
288.34 230.67 0
10 375 0
14.3512 381.742 0
19.6028 374.537 0
14.3512 381.742 0
261.695 299.982 0
269.842 302.686 0
266.537 297.133 0
269.842 302.686 0
235.371 343.701 0
232.527 352.87 0
242.201 350.42 0
232.527 352.87 0
254.6 398.549 0
242 390 0
245.16 400.515 0
242 390 0
237.19 151.245 0
240.521 158.747 0
245.188 150.471 0
240.521 158.747 0
519.542 366.969 0
514 361 0
508.623 365.979 0
514 361 0
265.88 472.45 0
271.668 475.267 0
270.34 469.705 0
271.668 475.267 0
240.521 158.747 0
247.995 156.712 0
245.188 150.471 0
247.995 156.712 0
504 56 0
514 47 0
500.018 49.5319 0
514 47 0
126.998 256.667 0
132.308 251.087 0
123.955 248.85 0
132.308 251.087 0
50.3579 494.294 0
55.1679 503.611 0
59.456 496.985 0
55.1679 503.611 0
209.005 439.057 0
205 443 0
210.35 443.233 0
205 443 0
189 278 0
195.303 283.5 0
198.535 274.907 0
195.303 283.5 0
253 204 0
260 210 0
260.05 200.553 0
260 210 0
290.898 383.8 0
297.728 379.769 0
290.419 375.871 0
297.728 379.769 0
505.962 578.573 0
506.776 574.353 0
502.516 576.135 0
506.776 574.353 0
87.7193 236.151 0
86.5745 244.564 0
93.9971 242.077 0
86.5745 244.564 0
229 337 0
226.232 345.794 0
235.371 343.701 0
226.232 345.794 0
307.347 352.229 0
300 356 0
306.467 357.342 0
300 356 0
80.3767 238.301 0
86.5745 244.564 0
87.7193 236.151 0
86.5745 244.564 0
256.413 343.468 0
250.928 351.806 0
257.419 351.456 0
250.928 351.806 0
251 127 0
242 128 0
247.377 135.399 0
242 128 0
1 181 0
0 200 0
10.4721 192.749 0
0 200 0
257.639 89.1019 0
254 82 0
248.128 87.4204 0
254 82 0
126.998 256.667 0
134.372 258.797 0
132.308 251.087 0
134.372 258.797 0
537 342 0
528 348 0
537.147 352.927 0
528 348 0
548.959 439.249 0
558 441 0
555.454 433.352 0
558 441 0
84.026 220.846 0
81.8485 229.521 0
89.4968 228.716 0
81.8485 229.521 0
232.438 13.5 0
225 19 0
234.287 20.7 0
225 19 0
128.514 379.755 0
142 374 0
130.128 370.189 0
142 374 0
135.388 537.088 0
130.253 527.716 0
124.948 536.252 0
130.253 527.716 0
503 34 0
501 42 0
509.742 37.3961 0
501 42 0
268.678 138.225 0
278.34 139.09 0
276.709 130.821 0
278.34 139.09 0
296 480 0
298 489 0
306.686 485.448 0
298 489 0
478 66 0
468.245 65.6453 0
467.871 73.1159 0
468.245 65.6453 0
440.026 397.946 0
431.173 401.273 0
441.681 409.286 0
431.173 401.273 0
461 476 0
468.808 469.967 0
461.378 467.243 0
468.808 469.967 0
307.283 322.983 0
303 325 0
307.066 328.083 0
303 325 0
82.0303 213.724 0
84.026 220.846 0
89.3459 216.22 0
84.026 220.846 0
305 515 0
307.283 525.971 0
312.975 518.602 0
307.283 525.971 0
121.526 559.939 0
115.774 571.41 0
128.726 576.451 0
115.774 571.41 0
360 424 0
354 432 0
360.551 430.664 0
354 432 0
112.932 153.798 0
111.285 145.395 0
106.618 152.739 0
111.285 145.395 0
195.303 283.5 0
203.9 282.761 0
198.535 274.907 0
203.9 282.761 0
210.35 443.233 0
209.759 447.224 0
213.572 448.146 0
209.759 447.224 0
537 342 0
537.147 352.927 0
547.47 345.323 0
537.147 352.927 0
413 188 0
423 194 0
422.836 182.436 0
423 194 0
537.826 427.056 0
546.393 430.063 0
544.016 417.614 0
546.393 430.063 0
118.047 118.85 0
114 106 0
109.635 114.611 0
114 106 0
301.149 404.541 0
306.052 398.667 0
297.239 397.118 0
306.052 398.667 0
447.238 261.953 0
443.36 267.189 0
448.951 270.202 0
443.36 267.189 0
15.4555 183.333 0
1 181 0
10.4721 192.749 0
1 181 0
497 365 0
506 373 0
508.623 365.979 0
506 373 0
438.057 418.979 0
441.681 409.286 0
431.862 411.076 0
441.681 409.286 0
217.478 111.672 0
229 100 0
217.051 100.616 0
229 100 0
262.609 291.865 0
253.385 296.567 0
261.695 299.982 0
253.385 296.567 0
225 19 0
232 30 0
234.287 20.7 0
232 30 0
108 328 0
112 319 0
102.731 320.269 0
112 319 0
531.498 560.843 0
522.8 553.914 0
519.978 561.307 0
522.8 553.914 0
505 232 0
500 222 0
497.722 229.389 0
500 222 0
33.3333 0 0
31.0622 12 0
38.5561 13.8702 0
31.0622 12 0
109 339 0
108 328 0
100.621 331.828 0
108 328 0
64.6027 447.128 0
57.032 452.383 0
64.4978 453.831 0
57.032 452.383 0
417.967 250.519 0
411.663 260.078 0
422.606 257.055 0
411.663 260.078 0
311.287 335.985 0
306.778 338.487 0
311.259 340.633 0
306.778 338.487 0
67 419 0
61.9925 429.275 0
71.2836 430.911 0
61.9925 429.275 0
21.1203 223.147 0
0 233.333 0
19.3849 243.598 0
0 233.333 0
468.214 580.781 0
466 567 0
454.925 570.33 0
466 567 0
417.967 250.519 0
413.987 241.99 0
408.491 251.061 0
413.987 241.99 0
466 567 0
466 549 0
453.806 557.254 0
466 549 0
217.348 445.183 0
218.385 436.751 0
213.573 439.515 0
218.385 436.751 0
295 564 0
299 573 0
304.888 564.993 0
299 573 0
138.859 135.614 0
138.989 129.31 0
135.194 133.603 0
138.989 129.31 0
537.69 100.079 0
549.937 90.9198 0
538.752 89.1792 0
549.937 90.9198 0
282.976 343.667 0
283 334 0
275.1 338.56 0
283 334 0
191 199 0
192 185 0
182 192 0
192 185 0
448 459 0
443 466 0
451.558 467.106 0
443 466 0
512.62 523.698 0
511.508 538.215 0
523.428 530.762 0
511.508 538.215 0
465.041 59.0713 0
468.158 51.4521 0
458.898 53.194 0
468.158 51.4521 0
479 157 0
491 168 0
492.061 155.974 0
491 168 0
583 453 0
582 443 0
572.78 448.972 0
582 443 0
509.689 483.526 0
499.479 488.046 0
508.059 493.849 0
499.479 488.046 0
170.937 258.712 0
168 248 0
160.725 257.221 0
168 248 0
271.668 475.267 0
275.801 470.268 0
270.34 469.705 0
275.801 470.268 0
455 483 0
461 476 0
454.534 476.835 0
461 476 0
566.667 600 0
600 600 0
582.935 580.336 0
600 600 0
397 414 0
406 402 0
397.336 401.474 0
406 402 0
75.575 420.91 0
67 419 0
71.2836 430.911 0
67 419 0
458 361 0
455 348 0
449.188 354.305 0
455 348 0
253 518 0
263.275 511.79 0
254.532 508.731 0
263.275 511.79 0
239 167 0
248.392 165.11 0
240.521 158.747 0
248.392 165.11 0
404.606 34.4442 0
415 35 0
409.728 22.7822 0
415 35 0
357.342 60.7065 0
371 74 0
371.643 57.7878 0
371 74 0
407 42 0
415 35 0
404.606 34.4442 0
415 35 0
76.3313 222.075 0
74.2377 232.492 0
81.8485 229.521 0
74.2377 232.492 0
73.0576 513.976 0
76.997 502.27 0
65.5791 505.577 0
76.997 502.27 0
208.035 479.785 0
220.677 474.249 0
211.971 469.107 0
220.677 474.249 0
333.339 485.464 0
336.489 492.832 0
343.049 487.457 0
336.489 492.832 0
490 560 0
493.911 569.615 0
501.553 561.054 0
493.911 569.615 0
395.24 298.382 0
399 278 0
384.467 285.711 0
399 278 0
21 194 0
31 193 0
25.2792 186.292 0
31 193 0
105.403 511.994 0
118.796 506.879 0
106.649 502.042 0
118.796 506.879 0
282.976 343.667 0
275.1 338.56 0
274.226 345.968 0
275.1 338.56 0
531 308 0
543.935 320.256 0
543.242 306.852 0
543.935 320.256 0
122.057 423.888 0
114 423 0
117.68 429.247 0
114 423 0
436.245 374.056 0
430 380 0
435.654 380.12 0
430 380 0
62 200 0
73.7581 197.586 0
66.4417 188.023 0
73.7581 197.586 0
254.6 398.549 0
250 413 0
264.547 412.681 0
250 413 0
0 533.333 0
8.99146 542.776 0
13.116 531.956 0
8.99146 542.776 0
452.998 452.413 0
457.279 460.723 0
462.618 454.991 0
457.279 460.723 0
360 203 0
372.728 204.946 0
368.057 198.196 0
372.728 204.946 0
537.147 352.927 0
539.05 363.995 0
545.608 354.888 0
539.05 363.995 0
536 2 0
536 9 0
540.547 5.5 0
536 9 0
470.066 457.027 0
462.618 454.991 0
465.585 462.39 0
462.618 454.991 0
430.954 337.813 0
436.572 332.111 0
430.403 329.849 0
436.572 332.111 0
331 25 0
322 26 0
326.673 33.3923 0
322 26 0
529 24 0
525 13 0
519.769 24.6103 0
525 13 0
600 200 0
584 195 0
588.187 210.765 0
584 195 0
506 212 0
505 203 0
500.444 208.005 0
505 203 0
537.723 506.852 0
526.459 516.103 0
540.232 517.698 0
526.459 516.103 0
284.702 426.12 0
291.854 416.777 0
281.559 414.888 0
291.854 416.777 0
315 356 0
317 357 0
318.465 353.699 0
317 357 0
508 297 0
502.074 303.288 0
510.023 305.779 0
502.074 303.288 0
549.937 90.9198 0
541.818 79.4833 0
538.752 89.1792 0
541.818 79.4833 0
48 370 0
38.7188 370.678 0
42.9297 376.42 0
38.7188 370.678 0
190 70 0
201.325 72.665 0
198.127 62.2454 0
201.325 72.665 0
443.72 83.1734 0
440.713 94.7308 0
451.975 90.6055 0
440.713 94.7308 0
381.142 300.882 0
391.532 311.78 0
395.24 298.382 0
391.532 311.78 0
190.652 44.0878 0
190 56 0
200.495 49.4786 0
190 56 0
444 61 0
454.77 61.4389 0
450.739 55.5651 0
454.77 61.4389 0
505 203 0
510.274 208.106 0
510.921 201.648 0
510.274 208.106 0
10.6634 124.035 0
14.1566 136.256 0
24.2635 129.685 0
14.1566 136.256 0
94.1249 234.392 0
87.7193 236.151 0
93.9971 242.077 0
87.7193 236.151 0
395 179 0
401 184 0
402.599 176.193 0
401 184 0
152 152 0
160.926 148.529 0
154.441 142.914 0
160.926 148.529 0
135.949 274.654 0
125 274 0
127.592 285.129 0
125 274 0
467.403 449.502 0
472.731 443.953 0
465.278 441.951 0
472.731 443.953 0
340 500 0
347.947 502.956 0
346.327 495.153 0
347.947 502.956 0
192 292 0
197.504 293.285 0
195.168 289.168 0
197.504 293.285 0
302 225 0
294.97 215.044 0
292.901 222.164 0
294.97 215.044 0
48 340 0
60.8888 351.296 0
65.7939 338.055 0
60.8888 351.296 0
514.444 209.308 0
515.33 205.132 0
510.274 208.106 0
515.33 205.132 0
61 109 0
59 99 0
53.7886 105.836 0
59 99 0
68 227 0
74.2377 232.492 0
76.3313 222.075 0
74.2377 232.492 0
365.134 192.8 0
359.748 196.148 0
368.057 198.196 0
359.748 196.148 0
156 368 0
142 374 0
151.4 380.089 0
142 374 0
268.582 241.501 0
277.73 242.858 0
275.257 231.811 0
277.73 242.858 0
222.5 262.5 0
207.269 265.132 0
215.883 274.719 0
207.269 265.132 0
53 409 0
48 398 0
45.8668 409.509 0
48 398 0
282.896 387.098 0
274.332 390.466 0
281.702 396.152 0
274.332 390.466 0
27.3243 550.882 0
27 562 0
32.2365 556.445 0
27 562 0
327 185 0
315 176 0
313.867 187.867 0
315 176 0
76.3313 222.075 0
81.8485 229.521 0
84.026 220.846 0
81.8485 229.521 0
457.026 439.103 0
448 440 0
454.423 444.761 0
448 440 0
461.378 467.243 0
451.558 467.106 0
455.885 472.186 0
451.558 467.106 0
442 367 0
436.245 374.056 0
446.044 374.179 0
436.245 374.056 0
582.935 580.336 0
592 567 0
574.457 566.773 0
592 567 0
304 412 0
309 406 0
301.149 404.541 0
309 406 0
485 505 0
497.651 510.801 0
498.239 498.837 0
497.651 510.801 0
295 564 0
304.888 564.993 0
300.588 555.525 0
304.888 564.993 0
552.03 280.814 0
540 276 0
545.687 286.046 0
540 276 0
104 410 0
99.1629 404.036 0
98.696 408.746 0
99.1629 404.036 0
480 446 0
478 439 0
472.731 443.953 0
478 439 0
371 443 0
378.449 446.101 0
373.764 436.583 0
378.449 446.101 0
563 217 0
574.94 220.944 0
571.134 213.428 0
574.94 220.944 0
353 274 0
335 278.5 0
343.736 287.907 0
335 278.5 0
379 498 0
374 510 0
383.214 509.786 0
374 510 0
401.49 16.0464 0
416.667 14.4338 0
412.947 8.01934 0
416.667 14.4338 0
519.691 88.3033 0
530.586 83.4013 0
522.84 77.8609 0
530.586 83.4013 0
430 380 0
436.245 374.056 0
428.765 373.763 0
436.245 374.056 0
471 525 0
466 518 0
462.254 525.961 0
466 518 0
27 447 0
34.0742 450.406 0
32.1848 443.012 0
34.0742 450.406 0
462.39 71.6256 0
468.245 65.6453 0
461.116 65.3935 0
468.245 65.6453 0
64.8861 43.8233 0
58.2469 49.9732 0
65.0383 54.9623 0
58.2469 49.9732 0
515.193 217.192 0
515.976 222.304 0
519.951 219.285 0
515.976 222.304 0
371.029 191.372 0
370.501 184.31 0
366.333 187.896 0
370.501 184.31 0
382 531 0
397.038 530.259 0
390.344 522.974 0
397.038 530.259 0
519.691 88.3033 0
523 100 0
529.944 92.1925 0
523 100 0
516.637 490.513 0
509.689 483.526 0
508.059 493.849 0
509.689 483.526 0
167 1 0
166.667 0 0
151 1 0
166.667 0 0
573 50 0
574 38 0
563.384 43.157 0
574 38 0
236.596 333.308 0
243.101 340.049 0
243.684 332.243 0
243.101 340.049 0
90 49 0
84.3398 36.6411 0
80.8883 45.4577 0
84.3398 36.6411 0
290.898 383.8 0
297.997 388.763 0
297.728 379.769 0
297.997 388.763 0
22.4364 543.435 0
14.4458 546.779 0
19.4139 552.325 0
14.4458 546.779 0
377.532 187.472 0
370.501 184.31 0
371.029 191.372 0
370.501 184.31 0
290.898 383.8 0
290.008 392.378 0
297.997 388.763 0
290.008 392.378 0
431.271 174.645 0
422.836 182.436 0
430.621 185.616 0
422.836 182.436 0
251 127 0
256.079 134.253 0
260.834 126.295 0
256.079 134.253 0
231 439 0
224.805 434.087 0
223.209 441.59 0
224.805 434.087 0
31 193 0
34 185 0
25.2792 186.292 0
34 185 0
130 234 0
129.541 242.479 0
135.489 238.924 0
129.541 242.479 0
152 152 0
156 156 0
160.926 148.529 0
156 156 0
206.318 32.8369 0
202 23 0
194.62 31.9596 0
202 23 0
94 443 0
90 436 0
88 441 0
90 436 0
262 369 0
253 363 0
252.524 373.464 0
253 363 0
224.805 434.087 0
224.836 426.048 0
219.09 429.395 0
224.836 426.048 0
344.931 355.058 0
355 356 0
345.713 346.073 0
355 356 0
459.024 93.6403 0
466 102 0
466.56 94.4422 0
466 102 0
142 443 0
131.53 438.53 0
133.041 446.936 0
131.53 438.53 0
311.387 330.838 0
307.066 328.083 0
307.043 333.211 0
307.066 328.083 0
311.632 325.674 0
311.387 330.838 0
315.869 328.599 0
311.387 330.838 0
135 1 0
129 8 0
135.343 12.8214 0
129 8 0
392 28 0
395.177 37.4621 0
400.845 25.815 0
395.177 37.4621 0
105.807 259.153 0
101.514 248.864 0
96.514 258.235 0
101.514 248.864 0
526.459 516.103 0
535.33 527.628 0
540.232 517.698 0
535.33 527.628 0
74.2377 232.492 0
72.1468 241.075 0
80.3767 238.301 0
72.1468 241.075 0
229 337 0
220 339 0
226.232 345.794 0
220 339 0
307.283 322.983 0
307.066 328.083 0
311.632 325.674 0
307.066 328.083 0
295.474 130.142 0
300.965 122.21 0
290.537 119.751 0
300.965 122.21 0
297 199 0
286 200 0
292.586 206.2 0
286 200 0
304.888 564.993 0
299 573 0
309.009 574.285 0
299 573 0
99 215 0
100 206 0
90.6593 209.151 0
100 206 0
76.4852 257.194 0
73.9997 267.502 0
86.6564 265.521 0
73.9997 267.502 0
304.888 564.993 0
309.009 574.285 0
314.761 566.158 0
309.009 574.285 0
294 316 0
295 309 0
288.125 311.895 0
295 309 0
498.239 498.837 0
497.651 510.801 0
507.282 504.642 0
497.651 510.801 0
300.94 314.108 0
306.931 317.368 0
306.933 312.131 0
306.931 317.368 0
224.919 415.645 0
215 408 0
217.1 422.711 0
215 408 0
465 23 0
472.976 31.041 0
472.887 23.3697 0
472.976 31.041 0
485 505 0
498.239 498.837 0
490.525 493.676 0
498.239 498.837 0
323.752 321.231 0
323.192 312.215 0
316.863 316.817 0
323.192 312.215 0
513 19 0
504.497 17.0007 0
506.109 22.7516 0
504.497 17.0007 0
264 353 0
265 353 0
267.699 348.627 0
265 353 0
511 135 0
500 135 0
504.604 143.397 0
500 135 0
492.63 48.8048 0
486 40 0
485.001 51.2438 0
486 40 0
64.8861 43.8233 0
68.8629 33.5885 0
59.8159 35.265 0
68.8629 33.5885 0
483.556 295.857 0
480 306 0
488.319 306.72 0
480 306 0
491 29 0
486.815 25.1002 0
483.505 32.1263 0
486.815 25.1002 0
235.371 343.701 0
226.232 345.794 0
232.527 352.87 0
226.232 345.794 0
112.862 126.227 0
118.047 118.85 0
109.635 114.611 0
118.047 118.85 0
68 484 0
78.2578 490.846 0
77.7507 477.547 0
78.2578 490.846 0
88.9184 170.257 0
81 159 0
75.0121 167.612 0
81 159 0
84.5527 194.2 0
92.6772 200.578 0
95.9625 189.585 0
92.6772 200.578 0
226 280 0
222.5 262.5 0
215.883 274.719 0
222.5 262.5 0
146 127 0
142 123 0
138.989 129.31 0
142 123 0
445.309 576.399 0
446 589 0
456.281 583.044 0
446 589 0
221.3 221.935 0
229.343 210.633 0
221.243 213.196 0
229.343 210.633 0
45.4673 418.036 0
53 409 0
45.8668 409.509 0
53 409 0
563 393 0
564 382 0
554.072 386.643 0
564 382 0
129.541 242.479 0
132.308 251.087 0
137.379 245.573 0
132.308 251.087 0
101 526 0
102 526 0
104.935 522.194 0
102 526 0
562.884 436.232 0
562 443 0
570.814 440.355 0
562 443 0
270 544 0
283.521 544.079 0
276.992 532.564 0
283.521 544.079 0
141.59 45.2658 0
142 36 0
133.533 40.6068 0
142 36 0
19.3849 243.598 0
0 266.667 0
21.139 271.439 0
0 266.667 0
177 452 0
168 456 0
174.4 463.858 0
168 456 0
0 233.333 0
0 266.667 0
19.3849 243.598 0
0 266.667 0
435 385 0
433.45 392.739 0
440.932 389.206 0
433.45 392.739 0
270 92 0
267.985 102.331 0
279.083 103.712 0
267.985 102.331 0
101.514 248.864 0
100.611 238.136 0
93.9971 242.077 0
100.611 238.136 0
79.177 555.761 0
68.3715 552.9 0
71.5732 560.495 0
68.3715 552.9 0
515 268 0
530 266 0
522.5 260.571 0
530 266 0
43 294 0
39.0771 278.486 0
24.0484 293.772 0
39.0771 278.486 0
94 541 0
86.6906 540.857 0
93.1681 549.144 0
86.6906 540.857 0
114 423 0
110.298 428.29 0
117.68 429.247 0
110.298 428.29 0
326.673 33.3923 0
316.594 34.854 0
321.192 41.5601 0
316.594 34.854 0
314.761 566.158 0
320.072 575.672 0
325.746 566.81 0
320.072 575.672 0
137.23 385.968 0
126.962 393.216 0
137.521 396.715 0
126.962 393.216 0
324.061 339.396 0
323.621 344.107 0
328.173 342.141 0
323.621 344.107 0
27 454 0
26.3426 466.717 0
35.2474 458.47 0
26.3426 466.717 0
340.487 478.666 0
329 478 0
333.339 485.464 0
329 478 0
254.866 173.402 0
248.392 165.11 0
245.845 177.403 0
248.392 165.11 0
179.844 474.775 0
167 475 0
174.515 485.015 0
167 475 0
333.333 0 0
343 8 0
345 1 0
343 8 0
266.172 500.031 0
263.275 511.79 0
273.783 506.056 0
263.275 511.79 0
273.783 506.056 0
263.275 511.79 0
274.968 518.612 0
263.275 511.79 0
133 297 0
127.592 285.129 0
123.009 294.991 0
127.592 285.129 0
535.775 301.434 0
536.331 292.945 0
529.728 298.52 0
536.331 292.945 0
169.5 575.5 0
156 563 0
152.123 581.818 0
156 563 0
390 203 0
385.75 211.5 0
392.35 217.1 0
385.75 211.5 0
472.976 31.041 0
483.505 32.1263 0
478.967 24.0871 0
483.505 32.1263 0
480 446 0
472.731 443.953 0
474.452 451.388 0
472.731 443.953 0
508.506 153.494 0
504.604 143.397 0
498.617 149.842 0
504.604 143.397 0
81 159 0
66 162 0
75.0121 167.612 0
66 162 0
36.3423 168.877 0
42.0496 177.807 0
46.3613 170.876 0
42.0496 177.807 0
437.696 278.846 0
428 277 0
433.884 289.167 0
428 277 0
75.5401 39.8685 0
72.0847 49.6235 0
80.8883 45.4577 0
72.0847 49.6235 0
86.5745 244.564 0
78.7432 247.542 0
86.3195 254.352 0
78.7432 247.542 0
527.002 360.963 0
514 361 0
519.542 366.969 0
514 361 0
486 450 0
480 446 0
480.995 453.72 0
480 446 0
15.6154 205.144 0
21 194 0
10.4721 192.749 0
21 194 0
433.45 392.739 0
431.173 401.273 0
440.026 397.946 0
431.173 401.273 0
402 437 0
390.463 447.371 0
400.866 446.593 0
390.463 447.371 0
457.026 439.103 0
463.533 434.152 0
457.79 431.471 0
463.533 434.152 0
266.172 500.031 0
273.783 506.056 0
270.326 494.348 0
273.783 506.056 0
568 415 0
562.328 426.477 0
571.933 422.512 0
562.328 426.477 0
352 471 0
359.002 480.114 0
368.898 470.692 0
359.002 480.114 0
248.853 327.136 0
254.686 326.329 0
249.19 321.573 0
254.686 326.329 0
73.7581 197.586 0
76.3563 186.271 0
66.4417 188.023 0
76.3563 186.271 0
523.428 530.762 0
533.394 538.602 0
535.33 527.628 0
533.394 538.602 0
338.171 553.696 0
327.638 554.892 0
334.375 561.759 0
327.638 554.892 0
307.066 328.083 0
303 325 0
303.163 330.771 0
303 325 0
474.452 451.388 0
467.403 449.502 0
470.066 457.027 0
467.403 449.502 0
49.9124 268.289 0
56.0204 258.732 0
44.9912 256.415 0
56.0204 258.732 0
120 141 0
120 131 0
113.563 136.218 0
120 131 0
82 19 0
75.1437 19.5492 0
78.7733 24.543 0
75.1437 19.5492 0
284.566 130.09 0
277.636 121.967 0
276.709 130.821 0
277.636 121.967 0
269.842 302.686 0
272 294 0
266.537 297.133 0
272 294 0
102.731 320.269 0
94.3077 315.769 0
94.6433 325.274 0
94.3077 315.769 0
124 24 0
119 31 0
130.292 27 0
119 31 0
505.578 356.416 0
497 365 0
508.623 365.979 0
497 365 0
468.158 51.4521 0
462.474 43.9128 0
458.898 53.194 0
462.474 43.9128 0
33.0528 252.708 0
21.139 271.439 0
37.3765 265.292 0
21.139 271.439 0
314.761 566.158 0
309.009 574.285 0
320.072 575.672 0
309.009 574.285 0
493 190 0
499 184 0
491.741 182.009 0
499 184 0
213 24 0
202 23 0
206.318 32.8369 0
202 23 0
262.756 346.008 0
261.882 339.147 0
256.413 343.468 0
261.882 339.147 0
122.094 518.879 0
112.791 516.79 0
111.886 523.647 0
112.791 516.79 0
76.4852 257.194 0
67.0431 259.179 0
73.9997 267.502 0
67.0431 259.179 0
509.689 483.526 0
502 477 0
499.479 488.046 0
502 477 0
84 319 0
70 321 0
78.7341 326.065 0
70 321 0
113 441 0
121.696 440.453 0
113.534 434.704 0
121.696 440.453 0
404.347 167.943 0
402.599 176.193 0
410.673 173.532 0
402.599 176.193 0
319.676 345.828 0
315.786 347.658 0
319.084 349.886 0
315.786 347.658 0
86.6564 265.521 0
73.9997 267.502 0
79.9391 278.346 0
73.9997 267.502 0
243.764 486.582 0
235.666 490.854 0
242.443 494.536 0
235.666 490.854 0
156 156 0
160.903 168.038 0
167.033 157.898 0
160.903 168.038 0
525 188 0
517 186 0
518.847 190.625 0
517 186 0
330 149 0
340 149 0
336.417 139.294 0
340 149 0
88 307 0
94.3077 315.769 0
95.5769 308.442 0
94.3077 315.769 0
340.487 478.666 0
333.339 485.464 0
343.049 487.457 0
333.339 485.464 0
541.818 79.4833 0
531.069 73.1078 0
530.586 83.4013 0
531.069 73.1078 0
34 35 0
37 42 0
42.2288 36.1946 0
37 42 0
338.746 572.093 0
342.923 561.855 0
334.375 561.759 0
342.923 561.855 0
428.533 566.234 0
425.093 576.032 0
436.576 571.003 0
425.093 576.032 0
98.5482 268.706 0
105.807 259.153 0
96.514 258.235 0
105.807 259.153 0
448 459 0
451.558 467.106 0
457.279 460.723 0
451.558 467.106 0
315.869 328.599 0
315.725 333.791 0
320.098 331.431 0
315.725 333.791 0
216.797 286.358 0
226 280 0
215.883 274.719 0
226 280 0
467.403 449.502 0
465.278 441.951 0
459.669 447.527 0
465.278 441.951 0
16.7861 349.042 0
19 362 0
26.9536 353.511 0
19 362 0
367.636 303.695 0
371.194 289.868 0
356.568 293.277 0
371.194 289.868 0
538.752 89.1792 0
530.586 83.4013 0
529.944 92.1925 0
530.586 83.4013 0
394 545 0
403.688 547.777 0
399.821 538.873 0
403.688 547.777 0
21 194 0
15.4555 183.333 0
10.4721 192.749 0
15.4555 183.333 0
537.69 100.079 0
538.752 89.1792 0
529.944 92.1925 0
538.752 89.1792 0
442 367 0
430 366 0
436.245 374.056 0
430 366 0
425 86 0
416 97 0
429.581 96.606 0
416 97 0
326.673 33.3923 0
322 26 0
316.594 34.854 0
322 26 0
92.2519 526.791 0
83.9339 525.117 0
86.3755 533.679 0
83.9339 525.117 0
353 335 0
348 329 0
344.169 337.276 0
348 329 0
458 76 0
459.012 84.319 0
463.234 78.0157 0
459.012 84.319 0
426 63 0
429.38 60.6201 0
425.618 58.2624 0
429.38 60.6201 0
249.917 196.163 0
259.674 190.9 0
250.969 185.504 0
259.674 190.9 0
80.3767 238.301 0
78.7432 247.542 0
86.5745 244.564 0
78.7432 247.542 0
28.1971 173.087 0
21.7087 168.367 0
22.0083 176.492 0
21.7087 168.367 0
42.2288 36.1946 0
47 45 0
51.089 36.0955 0
47 45 0
133.041 446.936 0
135 456 0
145.5 453.269 0
135 456 0
525 503.667 0
525 494 0
516.464 499.114 0
525 494 0
27 447 0
32.1848 443.012 0
27.037 437.802 0
32.1848 443.012 0
4 101 0
9 93 0
1 97 0
9 93 0
251 127 0
247.377 135.399 0
256.079 134.253 0
247.377 135.399 0
14.3512 381.742 0
10 375 0
7.27025 382.948 0
10 375 0
252.524 373.464 0
253 363 0
242.985 367.787 0
253 363 0
54.7121 435 0
55.7176 443.459 0
63.3543 438.34 0
55.7176 443.459 0
74 307 0
81 300 0
72.6476 296.929 0
81 300 0
474.452 451.388 0
472.731 443.953 0
467.403 449.502 0
472.731 443.953 0
21 569 0
27 562 0
18.2148 560.812 0
27 562 0
90.6593 209.151 0
100 206 0
92.6772 200.578 0
100 206 0
68 227 0
65.4966 235.496 0
74.2377 232.492 0
65.4966 235.496 0
296.84 345.397 0
302.942 342.57 0
298.423 339.411 0
302.942 342.57 0
413.987 241.99 0
403.753 243.502 0
408.491 251.061 0
403.753 243.502 0
170.085 176.998 0
181.411 178.02 0
172.369 168.392 0
181.411 178.02 0
313 298 0
313.079 308.778 0
321.348 301.549 0
313.079 308.778 0
583 122 0
578 112 0
571.117 123.43 0
578 112 0
74.2377 232.492 0
65.4966 235.496 0
72.1468 241.075 0
65.4966 235.496 0
56.0204 258.732 0
52.0684 250.225 0
44.9912 256.415 0
52.0684 250.225 0
124 268 0
125 274 0
129.754 269.511 0
125 274 0
474.201 183.239 0
483.274 177.206 0
478.019 169.267 0
483.274 177.206 0
30 330 0
31 310 0
14.5924 318.505 0
31 310 0
404.347 167.943 0
410.673 173.532 0
412.467 164.933 0
410.673 173.532 0
200.495 49.4786 0
190 56 0
198.127 62.2454 0
190 56 0
424 380 0
430 380 0
428.765 373.763 0
430 380 0
406 49 0
407 42 0
400.808 43.4968 0
407 42 0
73.7581 197.586 0
84.5527 194.2 0
76.3563 186.271 0
84.5527 194.2 0
220 295 0
228 301 0
228.293 291.918 0
228 301 0
522.904 234.139 0
515.336 230.356 0
516.927 237.813 0
515.336 230.356 0
188 299 0
193.491 302.953 0
194.153 297.39 0
193.491 302.953 0
218.385 436.751 0
219.09 429.395 0
211.206 432.505 0
219.09 429.395 0
397 77 0
406 67 0
397.023 62.2478 0
406 67 0
422.686 371.151 0
424 380 0
428.765 373.763 0
424 380 0
242.849 143.423 0
238.838 136.597 0
235.568 143.067 0
238.838 136.597 0
222.608 128.696 0
233 123 0
223.604 117.189 0
233 123 0
248.853 327.136 0
249.19 321.573 0
243.317 323.531 0
249.19 321.573 0
269 376 0
262 369 0
261.244 377.715 0
262 369 0
453.806 557.254 0
441.317 561.897 0
454.925 570.33 0
441.317 561.897 0
515.193 217.192 0
519.951 219.285 0
518.73 215.607 0
519.951 219.285 0
330 149 0
336.417 139.294 0
326.887 138.545 0
336.417 139.294 0
245.16 400.515 0
237 404 0
240.742 409.213 0
237 404 0
345.188 301.319 0
345.043 314.228 0
355.516 305.357 0
345.043 314.228 0
92.2519 526.791 0
97.9425 518.853 0
89.3261 517.35 0
97.9425 518.853 0
368.898 470.692 0
379 476 0
382.101 459.511 0
379 476 0
286 149 0
291 159 0
297.339 150.755 0
291 159 0
207 445 0
207 449 0
209.759 447.224 0
207 449 0
266 273 0
254 280 0
261.82 283.48 0
254 280 0
264.596 111.212 0
267.985 102.331 0
262.145 105.886 0
267.985 102.331 0
430.721 346.924 0
438.234 342.147 0
430.954 337.813 0
438.234 342.147 0
558.632 84.9151 0
566.628 78.5059 0
558.373 74.3611 0
566.628 78.5059 0
301.149 404.541 0
309 406 0
306.052 398.667 0
309 406 0
488.067 456.479 0
486 450 0
480.995 453.72 0
486 450 0
109 243 0
100.611 238.136 0
101.514 248.864 0
100.611 238.136 0
122.094 518.879 0
118.796 506.879 0
112.791 516.79 0
118.796 506.879 0
232 202 0
222 205 0
229.343 210.633 0
222 205 0
510.961 574.73 0
506.776 574.353 0
509.231 577.741 0
506.776 574.353 0
261 493 0
253 494 0
257.663 500.803 0
253 494 0
533.177 549.933 0
522.8 553.914 0
531.498 560.843 0
522.8 553.914 0
121.696 440.453 0
131.53 438.53 0
125.053 432.448 0
131.53 438.53 0
120 368 0
128.514 379.755 0
130.128 370.189 0
128.514 379.755 0
501.342 529.869 0
500 541 0
511.508 538.215 0
500 541 0
439 302 0
442.329 287.034 0
433.884 289.167 0
442.329 287.034 0
320.098 331.431 0
320.04 336.707 0
324.521 334.238 0
320.04 336.707 0
283.317 371.951 0
289 369 0
280.235 366.382 0
289 369 0
539.05 363.995 0
536.732 378.428 0
544.657 371.192 0
536.732 378.428 0
493.809 587.976 0
495.025 582.475 0
488.495 582.428 0
495.025 582.475 0
286 261 0
284 271 0
291.071 267.214 0
284 271 0
62.7226 268.747 0
67.0431 259.179 0
56.0204 258.732 0
67.0431 259.179 0
120 131 0
128 131 0
123.409 125.293 0
128 131 0
402.599 176.193 0
401 184 0
408.224 181.621 0
401 184 0
412 445 0
402 437 0
400.866 446.593 0
402 437 0
59.8159 35.265 0
68.8629 33.5885 0
63.8164 26.9569 0
68.8629 33.5885 0
302 225 0
307 217 0
294.97 215.044 0
307 217 0
242.985 367.787 0
253 363 0
246.29 357.852 0
253 363 0
506 373 0
516 376 0
508.623 365.979 0
516 376 0
572.78 448.972 0
582 443 0
570.814 440.355 0
582 443 0
431 310 0
439 302 0
426.075 303.89 0
439 302 0
549.937 90.9198 0
558.632 84.9151 0
551.721 79.9213 0
558.632 84.9151 0
450.98 520.046 0
445.832 526.734 0
454.258 529.681 0
445.832 526.734 0
206.826 82.7444 0
202 98 0
214.184 90.1047 0
202 98 0
78.7432 247.542 0
72.1468 241.075 0
69.8086 249.887 0
72.1468 241.075 0
539.874 69.0158 0
541.818 79.4833 0
549.846 69.9273 0
541.818 79.4833 0
362.484 491.095 0
354.713 497.481 0
364.858 501.767 0
354.713 497.481 0
68.3715 552.9 0
79.177 555.761 0
75.9535 548.216 0
79.177 555.761 0
76.4852 257.194 0
69.8086 249.887 0
67.0431 259.179 0
69.8086 249.887 0
16 165 0
21.7087 168.367 0
22.196 161.813 0
21.7087 168.367 0
379 314 0
386 322 0
391.532 311.78 0
386 322 0
119 416 0
122.057 423.888 0
126.983 416.979 0
122.057 423.888 0
378.761 197.141 0
372.728 204.946 0
380.818 206.218 0
372.728 204.946 0
501 42 0
492.63 48.8048 0
500.018 49.5319 0
492.63 48.8048 0
78.7432 247.542 0
76.4852 257.194 0
86.3195 254.352 0
76.4852 257.194 0
304.888 564.993 0
314.761 566.158 0
310.57 556.574 0
314.761 566.158 0
311.287 335.985 0
307.043 333.211 0
306.778 338.487 0
307.043 333.211 0
174.4 463.858 0
179.844 474.775 0
184.325 466.482 0
179.844 474.775 0
262 80 0
254 82 0
257.639 89.1019 0
254 82 0
395 179 0
396.264 171.066 0
388.251 173.877 0
396.264 171.066 0
480 446 0
474.452 451.388 0
480.995 453.72 0
474.452 451.388 0
488.154 57.5044 0
492.63 48.8048 0
485.001 51.2438 0
492.63 48.8048 0
318 478 0
304 476 0
306.686 485.448 0
304 476 0
160.725 257.221 0
149.907 253.989 0
153.483 264.384 0
149.907 253.989 0
250.081 309.724 0
245.368 301.925 0
240.729 309.656 0
245.368 301.925 0
73.9997 267.502 0
67.0431 259.179 0
62.7226 268.747 0
67.0431 259.179 0
292.185 107.558 0
303.647 112.753 0
302.882 104.417 0
303.647 112.753 0
370 166 0
369 177 0
375.192 172.899 0
369 177 0
438.234 342.147 0
436.572 332.111 0
430.954 337.813 0
436.572 332.111 0
328 370 0
341 376 0
336.251 365.799 0
341 376 0
102.579 427.287 0
97.2569 433.474 0
104.993 434.529 0
97.2569 433.474 0
111.065 558.865 0
114.415 549.723 0
107.612 551.032 0
114.415 549.723 0
92.2519 526.791 0
89.3261 517.35 0
83.9339 525.117 0
89.3261 517.35 0
548.959 439.249 0
546.393 430.063 0
539.831 436.954 0
546.393 430.063 0
271.818 410.124 0
272.88 399.999 0
264.885 403.144 0
272.88 399.999 0
192.496 355.686 0
196.617 347.215 0
187.474 347.518 0
196.617 347.215 0
448.307 403.383 0
453 395 0
446.559 393.357 0
453 395 0
105.403 511.994 0
104.935 522.194 0
112.791 516.79 0
104.935 522.194 0
311.613 345.006 0
311.259 340.633 0
307.685 342.449 0
311.259 340.633 0
526 252 0
519 252 0
522.5 260.571 0
519 252 0
104 138 0
113.563 136.218 0
112.862 126.227 0
113.563 136.218 0
44 458 0
51 461 0
48.7431 453.934 0
51 461 0
87.8733 554.7 0
87.0876 562.912 0
94.6672 559.661 0
87.0876 562.912 0
233.021 498.454 0
240.811 502.057 0
242.443 494.536 0
240.811 502.057 0
309 406 0
319 404 0
313.152 398.753 0
319 404 0
133.533 40.6068 0
136 31 0
128.404 34.3565 0
136 31 0
150.374 243.812 0
149.907 253.989 0
158.097 248.034 0
149.907 253.989 0
483.511 461.032 0
488.067 456.479 0
480.995 453.72 0
488.067 456.479 0
492.63 48.8048 0
496.559 58.8654 0
500.018 49.5319 0
496.559 58.8654 0
300.588 555.525 0
304.888 564.993 0
310.57 556.574 0
304.888 564.993 0
142 213 0
142 195 0
133.154 205.773 0
142 195 0
149.907 253.989 0
160.725 257.221 0
158.097 248.034 0
160.725 257.221 0
468.808 469.967 0
477 472 0
473.364 464.388 0
477 472 0
200 117 0
194.927 124.617 0
203.842 123.293 0
194.927 124.617 0
194.927 124.617 0
206 130 0
203.842 123.293 0
206 130 0
275.831 381.525 0
267.046 384.412 0
274.332 390.466 0
267.046 384.412 0
73.7581 197.586 0
81.8193 204.052 0
84.5527 194.2 0
81.8193 204.052 0
232.631 481.76 0
219.775 485.395 0
225.678 492.598 0
219.775 485.395 0
306.885 346.319 0
311.613 345.006 0
307.685 342.449 0
311.613 345.006 0
465.041 59.0713 0
473.926 59.1282 0
468.158 51.4521 0
473.926 59.1282 0
146 127 0
138.989 129.31 0
144.397 134.036 0
138.989 129.31 0
568 155 0
577 158 0
576.393 148.156 0
577 158 0
558.373 74.3611 0
566.628 78.5059 0
565.91 68.2933 0
566.628 78.5059 0
522.8 553.914 0
514.313 549.881 0
514.242 558.126 0
514.313 549.881 0
283.904 378.54 0
290.898 383.8 0
290.419 375.871 0
290.898 383.8 0
411 563 0
420.749 560.661 0
414.872 556.442 0
420.749 560.661 0
454.043 543.018 0
466 549 0
463.926 534.277 0
466 549 0
400 0 0
401.49 16.0464 0
412.947 8.01934 0
401.49 16.0464 0
515.336 230.356 0
510.091 236.484 0
516.927 237.813 0
510.091 236.484 0
402 437 0
412 445 0
410.02 433.632 0
412 445 0
190 429 0
187 441 0
195.505 438.82 0
187 441 0
80.3767 238.301 0
72.1468 241.075 0
78.7432 247.542 0
72.1468 241.075 0
450.672 503.371 0
453 497 0
447.181 495.538 0
453 497 0
502.074 303.288 0
494 299 0
495.541 308.744 0
494 299 0
31 310 0
43 294 0
24.0484 293.772 0
43 294 0
353 566 0
351 556 0
342.923 561.855 0
351 556 0
479 157 0
466.451 169.008 0
478.019 169.267 0
466.451 169.008 0
267.985 102.331 0
272.897 112.057 0
279.083 103.712 0
272.897 112.057 0
432 556 0
430 547 0
422.611 553.549 0
430 547 0
525 503.667 0
515.901 509.769 0
526.459 516.103 0
515.901 509.769 0
78.7432 247.542 0
69.8086 249.887 0
76.4852 257.194 0
69.8086 249.887 0
77.9831 31.4337 0
72.0333 25.9633 0
68.8629 33.5885 0
72.0333 25.9633 0
379 476 0
368.898 470.692 0
370.266 485.004 0
368.898 470.692 0
101.381 119.619 0
102.901 104.74 0
92.2249 109.477 0
102.901 104.74 0
60.3972 18.2188 0
67.7593 10.2177 0
55.5444 8.62685 0
67.7593 10.2177 0
68.8629 33.5885 0
72.0333 25.9633 0
63.8164 26.9569 0
72.0333 25.9633 0
516 376 0
519.542 366.969 0
508.623 365.979 0
519.542 366.969 0
79.9391 278.346 0
73.9997 267.502 0
69.2882 276.816 0
73.9997 267.502 0
411 54 0
406 49 0
404.78 58.2033 0
406 49 0
468.158 51.4521 0
473.926 59.1282 0
477.482 49.4609 0
473.926 59.1282 0
215.946 34.9463 0
232 30 0
221.063 26.4505 0
232 30 0
343 587 0
333.333 600 0
342 599 0
333.333 600 0
514 47 0
519 34 0
509.742 37.3961 0
519 34 0
275.831 381.525 0
269 376 0
267.046 384.412 0
269 376 0
562.328 426.477 0
555.111 415.21 0
552.66 424.543 0
555.111 415.21 0
286 200 0
280 194 0
277.2 203.085 0
280 194 0
512.084 211.72 0
515.73 213.03 0
514.444 209.308 0
515.73 213.03 0
232 30 0
241 24 0
234.287 20.7 0
241 24 0
508.059 493.849 0
499.479 488.046 0
498.239 498.837 0
499.479 488.046 0
514.444 209.308 0
515.73 213.03 0
517.773 209.399 0
515.73 213.03 0
371.194 289.868 0
371.818 274.284 0
363.145 282.857 0
371.818 274.284 0
235.666 490.854 0
232.631 481.76 0
225.678 492.598 0
232.631 481.76 0
297.728 379.769 0
297.997 388.763 0
306.351 384.178 0
297.997 388.763 0
123.468 409.225 0
130.498 410.628 0
129.985 403.082 0
130.498 410.628 0
515 197 0
509 195 0
510.921 201.648 0
509 195 0
250.081 309.724 0
240.729 309.656 0
245.934 316.251 0
240.729 309.656 0
440.026 397.946 0
441.681 409.286 0
448.307 403.383 0
441.681 409.286 0
72.1468 241.075 0
65.4966 235.496 0
64.3387 243.631 0
65.4966 235.496 0
291 346 0
293.63 341.524 0
289.268 340.532 0
293.63 341.524 0
272 432 0
284.702 426.12 0
273.977 419.266 0
284.702 426.12 0
297.495 543.188 0
300.588 555.525 0
306.789 547.79 0
300.588 555.525 0
468.245 65.6453 0
465.041 59.0713 0
461.116 65.3935 0
465.041 59.0713 0
126.983 416.979 0
122.057 423.888 0
129.813 424.956 0
122.057 423.888 0
267.046 384.412 0
269 376 0
261.244 377.715 0
269 376 0
27.2953 166.006 0
21.7087 168.367 0
28.1971 173.087 0
21.7087 168.367 0
207.269 265.132 0
222.5 262.5 0
214.272 255.079 0
222.5 262.5 0
359 143 0
351 151 0
366.56 152.489 0
351 151 0
250.969 185.504 0
259.674 190.9 0
259.622 181.747 0
259.674 190.9 0
81.8193 204.052 0
92.6772 200.578 0
84.5527 194.2 0
92.6772 200.578 0
68 484 0
67.1753 494.443 0
78.2578 490.846 0
67.1753 494.443 0
312 505 0
314 493 0
306.078 496.69 0
314 493 0
101 526 0
97.9425 518.853 0
92.2519 526.791 0
97.9425 518.853 0
411 351 0
411 358 0
417.769 354.121 0
411 358 0
272 294 0
270 286 0
262.609 291.865 0
270 286 0
472.194 284.527 0
469 291 0
477.523 290.711 0
469 291 0
102.425 579.159 0
100 600 0
116.138 586.491 0
100 600 0
59 99 0
61 109 0
65.25 104 0
61 109 0
75 575 0
77.9078 565.731 0
69.5529 567.405 0
77.9078 565.731 0
375.28 399.763 0
382.851 394.491 0
375.197 389.942 0
382.851 394.491 0
472.454 476.689 0
477 472 0
468.808 469.967 0
477 472 0
525 503.667 0
526.459 516.103 0
537.723 506.852 0
526.459 516.103 0
536.331 292.945 0
545.687 286.046 0
534.606 285.364 0
545.687 286.046 0
369 177 0
370.501 184.31 0
376.409 179.79 0
370.501 184.31 0
419 118 0
432 110 0
424.145 105.401 0
432 110 0
38 551 0
27.3243 550.882 0
32.2365 556.445 0
27.3243 550.882 0
297.997 388.763 0
290.008 392.378 0
297.239 397.118 0
290.008 392.378 0
93.4388 250.357 0
101.514 248.864 0
93.9971 242.077 0
101.514 248.864 0
545 527 0
535.33 527.628 0
544.021 537.562 0
535.33 527.628 0
37 562 0
38 551 0
32.2365 556.445 0
38 551 0
489 219 0
500 222 0
496.516 213.109 0
500 222 0
34 35 0
42.2288 36.1946 0
38.7805 28.5241 0
42.2288 36.1946 0
253 363 0
250.928 351.806 0
246.29 357.852 0
250.928 351.806 0
288.695 400.513 0
281.702 396.152 0
280.616 405.293 0
281.702 396.152 0
160.903 168.038 0
170.085 176.998 0
172.369 168.392 0
170.085 176.998 0
232.527 352.87 0
226.232 345.794 0
223.261 354.959 0
226.232 345.794 0
342.923 561.855 0
338.171 553.696 0
334.375 561.759 0
338.171 553.696 0
516.464 499.114 0
516.637 490.513 0
508.059 493.849 0
516.637 490.513 0
34 185 0
42.0496 177.807 0
34.2662 176.5 0
42.0496 177.807 0
238.838 136.597 0
242 128 0
233.099 130.686 0
242 128 0
345.188 301.319 0
356.568 293.277 0
343.736 287.907 0
356.568 293.277 0
298 489 0
306.078 496.69 0
306.686 485.448 0
306.078 496.69 0
420.749 560.661 0
418.417 569.746 0
428.533 566.234 0
418.417 569.746 0
272.897 112.057 0
267.207 119.472 0
277.636 121.967 0
267.207 119.472 0
374 510 0
383 519 0
383.214 509.786 0
383 519 0
233.979 505.798 0
242 507 0
240.811 502.057 0
242 507 0
402 219 0
398 231 0
404.689 228.049 0
398 231 0
277.73 242.858 0
276 252 0
284.393 248.802 0
276 252 0
465.278 441.951 0
463.533 434.152 0
457.026 439.103 0
463.533 434.152 0
24.0484 293.772 0
39.0771 278.486 0
21.139 271.439 0
39.0771 278.486 0
361 518 0
356.443 506.698 0
350.408 511.687 0
356.443 506.698 0
515.888 80.7194 0
519.691 88.3033 0
522.84 77.8609 0
519.691 88.3033 0
353.869 51.1508 0
356.362 43.1764 0
347.527 43.7533 0
356.362 43.1764 0
29.1867 26.424 0
38.7805 28.5241 0
34.8544 20.4073 0
38.7805 28.5241 0
396.264 171.066 0
402.599 176.193 0
404.347 167.943 0
402.599 176.193 0
194.62 31.9596 0
190.652 44.0878 0
199.903 40.0858 0
190.652 44.0878 0
228 146 0
235.568 143.067 0
230.961 138.069 0
235.568 143.067 0
213.703 212.402 0
209 201 0
203.793 209.035 0
209 201 0
419 363 0
411 358 0
409.725 367.977 0
411 358 0
371 74 0
384.573 63.0829 0
371.643 57.7878 0
384.573 63.0829 0
95.9625 189.585 0
95.3292 179.405 0
86.2962 183.615 0
95.3292 179.405 0
420 20 0
427 10 0
416.667 14.4338 0
427 10 0
504.497 17.0007 0
498.004 13.438 0
499.761 21.145 0
498.004 13.438 0
435 385 0
440.932 389.206 0
441.372 381.423 0
440.932 389.206 0
398 231 0
407.96 233.95 0
404.689 228.049 0
407.96 233.95 0
99 215 0
90.6593 209.151 0
89.3459 216.22 0
90.6593 209.151 0
328.932 40.8597 0
326.673 33.3923 0
321.192 41.5601 0
326.673 33.3923 0
217.348 445.183 0
210.35 443.233 0
213.572 448.146 0
210.35 443.233 0
69.8086 249.887 0
72.1468 241.075 0
64.3387 243.631 0
72.1468 241.075 0
307.283 322.983 0
311.632 325.674 0
311.879 320.146 0
311.632 325.674 0
337.409 46.5331 0
336 62 0
346.402 56.4663 0
336 62 0
482.289 491.535 0
487.869 484.215 0
475.802 483.479 0
487.869 484.215 0
411.663 260.078 0
424 266 0
422.606 257.055 0
424 266 0
376.409 179.79 0
370.501 184.31 0
377.532 187.472 0
370.501 184.31 0
314.761 566.158 0
325.746 566.81 0
319.102 558.324 0
325.746 566.81 0
560 96 0
549.937 90.9198 0
550.223 102.859 0
549.937 90.9198 0
90.6593 209.151 0
92.6772 200.578 0
81.8193 204.052 0
92.6772 200.578 0
491 168 0
479 157 0
478.019 169.267 0
479 157 0
59 99 0
53 98 0
53.7886 105.836 0
53 98 0
3 150 0
10.4987 149.436 0
7.22583 143.679 0
10.4987 149.436 0
302 189 0
297 199 0
307.641 199.128 0
297 199 0
333 123 0
328 118 0
322.392 121.556 0
328 118 0
128.876 263.571 0
135.794 266.588 0
134.372 258.797 0
135.794 266.588 0
170.937 258.712 0
160.725 257.221 0
165.261 266.531 0
160.725 257.221 0
50 385 0
48 398 0
56.25 393.75 0
48 398 0
376.409 179.79 0
377.532 187.472 0
384.854 181.303 0
377.532 187.472 0
383 519 0
382 531 0
390.344 522.974 0
382 531 0
87.0876 562.912 0
84.5366 572.446 0
93.995 569.841 0
84.5366 572.446 0
390 203 0
378.761 197.141 0
380.818 206.218 0
378.761 197.141 0
281.702 396.152 0
274.332 390.466 0
272.88 399.999 0
274.332 390.466 0
268 335 0
268.445 342.008 0
275.1 338.56 0
268.445 342.008 0
72.0333 25.9633 0
75.1437 19.5492 0
67.8277 19.8537 0
75.1437 19.5492 0
378 217 0
385.75 211.5 0
380.818 206.218 0
385.75 211.5 0
202.963 468.075 0
193.094 474.857 0
208.035 479.785 0
193.094 474.857 0
414 327 0
418.483 323.143 0
412.016 320.695 0
418.483 323.143 0
123.955 248.85 0
114.533 250.542 0
120.489 255.411 0
114.533 250.542 0
510.575 28.5298 0
519 34 0
519.769 24.6103 0
519 34 0
378.761 197.141 0
377.532 187.472 0
371.029 191.372 0
377.532 187.472 0
442 501 0
448 511 0
450.672 503.371 0
448 511 0
195 334 0
194 327 0
188.465 331.886 0
194 327 0
253.385 296.567 0
255.433 304.433 0
261.695 299.982 0
255.433 304.433 0
260 245 0
266 251 0
268.582 241.501 0
266 251 0
288.966 408.248 0
295.917 409.056 0
294.764 403.436 0
295.917 409.056 0
315.83 343.465 0
319.947 341.599 0
315.669 338.694 0
319.947 341.599 0
110.298 428.29 0
102.579 427.287 0
104.993 434.529 0
102.579 427.287 0
344.169 337.276 0
339.31 330.151 0
337.556 336.369 0
339.31 330.151 0
120 141 0
111.285 145.395 0
122.75 147.75 0
111.285 145.395 0
390.463 447.371 0
399 457 0
400.866 446.593 0
399 457 0
92.6772 200.578 0
100 206 0
100.502 197.876 0
100 206 0
434.828 429.266 0
438.057 418.979 0
426.449 418.498 0
438.057 418.979 0
75 373 0
70 381.5 0
81.1632 382.232 0
70 381.5 0
75.5401 39.8685 0
68.8629 33.5885 0
64.8861 43.8233 0
68.8629 33.5885 0
68.4521 176.007 0
56 170 0
60.024 180.139 0
56 170 0
287 510 0
280 498 0
273.783 506.056 0
280 498 0
30 330 0
14.5924 318.505 0
16.3975 336.626 0
14.5924 318.505 0
354.713 497.481 0
347.947 502.956 0
356.443 506.698 0
347.947 502.956 0
408.107 305.225 0
395.24 298.382 0
399.473 308.493 0
395.24 298.382 0
61 109 0
53.7886 105.836 0
49.3772 116.008 0
53.7886 105.836 0
187.862 339.724 0
180 344 0
187.474 347.518 0
180 344 0
395 179 0
402.599 176.193 0
396.264 171.066 0
402.599 176.193 0
33.3333 0 0
25 5 0
31.0622 12 0
25 5 0
176 276 0
180 279 0
182.742 273.267 0
180 279 0
37 413 0
37 424 0
45.4673 418.036 0
37 424 0
527.015 291.831 0
536.331 292.945 0
534.606 285.364 0
536.331 292.945 0
72.0847 49.6235 0
80.0501 53.3384 0
80.8883 45.4577 0
80.0501 53.3384 0
191.29 20.9551 0
183.298 16.51 0
184.371 25.4299 0
183.298 16.51 0
431.398 259.678 0
428 249 0
422.606 257.055 0
428 249 0
260.05 200.553 0
260 210 0
268.349 207.062 0
260 210 0
286 200 0
283.925 209.11 0
292.586 206.2 0
283.925 209.11 0
480 480 0
472.454 476.689 0
475.802 483.479 0
472.454 476.689 0
27.3243 550.882 0
32 541 0
22.4364 543.435 0
32 541 0
16.6713 152.16 0
9 156 0
17.171 158.181 0
9 156 0
407.96 233.95 0
403.753 243.502 0
413.987 241.99 0
403.753 243.502 0
184.567 486.012 0
174.515 485.015 0
177.731 495.184 0
174.515 485.015 0
576 207 0
571.134 213.428 0
580.287 215.135 0
571.134 213.428 0
274 482 0
271.668 475.267 0
269.803 478.592 0
271.668 475.267 0
268.872 218.827 0
279.006 222.904 0
276.254 213.009 0
279.006 222.904 0
42.0496 177.807 0
52.4147 178.694 0
46.3613 170.876 0
52.4147 178.694 0
528 304 0
535.775 301.434 0
529.728 298.52 0
535.775 301.434 0
388.251 173.877 0
389.613 164.643 0
380.546 168.058 0
389.613 164.643 0
410.673 173.532 0
402.599 176.193 0
408.224 181.621 0
402.599 176.193 0
100.076 87.8162 0
92 99 0
102.901 104.74 0
92 99 0
363 366 0
355 356 0
354.708 368.501 0
355 356 0
593 128 0
583 122 0
578.808 133.749 0
583 122 0
403.753 243.502 0
390 243 0
396.167 256.082 0
390 243 0
448 459 0
457.279 460.723 0
452.998 452.413 0
457.279 460.723 0
245.368 301.925 0
255.433 304.433 0
253.385 296.567 0
255.433 304.433 0
243.317 323.531 0
235.712 318.878 0
238.062 326.792 0
235.712 318.878 0
72.0333 25.9633 0
67.8277 19.8537 0
63.8164 26.9569 0
67.8277 19.8537 0
68 227 0
61 229 0
65.4966 235.496 0
61 229 0
469 428 0
467 422 0
461.04 425.784 0
467 422 0
188 299 0
184 305 0
193.491 302.953 0
184 305 0
265 353 0
271.77 351.778 0
267.699 348.627 0
271.77 351.778 0
400 508 0
392 507 0
394.794 511.748 0
392 507 0
365 395 0
375.28 399.763 0
375.197 389.942 0
375.28 399.763 0
63.3543 438.34 0
71.8611 442.287 0
71.2836 430.911 0
71.8611 442.287 0
536.732 378.428 0
539.05 363.995 0
527.665 369.271 0
539.05 363.995 0
96 300 0
88 307 0
95.5769 308.442 0
88 307 0
192.952 463.125 0
183.888 458.274 0
184.325 466.482 0
183.888 458.274 0
337.288 357.837 0
344.5 365.824 0
344.931 355.058 0
344.5 365.824 0
224.836 426.048 0
232 431 0
231.91 423.132 0
232 431 0
28.6628 371.942 0
38.7188 370.678 0
34.2473 361.805 0
38.7188 370.678 0
323.752 321.231 0
331.53 316.654 0
323.192 312.215 0
331.53 316.654 0
126.537 546.22 0
121.526 559.939 0
133.67 558.437 0
121.526 559.939 0
523.999 580.188 0
515.984 573.066 0
513.654 578.347 0
515.984 573.066 0
513 245 0
523.305 243.086 0
516.927 237.813 0
523.305 243.086 0
412.467 164.933 0
410.673 173.532 0
419.955 171.306 0
410.673 173.532 0
483.505 32.1263 0
472.976 31.041 0
477.954 37.4063 0
472.976 31.041 0
269.247 128.241 0
263.361 133.143 0
268.678 138.225 0
263.361 133.143 0
38.7805 28.5241 0
42.2288 36.1946 0
45.9068 30.2306 0
42.2288 36.1946 0
457 264 0
454 250 0
447.238 261.953 0
454 250 0
260 332 0
254.686 326.329 0
252.797 332.855 0
254.686 326.329 0
408.224 181.621 0
401 184 0
407.245 188.924 0
401 184 0
148 539 0
135.388 537.088 0
137.954 546.998 0
135.388 537.088 0
283.925 209.11 0
277.2 203.085 0
276.254 213.009 0
277.2 203.085 0
76.4852 257.194 0
86.6564 265.521 0
86.3195 254.352 0
86.6564 265.521 0
521 68 0
515 67 0
517.013 73.4203 0
515 67 0
207 344 0
196.617 347.215 0
206.199 352.268 0
196.617 347.215 0
485 505 0
490.525 493.676 0
482.289 491.535 0
490.525 493.676 0
406 556 0
411 563 0
414.872 556.442 0
411 563 0
54.7121 435 0
63.3543 438.34 0
61.9925 429.275 0
63.3543 438.34 0
310 288 0
313 298 0
318.054 292.598 0
313 298 0
446.044 374.179 0
441.372 381.423 0
447.612 383.206 0
441.372 381.423 0
282.434 113.329 0
292.185 107.558 0
279.083 103.712 0
292.185 107.558 0
483.511 461.032 0
491 463 0
488.067 456.479 0
491 463 0
213 24 0
206.318 32.8369 0
215.946 34.9463 0
206.318 32.8369 0
118.796 506.879 0
122.094 518.879 0
130.271 510.117 0
122.094 518.879 0
210.35 443.233 0
217.348 445.183 0
213.573 439.515 0
217.348 445.183 0
483.511 461.032 0
476.987 458.915 0
479.515 465.673 0
476.987 458.915 0
465 23 0
461 32 0
472.976 31.041 0
461 32 0
255.433 304.433 0
262 307 0
261.695 299.982 0
262 307 0
49.9124 268.289 0
62.7226 268.747 0
56.0204 258.732 0
62.7226 268.747 0
520.362 212.525 0
523 207 0
517.773 209.399 0
523 207 0
327.658 491.158 0
336.489 492.832 0
333.339 485.464 0
336.489 492.832 0
404.347 167.943 0
412.467 164.933 0
405.665 156.749 0
412.467 164.933 0
455.789 512.68 0
450.98 520.046 0
457.856 521.274 0
450.98 520.046 0
242 285 0
237.459 296.507 0
245.711 293.502 0
237.459 296.507 0
297 523 0
292.09 534.235 0
300.571 531.363 0
292.09 534.235 0
311.287 335.985 0
311.387 330.838 0
307.043 333.211 0
311.387 330.838 0
269.247 128.241 0
260.834 126.295 0
263.361 133.143 0
260.834 126.295 0
132.308 251.087 0
134.372 258.797 0
140.142 253.302 0
134.372 258.797 0
78.7733 24.543 0
72.0333 25.9633 0
77.9831 31.4337 0
72.0333 25.9633 0
112 405 0
115 405 0
113.881 401.825 0
115 405 0
539.831 436.954 0
534.776 444.403 0
542.713 443.721 0
534.776 444.403 0
531.069 73.1078 0
521 68 0
522.84 77.8609 0
521 68 0
319.084 349.886 0
315.786 347.658 0
315.567 352.245 0
315.786 347.658 0
371 443 0
371 453 0
378.449 446.101 0
371 453 0
21 569 0
18.2148 560.812 0
11.7561 567.359 0
18.2148 560.812 0
468.158 51.4521 0
477.482 49.4609 0
472.185 42.6143 0
477.482 49.4609 0
77.9831 31.4337 0
68.8629 33.5885 0
75.5401 39.8685 0
68.8629 33.5885 0
300.588 555.525 0
310.57 556.574 0
306.789 547.79 0
310.57 556.574 0
130 359 0
120 368 0
130.128 370.189 0
120 368 0
338.88 349.916 0
345.713 346.073 0
338.786 342.422 0
345.713 346.073 0
140.142 253.302 0
142.906 261.689 0
149.907 253.989 0
142.906 261.689 0
466 518 0
455.789 512.68 0
457.856 521.274 0
455.789 512.68 0
121.526 559.939 0
114.415 549.723 0
111.065 558.865 0
114.415 549.723 0
525 503.667 0
516.464 499.114 0
515.901 509.769 0
516.464 499.114 0
508.059 493.849 0
498.239 498.837 0
507.282 504.642 0
498.239 498.837 0
308.046 537.694 0
307.283 525.971 0
300.571 531.363 0
307.283 525.971 0
325.096 328.312 0
331.787 325.062 0
323.752 321.231 0
331.787 325.062 0
110.298 428.29 0
108 422 0
102.579 427.287 0
108 422 0
77.7507 477.547 0
78.2578 490.846 0
88.3361 487.86 0
78.2578 490.846 0
534 331 0
537 342 0
543.281 334.516 0
537 342 0
101.381 119.619 0
112.862 126.227 0
109.635 114.611 0
112.862 126.227 0
128 131 0
131 122 0
123.409 125.293 0
131 122 0
114 423 0
108 422 0
110.298 428.29 0
108 422 0
95.9625 189.585 0
92.6772 200.578 0
100.502 197.876 0
92.6772 200.578 0
77.9078 565.731 0
79.177 555.761 0
71.5732 560.495 0
79.177 555.761 0
483.505 32.1263 0
486.815 25.1002 0
478.967 24.0871 0
486.815 25.1002 0
436 87 0
425 86 0
429.581 96.606 0
425 86 0
252.797 332.855 0
254.686 326.329 0
248.853 327.136 0
254.686 326.329 0
395.24 298.382 0
391.532 311.78 0
399.473 308.493 0
391.532 311.78 0
133.123 130.089 0
132 135 0
135.194 133.603 0
132 135 0
136 31 0
136 23 0
130.292 27 0
136 23 0
76.3563 186.271 0
84.5527 194.2 0
86.2962 183.615 0
84.5527 194.2 0
104 138 0
101 148 0
111.285 145.395 0
101 148 0
242.201 350.42 0
232.527 352.87 0
238.908 358.067 0
232.527 352.87 0
129 144 0
120 141 0
122.75 147.75 0
120 141 0
338.786 342.422 0
344.169 337.276 0
337.556 336.369 0
344.169 337.276 0
95.9625 189.585 0
100.502 197.876 0
106.376 192.379 0
100.502 197.876 0
539.831 436.954 0
537.826 427.056 0
529.421 434.635 0
537.826 427.056 0
325.096 328.312 0
323.752 321.231 0
320.401 326.35 0
323.752 321.231 0
68 484 0
59 487 0
67.1753 494.443 0
59 487 0
511 87 0
514 95 0
519.691 88.3033 0
514 95 0
255.648 385.697 0
267.046 384.412 0
261.244 377.715 0
267.046 384.412 0
507 469 0
513 474 0
515.616 466.856 0
513 474 0
434 582 0
445.309 576.399 0
436.576 571.003 0
445.309 576.399 0
0 200 0
15.6154 205.144 0
10.4721 192.749 0
15.6154 205.144 0
252.199 151.819 0
255.264 158.229 0
260.533 152.42 0
255.264 158.229 0
62.193 562.331 0
62 573 0
69.5529 567.405 0
62 573 0
10.4987 149.436 0
9 156 0
16.6713 152.16 0
9 156 0
221.3 221.935 0
235 218 0
229.343 210.633 0
235 218 0
202.963 468.075 0
201 459 0
192.952 463.125 0
201 459 0
486.815 25.1002 0
483.454 18.4015 0
478.967 24.0871 0
483.454 18.4015 0
425.093 576.032 0
434 582 0
436.576 571.003 0
434 582 0
246 507 0
254.532 508.731 0
250.974 504.456 0
254.532 508.731 0
440.026 397.946 0
448.307 403.383 0
446.559 393.357 0
448.307 403.383 0
364 41 0
359 36 0
356.362 43.1764 0
359 36 0
364.858 501.767 0
354.713 497.481 0
356.443 506.698 0
354.713 497.481 0
378.802 158.446 0
389.613 164.643 0
391.622 155.154 0
389.613 164.643 0
77 13 0
67.7593 10.2177 0
71.4949 15.1637 0
67.7593 10.2177 0
250.081 309.724 0
255.433 304.433 0
245.368 301.925 0
255.433 304.433 0
426.449 418.498 0
438.057 418.979 0
431.862 411.076 0
438.057 418.979 0
467.403 449.502 0
459.669 447.527 0
462.618 454.991 0
459.669 447.527 0
431 125 0
419 118 0
421.619 128.189 0
419 118 0
437 269 0
437.696 278.846 0
442.901 272.736 0
437.696 278.846 0
84.5527 194.2 0
95.9625 189.585 0
86.2962 183.615 0
95.9625 189.585 0
558.373 74.3611 0
565.91 68.2933 0
557.343 63.8187 0
565.91 68.2933 0
88.236 407.165 0
93.7153 408.9 0
92.6946 402.833 0
93.7153 408.9 0
320.072 575.672 0
309.009 574.285 0
313.401 582.122 0
309.009 574.285 0
147.17 391.565 0
137.23 385.968 0
137.521 396.715 0
137.23 385.968 0
63.8164 26.9569 0
67.8277 19.8537 0
60.3972 18.2188 0
67.8277 19.8537 0
555 460 0
553.452 467.545 0
560.954 464.374 0
553.452 467.545 0
297.239 397.118 0
306.052 398.667 0
304.152 391.919 0
306.052 398.667 0
252.524 373.464 0
242.985 367.787 0
244.432 377.59 0
242.985 367.787 0
459.669 447.527 0
465.278 441.951 0
457.026 439.103 0
465.278 441.951 0
509 442 0
497 443 0
507.611 452.399 0
497 443 0
331 25 0
326.673 33.3923 0
336.527 32.3895 0
326.673 33.3923 0
412.016 320.695 0
418.483 323.143 0
417.622 316.556 0
418.483 323.143 0
422 154 0
414.319 146.626 0
414.892 156.767 0
414.319 146.626 0
390.502 397.777 0
382.851 394.491 0
383.62 401.625 0
382.851 394.491 0
557.343 63.8187 0
565.91 68.2933 0
567.109 57.3662 0
565.91 68.2933 0
417.769 354.121 0
426 357 0
423.511 348.59 0
426 357 0
447.499 278.446 0
437.696 278.846 0
442.329 287.034 0
437.696 278.846 0
543.935 320.256 0
556 307 0
543.242 306.852 0
556 307 0
327 185 0
313.867 187.867 0
319.562 198.785 0
313.867 187.867 0
302.968 582.294 0
292 587 0
311.503 589.501 0
292 587 0
241 17 0
246 12 0
241.154 8.7 0
246 12 0
153 398 0
147.17 391.565 0
145.196 401.828 0
147.17 391.565 0
345.043 314.228 0
360 317 0
355.516 305.357 0
360 317 0
277.2 203.085 0
268.349 207.062 0
276.254 213.009 0
268.349 207.062 0
184.371 25.4299 0
183.298 16.51 0
173.797 20.986 0
183.298 16.51 0
284.702 426.12 0
281.559 414.888 0
273.977 419.266 0
281.559 414.888 0
306 129 0
300.965 122.21 0
295.474 130.142 0
300.965 122.21 0
590.76 183.13 0
599 173 0
591.752 173.426 0
599 173 0
324.061 339.396 0
328.173 342.141 0
328.56 337.253 0
328.173 342.141 0
228 513 0
233.979 505.798 0
222.755 503.572 0
233.979 505.798 0
448 511 0
455.789 512.68 0
450.672 503.371 0
455.789 512.68 0
445 436 0
451.66 433.579 0
445.619 427.371 0
451.66 433.579 0
265.324 393.849 0
267.046 384.412 0
255.648 385.697 0
267.046 384.412 0
274.332 390.466 0
267.046 384.412 0
265.324 393.849 0
267.046 384.412 0
146.174 554.247 0
148 539 0
137.954 546.998 0
148 539 0
208 65 0
214 53 0
205.017 57.0971 0
214 53 0
406 49 0
398.949 52.216 0
404.78 58.2033 0
398.949 52.216 0
241 24 0
241 17 0
234.287 20.7 0
241 17 0
545.082 582.367 0
566.667 600 0
563.447 576.18 0
566.667 600 0
365.134 192.8 0
371.029 191.372 0
366.333 187.896 0
371.029 191.372 0
149.907 253.989 0
150.374 243.812 0
144.141 247.51 0
150.374 243.812 0
248.719 345.075 0
256.413 343.468 0
250.954 339.632 0
256.413 343.468 0
425.771 324.644 0
419 329 0
424.779 334.259 0
419 329 0
476.987 458.915 0
473.364 464.388 0
479.515 465.673 0
473.364 464.388 0
311.632 325.674 0
315.869 328.599 0
316.344 323.277 0
315.869 328.599 0
443.72 83.1734 0
436 87 0
440.713 94.7308 0
436 87 0
413 188 0
408.224 181.621 0
407.245 188.924 0
408.224 181.621 0
302 189 0
307.641 199.128 0
313.867 187.867 0
307.641 199.128 0
588.187 210.765 0
576 207 0
580.287 215.135 0
576 207 0
86 411 0
90 411 0
88.236 407.165 0
90 411 0
436.572 332.111 0
434.04 323.054 0
430.403 329.849 0
434.04 323.054 0
277.636 121.967 0
269.247 128.241 0
276.709 130.821 0
269.247 128.241 0
530.586 83.4013 0
519.691 88.3033 0
529.944 92.1925 0
519.691 88.3033 0
216.585 348.248 0
207 344 0
206.199 352.268 0
207 344 0
219.607 364.994 0
223.261 354.959 0
214.596 356.335 0
223.261 354.959 0
229 383 0
229 371 0
221.921 376.799 0
229 371 0
457 276 0
457 264 0
448.951 270.202 0
457 264 0
21.139 271.439 0
39.0771 278.486 0
37.3765 265.292 0
39.0771 278.486 0
219 245 0
207 248 0
214.272 255.079 0
207 248 0
214.184 90.1047 0
217.051 100.616 0
225.216 90.0276 0
217.051 100.616 0
312 45 0
323 50 0
321.192 41.5601 0
323 50 0
152.123 581.818 0
156 563 0
141.774 568.353 0
156 563 0
76.997 502.27 0
67.1753 494.443 0
65.5791 505.577 0
67.1753 494.443 0
179 261 0
174.285 266.189 0
180.711 267.334 0
174.285 266.189 0
442.329 287.034 0
437.696 278.846 0
433.884 289.167 0
437.696 278.846 0
362 188 0
365.134 192.8 0
366.333 187.896 0
365.134 192.8 0
290.537 119.751 0
292.185 107.558 0
282.434 113.329 0
292.185 107.558 0
89.3261 517.35 0
84.8786 508.976 0
81.0105 517.946 0
84.8786 508.976 0
53 568 0
62.193 562.331 0
51.7624 560.286 0
62.193 562.331 0
388.251 173.877 0
396.264 171.066 0
389.613 164.643 0
396.264 171.066 0
346.327 495.153 0
347.947 502.956 0
354.713 497.481 0
347.947 502.956 0
371.818 274.284 0
353 274 0
363.145 282.857 0
353 274 0
413 188 0
422.836 182.436 0
415.213 179.413 0
422.836 182.436 0
114.533 250.542 0
105.807 259.153 0
115.019 260.662 0
105.807 259.153 0
153 398 0
157 390 0
147.17 391.565 0
157 390 0
28.1971 173.087 0
22.0083 176.492 0
28.8104 179.684 0
22.0083 176.492 0
507.282 504.642 0
497.651 510.801 0
506.379 513.868 0
497.651 510.801 0
99.6784 171.071 0
88.9184 170.257 0
95.3292 179.405 0
88.9184 170.257 0
75.5401 39.8685 0
64.8861 43.8233 0
72.0847 49.6235 0
64.8861 43.8233 0
72.6476 296.929 0
81 300 0
79.7364 290.068 0
81 300 0
130.292 27 0
119 31 0
128.404 34.3565 0
119 31 0
258 111 0
264.596 111.212 0
262.145 105.886 0
264.596 111.212 0
283.904 378.54 0
290.419 375.871 0
283.317 371.951 0
290.419 375.871 0
7 549 0
12 554 0
14.4458 546.779 0
12 554 0
232 30 0
225 19 0
221.063 26.4505 0
225 19 0
548.959 439.249 0
539.831 436.954 0
542.713 443.721 0
539.831 436.954 0
14.4458 546.779 0
22.4364 543.435 0
16.0762 539.874 0
22.4364 543.435 0
114 106 0
110 95 0
102.901 104.74 0
110 95 0
489 522 0
490 531 0
494.696 525.825 0
490 531 0
21 534 0
13.116 531.956 0
16.0762 539.874 0
13.116 531.956 0
367.636 303.695 0
381.142 300.882 0
371.194 289.868 0
381.142 300.882 0
80.0501 53.3384 0
90 49 0
80.8883 45.4577 0
90 49 0
21 534 0
21 524 0
13.116 531.956 0
21 524 0
182 192 0
192 185 0
181.411 178.02 0
192 185 0
546.207 565.67 0
545.082 582.367 0
563.447 576.18 0
545.082 582.367 0
124 268 0
129.754 269.511 0
128.876 263.571 0
129.754 269.511 0
238.908 358.067 0
242.985 367.787 0
246.29 357.852 0
242.985 367.787 0
576 207 0
568 206 0
571.134 213.428 0
568 206 0
72.0698 61.2694 0
80.0501 53.3384 0
72.0847 49.6235 0
80.0501 53.3384 0
214 53 0
200.495 49.4786 0
205.017 57.0971 0
200.495 49.4786 0
306.078 496.69 0
314 493 0
306.686 485.448 0
314 493 0
319.676 345.828 0
315.83 343.465 0
315.786 347.658 0
315.83 343.465 0
504.604 143.397 0
493.801 141.199 0
498.617 149.842 0
493.801 141.199 0
511.508 538.215 0
500 541 0
504.341 551.027 0
500 541 0
258 311 0
255.433 304.433 0
250.081 309.724 0
255.433 304.433 0
61.9925 429.275 0
63.3543 438.34 0
71.2836 430.911 0
63.3543 438.34 0
431.173 401.273 0
424 395 0
421.95 407.347 0
424 395 0
42.0496 177.807 0
36.3423 168.877 0
34.2662 176.5 0
36.3423 168.877 0
282.976 343.667 0
274.226 345.968 0
278.828 351.577 0
274.226 345.968 0
414 327 0
419 329 0
418.483 323.143 0
419 329 0
134.372 258.797 0
142.906 261.689 0
140.142 253.302 0
142.906 261.689 0
57.032 452.383 0
64 461 0
64.4978 453.831 0
64 461 0
544.379 546.58 0
533.177 549.933 0
541.489 554.997 0
533.177 549.933 0
302.942 342.57 0
306.885 346.319 0
307.685 342.449 0
306.885 346.319 0
200.495 49.4786 0
198.127 62.2454 0
205.017 57.0971 0
198.127 62.2454 0
16.7861 349.042 0
26.9536 353.511 0
28.7721 343.619 0
26.9536 353.511 0
276.992 532.564 0
284.757 524.266 0
274.968 518.612 0
284.757 524.266 0
300.965 122.21 0
310 119 0
303.647 112.753 0
310 119 0
502.074 303.288 0
495.541 308.744 0
503.895 312.752 0
495.541 308.744 0
315.786 347.658 0
315.83 343.465 0
311.613 345.006 0
315.83 343.465 0
127.769 190.865 0
121 203 0
133.154 205.773 0
121 203 0
325.096 328.312 0
324.521 334.238 0
331.407 332.93 0
324.521 334.238 0
430 380 0
435 385 0
435.654 380.12 0
435 385 0
380.546 168.058 0
389.613 164.643 0
378.802 158.446 0
389.613 164.643 0
557.251 22.2437 0
564.456 28 0
563.908 20.2236 0
564.456 28 0
573 462 0
565.319 455.323 0
560.954 464.374 0
565.319 455.323 0
208.25 361.268 0
214.596 356.335 0
206.199 352.268 0
214.596 356.335 0
275.1 338.56 0
268.445 342.008 0
274.226 345.968 0
268.445 342.008 0
42 446 0
34.0742 450.406 0
40.8218 452.407 0
34.0742 450.406 0
539.831 436.954 0
529.421 434.635 0
534.776 444.403 0
529.421 434.635 0
309.009 574.285 0
299 573 0
302.968 582.294 0
299 573 0
332 543 0
338.171 553.696 0
341.691 544.531 0
338.171 553.696 0
328.173 342.141 0
323.621 344.107 0
327.409 347.26 0
323.621 344.107 0
102.387 64.9338 0
92.0916 68.4233 0
97.6758 74.7789 0
92.0916 68.4233 0
512.084 211.72 0
514.444 209.308 0
510.274 208.106 0
514.444 209.308 0
156 156 0
167.033 157.898 0
160.926 148.529 0
167.033 157.898 0
320 393 0
322 382 0
314.811 385.455 0
322 382 0
137.379 245.573 0
132.308 251.087 0
140.142 253.302 0
132.308 251.087 0
397 414 0
397.336 401.474 0
389.913 405.295 0
397.336 401.474 0
422.836 182.436 0
419.955 171.306 0
415.213 179.413 0
419.955 171.306 0
274.226 345.968 0
268.445 342.008 0
267.699 348.627 0
268.445 342.008 0
359.748 196.148 0
360 203 0
368.057 198.196 0
360 203 0
280.616 405.293 0
281.702 396.152 0
272.88 399.999 0
281.702 396.152 0
128.404 34.3565 0
119 31 0
125.618 41.4735 0
119 31 0
250.954 339.632 0
256.413 343.468 0
256.409 337.421 0
256.413 343.468 0
81.8485 229.521 0
80.3767 238.301 0
87.7193 236.151 0
80.3767 238.301 0
514.313 549.881 0
508.673 556.013 0
514.242 558.126 0
508.673 556.013 0
396 393 0
390.502 397.777 0
397.336 401.474 0
390.502 397.777 0
148 49 0
151.857 41.897 0
145.862 43.0407 0
151.857 41.897 0
453.253 425.21 0
455 413 0
446.722 418.769 0
455 413 0
103 398 0
99.1629 404.036 0
107.007 402.81 0
99.1629 404.036 0
468.158 51.4521 0
472.185 42.6143 0
462.474 43.9128 0
472.185 42.6143 0
303 321 0
307.283 322.983 0
306.931 317.368 0
307.283 322.983 0
499 184 0
499 180 0
491.741 182.009 0
499 180 0
591 257 0
584 266 0
591.2 269.733 0
584 266 0
83.69 547.729 0
79.2255 539.325 0
75.9535 548.216 0
79.2255 539.325 0
226.232 345.794 0
220 339 0
216.585 348.248 0
220 339 0
440.932 389.206 0
433.45 392.739 0
440.026 397.946 0
433.45 392.739 0
146 127 0
144.397 134.036 0
153.212 134.918 0
144.397 134.036 0
58.2469 49.9732 0
64.8861 43.8233 0
56.2076 42.0314 0
64.8861 43.8233 0
27 447 0
27 454 0
34.0742 450.406 0
27 454 0
265.324 393.849 0
255.648 385.697 0
254.6 398.549 0
255.648 385.697 0
384.467 285.711 0
399 278 0
385.974 268.489 0
399 278 0
47 45 0
58.2469 49.9732 0
56.2076 42.0314 0
58.2469 49.9732 0
317 95 0
308 96 0
313.643 103.372 0
308 96 0
78.8502 176.768 0
76.3563 186.271 0
86.2962 183.615 0
76.3563 186.271 0
62 402 0
65 390 0
56.25 393.75 0
65 390 0
418.483 323.143 0
419 329 0
425.771 324.644 0
419 329 0
27.3243 550.882 0
22.4364 543.435 0
19.4139 552.325 0
22.4364 543.435 0
263.275 511.79 0
264 527 0
274.968 518.612 0
264 527 0
78.7733 24.543 0
75.1437 19.5492 0
72.0333 25.9633 0
75.1437 19.5492 0
486.815 25.1002 0
491.624 20.4247 0
483.454 18.4015 0
491.624 20.4247 0
481.112 56.0675 0
488.154 57.5044 0
485.001 51.2438 0
488.154 57.5044 0
67.0431 259.179 0
69.8086 249.887 0
60.6742 250.411 0
69.8086 249.887 0
297.239 397.118 0
288.695 400.513 0
294.764 403.436 0
288.695 400.513 0
43.8571 362.266 0
52 366 0
50.334 355.315 0
52 366 0
453 395 0
455 387 0
446.559 393.357 0
455 387 0
346.327 495.153 0
354.713 497.481 0
352.819 488.537 0
354.713 497.481 0
306.885 346.319 0
307.347 352.229 0
311.893 349.816 0
307.347 352.229 0
374 144 0
359 143 0
366.56 152.489 0
359 143 0
399 554 0
406 556 0
403.688 547.777 0
406 556 0
154 181 0
150 170 0
144.4 179.4 0
150 170 0
338.88 349.916 0
344.931 355.058 0
345.713 346.073 0
344.931 355.058 0
254 280 0
242 285 0
253.254 288.402 0
242 285 0
113.563 136.218 0
120 131 0
112.862 126.227 0
120 131 0
202.963 468.075 0
192.952 463.125 0
193.094 474.857 0
192.952 463.125 0
53 241 0
44.6126 245.342 0
52.0684 250.225 0
44.6126 245.342 0
94 541 0
86.3755 533.679 0
86.6906 540.857 0
86.3755 533.679 0
258.788 165.304 0
261.712 159.59 0
255.264 158.229 0
261.712 159.59 0
56.8116 187.971 0
66.4417 188.023 0
60.024 180.139 0
66.4417 188.023 0
325.746 566.81 0
320.072 575.672 0
329.489 576.25 0
320.072 575.672 0
339 534 0
332 543 0
341.691 544.531 0
332 543 0
231.054 361.689 0
223.261 354.959 0
219.607 364.994 0
223.261 354.959 0
195 334 0
188.465 331.886 0
187.862 339.724 0
188.465 331.886 0
96.3738 509.369 0
97.9425 518.853 0
105.403 511.994 0
97.9425 518.853 0
537 396 0
537 406 0
547.087 403.293 0
537 406 0
114.179 311.345 0
107 307 0
109.179 312.504 0
107 307 0
38.7188 370.678 0
43.8571 362.266 0
34.2473 361.805 0
43.8571 362.266 0
367.636 303.695 0
356.568 293.277 0
355.516 305.357 0
356.568 293.277 0
515.73 213.03 0
520.362 212.525 0
517.773 209.399 0
520.362 212.525 0
558.206 402.696 0
563 393 0
553.64 395.313 0
563 393 0
545.687 286.046 0
540 276 0
534.606 285.364 0
540 276 0
509.76 569.931 0
514.992 565.705 0
508.23 563.136 0
514.992 565.705 0
272.897 112.057 0
277.636 121.967 0
282.434 113.329 0
277.636 121.967 0
583.173 50.0009 0
588 56 0
590.7 47.6205 0
588 56 0
352.819 488.537 0
354.713 497.481 0
362.484 491.095 0
354.713 497.481 0
147.17 391.565 0
157 390 0
151.4 380.089 0
157 390 0
515.901 509.769 0
516.464 499.114 0
507.282 504.642 0
516.464 499.114 0
7 106 0
11.6968 113.568 0
12.8333 106.368 0
11.6968 113.568 0
534.112 571.297 0
523.112 568.722 0
523.999 580.188 0
523.112 568.722 0
86 71 0
84.4152 61.9849 0
76.9733 68.8932 0
84.4152 61.9849 0
396 393 0
390.199 390.5 0
390.502 397.777 0
390.199 390.5 0
417 227 0
415.502 232.781 0
423.046 231.388 0
415.502 232.781 0
311.632 325.674 0
316.344 323.277 0
311.879 320.146 0
316.344 323.277 0
274.332 390.466 0
265.324 393.849 0
272.88 399.999 0
265.324 393.849 0
470.066 457.027 0
467.403 449.502 0
462.618 454.991 0
467.403 449.502 0
292 587 0
300 600 0
311.503 589.501 0
300 600 0
555.111 415.21 0
544.016 417.614 0
552.66 424.543 0
544.016 417.614 0
133.533 40.6068 0
128.404 34.3565 0
125.618 41.4735 0
128.404 34.3565 0
62.193 562.331 0
69.5529 567.405 0
71.5732 560.495 0
69.5529 567.405 0
414 327 0
412.016 320.695 0
407.409 323.701 0
412.016 320.695 0
79.2255 539.325 0
70.3929 542.858 0
75.9535 548.216 0
70.3929 542.858 0
215.946 34.9463 0
206.318 32.8369 0
207.43 42.0661 0
206.318 32.8369 0
442 501 0
450.672 503.371 0
447.181 495.538 0
450.672 503.371 0
135 50 0
141.59 45.2658 0
133.533 40.6068 0
141.59 45.2658 0
528 63 0
531.069 73.1078 0
539.874 69.0158 0
531.069 73.1078 0
390.502 397.777 0
390.199 390.5 0
382.851 394.491 0
390.199 390.5 0
526.399 219.021 0
526 214 0
522.416 216.003 0
526 214 0
214.184 90.1047 0
202 98 0
217.051 100.616 0
202 98 0
273.783 506.056 0
280 498 0
270.326 494.348 0
280 498 0
313.643 103.372 0
302.882 104.417 0
310.816 111.816 0
302.882 104.417 0
38 467 0
26.3426 466.717 0
30.402 478.912 0
26.3426 466.717 0
336.489 492.832 0
346.327 495.153 0
343.049 487.457 0
346.327 495.153 0
67.7593 10.2177 0
67.8277 19.8537 0
71.4949 15.1637 0
67.8277 19.8537 0
376.409 179.79 0
384.854 181.303 0
381.05 175.185 0
384.854 181.303 0
177 452 0
174.4 463.858 0
183.888 458.274 0
174.4 463.858 0
501.934 27.3337 0
510.575 28.5298 0
506.109 22.7516 0
510.575 28.5298 0
242 128 0
233 123 0
233.099 130.686 0
233 123 0
71 468 0
79 461 0
70.9324 460.379 0
79 461 0
408.224 181.621 0
413 188 0
415.213 179.413 0
413 188 0
55.7176 443.459 0
47 440 0
48.6445 447.081 0
47 440 0
461.378 467.243 0
468.808 469.967 0
465.585 462.39 0
468.808 469.967 0
27.2953 166.006 0
28.1971 173.087 0
36.3423 168.877 0
28.1971 173.087 0
272.897 112.057 0
282.434 113.329 0
279.083 103.712 0
282.434 113.329 0
115.774 571.41 0
111.065 558.865 0
103.145 566.093 0
111.065 558.865 0
34 508 0
41 501 0
29.4772 496.06 0
41 501 0
262.756 346.008 0
256.413 343.468 0
257.419 351.456 0
256.413 343.468 0
26 382 0
28.6628 371.942 0
19.6028 374.537 0
28.6628 371.942 0
474.604 15.3506 0
483.454 18.4015 0
480.094 13.4194 0
483.454 18.4015 0
126.983 416.979 0
129.813 424.956 0
136.097 417.737 0
129.813 424.956 0
328.173 342.141 0
332.845 345.571 0
333 339.591 0
332.845 345.571 0
361 416 0
369.685 414.642 0
364.171 411.161 0
369.685 414.642 0
21 524 0
21.5442 509.548 0
11.8368 516.623 0
21.5442 509.548 0
268 335 0
275.1 338.56 0
274.42 332.312 0
275.1 338.56 0
531 215 0
526 214 0
526.399 219.021 0
526 214 0
449.234 489.319 0
441 487 0
447.181 495.538 0
441 487 0
277.73 242.858 0
284.393 248.802 0
284.456 239.509 0
284.393 248.802 0
443 551 0
441.317 561.897 0
453.806 557.254 0
441.317 561.897 0
392.548 47.1524 0
400.808 43.4968 0
395.177 37.4621 0
400.808 43.4968 0
65.5791 505.577 0
67.1753 494.443 0
59.456 496.985 0
67.1753 494.443 0
179 261 0
170.937 258.712 0
174.285 266.189 0
170.937 258.712 0
550.294 17.2458 0
559.925 12.6509 0
548.605 7.19582 0
559.925 12.6509 0
468.808 469.967 0
473.364 464.388 0
465.585 462.39 0
473.364 464.388 0
515.976 222.304 0
510 225 0
515.336 230.356 0
510 225 0
248.392 165.11 0
239 167 0
245.845 177.403 0
239 167 0
277.2 203.085 0
280 194 0
268.782 197.051 0
280 194 0
494 29 0
496 30 0
496.398 25.921 0
496 30 0
202.963 468.075 0
208.035 479.785 0
211.971 469.107 0
208.035 479.785 0
114 106 0
102.901 104.74 0
109.635 114.611 0
102.901 104.74 0
78.2578 490.846 0
67.1753 494.443 0
76.997 502.27 0
67.1753 494.443 0
337.409 46.5331 0
347.527 43.7533 0
344.003 37.3086 0
347.527 43.7533 0
109 543 0
101 548 0
107.612 551.032 0
101 548 0
228.293 291.918 0
228 301 0
237.459 296.507 0
228 301 0
27 562 0
37 562 0
32.2365 556.445 0
37 562 0
453.563 286.71 0
447.499 278.446 0
442.329 287.034 0
447.499 278.446 0
235.712 318.878 0
231 326 0
238.062 326.792 0
231 326 0
256.413 343.468 0
261.882 339.147 0
256.409 337.421 0
261.882 339.147 0
89.3261 517.35 0
97.9425 518.853 0
96.3738 509.369 0
97.9425 518.853 0
89.3261 517.35 0
96.3738 509.369 0
84.8786 508.976 0
96.3738 509.369 0
502.074 303.288 0
503.895 312.752 0
510.023 305.779 0
503.895 312.752 0
470.066 457.027 0
473.364 464.388 0
476.987 458.915 0
473.364 464.388 0
320.098 331.431 0
324.521 334.238 0
325.096 328.312 0
324.521 334.238 0
71.8611 442.287 0
80.2025 437.564 0
71.2836 430.911 0
80.2025 437.564 0
59.8159 35.265 0
63.8164 26.9569 0
53.508 26.2444 0
63.8164 26.9569 0
83.9339 525.117 0
89.3261 517.35 0
81.0105 517.946 0
89.3261 517.35 0
428.533 566.234 0
418.417 569.746 0
425.093 576.032 0
418.417 569.746 0
129.813 424.956 0
125.053 432.448 0
131.849 431.734 0
125.053 432.448 0
245 203 0
253 204 0
249.917 196.163 0
253 204 0
482 583 0
468.214 580.781 0
475.592 588.502 0
468.214 580.781 0
307.043 333.211 0
307.066 328.083 0
303.163 330.771 0
307.066 328.083 0
360 317 0
367.636 303.695 0
355.516 305.357 0
367.636 303.695 0
31.0622 12 0
34.8544 20.4073 0
38.5561 13.8702 0
34.8544 20.4073 0
327.409 347.26 0
323.621 344.107 0
322.942 348.118 0
323.621 344.107 0
515.901 509.769 0
507.282 504.642 0
506.379 513.868 0
507.282 504.642 0
45.9068 30.2306 0
42.2288 36.1946 0
51.089 36.0955 0
42.2288 36.1946 0
200.495 49.4786 0
214 53 0
207.43 42.0661 0
214 53 0
362.272 49.4134 0
356.362 43.1764 0
353.869 51.1508 0
356.362 43.1764 0
412.016 320.695 0
417.622 316.556 0
409.275 313.016 0
417.622 316.556 0
84.5366 572.446 0
82 582 0
90.7068 578.453 0
82 582 0
474.452 451.388 0
470.066 457.027 0
476.987 458.915 0
470.066 457.027 0
134.372 258.797 0
135.794 266.588 0
142.906 261.689 0
135.794 266.588 0
190.652 44.0878 0
200.495 49.4786 0
199.903 40.0858 0
200.495 49.4786 0
539.831 436.954 0
546.393 430.063 0
537.826 427.056 0
546.393 430.063 0
541.818 79.4833 0
551.721 79.9213 0
549.846 69.9273 0
551.721 79.9213 0
324.521 334.238 0
324.061 339.396 0
328.56 337.253 0
324.061 339.396 0
60.8888 351.296 0
48 340 0
50.334 355.315 0
48 340 0
416 304 0
413 296 0
408.107 305.225 0
413 296 0
92.6946 402.833 0
93.7153 408.9 0
99.1629 404.036 0
93.7153 408.9 0
369.685 414.642 0
367 406 0
364.171 411.161 0
367 406 0
144.397 134.036 0
138.859 135.614 0
142.381 138.776 0
138.859 135.614 0
437.189 57.6352 0
437 48 0
431.637 54.7035 0
437 48 0
23.7707 144.516 0
16.6713 152.16 0
22.2259 154.678 0
16.6713 152.16 0
34.0742 450.406 0
27 454 0
35.2474 458.47 0
27 454 0
79 461 0
71.6515 452.785 0
70.9324 460.379 0
71.6515 452.785 0
384.854 181.303 0
388.251 173.877 0
381.05 175.185 0
388.251 173.877 0
10 392 0
14.3512 381.742 0
7.27025 382.948 0
14.3512 381.742 0
275.801 470.268 0
272.647 463.035 0
270.34 469.705 0
272.647 463.035 0
370.842 47.9601 0
364 41 0
362.272 49.4134 0
364 41 0
392 507 0
383.214 509.786 0
390.069 514.687 0
383.214 509.786 0
390 6 0
400 0 0
387 1 0
400 0 0
101 548 0
94 541 0
93.1681 549.144 0
94 541 0
140.142 253.302 0
149.907 253.989 0
144.141 247.51 0
149.907 253.989 0
399.282 380.154 0
409 385 0
406.06 375.593 0
409 385 0
486.901 207.373 0
494.261 203.909 0
486.056 197.997 0
494.261 203.909 0
84.026 220.846 0
92.4639 222.221 0
89.3459 216.22 0
92.4639 222.221 0
261 493 0
257.663 500.803 0
266.172 500.031 0
257.663 500.803 0
265 164 0
261.712 159.59 0
258.788 165.304 0
261.712 159.59 0
453.563 286.71 0
457 276 0
447.499 278.446 0
457 276 0
284.393 248.802 0
292 245 0
284.456 239.509 0
292 245 0
86.3755 533.679 0
79.2255 539.325 0
86.6906 540.857 0
79.2255 539.325 0
477.482 49.4609 0
473.926 59.1282 0
481.112 56.0675 0
473.926 59.1282 0
303 321 0
303 325 0
307.283 322.983 0
303 325 0
1 546 0
5 548 0
8.99146 542.776 0
5 548 0
232.527 352.87 0
223.261 354.959 0
231.054 361.689 0
223.261 354.959 0
313.643 103.372 0
308 96 0
302.882 104.417 0
308 96 0
87.0876 562.912 0
93.995 569.841 0
94.6672 559.661 0
93.995 569.841 0
548.959 439.249 0
555.454 433.352 0
546.393 430.063 0
555.454 433.352 0
262 369 0
252.524 373.464 0
261.244 377.715 0
252.524 373.464 0
523.565 225.607 0
522.904 234.139 0
529.418 231.39 0
522.904 234.139 0
97 54 0
90 49 0
93.5172 61.1648 0
90 49 0
86 71 0
89 74 0
92.0916 68.4233 0
89 74 0
323.192 312.215 0
331.53 316.654 0
332.337 306.679 0
331.53 316.654 0
26 382 0
35 380 0
28.6628 371.942 0
35 380 0
323.752 321.231 0
331.787 325.062 0
331.53 316.654 0
331.787 325.062 0
259.674 190.9 0
268.782 197.051 0
266.616 187.139 0
268.782 197.051 0
191.67 498.387 0
184.567 486.012 0
177.731 495.184 0
184.567 486.012 0
283 334 0
282.976 343.667 0
289.268 340.532 0
282.976 343.667 0
459 503 0
453 497 0
450.672 503.371 0
453 497 0
346.327 495.153 0
352.819 488.537 0
343.049 487.457 0
352.819 488.537 0
28.7721 343.619 0
30 330 0
16.3975 336.626 0
30 330 0
469 291 0
474 295 0
477.523 290.711 0
474 295 0
504.604 143.397 0
508.506 153.494 0
516.822 145.373 0
508.506 153.494 0
565.91 68.2933 0
566.628 78.5059 0
572.198 70.5071 0
566.628 78.5059 0
516.464 499.114 0
508.059 493.849 0
507.282 504.642 0
508.059 493.849 0
94 477 0
77.7507 477.547 0
88.3361 487.86 0
77.7507 477.547 0
71.8611 442.287 0
63.3543 438.34 0
64.6027 447.128 0
63.3543 438.34 0
229 371 0
219.607 364.994 0
221.921 376.799 0
219.607 364.994 0
532 497 0
525 503.667 0
537.723 506.852 0
525 503.667 0
50.334 355.315 0
52 366 0
59.1523 360.285 0
52 366 0
306.931 317.368 0
307.283 322.983 0
311.879 320.146 0
307.283 322.983 0
479 157 0
492.061 155.974 0
487.896 148.203 0
492.061 155.974 0
258 111 0
260 117 0
264.596 111.212 0
260 117 0
130.498 410.628 0
126.983 416.979 0
136.097 417.737 0
126.983 416.979 0
48 186 0
56.8116 187.971 0
52.4147 178.694 0
56.8116 187.971 0
70.2794 287.002 0
72.6476 296.929 0
79.7364 290.068 0
72.6476 296.929 0
207.269 265.132 0
198.535 274.907 0
207.716 274.443 0
198.535 274.907 0
470 105 0
474 93 0
466 102 0
474 93 0
130.253 527.716 0
143 528 0
133.371 518.998 0
143 528 0
208.035 479.785 0
193.094 474.857 0
197.033 487.069 0
193.094 474.857 0
573 50 0
580 59 0
583.173 50.0009 0
580 59 0
292.586 206.2 0
294.97 215.044 0
299.839 207.274 0
294.97 215.044 0
261 473.103 0
264 477 0
265.88 472.45 0
264 477 0
391.622 155.154 0
389.613 164.643 0
397.65 163.086 0
389.613 164.643 0
277 373 0
283.904 378.54 0
283.317 371.951 0
283.904 378.54 0
234 412 0
230 412 0
231.61 416.335 0
230 412 0
264.596 111.212 0
260 117 0
267.207 119.472 0
260 117 0
545 527 0
551 514 0
540.232 517.698 0
551 514 0
34.4748 118.215 0
24 106 0
20.3033 116.639 0
24 106 0
48 186 0
51 193 0
56.8116 187.971 0
51 193 0
59.8159 35.265 0
51.089 36.0955 0
56.2076 42.0314 0
51.089 36.0955 0
522.8 553.914 0
514.242 558.126 0
519.978 561.307 0
514.242 558.126 0
366 442 0
371 443 0
368.841 438.308 0
371 443 0
262.756 346.008 0
264 353 0
267.699 348.627 0
264 353 0
364 41 0
356.362 43.1764 0
362.272 49.4134 0
356.362 43.1764 0
110 355 0
110 362 0
118.247 359.589 0
110 362 0
264.596 111.212 0
267.207 119.472 0
272.897 112.057 0
267.207 119.472 0
510.091 236.484 0
513 245 0
516.927 237.813 0
513 245 0
256.079 134.253 0
252.791 143.133 0
261.243 141.498 0
252.791 143.133 0
378 217 0
386 221 0
385.75 211.5 0
386 221 0
66 162 0
68.4521 176.007 0
75.0121 167.612 0
68.4521 176.007 0
448.951 270.202 0
443.36 267.189 0
442.901 272.736 0
443.36 267.189 0
63.8164 26.9569 0
60.3972 18.2188 0
53.508 26.2444 0
60.3972 18.2188 0
397.107 517.306 0
390.069 514.687 0
390.344 522.974 0
390.069 514.687 0
288.695 400.513 0
288.966 408.248 0
294.764 403.436 0
288.966 408.248 0
179.844 474.775 0
174.515 485.015 0
184.567 486.012 0
174.515 485.015 0
544 230 0
535 225 0
536.438 234.733 0
535 225 0
343.049 487.457 0
352.819 488.537 0
349.471 481.155 0
352.819 488.537 0
62.193 562.331 0
58.6192 555.101 0
51.7624 560.286 0
58.6192 555.101 0
485 469 0
483.511 461.032 0
479.515 465.673 0
483.511 461.032 0
79.177 555.761 0
83.69 547.729 0
75.9535 548.216 0
83.69 547.729 0
433 266 0
437 269 0
439.038 263.106 0
437 269 0
208 287 0
210.916 280.676 0
203.9 282.761 0
210.916 280.676 0
444 354 0
444 355 0
449.188 354.305 0
444 355 0
11.6968 113.568 0
20.3033 116.639 0
12.8333 106.368 0
20.3033 116.639 0
240.811 502.057 0
247.424 499.555 0
242.443 494.536 0
247.424 499.555 0
56 170 0
52.4147 178.694 0
60.024 180.139 0
52.4147 178.694 0
208 287 0
216.797 286.358 0
210.916 280.676 0
216.797 286.358 0
414 549 0
408 541 0
403.688 547.777 0
408 541 0
473.364 464.388 0
470.066 457.027 0
465.585 462.39 0
470.066 457.027 0
204.042 437.806 0
205 443 0
209.005 439.057 0
205 443 0
378.449 446.101 0
381 437 0
373.764 436.583 0
381 437 0
396.167 256.082 0
411.663 260.078 0
408.491 251.061 0
411.663 260.078 0
118 389 0
118.115 397.047 0
126.962 393.216 0
118.115 397.047 0
328.173 342.141 0
333 339.591 0
328.56 337.253 0
333 339.591 0
533.394 538.602 0
544.379 546.58 0
544.021 537.562 0
544.379 546.58 0
352.819 488.537 0
362.484 491.095 0
359.002 480.114 0
362.484 491.095 0
359 408 0
361 416 0
364.171 411.161 0
361 416 0
294.97 215.044 0
307 217 0
299.839 207.274 0
307 217 0
398 368 0
399.282 380.154 0
406.06 375.593 0
399.282 380.154 0
362 188 0
359.748 196.148 0
365.134 192.8 0
359.748 196.148 0
79.2255 539.325 0
86.3755 533.679 0
79.8196 531.663 0
86.3755 533.679 0
463.533 434.152 0
461.04 425.784 0
457.79 431.471 0
461.04 425.784 0
477 472 0
485 469 0
479.515 465.673 0
485 469 0
38.7188 370.678 0
35 380 0
42.9297 376.42 0
35 380 0
70.3929 542.858 0
68.3715 552.9 0
75.9535 548.216 0
68.3715 552.9 0
547.087 403.293 0
558.206 402.696 0
553.64 395.313 0
558.206 402.696 0
64 536 0
70.3929 542.858 0
73.4894 535.255 0
70.3929 542.858 0
409 385 0
414.841 373.749 0
406.06 375.593 0
414.841 373.749 0
322 382 0
314 376 0
314.811 385.455 0
314 376 0
338.88 349.916 0
337.288 357.837 0
344.931 355.058 0
337.288 357.837 0
325.096 328.312 0
331.407 332.93 0
331.787 325.062 0
331.407 332.93 0
123.379 237.127 0
119 242 0
124.199 243.089 0
119 242 0
307.641 199.128 0
297 199 0
299.839 207.274 0
297 199 0
265 164 0
268 160 0
261.712 159.59 0
268 160 0
261.82 283.48 0
254 280 0
253.254 288.402 0
254 280 0
139.878 233.038 0
130 234 0
135.489 238.924 0
130 234 0
237.459 296.507 0
228 301 0
236.966 304.108 0
228 301 0
260 332 0
262 327 0
254.686 326.329 0
262 327 0
476.987 458.915 0
483.511 461.032 0
480.995 453.72 0
483.511 461.032 0
229 371 0
231.054 361.689 0
219.607 364.994 0
231.054 361.689 0
317 283 0
310 288 0
318.054 292.598 0
310 288 0
105.807 259.153 0
98.5482 268.706 0
107.075 268.904 0
98.5482 268.706 0
104.993 434.529 0
113 441 0
113.534 434.704 0
113 441 0
19.3849 243.598 0
34.7543 241.291 0
30.9575 231.378 0
34.7543 241.291 0
560 282 0
558 274 0
552.03 280.814 0
558 274 0
118 351 0
110 355 0
118.247 359.589 0
110 355 0
338.88 349.916 0
331.94 352.022 0
337.288 357.837 0
331.94 352.022 0
495.025 582.475 0
498.667 579.483 0
492.522 576.976 0
498.667 579.483 0
169.5 575.5 0
152.123 581.818 0
167.823 586.33 0
152.123 581.818 0
28.6628 371.942 0
35 380 0
38.7188 370.678 0
35 380 0
508.673 556.013 0
514.313 549.881 0
504.341 551.027 0
514.313 549.881 0
517.013 73.4203 0
515.888 80.7194 0
522.84 77.8609 0
515.888 80.7194 0
550.294 17.2458 0
557.251 22.2437 0
559.925 12.6509 0
557.251 22.2437 0
201.325 72.665 0
208 65 0
198.127 62.2454 0
208 65 0
209.27 109.093 0
200 117 0
209.285 117.848 0
200 117 0
445.309 576.399 0
456.281 583.044 0
454.925 570.33 0
456.281 583.044 0
549 448 0
548.959 439.249 0
542.713 443.721 0
548.959 439.249 0
217.051 100.616 0
229 100 0
225.216 90.0276 0
229 100 0
332.845 345.571 0
331.94 352.022 0
338.88 349.916 0
331.94 352.022 0
180.711 267.334 0
176 276 0
182.742 273.267 0
176 276 0
510.961 574.73 0
509.76 569.931 0
506.776 574.353 0
509.76 569.931 0
331.407 332.93 0
324.521 334.238 0
328.56 337.253 0
324.521 334.238 0
303.647 112.753 0
310 119 0
310.816 111.816 0
310 119 0
501 584 0
498.667 579.483 0
495.025 582.475 0
498.667 579.483 0
131.53 438.53 0
121.696 440.453 0
127.474 443.783 0
121.696 440.453 0
412.467 164.933 0
419.955 171.306 0
419.663 161.601 0
419.955 171.306 0
597 171 0
587 169 0
591.752 173.426 0
587 169 0
79 429 0
75.575 420.91 0
71.2836 430.911 0
75.575 420.91 0
84.8786 508.976 0
96.3738 509.369 0
92.3763 499.422 0
96.3738 509.369 0
313.867 187.867 0
307.641 199.128 0
319.562 198.785 0
307.641 199.128 0
11.6968 113.568 0
4 117 0
10.6634 124.035 0
4 117 0
100 206 0
108 203 0
100.502 197.876 0
108 203 0
223.261 354.959 0
226.232 345.794 0
216.585 348.248 0
226.232 345.794 0
558.373 74.3611 0
557.343 63.8187 0
549.846 69.9273 0
557.343 63.8187 0
458 361 0
449.188 354.305 0
449.055 362.474 0
449.188 354.305 0
466 567 0
453.806 557.254 0
454.925 570.33 0
453.806 557.254 0
73.9997 267.502 0
62.7226 268.747 0
69.2882 276.816 0
62.7226 268.747 0
558.632 84.9151 0
558.373 74.3611 0
551.721 79.9213 0
558.373 74.3611 0
319 404 0
320 393 0
313.152 398.753 0
320 393 0
142 36 0
141.59 45.2658 0
145.862 43.0407 0
141.59 45.2658 0
367 406 0
359 408 0
364.171 411.161 0
359 408 0
266 148 0
261.243 141.498 0
260.533 152.42 0
261.243 141.498 0
235.666 490.854 0
233.021 498.454 0
242.443 494.536 0
233.021 498.454 0
501.934 27.3337 0
503 34 0
510.575 28.5298 0
503 34 0
10.4987 149.436 0
16.6713 152.16 0
14.6997 145.046 0
16.6713 152.16 0
462.254 525.961 0
466 518 0
457.856 521.274 0
466 518 0
331.53 316.654 0
331.787 325.062 0
339.044 322.562 0
331.787 325.062 0
304 476 0
296 480 0
306.686 485.448 0
296 480 0
0 533.333 0
1 546 0
8.99146 542.776 0
1 546 0
121.696 440.453 0
124 449 0
127.474 443.783 0
124 449 0
38.7805 28.5241 0
45.9068 30.2306 0
43.9648 22.2459 0
45.9068 30.2306 0
541 450 0
549 448 0
542.713 443.721 0
549 448 0
329 478 0
318 478 0
323.833 484.356 0
318 478 0
388.251 173.877 0
380.546 168.058 0
381.05 175.185 0
380.546 168.058 0
149.907 253.989 0
142.906 261.689 0
153.483 264.384 0
142.906 261.689 0
411.663 260.078 0
417.967 250.519 0
408.491 251.061 0
417.967 250.519 0
333 500 0
340 500 0
336.489 492.832 0
340 500 0
541.489 554.997 0
546.207 565.67 0
551.396 555.119 0
546.207 565.67 0
272 294 0
262.609 291.865 0
266.537 297.133 0
262.609 291.865 0
293 275 0
298 277 0
297.962 270.586 0
298 277 0
472.976 31.041 0
478.967 24.0871 0
472.887 23.3697 0
478.967 24.0871 0
563 393 0
554.072 386.643 0
553.64 395.313 0
554.072 386.643 0
265 172 0
254.866 173.402 0
259.622 181.747 0
254.866 173.402 0
86.3195 254.352 0
96.514 258.235 0
93.4388 250.357 0
96.514 258.235 0
64 461 0
71 468 0
70.9324 460.379 0
71 468 0
531.498 560.843 0
523.112 568.722 0
534.112 571.297 0
523.112 568.722 0
199.458 356.91 0
200 364 0
208.25 361.268 0
200 364 0
25.2792 186.292 0
34 185 0
28.8104 179.684 0
34 185 0
472.976 31.041 0
472.185 42.6143 0
477.954 37.4063 0
472.185 42.6143 0
100.611 238.136 0
94.1249 234.392 0
93.9971 242.077 0
94.1249 234.392 0
64.8861 43.8233 0
59.8159 35.265 0
56.2076 42.0314 0
59.8159 35.265 0
243.101 340.049 0
248.719 345.075 0
250.954 339.632 0
248.719 345.075 0
16 165 0
22.196 161.813 0
17.171 158.181 0
22.196 161.813 0
243.317 323.531 0
249.19 321.573 0
245.934 316.251 0
249.19 321.573 0
306.885 346.319 0
301.649 349.007 0
307.347 352.229 0
301.649 349.007 0
290.419 375.871 0
289 369 0
283.317 371.951 0
289 369 0
272.88 399.999 0
265.324 393.849 0
264.885 403.144 0
265.324 393.849 0
102.425 579.159 0
115.774 571.41 0
103.145 566.093 0
115.774 571.41 0
87.5206 285.288 0
97 288 0
89.9329 277.172 0
97 288 0
238.908 358.067 0
232.527 352.87 0
231.054 361.689 0
232.527 352.87 0
173.797 20.986 0
183.298 16.51 0
177.382 11.164 0
183.298 16.51 0
513.654 578.347 0
510.961 574.73 0
509.231 577.741 0
510.961 574.73 0
227 321 0
231 326 0
235.712 318.878 0
231 326 0
417.622 316.556 0
422.698 311.369 0
416.094 310.374 0
422.698 311.369 0
141.59 45.2658 0
148 49 0
145.862 43.0407 0
148 49 0
297.997 388.763 0
297.239 397.118 0
304.152 391.919 0
297.239 397.118 0
4 117 0
1 124 0
10.6634 124.035 0
1 124 0
281.559 414.888 0
271.818 410.124 0
273.977 419.266 0
271.818 410.124 0
508.506 153.494 0
518 157 0
516.822 145.373 0
518 157 0
123.955 248.85 0
129.541 242.479 0
124.199 243.089 0
129.541 242.479 0
126.998 256.667 0
123.955 248.85 0
120.489 255.411 0
123.955 248.85 0
415.502 232.781 0
407.96 233.95 0
413.987 241.99 0
407.96 233.95 0
271.77 351.778 0
274.226 345.968 0
267.699 348.627 0
274.226 345.968 0
318 111 0
313.643 103.372 0
310.816 111.816 0
313.643 103.372 0
197.033 487.069 0
193.094 474.857 0
184.567 486.012 0
193.094 474.857 0
96 300 0
97 288 0
88.3516 293.767 0
97 288 0
117.68 429.247 0
110.298 428.29 0
113.534 434.704 0
110.298 428.29 0
93.7153 408.9 0
92 413 0
97.5576 412.639 0
92 413 0
265.324 393.849 0
254.6 398.549 0
264.885 403.144 0
254.6 398.549 0
74 344 0
76.0807 333.977 0
65.7939 338.055 0
76.0807 333.977 0
88 384 0
87 377 0
81.1632 382.232 0
87 377 0
188.465 331.886 0
194 327 0
185.293 324.977 0
194 327 0
268.445 342.008 0
262.756 346.008 0
267.699 348.627 0
262.756 346.008 0
306.778 338.487 0
307.043 333.211 0
302.481 335.929 0
307.043 333.211 0
280.616 405.293 0
281.559 414.888 0
288.966 408.248 0
281.559 414.888 0
546.243 296.707 0
545.687 286.046 0
536.331 292.945 0
545.687 286.046 0
39.0771 278.486 0
49.9124 268.289 0
37.3765 265.292 0
49.9124 268.289 0
531.498 560.843 0
534.112 571.297 0
546.207 565.67 0
534.112 571.297 0
406 49 0
400.808 43.4968 0
398.949 52.216 0
400.808 43.4968 0
404.347 167.943 0
405.665 156.749 0
397.65 163.086 0
405.665 156.749 0
142 195 0
127.769 190.865 0
133.154 205.773 0
127.769 190.865 0
311.879 320.146 0
316.344 323.277 0
316.863 316.817 0
316.344 323.277 0
61 109 0
70 110 0
65.25 104 0
70 110 0
315.869 328.599 0
320.098 331.431 0
320.401 326.35 0
320.098 331.431 0
96.514 258.235 0
101.514 248.864 0
93.4388 250.357 0
101.514 248.864 0
502.709 569.926 0
509.76 569.931 0
508.23 563.136 0
509.76 569.931 0
303.163 330.771 0
296 332 0
302.481 335.929 0
296 332 0
147.17 391.565 0
137.521 396.715 0
145.196 401.828 0
137.521 396.715 0
22.196 161.813 0
21.7087 168.367 0
27.2953 166.006 0
21.7087 168.367 0
483.274 177.206 0
491 168 0
478.019 169.267 0
491 168 0
235.568 143.067 0
238.838 136.597 0
230.961 138.069 0
238.838 136.597 0
554.072 386.643 0
546.747 379.952 0
545.88 389.938 0
546.747 379.952 0
511 87 0
519.691 88.3033 0
515.888 80.7194 0
519.691 88.3033 0
467 278 0
464 284 0
472.194 284.527 0
464 284 0
400 472 0
399 457 0
391.073 465.062 0
399 457 0
446.559 393.357 0
455 387 0
447.612 383.206 0
455 387 0
541.818 79.4833 0
530.586 83.4013 0
538.752 89.1792 0
530.586 83.4013 0
304 412 0
301.149 404.541 0
295.917 409.056 0
301.149 404.541 0
443.5 55.6359 0
437 48 0
437.189 57.6352 0
437 48 0
347.527 43.7533 0
356.362 43.1764 0
351.113 37.8804 0
356.362 43.1764 0
197.033 487.069 0
184.567 486.012 0
191.67 498.387 0
184.567 486.012 0
380.546 168.058 0
370 166 0
375.192 172.899 0
370 166 0
123.468 409.225 0
129.985 403.082 0
120.487 402.199 0
129.985 403.082 0
558 441 0
562.884 436.232 0
555.454 433.352 0
562.884 436.232 0
112.791 516.79 0
104.935 522.194 0
111.886 523.647 0
104.935 522.194 0
519 34 0
510.575 28.5298 0
509.742 37.3961 0
510.575 28.5298 0
457 264 0
447.238 261.953 0
448.951 270.202 0
447.238 261.953 0
83.9339 525.117 0
73.8723 527.05 0
79.8196 531.663 0
73.8723 527.05 0
324 129 0
333 123 0
322.392 121.556 0
333 123 0
547.47 345.323 0
537.147 352.927 0
545.608 354.888 0
537.147 352.927 0
473.364 464.388 0
477 472 0
479.515 465.673 0
477 472 0
28.8104 179.684 0
34 185 0
34.2662 176.5 0
34 185 0
14.1566 136.256 0
0 133.333 0
7.22583 143.679 0
0 133.333 0
361 416 0
360 424 0
366.796 421.946 0
360 424 0
14.5924 318.505 0
0 333.333 0
16.3975 336.626 0
0 333.333 0
86.5745 244.564 0
86.3195 254.352 0
93.4388 250.357 0
86.3195 254.352 0
322.942 348.118 0
319.084 349.886 0
322.067 351.768 0
319.084 349.886 0
328.173 342.141 0
327.409 347.26 0
332.845 345.571 0
327.409 347.26 0
116 541 0
114.415 549.723 0
126.537 546.22 0
114.415 549.723 0
417.622 316.556 0
418.483 323.143 0
423.108 318.645 0
418.483 323.143 0
417.622 316.556 0
423.108 318.645 0
422.698 311.369 0
423.108 318.645 0
445.619 427.371 0
451.66 433.579 0
453.253 425.21 0
451.66 433.579 0
142.906 261.689 0
135.794 266.588 0
144.873 271.174 0
135.794 266.588 0
53 241 0
46 236 0
44.6126 245.342 0
46 236 0
555.454 433.352 0
562.884 436.232 0
562.328 426.477 0
562.884 436.232 0
120.489 255.411 0
114.533 250.542 0
115.019 260.662 0
114.533 250.542 0
264 353 0
262.756 346.008 0
257.419 351.456 0
262.756 346.008 0
272 432 0
279 439 0
281.487 433.563 0
279 439 0
64 461 0
70.9324 460.379 0
64.4978 453.831 0
70.9324 460.379 0
503.646 67.2325 0
504 56 0
496.559 58.8654 0
504 56 0
195.168 289.168 0
197.504 293.285 0
200.642 289.071 0
197.504 293.285 0
557.343 63.8187 0
556.866 53.2918 0
546.655 60.0089 0
556.866 53.2918 0
333 339.591 0
338.786 342.422 0
337.556 336.369 0
338.786 342.422 0
301.149 404.541 0
297.239 397.118 0
294.764 403.436 0
297.239 397.118 0
498.239 498.837 0
499.479 488.046 0
490.525 493.676 0
499.479 488.046 0
225 454 0
215.611 453.089 0
218.391 462.723 0
215.611 453.089 0
562.904 560.346 0
563.447 576.18 0
574.457 566.773 0
563.447 576.18 0
536.732 378.428 0
546.747 379.952 0
544.657 371.192 0
546.747 379.952 0
565.319 455.323 0
555 460 0
560.954 464.374 0
555 460 0
121.526 559.939 0
111.065 558.865 0
115.774 571.41 0
111.065 558.865 0
539.05 363.995 0
527.002 360.963 0
527.665 369.271 0
527.002 360.963 0
81.8427 107.026 0
83 117 0
92.2249 109.477 0
83 117 0
418.417 569.746 0
410 575 0
416.878 575.944 0
410 575 0
247.424 499.555 0
246 507 0
250.974 504.456 0
246 507 0
483.454 18.4015 0
491.624 20.4247 0
487.576 11.9439 0
491.624 20.4247 0
385.75 211.5 0
386 221 0
392.35 217.1 0
386 221 0
296 371 0
289 369 0
290.419 375.871 0
289 369 0
433 266 0
439.038 263.106 0
431.398 259.678 0
439.038 263.106 0
484.116 187.701 0
491.741 182.009 0
483.274 177.206 0
491.741 182.009 0
286 261 0
291.071 267.214 0
293.094 260.52 0
291.071 267.214 0
417 227 0
412 228 0
415.502 232.781 0
412 228 0
195 362 0
199.458 356.91 0
192.496 355.686 0
199.458 356.91 0
258 311 0
250.081 309.724 0
253.315 318.646 0
250.081 309.724 0
81 300 0
88.3516 293.767 0
79.7364 290.068 0
88.3516 293.767 0
199.458 356.91 0
208.25 361.268 0
206.199 352.268 0
208.25 361.268 0
262.609 291.865 0
270 286 0
261.82 283.48 0
270 286 0
461.04 425.784 0
453.253 425.21 0
457.79 431.471 0
453.253 425.21 0
431.173 401.273 0
421.95 407.347 0
431.862 411.076 0
421.95 407.347 0
84.4152 61.9849 0
92.0916 68.4233 0
93.5172 61.1648 0
92.0916 68.4233 0
390.411 382.391 0
396 388 0
399.282 380.154 0
396 388 0
34.8544 20.4073 0
43.9648 22.2459 0
38.5561 13.8702 0
43.9648 22.2459 0
562.904 560.346 0
562 548 0
551.396 555.119 0
562 548 0
255.264 158.229 0
261.712 159.59 0
260.533 152.42 0
261.712 159.59 0
381.142 300.882 0
395.24 298.382 0
384.467 285.711 0
395.24 298.382 0
478 66 0
481 63 0
473.926 59.1282 0
481 63 0
206.318 32.8369 0
194.62 31.9596 0
199.903 40.0858 0
194.62 31.9596 0
160.725 257.221 0
153.483 264.384 0
165.261 266.531 0
153.483 264.384 0
264 527 0
276.992 532.564 0
274.968 518.612 0
276.992 532.564 0
79 446 0
80.2025 437.564 0
71.8611 442.287 0
80.2025 437.564 0
524 280 0
527.015 291.831 0
534.606 285.364 0
527.015 291.831 0
43.9648 22.2459 0
49.5656 14.6978 0
38.5561 13.8702 0
49.5656 14.6978 0
101 526 0
104.935 522.194 0
97.9425 518.853 0
104.935 522.194 0
356.568 293.277 0
345.188 301.319 0
355.516 305.357 0
345.188 301.319 0
422.698 311.369 0
423.108 318.645 0
427.323 317.542 0
423.108 318.645 0
209.27 109.093 0
217.478 111.672 0
217.051 100.616 0
217.478 111.672 0
124 449 0
133.041 446.936 0
127.474 443.783 0
133.041 446.936 0
202 98 0
209.27 109.093 0
217.051 100.616 0
209.27 109.093 0
445 436 0
448 440 0
451.66 433.579 0
448 440 0
489 219 0
496.516 213.109 0
486.901 207.373 0
496.516 213.109 0
368.293 431.088 0
375 424 0
366.796 421.946 0
375 424 0
198.535 274.907 0
203.9 282.761 0
207.716 274.443 0
203.9 282.761 0
70.9324 460.379 0
71.6515 452.785 0
64.4978 453.831 0
71.6515 452.785 0
242.201 350.42 0
238.908 358.067 0
246.29 357.852 0
238.908 358.067 0
473 278 0
467 278 0
472.194 284.527 0
467 278 0
219.607 364.994 0
211 373 0
221.921 376.799 0
211 373 0
515.984 573.066 0
510.961 574.73 0
513.654 578.347 0
510.961 574.73 0
76.0807 333.977 0
84.8556 330.282 0
78.7341 326.065 0
84.8556 330.282 0
356.362 43.1764 0
359 36 0
351.113 37.8804 0
359 36 0
292 252 0
292 245 0
284.393 248.802 0
292 245 0
34.8544 20.4073 0
38.7805 28.5241 0
43.9648 22.2459 0
38.7805 28.5241 0
531.498 560.843 0
546.207 565.67 0
541.489 554.997 0
546.207 565.67 0
59 118 0
61 109 0
49.3772 116.008 0
61 109 0
332.845 345.571 0
338.88 349.916 0
338.786 342.422 0
338.88 349.916 0
58 63 0
72.0698 61.2694 0
65.0383 54.9623 0
72.0698 61.2694 0
237.459 296.507 0
245.368 301.925 0
245.711 293.502 0
245.368 301.925 0
452.998 452.413 0
459.669 447.527 0
454.423 444.761 0
459.669 447.527 0
546.207 565.67 0
534.112 571.297 0
545.082 582.367 0
534.112 571.297 0
16.6713 152.16 0
23.7707 144.516 0
14.6997 145.046 0
23.7707 144.516 0
297 199 0
292.586 206.2 0
299.839 207.274 0
292.586 206.2 0
294.97 215.044 0
286.296 217.942 0
292.901 222.164 0
286.296 217.942 0
313.401 582.122 0
309.009 574.285 0
302.968 582.294 0
309.009 574.285 0
403.028 316.958 0
399.003 321.85 0
407.409 323.701 0
399.003 321.85 0
396.264 171.066 0
404.347 167.943 0
397.65 163.086 0
404.347 167.943 0
35.2474 458.47 0
44 458 0
40.8218 452.407 0
44 458 0
540.547 5.5 0
536 9 0
542.654 13.0437 0
536 9 0
369.685 414.642 0
361 416 0
366.796 421.946 0
361 416 0
260.834 126.295 0
256.079 134.253 0
263.361 133.143 0
256.079 134.253 0
390.199 390.5 0
396 388 0
390.411 382.391 0
396 388 0
38 467 0
44 458 0
35.2474 458.47 0
44 458 0
530.586 83.4013 0
531.069 73.1078 0
522.84 77.8609 0
531.069 73.1078 0
533 114 0
546.816 119.228 0
542.474 109.907 0
546.816 119.228 0
515.33 205.132 0
514.444 209.308 0
517.773 209.399 0
514.444 209.308 0
347.947 502.956 0
342 509 0
350.408 511.687 0
342 509 0
369 177 0
376.409 179.79 0
375.192 172.899 0
376.409 179.79 0
337.288 357.837 0
331.94 352.022 0
330.465 359.336 0
331.94 352.022 0
493.809 587.976 0
488.495 582.428 0
485.489 590.229 0
488.495 582.428 0
418.483 323.143 0
425.771 324.644 0
423.108 318.645 0
425.771 324.644 0
441.681 409.286 0
431.173 401.273 0
431.862 411.076 0
431.173 401.273 0
501.934 27.3337 0
506.109 22.7516 0
499.761 21.145 0
506.109 22.7516 0
110.298 428.29 0
104.993 434.529 0
113.534 434.704 0
104.993 434.529 0
537 406 0
531 416 0
544.016 417.614 0
531 416 0
306.933 312.131 0
306.931 317.368 0
311.137 315.048 0
306.931 317.368 0
532 497 0
525 494 0
525 503.667 0
525 494 0
486.815 25.1002 0
491.701 25.7534 0
491.624 20.4247 0
491.701 25.7534 0
390.502 397.777 0
383.62 401.625 0
389.913 405.295 0
383.62 401.625 0
206 289 0
200.642 289.071 0
201.766 293.758 0
200.642 289.071 0
366 442 0
368.841 438.308 0
362.993 435.882 0
368.841 438.308 0
306.931 317.368 0
311.879 320.146 0
311.137 315.048 0
311.879 320.146 0
279 439 0
288 438 0
281.487 433.563 0
288 438 0
547 476 0
558 477 0
553.452 467.545 0
558 477 0
510.575 28.5298 0
503 34 0
509.742 37.3961 0
503 34 0
137.521 396.715 0
138.289 406.861 0
145.196 401.828 0
138.289 406.861 0
311.259 340.633 0
306.778 338.487 0
307.685 342.449 0
306.778 338.487 0
327.409 347.26 0
322.942 348.118 0
326.251 352.45 0
322.942 348.118 0
429.581 96.606 0
416 97 0
424.145 105.401 0
416 97 0
133 227 0
130 234 0
139.878 233.038 0
130 234 0
310.57 556.574 0
314.761 566.158 0
319.102 558.324 0
314.761 566.158 0
99.1629 404.036 0
93.7153 408.9 0
98.696 408.746 0
93.7153 408.9 0
7 549 0
14.4458 546.779 0
8.99146 542.776 0
14.4458 546.779 0
468.245 65.6453 0
462.39 71.6256 0
467.871 73.1159 0
462.39 71.6256 0
447.499 278.446 0
457 276 0
448.951 270.202 0
457 276 0
160.903 168.038 0
172.369 168.392 0
167.033 157.898 0
172.369 168.392 0
439.038 263.106 0
437 269 0
443.36 267.189 0
437 269 0
133.67 558.437 0
146.174 554.247 0
137.954 546.998 0
146.174 554.247 0
551.721 79.9213 0
558.373 74.3611 0
549.846 69.9273 0
558.373 74.3611 0
34 218 0
27 210 0
21.1203 223.147 0
27 210 0
357.342 60.7065 0
353.869 51.1508 0
346.402 56.4663 0
353.869 51.1508 0
316.344 323.277 0
315.869 328.599 0
320.401 326.35 0
315.869 328.599 0
47 440 0
42 446 0
48.6445 447.081 0
42 446 0
311.879 320.146 0
316.863 316.817 0
311.137 315.048 0
316.863 316.817 0
252.797 332.855 0
250.954 339.632 0
256.409 337.421 0
250.954 339.632 0
245.934 316.251 0
249.19 321.573 0
253.315 318.646 0
249.19 321.573 0
540.547 5.5 0
542.654 13.0437 0
548.605 7.19582 0
542.654 13.0437 0
209.791 460.703 0
201 459 0
202.963 468.075 0
201 459 0
129.541 242.479 0
137.379 245.573 0
135.489 238.924 0
137.379 245.573 0
356.443 506.698 0
347.947 502.956 0
350.408 511.687 0
347.947 502.956 0
114 189 0
106 182 0
106.376 192.379 0
106 182 0
419.955 171.306 0
410.673 173.532 0
415.213 179.413 0
410.673 173.532 0
559.925 12.6509 0
557.251 22.2437 0
563.908 20.2236 0
557.251 22.2437 0
461 476 0
461.378 467.243 0
455.885 472.186 0
461.378 467.243 0
117 234 0
119 242 0
123.379 237.127 0
119 242 0
382.101 459.511 0
379 476 0
391.073 465.062 0
379 476 0
258 311 0
262 307 0
255.433 304.433 0
262 307 0
293.63 341.524 0
296.84 345.397 0
298.423 339.411 0
296.84 345.397 0
323.501 357.403 0
330.465 359.336 0
326.251 352.45 0
330.465 359.336 0
48 340 0
38.1055 352.041 0
50.334 355.315 0
38.1055 352.041 0
281.559 414.888 0
291.854 416.777 0
288.966 408.248 0
291.854 416.777 0
274.226 345.968 0
271.77 351.778 0
278.828 351.577 0
271.77 351.778 0
291.071 267.214 0
296.139 265.412 0
293.094 260.52 0
296.139 265.412 0
292.185 107.558 0
289 95 0
279.083 103.712 0
289 95 0
190 429 0
195.505 438.82 0
201.832 432.406 0
195.505 438.82 0
55.1679 503.611 0
65.5791 505.577 0
59.456 496.985 0
65.5791 505.577 0
86.3755 533.679 0
83.9339 525.117 0
79.8196 531.663 0
83.9339 525.117 0
488.154 57.5044 0
493 66 0
496.559 58.8654 0
493 66 0
398.949 52.216 0
400.808 43.4968 0
392.548 47.1524 0
400.808 43.4968 0
371.194 289.868 0
381.142 300.882 0
384.467 285.711 0
381.142 300.882 0
382.851 394.491 0
390.199 390.5 0
383.131 387.665 0
390.199 390.5 0
403.688 547.777 0
408 541 0
399.821 538.873 0
408 541 0
183.888 458.274 0
174.4 463.858 0
184.325 466.482 0
174.4 463.858 0
462.474 43.9128 0
452.119 48.0308 0
458.898 53.194 0
452.119 48.0308 0
496.398 25.921 0
501.934 27.3337 0
499.761 21.145 0
501.934 27.3337 0
265.88 472.45 0
264 477 0
267.47 476.462 0
264 477 0
574.94 220.944 0
573 231 0
586.916 225.65 0
573 231 0
333 339.591 0
332.845 345.571 0
338.786 342.422 0
332.845 345.571 0
531 416 0
537.826 427.056 0
544.016 417.614 0
537.826 427.056 0
438.057 418.979 0
445.619 427.371 0
446.722 418.769 0
445.619 427.371 0
51.089 36.0955 0
47 45 0
56.2076 42.0314 0
47 45 0
451 101 0
459.024 93.6403 0
451.975 90.6055 0
459.024 93.6403 0
330.465 359.336 0
331.94 352.022 0
326.251 352.45 0
331.94 352.022 0
517.013 73.4203 0
515 67 0
510.85 71.6577 0
515 67 0
90 411 0
92 413 0
93.7153 408.9 0
92 413 0
115 198 0
121 203 0
119.442 195.216 0
121 203 0
93.995 569.841 0
84.5366 572.446 0
90.7068 578.453 0
84.5366 572.446 0
375.197 389.942 0
382.851 394.491 0
383.131 387.665 0
382.851 394.491 0
116 541 0
109 543 0
114.415 549.723 0
109 543 0
332.845 345.571 0
327.409 347.26 0
331.94 352.022 0
327.409 347.26 0
392.548 47.1524 0
386 42 0
382.435 50.7906 0
386 42 0
415.502 232.781 0
412 228 0
407.96 233.95 0
412 228 0
508.23 563.136 0
514.992 565.705 0
514.242 558.126 0
514.992 565.705 0
453 497 0
449.234 489.319 0
447.181 495.538 0
449.234 489.319 0
404 429 0
402 437 0
410.02 433.632 0
402 437 0
528 63 0
521 68 0
531.069 73.1078 0
521 68 0
386 42 0
392.548 47.1524 0
395.177 37.4621 0
392.548 47.1524 0
533.177 549.933 0
531.498 560.843 0
541.489 554.997 0
531.498 560.843 0
340.487 478.666 0
343.049 487.457 0
349.471 481.155 0
343.049 487.457 0
307.283 525.971 0
297 523 0
300.571 531.363 0
297 523 0
224 141 0
228 146 0
230.961 138.069 0
228 146 0
453.253 425.21 0
451.66 433.579 0
457.79 431.471 0
451.66 433.579 0
405.665 156.749 0
412.467 164.933 0
414.892 156.767 0
412.467 164.933 0
22.196 161.813 0
27.2953 166.006 0
31.3205 156.722 0
27.2953 166.006 0
195 362 0
200 364 0
199.458 356.91 0
200 364 0
115.774 571.41 0
102.425 579.159 0
116.138 586.491 0
102.425 579.159 0
16.7861 349.042 0
16.3975 336.626 0
6.88338 348.143 0
16.3975 336.626 0
366 442 0
362.993 435.882 0
360.999 440.776 0
362.993 435.882 0
135.489 238.924 0
137.379 245.573 0
143.761 239.701 0
137.379 245.573 0
67.7593 10.2177 0
66.6667 0 0
55.5444 8.62685 0
66.6667 0 0
344.5 365.824 0
337.288 357.837 0
336.251 365.799 0
337.288 357.837 0
407.96 233.95 0
412 228 0
404.689 228.049 0
412 228 0
128.876 263.571 0
129.754 269.511 0
135.794 266.588 0
129.754 269.511 0
403.753 243.502 0
396.167 256.082 0
408.491 251.061 0
396.167 256.082 0
209.285 117.848 0
200 117 0
203.842 123.293 0
200 117 0
126.537 546.22 0
114.415 549.723 0
121.526 559.939 0
114.415 549.723 0
13.116 531.956 0
21 524 0
11.8368 516.623 0
21 524 0
0 133.333 0
1 148 0
7.22583 143.679 0
1 148 0
463.234 78.0157 0
459.012 84.319 0
467.485 84.2928 0
459.012 84.319 0
260 332 0
252.797 332.855 0
256.409 337.421 0
252.797 332.855 0
68.4521 176.007 0
78.8502 176.768 0
75.0121 167.612 0
78.8502 176.768 0
459.669 447.527 0
457.026 439.103 0
454.423 444.761 0
457.026 439.103 0
432 110 0
429.581 96.606 0
424.145 105.401 0
429.581 96.606 0
424 266 0
431.398 259.678 0
422.606 257.055 0
431.398 259.678 0
335 278.5 0
328.923 292.441 0
343.736 287.907 0
328.923 292.441 0
44.6126 245.342 0
34.7543 241.291 0
33.0528 252.708 0
34.7543 241.291 0
449 480 0
455 483 0
454.534 476.835 0
455 483 0
440.713 94.7308 0
451 101 0
451.975 90.6055 0
451 101 0
430 366 0
422.686 371.151 0
428.765 373.763 0
422.686 371.151 0
37.3765 265.292 0
49.9124 268.289 0
44.9912 256.415 0
49.9124 268.289 0
90.7068 578.453 0
82 582 0
89.6365 589.852 0
82 582 0
130.292 27 0
136 23 0
130.927 18.9643 0
136 23 0
196.617 347.215 0
187.862 339.724 0
187.474 347.518 0
187.862 339.724 0
418 342 0
423.511 348.59 0
425.593 341.917 0
423.511 348.59 0
567.109 57.3662 0
565.91 68.2933 0
571.453 63.7365 0
565.91 68.2933 0
136 31 0
130.292 27 0
128.404 34.3565 0
130.292 27 0
247.995 156.712 0
252.199 151.819 0
245.188 150.471 0
252.199 151.819 0
195.505 438.82 0
204.042 437.806 0
201.832 432.406 0
204.042 437.806 0
363 183 0
362 188 0
366.333 187.896 0
362 188 0
49.5656 14.6978 0
60.3972 18.2188 0
55.5444 8.62685 0
60.3972 18.2188 0
141 172 0
135 179 0
144.4 179.4 0
135 179 0
72.0698 61.2694 0
72.0847 49.6235 0
65.0383 54.9623 0
72.0847 49.6235 0
352.819 488.537 0
359.002 480.114 0
349.471 481.155 0
359.002 480.114 0
86.5745 244.564 0
93.4388 250.357 0
93.9971 242.077 0
93.4388 250.357 0
174.515 485.015 0
164.022 495.239 0
177.731 495.184 0
164.022 495.239 0
511 135 0
504.604 143.397 0
516.822 145.373 0
504.604 143.397 0
528 304 0
531 308 0
535.775 301.434 0
531 308 0
254.532 508.731 0
257.663 500.803 0
250.974 504.456 0
257.663 500.803 0
320.098 331.431 0
325.096 328.312 0
320.401 326.35 0
325.096 328.312 0
222.755 503.572 0
233.979 505.798 0
233.021 498.454 0
233.979 505.798 0
580 59 0
588 56 0
583.173 50.0009 0
588 56 0
207 445 0
209.759 447.224 0
210.35 443.233 0
209.759 447.224 0
425.771 324.644 0
424.779 334.259 0
430.403 329.849 0
424.779 334.259 0
428 249 0
425 243 0
417.967 250.519 0
425 243 0
26.3426 466.717 0
38 467 0
35.2474 458.47 0
38 467 0
389.613 164.643 0
396.264 171.066 0
397.65 163.086 0
396.264 171.066 0
92.6946 402.833 0
99.1629 404.036 0
94.1715 397.174 0
99.1629 404.036 0
525 457 0
529 450 0
518.804 450.296 0
529 450 0
218.391 462.723 0
209.791 460.703 0
211.971 469.107 0
209.791 460.703 0
135.794 266.588 0
135.949 274.654 0
144.873 271.174 0
135.949 274.654 0
23 3 0
25 5 0
23 1 0
25 5 0
430.721 346.924 0
430.954 337.813 0
425.593 341.917 0
430.954 337.813 0
514 361 0
505.578 356.416 0
508.623 365.979 0
505.578 356.416 0
506.776 574.353 0
509.76 569.931 0
502.709 569.926 0
509.76 569.931 0
10.6634 124.035 0
24.2635 129.685 0
20.3033 116.639 0
24.2635 129.685 0
231.61 416.335 0
230 412 0
224.919 415.645 0
230 412 0
306.052 398.667 0
309 406 0
313.152 398.753 0
309 406 0
69.5529 567.405 0
77.9078 565.731 0
71.5732 560.495 0
77.9078 565.731 0
475 241 0
480 249 0
484.75 240.5 0
480 249 0
210.948 450.168 0
215.611 453.089 0
213.572 448.146 0
215.611 453.089 0
474.452 451.388 0
476.987 458.915 0
480.995 453.72 0
476.987 458.915 0
144.397 134.036 0
142.381 138.776 0
147.96 139.584 0
142.381 138.776 0
443.5 55.6359 0
444 61 0
450.739 55.5651 0
444 61 0
153.212 134.918 0
154.441 142.914 0
163.079 139.126 0
154.441 142.914 0
425.093 576.032 0
418.417 569.746 0
416.878 575.944 0
418.417 569.746 0
16.7861 349.042 0
28.7721 343.619 0
16.3975 336.626 0
28.7721 343.619 0
120 141 0
113.563 136.218 0
111.285 145.395 0
113.563 136.218 0
390.069 514.687 0
397.107 517.306 0
394.794 511.748 0
397.107 517.306 0
422.698 311.369 0
431 310 0
426.075 303.89 0
431 310 0
300 0 0
297 11 0
307.203 8.90313 0
297 11 0
396 393 0
396 388 0
390.199 390.5 0
396 388 0
435 385 0
441.372 381.423 0
435.654 380.12 0
441.372 381.423 0
58.6192 555.101 0
48 554 0
51.7624 560.286 0
48 554 0
447.499 278.446 0
448.951 270.202 0
442.901 272.736 0
448.951 270.202 0
318.465 353.699 0
323.501 357.403 0
322.067 351.768 0
323.501 357.403 0
250.081 309.724 0
245.934 316.251 0
253.315 318.646 0
245.934 316.251 0
217.478 111.672 0
209.27 109.093 0
209.285 117.848 0
209.27 109.093 0
223.261 354.959 0
216.585 348.248 0
214.596 356.335 0
216.585 348.248 0
203.793 209.035 0
209 201 0
202.207 201.561 0
209 201 0
498.667 579.483 0
502.516 576.135 0
497.756 574.442 0
502.516 576.135 0
515.453 457.508 0
518.804 450.296 0
507.611 452.399 0
518.804 450.296 0
341 376 0
344.5 365.824 0
336.251 365.799 0
344.5 365.824 0
567 227 0
573 231 0
574.94 220.944 0
573 231 0
16 165 0
15 168 0
21.7087 168.367 0
15 168 0
556 286 0
552.03 280.814 0
545.687 286.046 0
552.03 280.814 0
213 24 0
215.946 34.9463 0
221.063 26.4505 0
215.946 34.9463 0
571.134 213.428 0
574.94 220.944 0
580.287 215.135 0
574.94 220.944 0
436.245 374.056 0
430 366 0
428.765 373.763 0
430 366 0
263.361 133.143 0
261.243 141.498 0
268.678 138.225 0
261.243 141.498 0
429 161 0
422 154 0
419.663 161.601 0
422 154 0
94.6672 559.661 0
103.145 566.093 0
101.916 555.275 0
103.145 566.093 0
491 29 0
491.701 25.7534 0
486.815 25.1002 0
491.701 25.7534 0
415.502 232.781 0
413.987 241.99 0
419.384 237.29 0
413.987 241.99 0
507 469 0
515.616 466.856 0
509.707 460.951 0
515.616 466.856 0
24.2635 129.685 0
34.4748 118.215 0
20.3033 116.639 0
34.4748 118.215 0
256.079 134.253 0
261.243 141.498 0
263.361 133.143 0
261.243 141.498 0
80 411 0
81 414 0
86 411 0
81 414 0
69.8086 249.887 0
64.3387 243.631 0
60.6742 250.411 0
64.3387 243.631 0
12 554 0
18.2148 560.812 0
19.4139 552.325 0
18.2148 560.812 0
320 393 0
314.811 385.455 0
311.706 392.097 0
314.811 385.455 0
443 61 0
443.5 55.6359 0
437.189 57.6352 0
443.5 55.6359 0
362.993 435.882 0
368.293 431.088 0
360.551 430.664 0
368.293 431.088 0
564 337 0
554 334 0
556.722 343.093 0
554 334 0
356.568 293.277 0
371.194 289.868 0
363.145 282.857 0
371.194 289.868 0
44.6126 245.342 0
46 236 0
34.7543 241.291 0
46 236 0
114 189 0
115 198 0
119.442 195.216 0
115 198 0
93.995 569.841 0
90.7068 578.453 0
102.425 579.159 0
90.7068 578.453 0
112 319 0
114.179 311.345 0
109.179 312.504 0
114.179 311.345 0
344.5 365.824 0
348 376 0
354.708 368.501 0
348 376 0
209 127 0
209.285 117.848 0
203.842 123.293 0
209.285 117.848 0
80.2025 437.564 0
79 429 0
71.2836 430.911 0
79 429 0
440.932 389.206 0
440.026 397.946 0
446.559 393.357 0
440.026 397.946 0
440.932 389.206 0
446.559 393.357 0
447.612 383.206 0
446.559 393.357 0
84.8556 330.282 0
84 319 0
78.7341 326.065 0
84 319 0
288.695 400.513 0
280.616 405.293 0
288.966 408.248 0
280.616 405.293 0
31.3205 156.722 0
23.7707 144.516 0
22.2259 154.678 0
23.7707 144.516 0
93.7153 408.9 0
97.5576 412.639 0
98.696 408.746 0
97.5576 412.639 0
275 327 0
271 327 0
274.42 332.312 0
271 327 0
306.351 384.178 0
297.997 388.763 0
304.152 391.919 0
297.997 388.763 0
509.707 460.951 0
515.616 466.856 0
515.453 457.508 0
515.616 466.856 0
410 575 0
414 583 0
416.878 575.944 0
414 583 0
282.976 343.667 0
289 346 0
289.268 340.532 0
289 346 0
501.598 459.072 0
509.707 460.951 0
507.611 452.399 0
509.707 460.951 0
368.841 438.308 0
371 443 0
373.764 436.583 0
371 443 0
141.234 510.276 0
130.271 510.117 0
133.371 518.998 0
130.271 510.117 0
514.992 565.705 0
523.112 568.722 0
519.978 561.307 0
523.112 568.722 0
431.398 259.678 0
439.038 263.106 0
439.46 256.722 0
439.038 263.106 0
410.673 173.532 0
408.224 181.621 0
415.213 179.413 0
408.224 181.621 0
378.449 446.101 0
371 453 0
382.101 459.511 0
371 453 0
124 24 0
130.292 27 0
130.927 18.9643 0
130.292 27 0
264 477 0
266 479 0
267.47 476.462 0
266 479 0
245.368 301.925 0
253.385 296.567 0
245.711 293.502 0
253.385 296.567 0
286 349 0
282.976 343.667 0
278.828 351.577 0
282.976 343.667 0
302.882 104.417 0
303.647 112.753 0
310.816 111.816 0
303.647 112.753 0
423.046 231.388 0
415.502 232.781 0
419.384 237.29 0
415.502 232.781 0
67.1753 494.443 0
59 487 0
59.456 496.985 0
59 487 0
135.794 266.588 0
129.754 269.511 0
135.949 274.654 0
129.754 269.511 0
544.379 546.58 0
541.489 554.997 0
551.396 555.119 0
541.489 554.997 0
409.275 313.016 0
417.622 316.556 0
416.094 310.374 0
417.622 316.556 0
315.786 347.658 0
311.613 345.006 0
311.893 349.816 0
311.613 345.006 0
36.3423 168.877 0
28.1971 173.087 0
34.2662 176.5 0
28.1971 173.087 0
518.804 450.296 0
509 442 0
507.611 452.399 0
509 442 0
34.0742 450.406 0
35.2474 458.47 0
40.8218 452.407 0
35.2474 458.47 0
390.199 390.5 0
390.411 382.391 0
383.131 387.665 0
390.411 382.391 0
230.961 138.069 0
238.838 136.597 0
233.099 130.686 0
238.838 136.597 0
144.397 134.036 0
147.96 139.584 0
153.212 134.918 0
147.96 139.584 0
94.1249 234.392 0
89.4968 228.716 0
87.7193 236.151 0
89.4968 228.716 0
167.033 157.898 0
173 146 0
160.926 148.529 0
173 146 0
509.707 460.951 0
515.453 457.508 0
507.611 452.399 0
515.453 457.508 0
493 190 0
491.741 182.009 0
484.116 187.701 0
491.741 182.009 0
73.4894 535.255 0
79.2255 539.325 0
79.8196 531.663 0
79.2255 539.325 0
473 490.5 0
482.289 491.535 0
475.802 483.479 0
482.289 491.535 0
52.4147 178.694 0
56.8116 187.971 0
60.024 180.139 0
56.8116 187.971 0
233.979 505.798 0
240.811 502.057 0
233.021 498.454 0
240.811 502.057 0
73.4894 535.255 0
70.3929 542.858 0
79.2255 539.325 0
70.3929 542.858 0
454.534 476.835 0
461 476 0
455.885 472.186 0
461 476 0
537.69 100.079 0
533 114 0
542.474 109.907 0
533 114 0
67.0431 259.179 0
60.6742 250.411 0
56.0204 258.732 0
60.6742 250.411 0
330.465 359.336 0
328 370 0
336.251 365.799 0
328 370 0
529 450 0
534.776 444.403 0
524.2 444.267 0
534.776 444.403 0
487.576 11.9439 0
491.624 20.4247 0
498.004 13.438 0
491.624 20.4247 0
37 413 0
45.4673 418.036 0
45.8668 409.509 0
45.4673 418.036 0
22.4364 543.435 0
21 534 0
16.0762 539.874 0
21 534 0
600 266.667 0
591 257 0
591.2 269.733 0
591 257 0
67.8277 19.8537 0
75.1437 19.5492 0
71.4949 15.1637 0
75.1437 19.5492 0
357.342 60.7065 0
346.402 56.4663 0
348.624 68.8621 0
346.402 56.4663 0
375 424 0
369.685 414.642 0
366.796 421.946 0
369.685 414.642 0
500 135 0
494 133 0
493.801 141.199 0
494 133 0
362.484 491.095 0
364.858 501.767 0
370.436 496.432 0
364.858 501.767 0
291.071 267.214 0
297.962 270.586 0
296.139 265.412 0
297.962 270.586 0
542.654 13.0437 0
550.294 17.2458 0
548.605 7.19582 0
550.294 17.2458 0
450.955 473.745 0
449 480 0
454.534 476.835 0
449 480 0
484.116 187.701 0
483.274 177.206 0
474.201 183.239 0
483.274 177.206 0
97.5576 412.639 0
104 410 0
98.696 408.746 0
104 410 0
515.73 213.03 0
515.193 217.192 0
518.73 215.607 0
515.193 217.192 0
337.288 357.837 0
330.465 359.336 0
336.251 365.799 0
330.465 359.336 0
346.402 56.4663 0
336 62 0
348.624 68.8621 0
336 62 0
92 99 0
81.8427 107.026 0
92.2249 109.477 0
81.8427 107.026 0
392 507 0
390.069 514.687 0
394.794 511.748 0
390.069 514.687 0
207.716 274.443 0
210.916 280.676 0
215.883 274.719 0
210.916 280.676 0
79.9391 278.346 0
87.5206 285.288 0
89.9329 277.172 0
87.5206 285.288 0
259.622 181.747 0
259.674 190.9 0
266.616 187.139 0
259.674 190.9 0
297 11 0
300 0 0
296 1 0
300 0 0
147.96 139.584 0
142.476 144.454 0
149.219 144.738 0
142.476 144.454 0
11.6968 113.568 0
10.6634 124.035 0
20.3033 116.639 0
10.6634 124.035 0
441.372 381.423 0
440.932 389.206 0
447.612 383.206 0
440.932 389.206 0
295.917 409.056 0
301.149 404.541 0
294.764 403.436 0
301.149 404.541 0
440 530 0
443 533 0
445.832 526.734 0
443 533 0
197.504 293.285 0
194.153 297.39 0
198.686 297.435 0
194.153 297.39 0
128.876 263.571 0
126.998 256.667 0
122.358 261.925 0
126.998 256.667 0
549.846 69.9273 0
557.343 63.8187 0
546.655 60.0089 0
557.343 63.8187 0
546.747 379.952 0
553 372 0
544.657 371.192 0
553 372 0
2 45 0
0 33.3333 0
1 45 0
0 33.3333 0
362.993 435.882 0
368.841 438.308 0
368.293 431.088 0
368.841 438.308 0
160.725 257.221 0
168 248 0
158.097 248.034 0
168 248 0
33.0528 252.708 0
34.7543 241.291 0
19.3849 243.598 0
34.7543 241.291 0
203.9 282.761 0
210.916 280.676 0
207.716 274.443 0
210.916 280.676 0
536.438 234.733 0
535 225 0
529.418 231.39 0
535 225 0
535.33 527.628 0
545 527 0
540.232 517.698 0
545 527 0
397.336 401.474 0
390.502 397.777 0
389.913 405.295 0
390.502 397.777 0
550.223 102.859 0
537.69 100.079 0
542.474 109.907 0
537.69 100.079 0
498.443 520.432 0
489 522 0
494.696 525.825 0
489 522 0
587.421 158.572 0
595 149.5 0
585.241 144.294 0
595 149.5 0
508.673 556.013 0
508.23 563.136 0
514.242 558.126 0
508.23 563.136 0
262.609 291.865 0
261.695 299.982 0
266.537 297.133 0
261.695 299.982 0
477.482 49.4609 0
481.112 56.0675 0
485.001 51.2438 0
481.112 56.0675 0
142.381 138.776 0
142.476 144.454 0
147.96 139.584 0
142.476 144.454 0
518.804 450.296 0
529 450 0
524.2 444.267 0
529 450 0
214 80 0
206.826 82.7444 0
214.184 90.1047 0
206.826 82.7444 0
34.2473 361.805 0
43.8571 362.266 0
38.1055 352.041 0
43.8571 362.266 0
86 71 0
92.0916 68.4233 0
84.4152 61.9849 0
92.0916 68.4233 0
398.949 52.216 0
397.023 62.2478 0
404.78 58.2033 0
397.023 62.2478 0
225 8 0
233.333 0 0
225 1 0
233.333 0 0
451.558 467.106 0
450.955 473.745 0
455.885 472.186 0
450.955 473.745 0
99.1629 404.036 0
103 398 0
94.1715 397.174 0
103 398 0
359.002 480.114 0
352 471 0
349.471 481.155 0
352 471 0
454.77 61.4389 0
458.898 53.194 0
450.739 55.5651 0
458.898 53.194 0
555.454 433.352 0
562.328 426.477 0
552.66 424.543 0
562.328 426.477 0
307.043 333.211 0
303.163 330.771 0
302.481 335.929 0
303.163 330.771 0
566.667 600 0
582.935 580.336 0
563.447 576.18 0
582.935 580.336 0
106.618 152.739 0
101 158 0
106.45 158.211 0
101 158 0
207 449 0
208 453 0
210.948 450.168 0
208 453 0
75.1437 19.5492 0
77 13 0
71.4949 15.1637 0
77 13 0
495.541 308.744 0
494 299 0
488.319 306.72 0
494 299 0
506.379 513.868 0
497.651 510.801 0
498.443 520.432 0
497.651 510.801 0
198.127 62.2454 0
208 65 0
205.017 57.0971 0
208 65 0
338.746 572.093 0
329.489 576.25 0
334.638 580.233 0
329.489 576.25 0
490.525 493.676 0
487.869 484.215 0
482.289 491.535 0
487.869 484.215 0
370.842 47.9601 0
362.272 49.4134 0
371.643 57.7878 0
362.272 49.4134 0
313 356 0
307.347 352.229 0
306.467 357.342 0
307.347 352.229 0
371.029 191.372 0
365.134 192.8 0
368.057 198.196 0
365.134 192.8 0
359.002 480.114 0
362.484 491.095 0
370.266 485.004 0
362.484 491.095 0
385.75 211.5 0
390 203 0
380.818 206.218 0
390 203 0
529.418 231.39 0
522.904 234.139 0
529.184 237.471 0
522.904 234.139 0
462.39 71.6256 0
463.234 78.0157 0
467.871 73.1159 0
463.234 78.0157 0
492.522 576.976 0
498.667 579.483 0
497.756 574.442 0
498.667 579.483 0
89.4968 228.716 0
81.8485 229.521 0
87.7193 236.151 0
81.8485 229.521 0
38.1055 352.041 0
43.8571 362.266 0
50.334 355.315 0
43.8571 362.266 0
77 1 0
66.6667 0 0
67.7593 10.2177 0
66.6667 0 0
48 370 0
52 366 0
43.8571 362.266 0
52 366 0
306.052 398.667 0
313.152 398.753 0
311.706 392.097 0
313.152 398.753 0
111.065 558.865 0
107.612 551.032 0
101.916 555.275 0
107.612 551.032 0
222 205 0
213.703 212.402 0
221.243 213.196 0
213.703 212.402 0
222.755 503.572 0
233.021 498.454 0
225.678 492.598 0
233.021 498.454 0
426 63 0
427 64 0
429.38 60.6201 0
427 64 0
505 232 0
497.722 229.389 0
500.903 236.172 0
497.722 229.389 0
44.6126 245.342 0
33.0528 252.708 0
44.9912 256.415 0
33.0528 252.708 0
474 93 0
467.485 84.2928 0
466.56 94.4422 0
467.485 84.2928 0
512 216 0
512 218 0
515.193 217.192 0
512 218 0
443.36 267.189 0
437 269 0
442.901 272.736 0
437 269 0
535 243 0
536.438 234.733 0
529.184 237.471 0
536.438 234.733 0
537 396 0
547.087 403.293 0
545.88 389.938 0
547.087 403.293 0
420 20 0
416.667 14.4338 0
409.728 22.7822 0
416.667 14.4338 0
514.242 558.126 0
514.992 565.705 0
519.978 561.307 0
514.992 565.705 0
485 477 0
480 480 0
487.869 484.215 0
480 480 0
313.152 398.753 0
320 393 0
311.706 392.097 0
320 393 0
261.243 141.498 0
266 148 0
268.678 138.225 0
266 148 0
207.43 42.0661 0
206.318 32.8369 0
199.903 40.0858 0
206.318 32.8369 0
455 348 0
445.478 347.255 0
449.188 354.305 0
445.478 347.255 0
563.447 576.18 0
582.935 580.336 0
574.457 566.773 0
582.935 580.336 0
291.854 416.777 0
295.917 409.056 0
288.966 408.248 0
295.917 409.056 0
217.478 111.672 0
209.285 117.848 0
216.263 121.079 0
209.285 117.848 0
88.3516 293.767 0
97 288 0
87.5206 285.288 0
97 288 0
458.898 53.194 0
452.119 48.0308 0
450.739 55.5651 0
452.119 48.0308 0
209.791 460.703 0
202.963 468.075 0
211.971 469.107 0
202.963 468.075 0
116.138 586.491 0
133.333 600 0
128.726 576.451 0
133.333 600 0
390.069 514.687 0
383 519 0
390.344 522.974 0
383 519 0
125.053 432.448 0
131.53 438.53 0
131.849 431.734 0
131.53 438.53 0
25 5 0
33.3333 0 0
23 1 0
33.3333 0 0
491.701 25.7534 0
494 29 0
496.398 25.921 0
494 29 0
377 381 0
375.197 389.942 0
383.131 387.665 0
375.197 389.942 0
314.811 385.455 0
306.351 384.178 0
311.706 392.097 0
306.351 384.178 0
323 50 0
328.932 40.8597 0
321.192 41.5601 0
328.932 40.8597 0
351.113 37.8804 0
349 30 0
344.003 37.3086 0
349 30 0
571 550 0
562 548 0
562.904 560.346 0
562 548 0
188 266 0
183 261 0
180.711 267.334 0
183 261 0
502.709 569.926 0
508.23 563.136 0
501.553 561.054 0
508.23 563.136 0
133.041 446.936 0
131.53 438.53 0
127.474 443.783 0
131.53 438.53 0
404 429 0
410.02 433.632 0
411.939 426.74 0
410.02 433.632 0
580.287 215.135 0
574.94 220.944 0
586.916 225.65 0
574.94 220.944 0
329.489 576.25 0
327.317 585.589 0
334.638 580.233 0
327.317 585.589 0
52.4147 178.694 0
56 170 0
46.3613 170.876 0
56 170 0
383.214 509.786 0
383 519 0
390.069 514.687 0
383 519 0
138.859 135.614 0
138.211 140.192 0
142.381 138.776 0
138.211 140.192 0
220.677 474.249 0
218.391 462.723 0
211.971 469.107 0
218.391 462.723 0
414.892 156.767 0
412.467 164.933 0
419.663 161.601 0
412.467 164.933 0
124 268 0
128.876 263.571 0
122.358 261.925 0
128.876 263.571 0
34 218 0
21.1203 223.147 0
30.9575 231.378 0
21.1203 223.147 0
504 580 0
505 581 0
505.962 578.573 0
505 581 0
137.379 245.573 0
140.142 253.302 0
144.141 247.51 0
140.142 253.302 0
341 376 0
348 376 0
344.5 365.824 0
348 376 0
16.3975 336.626 0
0 333.333 0
6.88338 348.143 0
0 333.333 0
5 548 0
1 546 0
2 548 0
1 546 0
277 373 0
283.317 371.951 0
280.235 366.382 0
283.317 371.951 0
202 443 0
204.042 437.806 0
195.505 438.82 0
204.042 437.806 0
71.6515 452.785 0
64.6027 447.128 0
64.4978 453.831 0
64.6027 447.128 0
28.1971 173.087 0
28.8104 179.684 0
34.2662 176.5 0
28.8104 179.684 0
158 275 0
153.483 264.384 0
144.873 271.174 0
153.483 264.384 0
445.478 347.255 0
444 354 0
449.188 354.305 0
444 354 0
450.955 473.745 0
454.534 476.835 0
455.885 472.186 0
454.534 476.835 0
546.393 430.063 0
555.454 433.352 0
552.66 424.543 0
555.454 433.352 0
20.3033 116.639 0
24 106 0
12.8333 106.368 0
24 106 0
313.079 308.778 0
306.933 312.131 0
311.137 315.048 0
306.933 312.131 0
153.483 264.384 0
142.906 261.689 0
144.873 271.174 0
142.906 261.689 0
73.8723 527.05 0
73.4894 535.255 0
79.8196 531.663 0
73.4894 535.255 0
539.874 69.0158 0
549.846 69.9273 0
546.655 60.0089 0
549.846 69.9273 0
103.145 566.093 0
111.065 558.865 0
101.916 555.275 0
111.065 558.865 0
449.188 354.305 0
444 355 0
449.055 362.474 0
444 355 0
52.0684 250.225 0
44.6126 245.342 0
44.9912 256.415 0
44.6126 245.342 0
326.251 352.45 0
322.942 348.118 0
322.067 351.768 0
322.942 348.118 0
318.465 353.699 0
317 357 0
323.501 357.403 0
317 357 0
120 230 0
117 234 0
123.379 237.127 0
117 234 0
431 310 0
422.698 311.369 0
427.323 317.542 0
422.698 311.369 0
404.606 34.4442 0
409.728 22.7822 0
400.845 25.815 0
409.728 22.7822 0
324 129 0
326.887 138.545 0
330.076 132.46 0
326.887 138.545 0
154.441 142.914 0
160.926 148.529 0
163.079 139.126 0
160.926 148.529 0
347.527 43.7533 0
351.113 37.8804 0
344.003 37.3086 0
351.113 37.8804 0
240.729 309.656 0
236.966 304.108 0
233.681 310.928 0
236.966 304.108 0
79.2255 539.325 0
83.69 547.729 0
86.6906 540.857 0
83.69 547.729 0
422 154 0
414.892 156.767 0
419.663 161.601 0
414.892 156.767 0
261 473.103 0
265.88 472.45 0
263.01 467.224 0
265.88 472.45 0
232 161 0
239 167 0
240.521 158.747 0
239 167 0
445.619 427.371 0
453.253 425.21 0
446.722 418.769 0
453.253 425.21 0
423 63 0
425.618 58.2624 0
417 58.4996 0
425.618 58.2624 0
331.94 352.022 0
327.409 347.26 0
326.251 352.45 0
327.409 347.26 0
209.005 439.057 0
210.35 443.233 0
213.573 439.515 0
210.35 443.233 0
423.511 348.59 0
430.721 346.924 0
425.593 341.917 0
430.721 346.924 0
313 356 0
315.567 352.245 0
311.893 349.816 0
315.567 352.245 0
306.052 398.667 0
311.706 392.097 0
304.152 391.919 0
311.706 392.097 0
163 128 0
153.212 134.918 0
163.079 139.126 0
153.212 134.918 0
307.347 352.229 0
313 356 0
311.893 349.816 0
313 356 0
495.025 582.475 0
492.522 576.976 0
488.495 582.428 0
492.522 576.976 0
519.951 219.285 0
522.416 216.003 0
518.73 215.607 0
522.416 216.003 0
102.387 64.9338 0
97 54 0
93.5172 61.1648 0
97 54 0
428 249 0
417.967 250.519 0
422.606 257.055 0
417.967 250.519 0
558 441 0
562 443 0
562.884 436.232 0
562 443 0
113.563 136.218 0
104 138 0
111.285 145.395 0
104 138 0
375.192 172.899 0
376.409 179.79 0
381.05 175.185 0
376.409 179.79 0
271.668 475.267 0
267.47 476.462 0
269.803 478.592 0
267.47 476.462 0
522.416 216.003 0
520.362 212.525 0
518.73 215.607 0
520.362 212.525 0
483.454 18.4015 0
487.576 11.9439 0
480.094 13.4194 0
487.576 11.9439 0
326.887 138.545 0
336.417 139.294 0
330.076 132.46 0
336.417 139.294 0
79.7364 290.068 0
88.3516 293.767 0
87.5206 285.288 0
88.3516 293.767 0
93.995 569.841 0
102.425 579.159 0
103.145 566.093 0
102.425 579.159 0
209 201 0
205 196 0
202.207 201.561 0
205 196 0
506.109 22.7516 0
504.497 17.0007 0
499.761 21.145 0
504.497 17.0007 0
437.696 278.846 0
447.499 278.446 0
442.901 272.736 0
447.499 278.446 0
200.495 49.4786 0
207.43 42.0661 0
199.903 40.0858 0
207.43 42.0661 0
107 307 0
104 311 0
109.179 312.504 0
104 311 0
122.358 261.925 0
126.998 256.667 0
120.489 255.411 0
126.998 256.667 0
315.567 352.245 0
315.786 347.658 0
311.893 349.816 0
315.786 347.658 0
26.9536 353.511 0
34.2473 361.805 0
38.1055 352.041 0
34.2473 361.805 0
546.816 119.228 0
552.563 112.08 0
542.474 109.907 0
552.563 112.08 0
397.023 62.2478 0
398.949 52.216 0
391.106 55.098 0
398.949 52.216 0
556 307 0
546.243 296.707 0
543.242 306.852 0
546.243 296.707 0
485.489 590.229 0
482 583 0
475.592 588.502 0
482 583 0
209.285 117.848 0
209 127 0
216.263 121.079 0
209 127 0
53.7886 105.836 0
46 107 0
49.3772 116.008 0
46 107 0
14.6997 145.046 0
14.1566 136.256 0
7.22583 143.679 0
14.1566 136.256 0
214 80 0
210 76 0
206.826 82.7444 0
210 76 0
527.002 360.963 0
519.542 366.969 0
527.665 369.271 0
519.542 366.969 0
409.728 22.7822 0
401.49 16.0464 0
400.845 25.815 0
401.49 16.0464 0
297.962 270.586 0
303 265 0
296.139 265.412 0
303 265 0
333 123 0
324 129 0
330.076 132.46 0
324 129 0
110 398 0
103 398 0
107.007 402.81 0
103 398 0
222.608 128.696 0
223.604 117.189 0
216.263 121.079 0
223.604 117.189 0
545.88 389.938 0
547.087 403.293 0
553.64 395.313 0
547.087 403.293 0
94.6672 559.661 0
93.995 569.841 0
103.145 566.093 0
93.995 569.841 0
271.818 410.124 0
264.885 403.144 0
264.547 412.681 0
264.885 403.144 0
316 357 0
317 357 0
315 356 0
317 357 0
233.021 498.454 0
235.666 490.854 0
225.678 492.598 0
235.666 490.854 0
200.642 289.071 0
197.504 293.285 0
201.766 293.758 0
197.504 293.285 0
486 40 0
483.505 32.1263 0
477.954 37.4063 0
483.505 32.1263 0
10.4987 149.436 0
14.6997 145.046 0
7.22583 143.679 0
14.6997 145.046 0
59 487 0
50.3579 494.294 0
59.456 496.985 0
50.3579 494.294 0
362.484 491.095 0
370.436 496.432 0
370.266 485.004 0
370.436 496.432 0
409 332 0
414 327 0
407.409 323.701 0
414 327 0
493.911 569.615 0
492.522 576.976 0
497.756 574.442 0
492.522 576.976 0
333.339 485.464 0
329 478 0
323.833 484.356 0
329 478 0
60.8888 351.296 0
50.334 355.315 0
59.1523 360.285 0
50.334 355.315 0
122.358 261.925 0
120.489 255.411 0
115.019 260.662 0
120.489 255.411 0
242 285 0
245.711 293.502 0
253.254 288.402 0
245.711 293.502 0
544 128 0
549 128 0
546.816 119.228 0
549 128 0
267.47 476.462 0
266 479 0
269.803 478.592 0
266 479 0
554.072 386.643 0
545.88 389.938 0
553.64 395.313 0
545.88 389.938 0
22.196 161.813 0
31.3205 156.722 0
22.2259 154.678 0
31.3205 156.722 0
58.2469 49.9732 0
58 63 0
65.0383 54.9623 0
58 63 0
552.563 112.08 0
550.223 102.859 0
542.474 109.907 0
550.223 102.859 0
223.604 117.189 0
217.478 111.672 0
216.263 121.079 0
217.478 111.672 0
536.438 234.733 0
529.418 231.39 0
529.184 237.471 0
529.418 231.39 0
327.658 491.158 0
333.339 485.464 0
323.833 484.356 0
333.339 485.464 0
313.401 582.122 0
302.968 582.294 0
311.503 589.501 0
302.968 582.294 0
209.759 447.224 0
210.948 450.168 0
213.572 448.146 0
210.948 450.168 0
143.761 239.701 0
137.379 245.573 0
144.141 247.51 0
137.379 245.573 0
1 391 0
10 392 0
7.27025 382.948 0
10 392 0
115.019 260.662 0
105.807 259.153 0
107.075 268.904 0
105.807 259.153 0
398.949 52.216 0
392.548 47.1524 0
391.106 55.098 0
392.548 47.1524 0
14.4458 546.779 0
12 554 0
19.4139 552.325 0
12 554 0
496.559 58.8654 0
504 56 0
500.018 49.5319 0
504 56 0
392.548 47.1524 0
382.435 50.7906 0
391.106 55.098 0
382.435 50.7906 0
474.604 15.3506 0
480.094 13.4194 0
478.133 7.72251 0
480.094 13.4194 0
197.504 293.285 0
198.686 297.435 0
201.766 293.758 0
198.686 297.435 0
437 48 0
429 49 0
431.637 54.7035 0
429 49 0
525 457 0
518.804 450.296 0
515.453 457.508 0
518.804 450.296 0
102.901 104.74 0
92 99 0
92.2249 109.477 0
92 99 0
245.711 293.502 0
253.385 296.567 0
253.254 288.402 0
253.385 296.567 0
229.343 210.633 0
222 205 0
221.243 213.196 0
222 205 0
114.415 549.723 0
109 543 0
107.612 551.032 0
109 543 0
311.706 392.097 0
306.351 384.178 0
304.152 391.919 0
306.351 384.178 0
178 509 0
191.67 498.387 0
177.731 495.184 0
191.67 498.387 0
556 286 0
560 282 0
552.03 280.814 0
560 282 0
508.23 563.136 0
508.673 556.013 0
501.553 561.054 0
508.673 556.013 0
139.878 233.038 0
135.489 238.924 0
143.761 239.701 0
135.489 238.924 0
491 29 0
494 29 0
491.701 25.7534 0
494 29 0
397.023 62.2478 0
406 67 0
404.78 58.2033 0
406 67 0
382.435 50.7906 0
384.573 63.0829 0
391.106 55.098 0
384.573 63.0829 0
498.617 149.842 0
493.801 141.199 0
487.896 148.203 0
493.801 141.199 0
147.96 139.584 0
154.441 142.914 0
153.212 134.918 0
154.441 142.914 0
501.342 529.869 0
498.443 520.432 0
494.696 525.825 0
498.443 520.432 0
17.171 158.181 0
22.196 161.813 0
22.2259 154.678 0
22.196 161.813 0
464 284 0
469 291 0
472.194 284.527 0
469 291 0
88 397 0
92.6946 402.833 0
94.1715 397.174 0
92.6946 402.833 0
510 581 0
512 583 0
513.654 578.347 0
512 583 0
209.759 447.224 0
207 449 0
210.948 450.168 0
207 449 0
520.362 212.525 0
515.73 213.03 0
518.73 215.607 0
515.73 213.03 0
153.483 264.384 0
158 275 0
165.261 266.531 0
158 275 0
286 349 0
289 346 0
282.976 343.667 0
289 346 0
115.774 571.41 0
116.138 586.491 0
128.726 576.451 0
116.138 586.491 0
16.6713 152.16 0
17.171 158.181 0
22.2259 154.678 0
17.171 158.181 0
492.061 155.974 0
498.617 149.842 0
487.896 148.203 0
498.617 149.842 0
380.546 168.058 0
375.192 172.899 0
381.05 175.185 0
375.192 172.899 0
173 146 0
173.894 134.395 0
163.079 139.126 0
173.894 134.395 0
441 351 0
444 354 0
445.478 347.255 0
444 354 0
150.374 243.812 0
143.761 239.701 0
144.141 247.51 0
143.761 239.701 0
8.99146 542.776 0
14.4458 546.779 0
16.0762 539.874 0
14.4458 546.779 0
104.935 522.194 0
105 527 0
111.886 523.647 0
105 527 0
107.612 551.032 0
101 548 0
101.916 555.275 0
101 548 0
188 266 0
180.711 267.334 0
182.742 273.267 0
180.711 267.334 0
119 268 0
115.019 260.662 0
107.075 268.904 0
115.019 260.662 0
60.6742 250.411 0
52.0684 250.225 0
56.0204 258.732 0
52.0684 250.225 0
160.926 148.529 0
173 146 0
163.079 139.126 0
173 146 0
202 443 0
205 443 0
204.042 437.806 0
205 443 0
503 157 0
505 159 0
508.506 153.494 0
505 159 0
488.495 582.428 0
482 583 0
485.489 590.229 0
482 583 0
1 148 0
3 150 0
7.22583 143.679 0
3 150 0
102 526 0
105 527 0
104.935 522.194 0
105 527 0
33.0528 252.708 0
37.3765 265.292 0
44.9912 256.415 0
37.3765 265.292 0
111.5 75.5 0
102.387 64.9338 0
97.6758 74.7789 0
102.387 64.9338 0
335 117 0
328 118 0
333 123 0
328 118 0
313 356 0
315 356 0
315.567 352.245 0
315 356 0
534.776 444.403 0
529.421 434.635 0
524.2 444.267 0
529.421 434.635 0
154.441 142.914 0
147.96 139.584 0
149.219 144.738 0
147.96 139.584 0
429.38 60.6201 0
427 64 0
433.976 66.9042 0
427 64 0
198.686 297.435 0
206 300 0
201.766 293.758 0
206 300 0
173.894 134.395 0
163 128 0
163.079 139.126 0
163 128 0
112.932 153.798 0
106.618 152.739 0
106.45 158.211 0
106.618 152.739 0
384.573 63.0829 0
397.023 62.2478 0
391.106 55.098 0
397.023 62.2478 0
410.02 433.632 0
420.16 430.422 0
411.939 426.74 0
420.16 430.422 0
423 63 0
426 63 0
425.618 58.2624 0
426 63 0
206 130 0
209 127 0
203.842 123.293 0
209 127 0
571.453 63.7365 0
565.91 68.2933 0
572.198 70.5071 0
565.91 68.2933 0
323.501 357.403 0
326.251 352.45 0
322.067 351.768 0
326.251 352.45 0
119 268 0
122.358 261.925 0
115.019 260.662 0
122.358 261.925 0
443 61 0
444 61 0
443.5 55.6359 0
444 61 0
119 268 0
124 268 0
122.358 261.925 0
124 268 0
587 169 0
585 171 0
591.752 173.426 0
585 171 0
599 173 0
597 171 0
591.752 173.426 0
597 171 0
599 310 0
600 300 0
595 307 0
600 300 0
328 2 0
333.333 0 0
328 1 0
333.333 0 0
598 460 0
600 466.667 0
599 460 0
600 466.667 0
468 5 0
466.667 0 0
463 1 0
466.667 0 0
2 150 0
3 150 0
1 148 0
3 150 0
512 583 0
509 599 0
519.583 590.547 0
509 599 0
500 600 0
533.333 600 0
509 599 0
533.333 600 0
509 599 0
533.333 600 0
519.583 590.547 0
533.333 600 0
28 599 0
4 599 0
0 600 0
4 599 0
66.6667 600 0
76 599 0
52 599 0
76 599 0
76 599 0
100 600 0
89.6365 589.852 0
100 600 0
0 566.667 0
1 572 0
1 546 0
1 572 0
0 566.667 0
1 546 0
0 533.333 0
1 546 0
12 554 0
1 572 0
11.7561 567.359 0
1 572 0
466 549 0
476 533 0
463.926 534.277 0
476 533 0
366.667 600 0
375.667 599 0
342 599 0
375.667 599 0
333.333 600 0
366.667 600 0
342 599 0
366.667 600 0
433.333 600 0
443 599 0
409.333 599 0
443 599 0
414 583 0
434 582 0
425.093 576.032 0
434 582 0
183 588 0
166.667 600 0
194 599 0
166.667 600 0
200 600 0
223.333 599 0
194 599 0
223.333 599 0
166.667 600 0
200 600 0
194 599 0
200 600 0
266.667 600 0
282 599 0
252.667 599 0
282 599 0
266.667 600 0
300 600 0
282 599 0
300 600 0
278 554 0
295 564 0
290.778 552.634 0
295 564 0
21 524 0
34 508 0
21.5442 509.548 0
34 508 0
62 546 0
48 554 0
58.6192 555.101 0
48 554 0
472.454 476.689 0
461 476 0
475.802 483.479 0
461 476 0
473 490.5 0
485 505 0
482.289 491.535 0
485 505 0
280 498 0
274 482 0
270.326 494.348 0
274 482 0
271.668 475.267 0
274 482 0
275.801 470.268 0
274 482 0
491 463 0
507 469 0
501.598 459.072 0
507 469 0
558 477 0
573 462 0
560.954 464.374 0
573 462 0
592 567 0
571 550 0
574.457 566.773 0
571 550 0
600 600 0
600 566.667 0
599 569 0
600 566.667 0
600 566.667 0
599 537 0
599 569 0
599 537 0
600 500 0
599 473 0
599 505 0
599 473 0
600 500 0
600 466.667 0
599 473 0
600 466.667 0
529 450 0
534 459 0
535 452.556 0
534 459 0
544 459 0
547 476 0
553.452 467.545 0
547 476 0
562 443 0
555 460 0
565.319 455.323 0
555 460 0
135 456 0
161 466 0
145.5 453.269 0
161 466 0
161 466 0
156 456 0
145.5 453.269 0
156 456 0
399 457 0
412 445 0
400.866 446.593 0
412 445 0
392 507 0
379 498 0
383.214 509.786 0
379 498 0
402 502 0
392 507 0
400 508 0
392 507 0
430 547 0
414 549 0
422.611 553.549 0
414 549 0
448 440 0
452.998 452.413 0
454.423 444.761 0
452.998 452.413 0
225 454 0
231 439 0
223.209 441.59 0
231 439 0
267 456 0
246 475 0
263.01 467.224 0
246 475 0
250 413 0
272 432 0
264.547 412.681 0
272 432 0
272 432 0
273.977 419.266 0
264.547 412.681 0
273.977 419.266 0
92 413 0
93 427 0
99.0626 419.329 0
93 427 0
378 410 0
397 414 0
389.913 405.295 0
397 414 0
600 400 0
599 377 0
599 396 0
599 377 0
600 400 0
599 396 0
599 428 0
599 396 0
600 433.333 0
599 428 0
599 460 0
599 428 0
600 466.667 0
600 433.333 0
599 460 0
600 433.333 0
424 395 0
406 402 0
421.95 407.347 0
406 402 0
1 375 0
1 391 0
7.27025 382.948 0
1 391 0
0 400 0
1 418.667 0
1 391 0
1 418.667 0
0 466.667 0
1 474 0
1 446.333 0
1 474 0
27 454 0
14 467 0
26.3426 466.717 0
14 467 0
20 437 0
27 447 0
27.037 437.802 0
27 447 0
42 446 0
31 432 0
32.1848 443.012 0
31 432 0
48 398 0
37 413 0
45.8668 409.509 0
37 413 0
354 432 0
357 446 0
360.999 440.776 0
357 446 0
455 413 0
453 395 0
448.307 403.383 0
453 395 0
478 439 0
469 428 0
469.609 437.506 0
469 428 0
229 371 0
242 390 0
244.432 377.59 0
242 390 0
70 381.5 0
88 397 0
81.1632 382.232 0
88 397 0
157 390 0
169 371 0
151.4 380.089 0
169 371 0
207.55 424.674 0
190 429 0
201.832 432.406 0
190 429 0
211 373 0
221 392 0
221.921 376.799 0
221 392 0
317 357 0
328 370 0
323.501 357.403 0
328 370 0
323.501 357.403 0
328 370 0
330.465 359.336 0
328 370 0
1 355 0
3 354 0
6.88338 348.143 0
3 354 0
0 366.667 0
1 375 0
1 355 0
1 375 0
0 333.333 0
1 355 0
6.88338 348.143 0
1 355 0
271 359 0
277 373 0
280.235 366.382 0
277 373 0
103 398 0
88 384 0
94.1715 397.174 0
88 384 0
355 356 0
353 335 0
345.713 346.073 0
353 335 0
411 358 0
398 368 0
409.725 367.977 0
398 368 0
399.003 321.85 0
409 332 0
407.409 323.701 0
409 332 0
262 307 0
275 310 0
269.842 302.686 0
275 310 0
303 325 0
296 332 0
303.163 330.771 0
296 332 0
294 316 0
303 321 0
300.94 314.108 0
303 321 0
281 316 0
294 316 0
288.125 311.895 0
294 316 0
503.895 312.752 0
506 323 0
510.023 305.779 0
506 323 0
506 347 0
497 342 0
505.578 356.416 0
497 342 0
528 348 0
514 361 0
527.002 360.963 0
514 361 0
70 321 0
48 340 0
65.7939 338.055 0
48 340 0
443 326 0
431 310 0
434.04 323.054 0
431 310 0
434.04 323.054 0
431 310 0
427.323 317.542 0
431 310 0
206 300 0
206 289 0
201.766 293.758 0
206 289 0
189 317 0
206 300 0
193.491 302.953 0
206 300 0
193.491 302.953 0
206 300 0
198.686 297.435 0
206 300 0
228 301 0
227 321 0
233.681 310.928 0
227 321 0
270 286 0
288 280 0
277.207 277.979 0
288 280 0
295 309 0
282 307 0
288.125 311.895 0
282 307 0
142 374 0
130 359 0
130.128 370.189 0
130 359 0
178 314 0
177 335 0
185.293 324.977 0
177 335 0
104 311 0
96 300 0
95.5769 308.442 0
96 300 0
399 278 0
424 266 0
411.663 260.078 0
424 266 0
494 243 0
513 245 0
500.903 236.172 0
513 245 0
519 252 0
515 268 0
522.5 260.571 0
515 268 0
558 274 0
540 276 0
552.03 280.814 0
540 276 0
572 279 0
576 272 0
558 274 0
576 272 0
556 307 0
556 286 0
546.243 296.707 0
556 286 0
560 352 0
564 337 0
556.722 343.093 0
564 337 0
600 366.667 0
599 343.5 0
599 377 0
599 343.5 0
600 400 0
600 366.667 0
599 377 0
600 366.667 0
600 333.333 0
599 310 0
599 343.5 0
599 310 0
600 333.333 0
600 300 0
599 310 0
600 300 0
595 307 0
600 300 0
594 283 0
600 300 0
600 300 0
600 266.667 0
594 283 0
600 266.667 0
600 266.667 0
600 233.333 0
591 257 0
600 233.333 0
105 217 0
122 221 0
108 203 0
122 221 0
296.139 265.412 0
303 265 0
293.094 260.52 0
303 265 0
284 271 0
266 273 0
277.207 277.979 0
266 273 0
130 234 0
120 230 0
123.379 237.127 0
120 230 0
46 236 0
34 218 0
30.9575 231.378 0
34 218 0
154 181 0
182 192 0
170.085 176.998 0
182 192 0
168 248 0
156 227 0
158.097 248.034 0
156 227 0
205 224 0
211 241 0
216.652 231.739 0
211 241 0
191 199 0
203.793 209.035 0
202.207 201.561 0
203.793 209.035 0
402 219 0
390 203 0
392.35 217.1 0
390 203 0
412 228 0
402 219 0
404.689 228.049 0
402 219 0
401 184 0
404 195 0
407.245 188.924 0
404 195 0
432 197 0
444 180 0
430.621 185.616 0
444 180 0
490 229 0
475 241 0
484.75 240.5 0
475 241 0
106 182 0
109 164 0
99.6784 171.071 0
109 164 0
135 179 0
114 189 0
127.769 190.865 0
114 189 0
127.769 190.865 0
114 189 0
119.442 195.216 0
114 189 0
156 156 0
150 170 0
160.903 168.038 0
150 170 0
315 176 0
312 154 0
302.945 162.569 0
312 154 0
351 151 0
370 166 0
366.56 152.489 0
370 166 0
280 194 0
265 172 0
266.616 187.139 0
265 172 0
291 159 0
302 175 0
302.945 162.569 0
302 175 0
0 166.667 0
1 181 0
1 148 0
1 181 0
0 133.333 0
0 166.667 0
1 148 0
0 166.667 0
9 156 0
16 165 0
17.171 158.181 0
16 165 0
585 171 0
584 195 0
590.76 183.13 0
584 195 0
187 132 0
206 130 0
194.927 124.617 0
206 130 0
239 167 0
236 196 0
245.845 177.403 0
236 196 0
315 120 0
318 111 0
312 119 0
318 111 0
454 157 0
429 161 0
440.892 167.763 0
429 161 0
470 105 0
476 137 0
482 121.25 0
476 137 0
0 100 0
1 124 0
1 97 0
1 124 0
5 77 0
1 68 0
1 97 0
1 68 0
0 66.6667 0
0 100 0
1 97 0
0 100 0
0 100 0
0 133.333 0
1 124 0
0 133.333 0
233 123 0
229 100 0
223.604 117.189 0
229 100 0
260 117 0
251 127 0
260.834 126.295 0
251 127 0
258 99 0
258 111 0
262.145 105.886 0
258 111 0
371 74 0
397 77 0
384.573 63.0829 0
397 77 0
325 103 0
344 89 0
329.038 91.5091 0
344 89 0
404 144 0
374 144 0
391.622 155.154 0
374 144 0
419 118 0
415 136 0
421.619 128.189 0
415 136 0
416 97 0
419 118 0
424.145 105.401 0
419 118 0
397 77 0
416 97 0
411.068 81.468 0
416 97 0
92 99 0
71 98 0
81.8427 107.026 0
71 98 0
91 78 0
92 99 0
100.076 87.8162 0
92 99 0
474 93 0
478 66 0
467.485 84.2928 0
478 66 0
467.485 84.2928 0
478 66 0
467.871 73.1159 0
478 66 0
494 133 0
488 110 0
482 121.25 0
488 110 0
533 114 0
511 135 0
528.206 131.026 0
511 135 0
406 67 0
423 63 0
417 58.4996 0
423 63 0
425 86 0
406 67 0
411.068 81.468 0
406 67 0
427 64 0
436 77 0
433.976 66.9042 0
436 77 0
577 83 0
580 59 0
572.198 70.5071 0
580 59 0
580 59 0
571.453 63.7365 0
572.198 70.5071 0
571.453 63.7365 0
578 112 0
560 96 0
562.039 111.444 0
560 96 0
600 166.667 0
599 145.25 0
599 173 0
599 145.25 0
600 200 0
599 173 0
590.76 183.13 0
599 173 0
600 66.6667 0
599 62 0
599 89.75 0
599 62 0
599 62 0
600 33.3333 0
590.7 47.6205 0
600 33.3333 0
163 128 0
146 127 0
153.212 134.918 0
146 127 0
183 128 0
163 128 0
173.894 134.395 0
163 128 0
0 66.6667 0
1 68 0
1 45 0
1 68 0
0 66.6667 0
1 45 0
0 33.3333 0
1 45 0
24 106 0
9 93 0
12.8333 106.368 0
9 93 0
529 24 0
545 23 0
535.479 16.3204 0
545 23 0
515 67 0
504 56 0
503.646 67.2325 0
504 56 0
528 63 0
539.874 69.0158 0
546.655 60.0089 0
539.874 69.0158 0
574 38 0
574 18 0
564.456 28 0
574 18 0
585 38 0
573 50 0
583.173 50.0009 0
573 50 0
500 0 0
510 9 0
521 1 0
510 9 0
533.333 0 0
521 1 0
536 1 0
521 1 0
533.333 0 0
500 0 0
521 1 0
500 0 0
566.667 0 0
536 1 0
548.605 7.19582 0
536 1 0
536 1 0
540.547 5.5 0
548.605 7.19582 0
540.547 5.5 0
433.333 0 0
429 1 0
463 1 0
429 1 0
429 1 0
400 0 0
412.947 8.01934 0
400 0 0
425.618 58.2624 0
429 49 0
417 58.4996 0
429 49 0
466.667 0 0
433.333 0 0
463 1 0
433.333 0 0
366 1 0
366.667 0 0
345 1 0
366.667 0 0
366.667 0 0
333.333 0 0
345 1 0
333.333 0 0
390 6 0
392 28 0
401.49 16.0464 0
392 28 0
366.667 0 0
366 1 0
387 1 0
366 1 0
400 0 0
366.667 0 0
387 1 0
366.667 0 0
328 1 0
333.333 0 0
316 1 0
333.333 0 0
333.333 0 0
300 0 0
316 1 0
300 0 0
266.667 0 0
253 1 0
274.5 1 0
253 1 0
266.667 0 0
233.333 0 0
253 1 0
233.333 0 0
234 81 0
214 80 0
225.216 90.0276 0
214 80 0
254 82 0
234 81 0
248.128 87.4204 0
234 81 0
333 80 0
317 95 0
329.038 91.5091 0
317 95 0
308 18 0
306 35 0
313.919 26.7708 0
306 35 0
300 0 0
274.5 1 0
296 1 0
274.5 1 0
167 1 0
192 8 0
196 1 0
192 8 0
200 0 0
196 1 0
225 1 0
196 1 0
166.667 0 0
167 1 0
196 1 0
167 1 0
202 23 0
192 8 0
191.29 20.9551 0
192 8 0
233.333 0 0
200 0 0
225 1 0
200 0 0
133.333 0 0
135 1 0
151 1 0
135 1 0
166.667 0 0
133.333 0 0
151 1 0
133.333 0 0
136 23 0
147 12 0
135.343 12.8214 0
147 12 0
163 36 0
142 36 0
151.857 41.897 0
142 36 0
167 1 0
173.797 20.986 0
177.382 11.164 0
173.797 20.986 0
100 0 0
77 1 0
106 1 0
77 1 0
100 0 0
66.6667 0 0
77 1 0
66.6667 0 0
129 8 0
124 24 0
130.927 18.9643 0
124 24 0
133.333 0 0
106 1 0
135 1 0
106 1 0
0 0 0
1 24 0
1 1 0
1 24 0
23 1 0
0 0 0
1 1 0
0 0 0
0 33.3333 0
1 24 0
0 0 0
1 24 0
25 5 0
25 19 0
31.0622 12 0
25 19 0
0 0 0
23 1 0
33.3333 0 0
23 1 0
33.3333 600 0
28 599 0
0 600 0
28 599 0
33.3333 600 0
52 599 0
28 599 0
52 599 0
66.6667 600 0
52 599 0
33.3333 600 0
52 599 0
400 600 0
409.333 599 0
375.667 599 0
409.333 599 0
366.667 600 0
400 600 0
375.667 599 0
400 600 0
400 600 0
433.333 600 0
409.333 599 0
433.333 600 0
233.333 600 0
252.667 599 0
223.333 599 0
252.667 599 0
200 600 0
233.333 600 0
223.333 599 0
233.333 600 0
233.333 600 0
266.667 600 0
252.667 599 0
266.667 600 0
600 533.333 0
599 505 0
599 537 0
599 505 0
600 566.667 0
600 533.333 0
599 537 0
600 533.333 0
600 533.333 0
600 500 0
599 505 0
600 500 0
600 433.333 0
600 400 0
599 428 0
600 400 0
0 433.333 0
1 446.333 0
1 418.667 0
1 446.333 0
0 400 0
0 433.333 0
1 418.667 0
0 433.333 0
0 433.333 0
0 466.667 0
1 446.333 0
0 466.667 0
600 366.667 0
600 333.333 0
599 343.5 0
600 333.333 0
600 133.333 0
599 117.5 0
599 145.25 0
599 117.5 0
600 166.667 0
600 133.333 0
599 145.25 0
600 133.333 0
600 100 0
599 89.75 0
599 117.5 0
599 89.75 0
600 133.333 0
600 100 0
599 117.5 0
600 100 0
600 100 0
600 66.6667 0
599 89.75 0
600 66.6667 0
300 0 0
266.667 0 0
274.5 1 0
266.667 0 0
133.333 0 0
100 0 0
106 1 0
100 0 0
0 500 0
0 533.333 0
11.8368 516.623 0
0 533.333 0
300 600 0
333.333 600 0
311.503 589.501 0
333.333 600 0
466.667 600 0
485.489 590.229 0
475.592 588.502 0
485.489 590.229 0
487.576 11.9439 0
500 0 0
478.133 7.72251 0
500 0 0
66.6667 0 0
33.3333 0 0
55.5444 8.62685 0
33.3333 0 0
499 599 0
501 584 0
493.809 587.976 0
501 584 0
466.667 600 0
500 600 0
499 599 0
500 600 0
499 599 0
493.809 587.976 0
485.489 590.229 0
493.809 587.976 0
505 581 0
510 581 0
505.962 578.573 0
510 581 0
17 587 0
21 569 0
11.7561 567.359 0
21 569 0
17 587 0
1 572 0
4 599 0
1 572 0
82 582 0
76 599 0
89.6365 589.852 0
76 599 0
66.6667 600 0
100 600 0
76 599 0
100 600 0
37 562 0
53 568 0
51.7624 560.286 0
53 568 0
48 554 0
37 562 0
51.7624 560.286 0
37 562 0
0 600 0
1 572 0
0 566.667 0
1 572 0
6 549 0
7 549 0
5 548 0
7 549 0
471 525 0
476 533 0
486 530 0
476 533 0
489 522 0
471 525 0
486 530 0
471 525 0
482 583 0
466 567 0
468.214 580.781 0
466 567 0
500 541 0
490 560 0
504.341 551.027 0
490 560 0
490 560 0
501.553 561.054 0
504.341 551.027 0
501.553 561.054 0
94 541 0
101 526 0
92.2519 526.791 0
101 526 0
94 541 0
92.2519 526.791 0
86.3755 533.679 0
92.2519 526.791 0
105 527 0
116 541 0
116.562 529.237 0
116 541 0
351 543 0
361 518 0
344.651 521.782 0
361 518 0
339 534 0
351 543 0
344.651 521.782 0
351 543 0
343 587 0
353 566 0
338.746 572.093 0
353 566 0
343 587 0
338.746 572.093 0
334.638 580.233 0
338.746 572.093 0
443 599 0
466.667 600 0
446 589 0
466.667 600 0
433.333 600 0
466.667 600 0
443 599 0
466.667 600 0
446 589 0
466.667 600 0
456.281 583.044 0
466.667 600 0
382 531 0
394 545 0
397.038 530.259 0
394 545 0
204 513 0
228 513 0
222.755 503.572 0
228 513 0
143 528 0
159 509 0
141.234 510.276 0
159 509 0
143 528 0
141.234 510.276 0
133.371 518.998 0
141.234 510.276 0
189 588 0
183 588 0
194 594 0
183 588 0
194 594 0
183 588 0
194 599 0
183 588 0
41 501 0
62 521 0
55.1679 503.611 0
62 521 0
314 493 0
333 500 0
327.658 491.158 0
333 500 0
342 509 0
332 525 0
344.651 521.782 0
332 525 0
246 475 0
258 477 0
261 473.103 0
258 477 0
266 479 0
267 487 0
269.803 478.592 0
267 487 0
461 476 0
473 490.5 0
475.802 483.479 0
473 490.5 0
453 497 0
455 483 0
449.234 489.319 0
455 483 0
466 518 0
459 503 0
455.789 512.68 0
459 503 0
274 482 0
284 469 0
275.801 470.268 0
284 469 0
298 489 0
299 511 0
306.078 496.69 0
299 511 0
296 480 0
304 476 0
287 469 0
304 476 0
304 476 0
288 449 0
287 469 0
288 449 0
287 469 0
288 449 0
280.804 462.461 0
288 449 0
502 477 0
485 477 0
487.869 484.215 0
485 477 0
502 477 0
487.869 484.215 0
499.479 488.046 0
487.869 484.215 0
524 482 0
513 474 0
509.689 483.526 0
513 474 0
513 474 0
524 482 0
515.616 466.856 0
524 482 0
599 473 0
600 466.667 0
573 462 0
600 466.667 0
573 462 0
598 460 0
583 453 0
598 460 0
573 462 0
600 466.667 0
598 460 0
600 466.667 0
551 514 0
551 493 0
537.723 506.852 0
551 493 0
547 476 0
532 497 0
551 493 0
532 497 0
551 493 0
532 497 0
537.723 506.852 0
532 497 0
562 548 0
545 527 0
544.021 537.562 0
545 527 0
562 548 0
544.379 546.58 0
551.396 555.119 0
544.379 546.58 0
544.379 546.58 0
562 548 0
544.021 537.562 0
562 548 0
599 569 0
592 567 0
582.935 580.336 0
592 567 0
59 487 0
38 467 0
41.6299 485.501 0
38 467 0
71 468 0
68 484 0
77.7507 477.547 0
68 484 0
79 461 0
71 468 0
77.7507 477.547 0
71 468 0
51 461 0
64 461 0
57.032 452.383 0
64 461 0
190 451 0
202 443 0
195.505 438.82 0
202 443 0
201 459 0
190 451 0
192.952 463.125 0
190 451 0
187 441 0
177 452 0
190 451 0
177 452 0
205 443 0
207 445 0
210.35 443.233 0
207 445 0
549 448 0
558 441 0
548.959 439.249 0
558 441 0
539 460 0
541 450 0
535 452.556 0
541 450 0
534 459 0
539 460 0
535 452.556 0
539 460 0
524 482 0
525 457 0
515.616 466.856 0
525 457 0
79 461 0
79 446 0
71.6515 452.785 0
79 446 0
94 477 0
79 461 0
77.7507 477.547 0
79 461 0
134 494 0
110 489 0
118.796 506.879 0
110 489 0
167 475 0
150 491 0
164.022 495.239 0
150 491 0
174.515 485.015 0
167 475 0
164.022 495.239 0
167 475 0
94 443 0
113 441 0
104.993 434.529 0
113 441 0
97.2569 433.474 0
94 443 0
104.993 434.529 0
94 443 0
430 441 0
445 436 0
434.828 429.266 0
445 436 0
408 541 0
407 515 0
397.038 530.259 0
407 515 0
397.038 530.259 0
407 515 0
397.107 517.306 0
407 515 0
408 541 0
397.038 530.259 0
399.821 538.873 0
397.038 530.259 0
443 533 0
443 551 0
454.043 543.018 0
443 551 0
448 440 0
448 459 0
452.998 452.413 0
448 459 0
240 426 0
250 413 0
237.55 416.549 0
250 413 0
246 475 0
261 473.103 0
263.01 467.224 0
261 473.103 0
276 454 0
288 449 0
279 439 0
288 449 0
80 411 0
86 411 0
88.236 407.165 0
86 411 0
79 429 0
81 414 0
75.575 420.91 0
81 414 0
81 414 0
80 411 0
75.575 420.91 0
80 411 0
402 437 0
381 437 0
390.463 447.371 0
381 437 0
108 422 0
104 410 0
99.0626 419.329 0
104 410 0
99.0626 419.329 0
104 410 0
97.5576 412.639 0
104 410 0
116 406 0
119 416 0
123.468 409.225 0
119 416 0
115 405 0
116 406 0
120.487 402.199 0
116 406 0
113.881 401.825 0
115 405 0
120.487 402.199 0
115 405 0
597 377 0
584 392 0
599 396 0
584 392 0
582 443 0
583 418 0
574.405 430.569 0
583 418 0
409 385 0
424 380 0
414.841 373.749 0
424 380 0
48 398 0
50 385 0
35 380 0
50 385 0
35 380 0
50 385 0
42.9297 376.42 0
50 385 0
10 392 0
26 382 0
14.3512 381.742 0
26 382 0
0 466.667 0
0 500 0
1 474 0
0 500 0
1 474 0
0 500 0
16.7323 482.747 0
0 500 0
322 382 0
320 393 0
341 376 0
320 393 0
328 370 0
322 382 0
341 376 0
322 382 0
297 427 0
304 412 0
291.854 416.777 0
304 412 0
291.854 416.777 0
304 412 0
295.917 409.056 0
304 412 0
371 453 0
352 471 0
368.898 470.692 0
352 471 0
365 395 0
365 379 0
348 376 0
365 379 0
497 365 0
487 377 0
506 373 0
487 377 0
487 377 0
484 369 0
480 384 0
484 369 0
497 365 0
484 369 0
487 377 0
484 369 0
480 384 0
470 376 0
455 387 0
470 376 0
484 369 0
470 376 0
480 384 0
470 376 0
455 387 0
470 376 0
455.764 374.072 0
470 376 0
467 422 0
455 413 0
461.04 425.784 0
455 413 0
461.04 425.784 0
455 413 0
453.253 425.21 0
455 413 0
531 416 0
509 442 0
529.421 434.635 0
509 442 0
529.421 434.635 0
509 442 0
524.2 444.267 0
509 442 0
537.826 427.056 0
531 416 0
529.421 434.635 0
531 416 0
516 376 0
537 396 0
536.732 378.428 0
537 396 0
230 412 0
232 394 0
224.647 403.753 0
232 394 0
224.919 415.645 0
230 412 0
224.647 403.753 0
230 412 0
67 365 0
52 366 0
70 381.5 0
52 366 0
50 385 0
48 370 0
42.9297 376.42 0
48 370 0
80 411 0
67 419 0
75.575 420.91 0
67 419 0
88 397 0
80 411 0
88.236 407.165 0
80 411 0
88 397 0
88 384 0
81.1632 382.232 0
88 384 0
192 366 0
195 362 0
192.496 355.686 0
195 362 0
169 371 0
192 366 0
184.729 354.737 0
192 366 0
173 355 0
156 368 0
169 371 0
156 368 0
169 371 0
156 368 0
151.4 380.089 0
156 368 0
173 355 0
169 371 0
184.729 354.737 0
169 371 0
150 416 0
153 398 0
145.196 401.828 0
153 398 0
156 456 0
142 443 0
145.5 453.269 0
142 443 0
215 408 0
190 429 0
207.55 424.674 0
190 429 0
215 408 0
207.55 424.674 0
217.1 422.711 0
207.55 424.674 0
200 364 0
211 373 0
208.25 361.268 0
211 373 0
314 376 0
313 356 0
305.522 365.137 0
313 356 0
305.522 365.137 0
313 356 0
306.467 357.342 0
313 356 0
314 376 0
305.522 365.137 0
303.92 375.217 0
305.522 365.137 0
3 354 0
5 354 0
6.88338 348.143 0
5 354 0
0 333.333 0
0 366.667 0
1 355 0
0 366.667 0
5 354 0
6 355 0
6.88338 348.143 0
6 355 0
253 363 0
264 353 0
257.419 351.456 0
264 353 0
250.928 351.806 0
253 363 0
257.419 351.456 0
253 363 0
426 357 0
441 351 0
430.721 346.924 0
441 351 0
289 369 0
286 349 0
280.859 358.96 0
286 349 0
300 356 0
296 371 0
305.522 365.137 0
296 371 0
67 365 0
74 344 0
60.8888 351.296 0
74 344 0
75 373 0
67 365 0
70 381.5 0
67 365 0
120 368 0
118 389 0
128.514 379.755 0
118 389 0
110 355 0
109 339 0
92 339 0
109 339 0
118 351 0
109 339 0
110 355 0
109 339 0
92 339 0
109 339 0
100.621 331.828 0
109 339 0
398 368 0
377 381 0
390.411 382.391 0
377 381 0
398 368 0
390.411 382.391 0
399.282 380.154 0
390.411 382.391 0
418 342 0
411 351 0
417.769 354.121 0
411 351 0
419 329 0
418 342 0
424.779 334.259 0
418 342 0
386 322 0
409 332 0
399.003 321.85 0
409 332 0
262 327 0
258 311 0
253.315 318.646 0
258 311 0
254.686 326.329 0
262 327 0
253.315 318.646 0
262 327 0
283 334 0
275 327 0
274.42 332.312 0
275 327 0
293.63 341.524 0
296 332 0
289.268 340.532 0
296 332 0
275 310 0
282 307 0
269.842 302.686 0
282 307 0
506 323 0
521 304 0
510.023 305.779 0
521 304 0
506 323 0
497 342 0
506 347 0
497 342 0
497 342 0
506 323 0
488.5 324 0
506 323 0
531 308 0
534 331 0
543.935 320.256 0
534 331 0
439 302 0
469 291 0
453.563 286.71 0
469 291 0
469 291 0
464 284 0
453.563 286.71 0
464 284 0
439 302 0
453.563 286.71 0
442.329 287.034 0
453.563 286.71 0
455 348 0
445 335 0
445.478 347.255 0
445 335 0
445 335 0
438.234 342.147 0
445.478 347.255 0
438.234 342.147 0
470 376 0
458 361 0
455.764 374.072 0
458 361 0
497 342 0
497 365 0
505.578 356.416 0
497 365 0
474 295 0
480 306 0
483.556 295.857 0
480 306 0
480 306 0
488.5 324 0
488.319 306.72 0
488.5 324 0
207 344 0
195 334 0
196.617 347.215 0
195 334 0
231 326 0
229 337 0
236.596 333.308 0
229 337 0
214 293 0
220 295 0
216.797 286.358 0
220 295 0
216.797 286.358 0
220 295 0
228.293 291.918 0
220 295 0
282 307 0
272 294 0
269.842 302.686 0
272 294 0
313 298 0
302 306 0
313.079 308.778 0
302 306 0
310 288 0
306 275 0
298 277 0
306 275 0
317 283 0
306 275 0
310 288 0
306 275 0
133 297 0
158 275 0
144.873 271.174 0
158 275 0
127 317 0
133 297 0
123.009 294.991 0
133 297 0
133 297 0
135.949 274.654 0
127.592 285.129 0
135.949 274.654 0
135.949 274.654 0
133 297 0
144.873 271.174 0
133 297 0
127 317 0
115.294 301.65 0
114.179 311.345 0
115.294 301.65 0
115.294 301.65 0
127 317 0
123.009 294.991 0
127 317 0
177 335 0
188.465 331.886 0
185.293 324.977 0
188.465 331.886 0
189 278 0
189 289 0
195.303 283.5 0
189 289 0
97 288 0
119 268 0
107.075 268.904 0
119 268 0
97 288 0
98.5482 268.706 0
89.9329 277.172 0
98.5482 268.706 0
98.5482 268.706 0
97 288 0
107.075 268.904 0
97 288 0
413 296 0
399 278 0
395.24 298.382 0
399 278 0
408.107 305.225 0
413 296 0
395.24 298.382 0
413 296 0
480 249 0
467 243 0
457 264 0
467 243 0
475 241 0
467 243 0
480 249 0
467 243 0
467 243 0
454 250 0
457 264 0
454 250 0
494 299 0
481 285 0
483.556 295.857 0
481 285 0
508 297 0
498 297 0
502.074 303.288 0
498 297 0
524 280 0
515 294 0
527.015 291.831 0
515 294 0
513 245 0
510.091 236.484 0
500.903 236.172 0
510.091 236.484 0
563 217 0
558 236 0
567 227 0
558 236 0
563 217 0
544 230 0
558 236 0
544 230 0
526 252 0
535 243 0
523.305 243.086 0
535 243 0
560 282 0
572 279 0
558 274 0
572 279 0
554 334 0
556 307 0
543.935 320.256 0
556 307 0
554 334 0
543.935 320.256 0
543.281 334.516 0
543.935 320.256 0
587 276 0
594 283 0
591.2 269.733 0
594 283 0
582 275 0
587 276 0
584 266 0
587 276 0
573 231 0
591 257 0
586.916 225.65 0
591 257 0
506 212 0
508 212 0
510.274 208.106 0
508 212 0
508 212 0
512 216 0
512.084 211.72 0
512 216 0
100 229 0
99 215 0
92.4639 222.221 0
99 215 0
120 230 0
105 217 0
117 234 0
105 217 0
120 230 0
122 221 0
105 217 0
122 221 0
352 192 0
334 205 0
355 206 0
334 205 0
307 217 0
334 205 0
319.562 198.785 0
334 205 0
352 192 0
327 185 0
334 205 0
327 185 0
307 217 0
307.641 199.128 0
299.839 207.274 0
307.641 199.128 0
307.641 199.128 0
307 217 0
319.562 198.785 0
307 217 0
292 245 0
302 225 0
288.34 230.67 0
302 225 0
288.34 230.67 0
302 225 0
292.901 222.164 0
302 225 0
292 245 0
288.34 230.67 0
284.456 239.509 0
288.34 230.67 0
303 265 0
292 252 0
293.094 260.52 0
292 252 0
373 252 0
353 274 0
371.818 274.284 0
353 274 0
386 221 0
398 231 0
392.35 217.1 0
398 231 0
360 203 0
378 217 0
372.728 204.946 0
378 217 0
235 218 0
245 203 0
229.343 210.633 0
245 203 0
245 203 0
232 202 0
229.343 210.633 0
232 202 0
257 226 0
260 245 0
268.582 241.501 0
260 245 0
257 226 0
268.582 241.501 0
275.257 231.811 0
268.582 241.501 0
121 203 0
133 227 0
133.154 205.773 0
133 227 0
142 213 0
133 227 0
139.878 233.038 0
133 227 0
133 227 0
142 213 0
133.154 205.773 0
142 213 0
34 185 0
48 186 0
42.0496 177.807 0
48 186 0
27 210 0
21 194 0
15.6154 205.144 0
21 194 0
61 229 0
53 241 0
65.4966 235.496 0
53 241 0
65.4966 235.496 0
53 241 0
64.3387 243.631 0
53 241 0
70 210 0
68 227 0
76.3313 222.075 0
68 227 0
156 227 0
150.374 243.812 0
158.097 248.034 0
150.374 243.812 0
207 248 0
188 266 0
207.269 265.132 0
188 266 0
191 199 0
205 224 0
203.793 209.035 0
205 224 0
205 196 0
192 185 0
191 199 0
192 185 0
424 220 0
436 207 0
423 194 0
436 207 0
437 228 0
436 207 0
424 220 0
436 207 0
436 207 0
432 197 0
423 194 0
432 197 0
450 169 0
464 187 0
466.451 169.008 0
464 187 0
425 243 0
437 228 0
423.046 231.388 0
437 228 0
425 243 0
423.046 231.388 0
419.384 237.29 0
423.046 231.388 0
454 250 0
428 249 0
439.46 256.722 0
428 249 0
472 201 0
489 219 0
486.901 207.373 0
489 219 0
134 151 0
152 152 0
142.476 144.454 0
152 152 0
134 151 0
142.476 144.454 0
134.897 143.598 0
142.476 144.454 0
109 164 0
122 155 0
112.932 153.798 0
122 155 0
142.476 144.454 0
152 152 0
149.219 144.738 0
152 152 0
316 142 0
312 154 0
330 149 0
312 154 0
351 151 0
359 143 0
340 149 0
359 143 0
340 149 0
359 143 0
336.417 139.294 0
359 143 0
266 148 0
286 149 0
278.34 139.09 0
286 149 0
261.712 159.59 0
268 160 0
260.533 152.42 0
268 160 0
15 168 0
1 181 0
15.4555 183.333 0
1 181 0
0 166.667 0
0 200 0
1 181 0
0 200 0
15 168 0
15.4555 183.333 0
22.0083 176.492 0
15.4555 183.333 0
132 137 0
133 138 0
132 135 0
133 138 0
499 180 0
491 168 0
491.741 182.009 0
491 168 0
505 203 0
493 190 0
494.261 203.909 0
493 190 0
523 207 0
515 197 0
515.33 205.132 0
515 197 0
535 225 0
531 215 0
526.399 219.021 0
531 215 0
577 158 0
587 169 0
587.421 158.572 0
587 169 0
587 169 0
597 171 0
587.421 158.572 0
597 171 0
576.393 148.156 0
577 158 0
587.421 158.572 0
577 158 0
549 128 0
565 138 0
559.859 123.384 0
565 138 0
209 127 0
224 141 0
222.608 128.696 0
224 141 0
236 196 0
250.969 185.504 0
245.845 177.403 0
250.969 185.504 0
228 146 0
232 161 0
237.19 151.245 0
232 161 0
316 142 0
306 129 0
302.444 140.652 0
306 129 0
315 120 0
324 129 0
322.392 121.556 0
324 129 0
313 120 0
315 120 0
312 119 0
315 120 0
42 138 0
59 118 0
49.3772 116.008 0
59 118 0
45 159 0
42 138 0
31.3205 156.722 0
42 138 0
31.3205 156.722 0
42 138 0
23.7707 144.516 0
42 138 0
34.4748 118.215 0
42 138 0
49.3772 116.008 0
42 138 0
99 160 0
81 159 0
88.9184 170.257 0
81 159 0
83 117 0
104 138 0
101.381 119.619 0
104 138 0
432 110 0
451 101 0
440.713 94.7308 0
451 101 0
429.581 96.606 0
432 110 0
440.713 94.7308 0
432 110 0
422 154 0
421 136 0
414.319 146.626 0
421 136 0
479 157 0
454 157 0
466.451 169.008 0
454 157 0
9 93 0
5 77 0
1 97 0
5 77 0
5 103 0
7 106 0
12.8333 106.368 0
7 106 0
4 102 0
5 103 0
4 101 0
5 103 0
5 103 0
9 93 0
4 101 0
9 93 0
234 81 0
242 91 0
248.128 87.4204 0
242 91 0
229 100 0
217.478 111.672 0
223.604 117.189 0
217.478 111.672 0
348 80 0
371 74 0
348.624 68.8621 0
371 74 0
371 74 0
357.342 60.7065 0
348.624 68.8621 0
357.342 60.7065 0
328 118 0
318 111 0
322.392 121.556 0
318 111 0
359 143 0
333 123 0
336.417 139.294 0
333 123 0
336.417 139.294 0
333 123 0
330.076 132.46 0
333 123 0
374 144 0
378.802 158.446 0
391.622 155.154 0
378.802 158.446 0
74 87 0
86 71 0
76.9733 68.8932 0
86 71 0
74 87 0
69 83 0
71 98 0
69 83 0
70 75 0
69 83 0
74 87 0
69 83 0
70 75 0
74 87 0
76.9733 68.8932 0
74 87 0
69 83 0
59 99 0
71 98 0
59 99 0
481 63 0
493 66 0
488.154 57.5044 0
493 66 0
498 74 0
511 87 0
508.147 76.9237 0
511 87 0
436 77 0
441 70 0
433.976 66.9042 0
441 70 0
453 83 0
441 70 0
443.72 83.1734 0
441 70 0
441 70 0
436.502 62.9009 0
433.976 66.9042 0
436.502 62.9009 0
455 73 0
458 76 0
455 72 0
458 76 0
444 61 0
455 72 0
454.77 61.4389 0
455 72 0
597 171 0
595 149.5 0
587.421 158.572 0
595 149.5 0
600 200 0
600 166.667 0
599 173 0
600 166.667 0
588 56 0
599 62 0
590.7 47.6205 0
599 62 0
600 66.6667 0
600 33.3333 0
599 62 0
600 33.3333 0
148 49 0
159 46 0
151.857 41.897 0
159 46 0
117 50 0
135 50 0
125.618 41.4735 0
135 50 0
117 50 0
97 54 0
113 56 0
97 54 0
117 50 0
119 31 0
97 54 0
119 31 0
119 31 0
117 50 0
125.618 41.4735 0
117 50 0
131 122 0
114 106 0
118.047 118.85 0
114 106 0
142 123 0
131 122 0
138.989 129.31 0
131 122 0
138.989 129.31 0
131 122 0
133.123 130.089 0
131 122 0
191 117 0
183 128 0
194.927 124.617 0
183 128 0
0 33.3333 0
2 45 0
20 34 0
2 45 0
20 34 0
34 35 0
29.1867 26.424 0
34 35 0
22 21 0
1 24 0
20 34 0
1 24 0
46 107 0
24 106 0
34.4748 118.215 0
24 106 0
47 45 0
58 63 0
58.2469 49.9732 0
58 63 0
501 42 0
486 40 0
492.63 48.8048 0
486 40 0
495 30 0
496 30 0
494 29 0
496 30 0
548 41 0
528 63 0
546.655 60.0089 0
528 63 0
556.866 53.2918 0
548 41 0
546.655 60.0089 0
548 41 0
566.667 0 0
574 18 0
581 12 0
574 18 0
589 17 0
600 0 0
581 12 0
600 0 0
600 0 0
566.667 0 0
581 12 0
566.667 0 0
564.456 28 0
574 18 0
563.908 20.2236 0
574 18 0
574 18 0
559.925 12.6509 0
563.908 20.2236 0
559.925 12.6509 0
587 26 0
600 33.3333 0
589 17 0
600 33.3333 0
600 33.3333 0
600 0 0
589 17 0
600 0 0
504.497 17.0007 0
510 9 0
498.004 13.438 0
510 9 0
536 9 0
525 13 0
535.479 16.3204 0
525 13 0
566.667 0 0
533.333 0 0
536 1 0
533.333 0 0
427 10 0
429 1 0
412.947 8.01934 0
429 1 0
433.333 0 0
400 0 0
429 1 0
400 0 0
416.667 14.4338 0
427 10 0
412.947 8.01934 0
427 10 0
400.808 43.4968 0
407 42 0
404.606 34.4442 0
407 42 0
429 49 0
411 54 0
417 58.4996 0
411 54 0
461 32 0
437 48 0
452.119 48.0308 0
437 48 0
468 5 0
465 23 0
474.604 15.3506 0
465 23 0
474.604 15.3506 0
465 23 0
472.887 23.3697 0
465 23 0
343 8 0
338 13 0
349 17 0
338 13 0
317 20 0
316 1 0
307.203 8.90313 0
316 1 0
308 18 0
317 20 0
307.203 8.90313 0
317 20 0
338 13 0
331 25 0
340.667 22.5975 0
331 25 0
338 13 0
333.333 0 0
328 2 0
333.333 0 0
246 12 0
253 1 0
241.154 8.7 0
253 1 0
253 1 0
233.333 0 0
241.154 8.7 0
233.333 0 0
214 53 0
232 30 0
215.946 34.9463 0
232 30 0
214 53 0
215.946 34.9463 0
207.43 42.0661 0
215.946 34.9463 0
308 96 0
289 95 0
302.882 104.417 0
289 95 0
183.298 16.51 0
192 8 0
177.382 11.164 0
192 8 0
167 1 0
167 32 0
173.797 20.986 0
167 32 0
90 49 0
94 28 0
84.3398 36.6411 0
94 28 0
495.541 308.744 0
488.5 324 0
503.895 312.752 0
488.5 324 0
488.5 324 0
495.541 308.744 0
488.319 306.72 0
495.541 308.744 0
0 200 0
0 233.333 0
15.6154 205.144 0
0 233.333 0
15.6154 205.144 0
0 233.333 0
21.1203 223.147 0
0 233.333 0
333.333 600 0
327.317 585.589 0
311.503 589.501 0
327.317 585.589 0
600 233.333 0
600 200 0
588.187 210.765 0
600 200 0
500 0 0
466.667 0 0
478.133 7.72251 0
466.667 0 0
49.5656 14.6978 0
33.3333 0 0
38.5561 13.8702 0
33.3333 0 0
33.3333 0 0
49.5656 14.6978 0
55.5444 8.62685 0
49.5656 14.6978 0
249.19 321.573 0
254.686 326.329 0
253.315 318.646 0
254.686 326.329 0
501.553 561.054 0
508.673 556.013 0
504.341 551.027 0
508.673 556.013 0
204.042 437.806 0
209.005 439.057 0
211.206 432.505 0
209.005 439.057 0
237.55 416.549 0
231.61 416.335 0
231.91 423.132 0
231.61 416.335 0
327.317 585.589 0
313.401 582.122 0
311.503 589.501 0
313.401 582.122 0
31.3205 156.722 0
27.2953 166.006 0
36.3423 168.877 0
27.2953 166.006 0
480.094 13.4194 0
487.576 11.9439 0
478.133 7.72251 0
487.576 11.9439 0
588.187 210.765 0
580.287 215.135 0
586.916 225.65 0
580.287 215.135 0

CELLS 4204 21020
4 0 2 3 1
4 4 6 7 5
4 8 10 11 9
4 12 14 15 13
4 16 18 19 17
4 20 22 23 21
4 24 26 27 25
4 28 30 31 29
4 32 34 35 33
4 36 38 39 37
4 40 42 43 41
4 44 46 47 45
4 48 50 51 49
4 52 54 55 53
4 56 58 59 57
4 60 62 63 61
4 64 66 67 65
4 68 70 71 69
4 72 74 75 73
4 76 78 79 77
4 80 82 83 81
4 84 86 87 85
4 88 90 91 89
4 92 94 95 93
4 96 98 99 97
4 100 102 103 101
4 104 106 107 105
4 108 110 111 109
4 112 114 115 113
4 116 118 119 117
4 120 122 123 121
4 124 126 127 125
4 128 130 131 129
4 132 134 135 133
4 136 138 139 137
4 140 142 143 141
4 144 146 147 145
4 148 150 151 149
4 152 154 155 153
4 156 158 159 157
4 160 162 163 161
4 164 166 167 165
4 168 170 171 169
4 172 174 175 173
4 176 178 179 177
4 180 182 183 181
4 184 186 187 185
4 188 190 191 189
4 192 194 195 193
4 196 198 199 197
4 200 202 203 201
4 204 206 207 205
4 208 210 211 209
4 212 214 215 213
4 216 218 219 217
4 220 222 223 221
4 224 226 227 225
4 228 230 231 229
4 232 234 235 233
4 236 238 239 237
4 240 242 243 241
4 244 246 247 245
4 248 250 251 249
4 252 254 255 253
4 256 258 259 257
4 260 262 263 261
4 264 266 267 265
4 268 270 271 269
4 272 274 275 273
4 276 278 279 277
4 280 282 283 281
4 284 286 287 285
4 288 290 291 289
4 292 294 295 293
4 296 298 299 297
4 300 302 303 301
4 304 306 307 305
4 308 310 311 309
4 312 314 315 313
4 316 318 319 317
4 320 322 323 321
4 324 326 327 325
4 328 330 331 329
4 332 334 335 333
4 336 338 339 337
4 340 342 343 341
4 344 346 347 345
4 348 350 351 349
4 352 354 355 353
4 356 358 359 357
4 360 362 363 361
4 364 366 367 365
4 368 370 371 369
4 372 374 375 373
4 376 378 379 377
4 380 382 383 381
4 384 386 387 385
4 388 390 391 389
4 392 394 395 393
4 396 398 399 397
4 400 402 403 401
4 404 406 407 405
4 408 410 411 409
4 412 414 415 413
4 416 418 419 417
4 420 422 423 421
4 424 426 427 425
4 428 430 431 429
4 432 434 435 433
4 436 438 439 437
4 440 442 443 441
4 444 446 447 445
4 448 450 451 449
4 452 454 455 453
4 456 458 459 457
4 460 462 463 461
4 464 466 467 465
4 468 470 471 469
4 472 474 475 473
4 476 478 479 477
4 480 482 483 481
4 484 486 487 485
4 488 490 491 489
4 492 494 495 493
4 496 498 499 497
4 500 502 503 501
4 504 506 507 505
4 508 510 511 509
4 512 514 515 513
4 516 518 519 517
4 520 522 523 521
4 524 526 527 525
4 528 530 531 529
4 532 534 535 533
4 536 538 539 537
4 540 542 543 541
4 544 546 547 545
4 548 550 551 549
4 552 554 555 553
4 556 558 559 557
4 560 562 563 561
4 564 566 567 565
4 568 570 571 569
4 572 574 575 573
4 576 578 579 577
4 580 582 583 581
4 584 586 587 585
4 588 590 591 589
4 592 594 595 593
4 596 598 599 597
4 600 602 603 601
4 604 606 607 605
4 608 610 611 609
4 612 614 615 613
4 616 618 619 617
4 620 622 623 621
4 624 626 627 625
4 628 630 631 629
4 632 634 635 633
4 636 638 639 637
4 640 642 643 641
4 644 646 647 645
4 648 650 651 649
4 652 654 655 653
4 656 658 659 657
4 660 662 663 661
4 664 666 667 665
4 668 670 671 669
4 672 674 675 673
4 676 678 679 677
4 680 682 683 681
4 684 686 687 685
4 688 690 691 689
4 692 694 695 693
4 696 698 699 697
4 700 702 703 701
4 704 706 707 705
4 708 710 711 709
4 712 714 715 713
4 716 718 719 717
4 720 722 723 721
4 724 726 727 725
4 728 730 731 729
4 732 734 735 733
4 736 738 739 737
4 740 742 743 741
4 744 746 747 745
4 748 750 751 749
4 752 754 755 753
4 756 758 759 757
4 760 762 763 761
4 764 766 767 765
4 768 770 771 769
4 772 774 775 773
4 776 778 779 777
4 780 782 783 781
4 784 786 787 785
4 788 790 791 789
4 792 794 795 793
4 796 798 799 797
4 800 802 803 801
4 804 806 807 805
4 808 810 811 809
4 812 814 815 813
4 816 818 819 817
4 820 822 823 821
4 824 826 827 825
4 828 830 831 829
4 832 834 835 833
4 836 838 839 837
4 840 842 843 841
4 844 846 847 845
4 848 850 851 849
4 852 854 855 853
4 856 858 859 857
4 860 862 863 861
4 864 866 867 865
4 868 870 871 869
4 872 874 875 873
4 876 878 879 877
4 880 882 883 881
4 884 886 887 885
4 888 890 891 889
4 892 894 895 893
4 896 898 899 897
4 900 902 903 901
4 904 906 907 905
4 908 910 911 909
4 912 914 915 913
4 916 918 919 917
4 920 922 923 921
4 924 926 927 925
4 928 930 931 929
4 932 934 935 933
4 936 938 939 937
4 940 942 943 941
4 944 946 947 945
4 948 950 951 949
4 952 954 955 953
4 956 958 959 957
4 960 962 963 961
4 964 966 967 965
4 968 970 971 969
4 972 974 975 973
4 976 978 979 977
4 980 982 983 981
4 984 986 987 985
4 988 990 991 989
4 992 994 995 993
4 996 998 999 997
4 1000 1002 1003 1001
4 1004 1006 1007 1005
4 1008 1010 1011 1009
4 1012 1014 1015 1013
4 1016 1018 1019 1017
4 1020 1022 1023 1021
4 1024 1026 1027 1025
4 1028 1030 1031 1029
4 1032 1034 1035 1033
4 1036 1038 1039 1037
4 1040 1042 1043 1041
4 1044 1046 1047 1045
4 1048 1050 1051 1049
4 1052 1054 1055 1053
4 1056 1058 1059 1057
4 1060 1062 1063 1061
4 1064 1066 1067 1065
4 1068 1070 1071 1069
4 1072 1074 1075 1073
4 1076 1078 1079 1077
4 1080 1082 1083 1081
4 1084 1086 1087 1085
4 1088 1090 1091 1089
4 1092 1094 1095 1093
4 1096 1098 1099 1097
4 1100 1102 1103 1101
4 1104 1106 1107 1105
4 1108 1110 1111 1109
4 1112 1114 1115 1113
4 1116 1118 1119 1117
4 1120 1122 1123 1121
4 1124 1126 1127 1125
4 1128 1130 1131 1129
4 1132 1134 1135 1133
4 1136 1138 1139 1137
4 1140 1142 1143 1141
4 1144 1146 1147 1145
4 1148 1150 1151 1149
4 1152 1154 1155 1153
4 1156 1158 1159 1157
4 1160 1162 1163 1161
4 1164 1166 1167 1165
4 1168 1170 1171 1169
4 1172 1174 1175 1173
4 1176 1178 1179 1177
4 1180 1182 1183 1181
4 1184 1186 1187 1185
4 1188 1190 1191 1189
4 1192 1194 1195 1193
4 1196 1198 1199 1197
4 1200 1202 1203 1201
4 1204 1206 1207 1205
4 1208 1210 1211 1209
4 1212 1214 1215 1213
4 1216 1218 1219 1217
4 1220 1222 1223 1221
4 1224 1226 1227 1225
4 1228 1230 1231 1229
4 1232 1234 1235 1233
4 1236 1238 1239 1237
4 1240 1242 1243 1241
4 1244 1246 1247 1245
4 1248 1250 1251 1249
4 1252 1254 1255 1253
4 1256 1258 1259 1257
4 1260 1262 1263 1261
4 1264 1266 1267 1265
4 1268 1270 1271 1269
4 1272 1274 1275 1273
4 1276 1278 1279 1277
4 1280 1282 1283 1281
4 1284 1286 1287 1285
4 1288 1290 1291 1289
4 1292 1294 1295 1293
4 1296 1298 1299 1297
4 1300 1302 1303 1301
4 1304 1306 1307 1305
4 1308 1310 1311 1309
4 1312 1314 1315 1313
4 1316 1318 1319 1317
4 1320 1322 1323 1321
4 1324 1326 1327 1325
4 1328 1330 1331 1329
4 1332 1334 1335 1333
4 1336 1338 1339 1337
4 1340 1342 1343 1341
4 1344 1346 1347 1345
4 1348 1350 1351 1349
4 1352 1354 1355 1353
4 1356 1358 1359 1357
4 1360 1362 1363 1361
4 1364 1366 1367 1365
4 1368 1370 1371 1369
4 1372 1374 1375 1373
4 1376 1378 1379 1377
4 1380 1382 1383 1381
4 1384 1386 1387 1385
4 1388 1390 1391 1389
4 1392 1394 1395 1393
4 1396 1398 1399 1397
4 1400 1402 1403 1401
4 1404 1406 1407 1405
4 1408 1410 1411 1409
4 1412 1414 1415 1413
4 1416 1418 1419 1417
4 1420 1422 1423 1421
4 1424 1426 1427 1425
4 1428 1430 1431 1429
4 1432 1434 1435 1433
4 1436 1438 1439 1437
4 1440 1442 1443 1441
4 1444 1446 1447 1445
4 1448 1450 1451 1449
4 1452 1454 1455 1453
4 1456 1458 1459 1457
4 1460 1462 1463 1461
4 1464 1466 1467 1465
4 1468 1470 1471 1469
4 1472 1474 1475 1473
4 1476 1478 1479 1477
4 1480 1482 1483 1481
4 1484 1486 1487 1485
4 1488 1490 1491 1489
4 1492 1494 1495 1493
4 1496 1498 1499 1497
4 1500 1502 1503 1501
4 1504 1506 1507 1505
4 1508 1510 1511 1509
4 1512 1514 1515 1513
4 1516 1518 1519 1517
4 1520 1522 1523 1521
4 1524 1526 1527 1525
4 1528 1530 1531 1529
4 1532 1534 1535 1533
4 1536 1538 1539 1537
4 1540 1542 1543 1541
4 1544 1546 1547 1545
4 1548 1550 1551 1549
4 1552 1554 1555 1553
4 1556 1558 1559 1557
4 1560 1562 1563 1561
4 1564 1566 1567 1565
4 1568 1570 1571 1569
4 1572 1574 1575 1573
4 1576 1578 1579 1577
4 1580 1582 1583 1581
4 1584 1586 1587 1585
4 1588 1590 1591 1589
4 1592 1594 1595 1593
4 1596 1598 1599 1597
4 1600 1602 1603 1601
4 1604 1606 1607 1605
4 1608 1610 1611 1609
4 1612 1614 1615 1613
4 1616 1618 1619 1617
4 1620 1622 1623 1621
4 1624 1626 1627 1625
4 1628 1630 1631 1629
4 1632 1634 1635 1633
4 1636 1638 1639 1637
4 1640 1642 1643 1641
4 1644 1646 1647 1645
4 1648 1650 1651 1649
4 1652 1654 1655 1653
4 1656 1658 1659 1657
4 1660 1662 1663 1661
4 1664 1666 1667 1665
4 1668 1670 1671 1669
4 1672 1674 1675 1673
4 1676 1678 1679 1677
4 1680 1682 1683 1681
4 1684 1686 1687 1685
4 1688 1690 1691 1689
4 1692 1694 1695 1693
4 1696 1698 1699 1697
4 1700 1702 1703 1701
4 1704 1706 1707 1705
4 1708 1710 1711 1709
4 1712 1714 1715 1713
4 1716 1718 1719 1717
4 1720 1722 1723 1721
4 1724 1726 1727 1725
4 1728 1730 1731 1729
4 1732 1734 1735 1733
4 1736 1738 1739 1737
4 1740 1742 1743 1741
4 1744 1746 1747 1745
4 1748 1750 1751 1749
4 1752 1754 1755 1753
4 1756 1758 1759 1757
4 1760 1762 1763 1761
4 1764 1766 1767 1765
4 1768 1770 1771 1769
4 1772 1774 1775 1773
4 1776 1778 1779 1777
4 1780 1782 1783 1781
4 1784 1786 1787 1785
4 1788 1790 1791 1789
4 1792 1794 1795 1793
4 1796 1798 1799 1797
4 1800 1802 1803 1801
4 1804 1806 1807 1805
4 1808 1810 1811 1809
4 1812 1814 1815 1813
4 1816 1818 1819 1817
4 1820 1822 1823 1821
4 1824 1826 1827 1825
4 1828 1830 1831 1829
4 1832 1834 1835 1833
4 1836 1838 1839 1837
4 1840 1842 1843 1841
4 1844 1846 1847 1845
4 1848 1850 1851 1849
4 1852 1854 1855 1853
4 1856 1858 1859 1857
4 1860 1862 1863 1861
4 1864 1866 1867 1865
4 1868 1870 1871 1869
4 1872 1874 1875 1873
4 1876 1878 1879 1877
4 1880 1882 1883 1881
4 1884 1886 1887 1885
4 1888 1890 1891 1889
4 1892 1894 1895 1893
4 1896 1898 1899 1897
4 1900 1902 1903 1901
4 1904 1906 1907 1905
4 1908 1910 1911 1909
4 1912 1914 1915 1913
4 1916 1918 1919 1917
4 1920 1922 1923 1921
4 1924 1926 1927 1925
4 1928 1930 1931 1929
4 1932 1934 1935 1933
4 1936 1938 1939 1937
4 1940 1942 1943 1941
4 1944 1946 1947 1945
4 1948 1950 1951 1949
4 1952 1954 1955 1953
4 1956 1958 1959 1957
4 1960 1962 1963 1961
4 1964 1966 1967 1965
4 1968 1970 1971 1969
4 1972 1974 1975 1973
4 1976 1978 1979 1977
4 1980 1982 1983 1981
4 1984 1986 1987 1985
4 1988 1990 1991 1989
4 1992 1994 1995 1993
4 1996 1998 1999 1997
4 2000 2002 2003 2001
4 2004 2006 2007 2005
4 2008 2010 2011 2009
4 2012 2014 2015 2013
4 2016 2018 2019 2017
4 2020 2022 2023 2021
4 2024 2026 2027 2025
4 2028 2030 2031 2029
4 2032 2034 2035 2033
4 2036 2038 2039 2037
4 2040 2042 2043 2041
4 2044 2046 2047 2045
4 2048 2050 2051 2049
4 2052 2054 2055 2053
4 2056 2058 2059 2057
4 2060 2062 2063 2061
4 2064 2066 2067 2065
4 2068 2070 2071 2069
4 2072 2074 2075 2073
4 2076 2078 2079 2077
4 2080 2082 2083 2081
4 2084 2086 2087 2085
4 2088 2090 2091 2089
4 2092 2094 2095 2093
4 2096 2098 2099 2097
4 2100 2102 2103 2101
4 2104 2106 2107 2105
4 2108 2110 2111 2109
4 2112 2114 2115 2113
4 2116 2118 2119 2117
4 2120 2122 2123 2121
4 2124 2126 2127 2125
4 2128 2130 2131 2129
4 2132 2134 2135 2133
4 2136 2138 2139 2137
4 2140 2142 2143 2141
4 2144 2146 2147 2145
4 2148 2150 2151 2149
4 2152 2154 2155 2153
4 2156 2158 2159 2157
4 2160 2162 2163 2161
4 2164 2166 2167 2165
4 2168 2170 2171 2169
4 2172 2174 2175 2173
4 2176 2178 2179 2177
4 2180 2182 2183 2181
4 2184 2186 2187 2185
4 2188 2190 2191 2189
4 2192 2194 2195 2193
4 2196 2198 2199 2197
4 2200 2202 2203 2201
4 2204 2206 2207 2205
4 2208 2210 2211 2209
4 2212 2214 2215 2213
4 2216 2218 2219 2217
4 2220 2222 2223 2221
4 2224 2226 2227 2225
4 2228 2230 2231 2229
4 2232 2234 2235 2233
4 2236 2238 2239 2237
4 2240 2242 2243 2241
4 2244 2246 2247 2245
4 2248 2250 2251 2249
4 2252 2254 2255 2253
4 2256 2258 2259 2257
4 2260 2262 2263 2261
4 2264 2266 2267 2265
4 2268 2270 2271 2269
4 2272 2274 2275 2273
4 2276 2278 2279 2277
4 2280 2282 2283 2281
4 2284 2286 2287 2285
4 2288 2290 2291 2289
4 2292 2294 2295 2293
4 2296 2298 2299 2297
4 2300 2302 2303 2301
4 2304 2306 2307 2305
4 2308 2310 2311 2309
4 2312 2314 2315 2313
4 2316 2318 2319 2317
4 2320 2322 2323 2321
4 2324 2326 2327 2325
4 2328 2330 2331 2329
4 2332 2334 2335 2333
4 2336 2338 2339 2337
4 2340 2342 2343 2341
4 2344 2346 2347 2345
4 2348 2350 2351 2349
4 2352 2354 2355 2353
4 2356 2358 2359 2357
4 2360 2362 2363 2361
4 2364 2366 2367 2365
4 2368 2370 2371 2369
4 2372 2374 2375 2373
4 2376 2378 2379 2377
4 2380 2382 2383 2381
4 2384 2386 2387 2385
4 2388 2390 2391 2389
4 2392 2394 2395 2393
4 2396 2398 2399 2397
4 2400 2402 2403 2401
4 2404 2406 2407 2405
4 2408 2410 2411 2409
4 2412 2414 2415 2413
4 2416 2418 2419 2417
4 2420 2422 2423 2421
4 2424 2426 2427 2425
4 2428 2430 2431 2429
4 2432 2434 2435 2433
4 2436 2438 2439 2437
4 2440 2442 2443 2441
4 2444 2446 2447 2445
4 2448 2450 2451 2449
4 2452 2454 2455 2453
4 2456 2458 2459 2457
4 2460 2462 2463 2461
4 2464 2466 2467 2465
4 2468 2470 2471 2469
4 2472 2474 2475 2473
4 2476 2478 2479 2477
4 2480 2482 2483 2481
4 2484 2486 2487 2485
4 2488 2490 2491 2489
4 2492 2494 2495 2493
4 2496 2498 2499 2497
4 2500 2502 2503 2501
4 2504 2506 2507 2505
4 2508 2510 2511 2509
4 2512 2514 2515 2513
4 2516 2518 2519 2517
4 2520 2522 2523 2521
4 2524 2526 2527 2525
4 2528 2530 2531 2529
4 2532 2534 2535 2533
4 2536 2538 2539 2537
4 2540 2542 2543 2541
4 2544 2546 2547 2545
4 2548 2550 2551 2549
4 2552 2554 2555 2553
4 2556 2558 2559 2557
4 2560 2562 2563 2561
4 2564 2566 2567 2565
4 2568 2570 2571 2569
4 2572 2574 2575 2573
4 2576 2578 2579 2577
4 2580 2582 2583 2581
4 2584 2586 2587 2585
4 2588 2590 2591 2589
4 2592 2594 2595 2593
4 2596 2598 2599 2597
4 2600 2602 2603 2601
4 2604 2606 2607 2605
4 2608 2610 2611 2609
4 2612 2614 2615 2613
4 2616 2618 2619 2617
4 2620 2622 2623 2621
4 2624 2626 2627 2625
4 2628 2630 2631 2629
4 2632 2634 2635 2633
4 2636 2638 2639 2637
4 2640 2642 2643 2641
4 2644 2646 2647 2645
4 2648 2650 2651 2649
4 2652 2654 2655 2653
4 2656 2658 2659 2657
4 2660 2662 2663 2661
4 2664 2666 2667 2665
4 2668 2670 2671 2669
4 2672 2674 2675 2673
4 2676 2678 2679 2677
4 2680 2682 2683 2681
4 2684 2686 2687 2685
4 2688 2690 2691 2689
4 2692 2694 2695 2693
4 2696 2698 2699 2697
4 2700 2702 2703 2701
4 2704 2706 2707 2705
4 2708 2710 2711 2709
4 2712 2714 2715 2713
4 2716 2718 2719 2717
4 2720 2722 2723 2721
4 2724 2726 2727 2725
4 2728 2730 2731 2729
4 2732 2734 2735 2733
4 2736 2738 2739 2737
4 2740 2742 2743 2741
4 2744 2746 2747 2745
4 2748 2750 2751 2749
4 2752 2754 2755 2753
4 2756 2758 2759 2757
4 2760 2762 2763 2761
4 2764 2766 2767 2765
4 2768 2770 2771 2769
4 2772 2774 2775 2773
4 2776 2778 2779 2777
4 2780 2782 2783 2781
4 2784 2786 2787 2785
4 2788 2790 2791 2789
4 2792 2794 2795 2793
4 2796 2798 2799 2797
4 2800 2802 2803 2801
4 2804 2806 2807 2805
4 2808 2810 2811 2809
4 2812 2814 2815 2813
4 2816 2818 2819 2817
4 2820 2822 2823 2821
4 2824 2826 2827 2825
4 2828 2830 2831 2829
4 2832 2834 2835 2833
4 2836 2838 2839 2837
4 2840 2842 2843 2841
4 2844 2846 2847 2845
4 2848 2850 2851 2849
4 2852 2854 2855 2853
4 2856 2858 2859 2857
4 2860 2862 2863 2861
4 2864 2866 2867 2865
4 2868 2870 2871 2869
4 2872 2874 2875 2873
4 2876 2878 2879 2877
4 2880 2882 2883 2881
4 2884 2886 2887 2885
4 2888 2890 2891 2889
4 2892 2894 2895 2893
4 2896 2898 2899 2897
4 2900 2902 2903 2901
4 2904 2906 2907 2905
4 2908 2910 2911 2909
4 2912 2914 2915 2913
4 2916 2918 2919 2917
4 2920 2922 2923 2921
4 2924 2926 2927 2925
4 2928 2930 2931 2929
4 2932 2934 2935 2933
4 2936 2938 2939 2937
4 2940 2942 2943 2941
4 2944 2946 2947 2945
4 2948 2950 2951 2949
4 2952 2954 2955 2953
4 2956 2958 2959 2957
4 2960 2962 2963 2961
4 2964 2966 2967 2965
4 2968 2970 2971 2969
4 2972 2974 2975 2973
4 2976 2978 2979 2977
4 2980 2982 2983 2981
4 2984 2986 2987 2985
4 2988 2990 2991 2989
4 2992 2994 2995 2993
4 2996 2998 2999 2997
4 3000 3002 3003 3001
4 3004 3006 3007 3005
4 3008 3010 3011 3009
4 3012 3014 3015 3013
4 3016 3018 3019 3017
4 3020 3022 3023 3021
4 3024 3026 3027 3025
4 3028 3030 3031 3029
4 3032 3034 3035 3033
4 3036 3038 3039 3037
4 3040 3042 3043 3041
4 3044 3046 3047 3045
4 3048 3050 3051 3049
4 3052 3054 3055 3053
4 3056 3058 3059 3057
4 3060 3062 3063 3061
4 3064 3066 3067 3065
4 3068 3070 3071 3069
4 3072 3074 3075 3073
4 3076 3078 3079 3077
4 3080 3082 3083 3081
4 3084 3086 3087 3085
4 3088 3090 3091 3089
4 3092 3094 3095 3093
4 3096 3098 3099 3097
4 3100 3102 3103 3101
4 3104 3106 3107 3105
4 3108 3110 3111 3109
4 3112 3114 3115 3113
4 3116 3118 3119 3117
4 3120 3122 3123 3121
4 3124 3126 3127 3125
4 3128 3130 3131 3129
4 3132 3134 3135 3133
4 3136 3138 3139 3137
4 3140 3142 3143 3141
4 3144 3146 3147 3145
4 3148 3150 3151 3149
4 3152 3154 3155 3153
4 3156 3158 3159 3157
4 3160 3162 3163 3161
4 3164 3166 3167 3165
4 3168 3170 3171 3169
4 3172 3174 3175 3173
4 3176 3178 3179 3177
4 3180 3182 3183 3181
4 3184 3186 3187 3185
4 3188 3190 3191 3189
4 3192 3194 3195 3193
4 3196 3198 3199 3197
4 3200 3202 3203 3201
4 3204 3206 3207 3205
4 3208 3210 3211 3209
4 3212 3214 3215 3213
4 3216 3218 3219 3217
4 3220 3222 3223 3221
4 3224 3226 3227 3225
4 3228 3230 3231 3229
4 3232 3234 3235 3233
4 3236 3238 3239 3237
4 3240 3242 3243 3241
4 3244 3246 3247 3245
4 3248 3250 3251 3249
4 3252 3254 3255 3253
4 3256 3258 3259 3257
4 3260 3262 3263 3261
4 3264 3266 3267 3265
4 3268 3270 3271 3269
4 3272 3274 3275 3273
4 3276 3278 3279 3277
4 3280 3282 3283 3281
4 3284 3286 3287 3285
4 3288 3290 3291 3289
4 3292 3294 3295 3293
4 3296 3298 3299 3297
4 3300 3302 3303 3301
4 3304 3306 3307 3305
4 3308 3310 3311 3309
4 3312 3314 3315 3313
4 3316 3318 3319 3317
4 3320 3322 3323 3321
4 3324 3326 3327 3325
4 3328 3330 3331 3329
4 3332 3334 3335 3333
4 3336 3338 3339 3337
4 3340 3342 3343 3341
4 3344 3346 3347 3345
4 3348 3350 3351 3349
4 3352 3354 3355 3353
4 3356 3358 3359 3357
4 3360 3362 3363 3361
4 3364 3366 3367 3365
4 3368 3370 3371 3369
4 3372 3374 3375 3373
4 3376 3378 3379 3377
4 3380 3382 3383 3381
4 3384 3386 3387 3385
4 3388 3390 3391 3389
4 3392 3394 3395 3393
4 3396 3398 3399 3397
4 3400 3402 3403 3401
4 3404 3406 3407 3405
4 3408 3410 3411 3409
4 3412 3414 3415 3413
4 3416 3418 3419 3417
4 3420 3422 3423 3421
4 3424 3426 3427 3425
4 3428 3430 3431 3429
4 3432 3434 3435 3433
4 3436 3438 3439 3437
4 3440 3442 3443 3441
4 3444 3446 3447 3445
4 3448 3450 3451 3449
4 3452 3454 3455 3453
4 3456 3458 3459 3457
4 3460 3462 3463 3461
4 3464 3466 3467 3465
4 3468 3470 3471 3469
4 3472 3474 3475 3473
4 3476 3478 3479 3477
4 3480 3482 3483 3481
4 3484 3486 3487 3485
4 3488 3490 3491 3489
4 3492 3494 3495 3493
4 3496 3498 3499 3497
4 3500 3502 3503 3501
4 3504 3506 3507 3505
4 3508 3510 3511 3509
4 3512 3514 3515 3513
4 3516 3518 3519 3517
4 3520 3522 3523 3521
4 3524 3526 3527 3525
4 3528 3530 3531 3529
4 3532 3534 3535 3533
4 3536 3538 3539 3537
4 3540 3542 3543 3541
4 3544 3546 3547 3545
4 3548 3550 3551 3549
4 3552 3554 3555 3553
4 3556 3558 3559 3557
4 3560 3562 3563 3561
4 3564 3566 3567 3565
4 3568 3570 3571 3569
4 3572 3574 3575 3573
4 3576 3578 3579 3577
4 3580 3582 3583 3581
4 3584 3586 3587 3585
4 3588 3590 3591 3589
4 3592 3594 3595 3593
4 3596 3598 3599 3597
4 3600 3602 3603 3601
4 3604 3606 3607 3605
4 3608 3610 3611 3609
4 3612 3614 3615 3613
4 3616 3618 3619 3617
4 3620 3622 3623 3621
4 3624 3626 3627 3625
4 3628 3630 3631 3629
4 3632 3634 3635 3633
4 3636 3638 3639 3637
4 3640 3642 3643 3641
4 3644 3646 3647 3645
4 3648 3650 3651 3649
4 3652 3654 3655 3653
4 3656 3658 3659 3657
4 3660 3662 3663 3661
4 3664 3666 3667 3665
4 3668 3670 3671 3669
4 3672 3674 3675 3673
4 3676 3678 3679 3677
4 3680 3682 3683 3681
4 3684 3686 3687 3685
4 3688 3690 3691 3689
4 3692 3694 3695 3693
4 3696 3698 3699 3697
4 3700 3702 3703 3701
4 3704 3706 3707 3705
4 3708 3710 3711 3709
4 3712 3714 3715 3713
4 3716 3718 3719 3717
4 3720 3722 3723 3721
4 3724 3726 3727 3725
4 3728 3730 3731 3729
4 3732 3734 3735 3733
4 3736 3738 3739 3737
4 3740 3742 3743 3741
4 3744 3746 3747 3745
4 3748 3750 3751 3749
4 3752 3754 3755 3753
4 3756 3758 3759 3757
4 3760 3762 3763 3761
4 3764 3766 3767 3765
4 3768 3770 3771 3769
4 3772 3774 3775 3773
4 3776 3778 3779 3777
4 3780 3782 3783 3781
4 3784 3786 3787 3785
4 3788 3790 3791 3789
4 3792 3794 3795 3793
4 3796 3798 3799 3797
4 3800 3802 3803 3801
4 3804 3806 3807 3805
4 3808 3810 3811 3809
4 3812 3814 3815 3813
4 3816 3818 3819 3817
4 3820 3822 3823 3821
4 3824 3826 3827 3825
4 3828 3830 3831 3829
4 3832 3834 3835 3833
4 3836 3838 3839 3837
4 3840 3842 3843 3841
4 3844 3846 3847 3845
4 3848 3850 3851 3849
4 3852 3854 3855 3853
4 3856 3858 3859 3857
4 3860 3862 3863 3861
4 3864 3866 3867 3865
4 3868 3870 3871 3869
4 3872 3874 3875 3873
4 3876 3878 3879 3877
4 3880 3882 3883 3881
4 3884 3886 3887 3885
4 3888 3890 3891 3889
4 3892 3894 3895 3893
4 3896 3898 3899 3897
4 3900 3902 3903 3901
4 3904 3906 3907 3905
4 3908 3910 3911 3909
4 3912 3914 3915 3913
4 3916 3918 3919 3917
4 3920 3922 3923 3921
4 3924 3926 3927 3925
4 3928 3930 3931 3929
4 3932 3934 3935 3933
4 3936 3938 3939 3937
4 3940 3942 3943 3941
4 3944 3946 3947 3945
4 3948 3950 3951 3949
4 3952 3954 3955 3953
4 3956 3958 3959 3957
4 3960 3962 3963 3961
4 3964 3966 3967 3965
4 3968 3970 3971 3969
4 3972 3974 3975 3973
4 3976 3978 3979 3977
4 3980 3982 3983 3981
4 3984 3986 3987 3985
4 3988 3990 3991 3989
4 3992 3994 3995 3993
4 3996 3998 3999 3997
4 4000 4002 4003 4001
4 4004 4006 4007 4005
4 4008 4010 4011 4009
4 4012 4014 4015 4013
4 4016 4018 4019 4017
4 4020 4022 4023 4021
4 4024 4026 4027 4025
4 4028 4030 4031 4029
4 4032 4034 4035 4033
4 4036 4038 4039 4037
4 4040 4042 4043 4041
4 4044 4046 4047 4045
4 4048 4050 4051 4049
4 4052 4054 4055 4053
4 4056 4058 4059 4057
4 4060 4062 4063 4061
4 4064 4066 4067 4065
4 4068 4070 4071 4069
4 4072 4074 4075 4073
4 4076 4078 4079 4077
4 4080 4082 4083 4081
4 4084 4086 4087 4085
4 4088 4090 4091 4089
4 4092 4094 4095 4093
4 4096 4098 4099 4097
4 4100 4102 4103 4101
4 4104 4106 4107 4105
4 4108 4110 4111 4109
4 4112 4114 4115 4113
4 4116 4118 4119 4117
4 4120 4122 4123 4121
4 4124 4126 4127 4125
4 4128 4130 4131 4129
4 4132 4134 4135 4133
4 4136 4138 4139 4137
4 4140 4142 4143 4141
4 4144 4146 4147 4145
4 4148 4150 4151 4149
4 4152 4154 4155 4153
4 4156 4158 4159 4157
4 4160 4162 4163 4161
4 4164 4166 4167 4165
4 4168 4170 4171 4169
4 4172 4174 4175 4173
4 4176 4178 4179 4177
4 4180 4182 4183 4181
4 4184 4186 4187 4185
4 4188 4190 4191 4189
4 4192 4194 4195 4193
4 4196 4198 4199 4197
4 4200 4202 4203 4201
4 4204 4206 4207 4205
4 4208 4210 4211 4209
4 4212 4214 4215 4213
4 4216 4218 4219 4217
4 4220 4222 4223 4221
4 4224 4226 4227 4225
4 4228 4230 4231 4229
4 4232 4234 4235 4233
4 4236 4238 4239 4237
4 4240 4242 4243 4241
4 4244 4246 4247 4245
4 4248 4250 4251 4249
4 4252 4254 4255 4253
4 4256 4258 4259 4257
4 4260 4262 4263 4261
4 4264 4266 4267 4265
4 4268 4270 4271 4269
4 4272 4274 4275 4273
4 4276 4278 4279 4277
4 4280 4282 4283 4281
4 4284 4286 4287 4285
4 4288 4290 4291 4289
4 4292 4294 4295 4293
4 4296 4298 4299 4297
4 4300 4302 4303 4301
4 4304 4306 4307 4305
4 4308 4310 4311 4309
4 4312 4314 4315 4313
4 4316 4318 4319 4317
4 4320 4322 4323 4321
4 4324 4326 4327 4325
4 4328 4330 4331 4329
4 4332 4334 4335 4333
4 4336 4338 4339 4337
4 4340 4342 4343 4341
4 4344 4346 4347 4345
4 4348 4350 4351 4349
4 4352 4354 4355 4353
4 4356 4358 4359 4357
4 4360 4362 4363 4361
4 4364 4366 4367 4365
4 4368 4370 4371 4369
4 4372 4374 4375 4373
4 4376 4378 4379 4377
4 4380 4382 4383 4381
4 4384 4386 4387 4385
4 4388 4390 4391 4389
4 4392 4394 4395 4393
4 4396 4398 4399 4397
4 4400 4402 4403 4401
4 4404 4406 4407 4405
4 4408 4410 4411 4409
4 4412 4414 4415 4413
4 4416 4418 4419 4417
4 4420 4422 4423 4421
4 4424 4426 4427 4425
4 4428 4430 4431 4429
4 4432 4434 4435 4433
4 4436 4438 4439 4437
4 4440 4442 4443 4441
4 4444 4446 4447 4445
4 4448 4450 4451 4449
4 4452 4454 4455 4453
4 4456 4458 4459 4457
4 4460 4462 4463 4461
4 4464 4466 4467 4465
4 4468 4470 4471 4469
4 4472 4474 4475 4473
4 4476 4478 4479 4477
4 4480 4482 4483 4481
4 4484 4486 4487 4485
4 4488 4490 4491 4489
4 4492 4494 4495 4493
4 4496 4498 4499 4497
4 4500 4502 4503 4501
4 4504 4506 4507 4505
4 4508 4510 4511 4509
4 4512 4514 4515 4513
4 4516 4518 4519 4517
4 4520 4522 4523 4521
4 4524 4526 4527 4525
4 4528 4530 4531 4529
4 4532 4534 4535 4533
4 4536 4538 4539 4537
4 4540 4542 4543 4541
4 4544 4546 4547 4545
4 4548 4550 4551 4549
4 4552 4554 4555 4553
4 4556 4558 4559 4557
4 4560 4562 4563 4561
4 4564 4566 4567 4565
4 4568 4570 4571 4569
4 4572 4574 4575 4573
4 4576 4578 4579 4577
4 4580 4582 4583 4581
4 4584 4586 4587 4585
4 4588 4590 4591 4589
4 4592 4594 4595 4593
4 4596 4598 4599 4597
4 4600 4602 4603 4601
4 4604 4606 4607 4605
4 4608 4610 4611 4609
4 4612 4614 4615 4613
4 4616 4618 4619 4617
4 4620 4622 4623 4621
4 4624 4626 4627 4625
4 4628 4630 4631 4629
4 4632 4634 4635 4633
4 4636 4638 4639 4637
4 4640 4642 4643 4641
4 4644 4646 4647 4645
4 4648 4650 4651 4649
4 4652 4654 4655 4653
4 4656 4658 4659 4657
4 4660 4662 4663 4661
4 4664 4666 4667 4665
4 4668 4670 4671 4669
4 4672 4674 4675 4673
4 4676 4678 4679 4677
4 4680 4682 4683 4681
4 4684 4686 4687 4685
4 4688 4690 4691 4689
4 4692 4694 4695 4693
4 4696 4698 4699 4697
4 4700 4702 4703 4701
4 4704 4706 4707 4705
4 4708 4710 4711 4709
4 4712 4714 4715 4713
4 4716 4718 4719 4717
4 4720 4722 4723 4721
4 4724 4726 4727 4725
4 4728 4730 4731 4729
4 4732 4734 4735 4733
4 4736 4738 4739 4737
4 4740 4742 4743 4741
4 4744 4746 4747 4745
4 4748 4750 4751 4749
4 4752 4754 4755 4753
4 4756 4758 4759 4757
4 4760 4762 4763 4761
4 4764 4766 4767 4765
4 4768 4770 4771 4769
4 4772 4774 4775 4773
4 4776 4778 4779 4777
4 4780 4782 4783 4781
4 4784 4786 4787 4785
4 4788 4790 4791 4789
4 4792 4794 4795 4793
4 4796 4798 4799 4797
4 4800 4802 4803 4801
4 4804 4806 4807 4805
4 4808 4810 4811 4809
4 4812 4814 4815 4813
4 4816 4818 4819 4817
4 4820 4822 4823 4821
4 4824 4826 4827 4825
4 4828 4830 4831 4829
4 4832 4834 4835 4833
4 4836 4838 4839 4837
4 4840 4842 4843 4841
4 4844 4846 4847 4845
4 4848 4850 4851 4849
4 4852 4854 4855 4853
4 4856 4858 4859 4857
4 4860 4862 4863 4861
4 4864 4866 4867 4865
4 4868 4870 4871 4869
4 4872 4874 4875 4873
4 4876 4878 4879 4877
4 4880 4882 4883 4881
4 4884 4886 4887 4885
4 4888 4890 4891 4889
4 4892 4894 4895 4893
4 4896 4898 4899 4897
4 4900 4902 4903 4901
4 4904 4906 4907 4905
4 4908 4910 4911 4909
4 4912 4914 4915 4913
4 4916 4918 4919 4917
4 4920 4922 4923 4921
4 4924 4926 4927 4925
4 4928 4930 4931 4929
4 4932 4934 4935 4933
4 4936 4938 4939 4937
4 4940 4942 4943 4941
4 4944 4946 4947 4945
4 4948 4950 4951 4949
4 4952 4954 4955 4953
4 4956 4958 4959 4957
4 4960 4962 4963 4961
4 4964 4966 4967 4965
4 4968 4970 4971 4969
4 4972 4974 4975 4973
4 4976 4978 4979 4977
4 4980 4982 4983 4981
4 4984 4986 4987 4985
4 4988 4990 4991 4989
4 4992 4994 4995 4993
4 4996 4998 4999 4997
4 5000 5002 5003 5001
4 5004 5006 5007 5005
4 5008 5010 5011 5009
4 5012 5014 5015 5013
4 5016 5018 5019 5017
4 5020 5022 5023 5021
4 5024 5026 5027 5025
4 5028 5030 5031 5029
4 5032 5034 5035 5033
4 5036 5038 5039 5037
4 5040 5042 5043 5041
4 5044 5046 5047 5045
4 5048 5050 5051 5049
4 5052 5054 5055 5053
4 5056 5058 5059 5057
4 5060 5062 5063 5061
4 5064 5066 5067 5065
4 5068 5070 5071 5069
4 5072 5074 5075 5073
4 5076 5078 5079 5077
4 5080 5082 5083 5081
4 5084 5086 5087 5085
4 5088 5090 5091 5089
4 5092 5094 5095 5093
4 5096 5098 5099 5097
4 5100 5102 5103 5101
4 5104 5106 5107 5105
4 5108 5110 5111 5109
4 5112 5114 5115 5113
4 5116 5118 5119 5117
4 5120 5122 5123 5121
4 5124 5126 5127 5125
4 5128 5130 5131 5129
4 5132 5134 5135 5133
4 5136 5138 5139 5137
4 5140 5142 5143 5141
4 5144 5146 5147 5145
4 5148 5150 5151 5149
4 5152 5154 5155 5153
4 5156 5158 5159 5157
4 5160 5162 5163 5161
4 5164 5166 5167 5165
4 5168 5170 5171 5169
4 5172 5174 5175 5173
4 5176 5178 5179 5177
4 5180 5182 5183 5181
4 5184 5186 5187 5185
4 5188 5190 5191 5189
4 5192 5194 5195 5193
4 5196 5198 5199 5197
4 5200 5202 5203 5201
4 5204 5206 5207 5205
4 5208 5210 5211 5209
4 5212 5214 5215 5213
4 5216 5218 5219 5217
4 5220 5222 5223 5221
4 5224 5226 5227 5225
4 5228 5230 5231 5229
4 5232 5234 5235 5233
4 5236 5238 5239 5237
4 5240 5242 5243 5241
4 5244 5246 5247 5245
4 5248 5250 5251 5249
4 5252 5254 5255 5253
4 5256 5258 5259 5257
4 5260 5262 5263 5261
4 5264 5266 5267 5265
4 5268 5270 5271 5269
4 5272 5274 5275 5273
4 5276 5278 5279 5277
4 5280 5282 5283 5281
4 5284 5286 5287 5285
4 5288 5290 5291 5289
4 5292 5294 5295 5293
4 5296 5298 5299 5297
4 5300 5302 5303 5301
4 5304 5306 5307 5305
4 5308 5310 5311 5309
4 5312 5314 5315 5313
4 5316 5318 5319 5317
4 5320 5322 5323 5321
4 5324 5326 5327 5325
4 5328 5330 5331 5329
4 5332 5334 5335 5333
4 5336 5338 5339 5337
4 5340 5342 5343 5341
4 5344 5346 5347 5345
4 5348 5350 5351 5349
4 5352 5354 5355 5353
4 5356 5358 5359 5357
4 5360 5362 5363 5361
4 5364 5366 5367 5365
4 5368 5370 5371 5369
4 5372 5374 5375 5373
4 5376 5378 5379 5377
4 5380 5382 5383 5381
4 5384 5386 5387 5385
4 5388 5390 5391 5389
4 5392 5394 5395 5393
4 5396 5398 5399 5397
4 5400 5402 5403 5401
4 5404 5406 5407 5405
4 5408 5410 5411 5409
4 5412 5414 5415 5413
4 5416 5418 5419 5417
4 5420 5422 5423 5421
4 5424 5426 5427 5425
4 5428 5430 5431 5429
4 5432 5434 5435 5433
4 5436 5438 5439 5437
4 5440 5442 5443 5441
4 5444 5446 5447 5445
4 5448 5450 5451 5449
4 5452 5454 5455 5453
4 5456 5458 5459 5457
4 5460 5462 5463 5461
4 5464 5466 5467 5465
4 5468 5470 5471 5469
4 5472 5474 5475 5473
4 5476 5478 5479 5477
4 5480 5482 5483 5481
4 5484 5486 5487 5485
4 5488 5490 5491 5489
4 5492 5494 5495 5493
4 5496 5498 5499 5497
4 5500 5502 5503 5501
4 5504 5506 5507 5505
4 5508 5510 5511 5509
4 5512 5514 5515 5513
4 5516 5518 5519 5517
4 5520 5522 5523 5521
4 5524 5526 5527 5525
4 5528 5530 5531 5529
4 5532 5534 5535 5533
4 5536 5538 5539 5537
4 5540 5542 5543 5541
4 5544 5546 5547 5545
4 5548 5550 5551 5549
4 5552 5554 5555 5553
4 5556 5558 5559 5557
4 5560 5562 5563 5561
4 5564 5566 5567 5565
4 5568 5570 5571 5569
4 5572 5574 5575 5573
4 5576 5578 5579 5577
4 5580 5582 5583 5581
4 5584 5586 5587 5585
4 5588 5590 5591 5589
4 5592 5594 5595 5593
4 5596 5598 5599 5597
4 5600 5602 5603 5601
4 5604 5606 5607 5605
4 5608 5610 5611 5609
4 5612 5614 5615 5613
4 5616 5618 5619 5617
4 5620 5622 5623 5621
4 5624 5626 5627 5625
4 5628 5630 5631 5629
4 5632 5634 5635 5633
4 5636 5638 5639 5637
4 5640 5642 5643 5641
4 5644 5646 5647 5645
4 5648 5650 5651 5649
4 5652 5654 5655 5653
4 5656 5658 5659 5657
4 5660 5662 5663 5661
4 5664 5666 5667 5665
4 5668 5670 5671 5669
4 5672 5674 5675 5673
4 5676 5678 5679 5677
4 5680 5682 5683 5681
4 5684 5686 5687 5685
4 5688 5690 5691 5689
4 5692 5694 5695 5693
4 5696 5698 5699 5697
4 5700 5702 5703 5701
4 5704 5706 5707 5705
4 5708 5710 5711 5709
4 5712 5714 5715 5713
4 5716 5718 5719 5717
4 5720 5722 5723 5721
4 5724 5726 5727 5725
4 5728 5730 5731 5729
4 5732 5734 5735 5733
4 5736 5738 5739 5737
4 5740 5742 5743 5741
4 5744 5746 5747 5745
4 5748 5750 5751 5749
4 5752 5754 5755 5753
4 5756 5758 5759 5757
4 5760 5762 5763 5761
4 5764 5766 5767 5765
4 5768 5770 5771 5769
4 5772 5774 5775 5773
4 5776 5778 5779 5777
4 5780 5782 5783 5781
4 5784 5786 5787 5785
4 5788 5790 5791 5789
4 5792 5794 5795 5793
4 5796 5798 5799 5797
4 5800 5802 5803 5801
4 5804 5806 5807 5805
4 5808 5810 5811 5809
4 5812 5814 5815 5813
4 5816 5818 5819 5817
4 5820 5822 5823 5821
4 5824 5826 5827 5825
4 5828 5830 5831 5829
4 5832 5834 5835 5833
4 5836 5838 5839 5837
4 5840 5842 5843 5841
4 5844 5846 5847 5845
4 5848 5850 5851 5849
4 5852 5854 5855 5853
4 5856 5858 5859 5857
4 5860 5862 5863 5861
4 5864 5866 5867 5865
4 5868 5870 5871 5869
4 5872 5874 5875 5873
4 5876 5878 5879 5877
4 5880 5882 5883 5881
4 5884 5886 5887 5885
4 5888 5890 5891 5889
4 5892 5894 5895 5893
4 5896 5898 5899 5897
4 5900 5902 5903 5901
4 5904 5906 5907 5905
4 5908 5910 5911 5909
4 5912 5914 5915 5913
4 5916 5918 5919 5917
4 5920 5922 5923 5921
4 5924 5926 5927 5925
4 5928 5930 5931 5929
4 5932 5934 5935 5933
4 5936 5938 5939 5937
4 5940 5942 5943 5941
4 5944 5946 5947 5945
4 5948 5950 5951 5949
4 5952 5954 5955 5953
4 5956 5958 5959 5957
4 5960 5962 5963 5961
4 5964 5966 5967 5965
4 5968 5970 5971 5969
4 5972 5974 5975 5973
4 5976 5978 5979 5977
4 5980 5982 5983 5981
4 5984 5986 5987 5985
4 5988 5990 5991 5989
4 5992 5994 5995 5993
4 5996 5998 5999 5997
4 6000 6002 6003 6001
4 6004 6006 6007 6005
4 6008 6010 6011 6009
4 6012 6014 6015 6013
4 6016 6018 6019 6017
4 6020 6022 6023 6021
4 6024 6026 6027 6025
4 6028 6030 6031 6029
4 6032 6034 6035 6033
4 6036 6038 6039 6037
4 6040 6042 6043 6041
4 6044 6046 6047 6045
4 6048 6050 6051 6049
4 6052 6054 6055 6053
4 6056 6058 6059 6057
4 6060 6062 6063 6061
4 6064 6066 6067 6065
4 6068 6070 6071 6069
4 6072 6074 6075 6073
4 6076 6078 6079 6077
4 6080 6082 6083 6081
4 6084 6086 6087 6085
4 6088 6090 6091 6089
4 6092 6094 6095 6093
4 6096 6098 6099 6097
4 6100 6102 6103 6101
4 6104 6106 6107 6105
4 6108 6110 6111 6109
4 6112 6114 6115 6113
4 6116 6118 6119 6117
4 6120 6122 6123 6121
4 6124 6126 6127 6125
4 6128 6130 6131 6129
4 6132 6134 6135 6133
4 6136 6138 6139 6137
4 6140 6142 6143 6141
4 6144 6146 6147 6145
4 6148 6150 6151 6149
4 6152 6154 6155 6153
4 6156 6158 6159 6157
4 6160 6162 6163 6161
4 6164 6166 6167 6165
4 6168 6170 6171 6169
4 6172 6174 6175 6173
4 6176 6178 6179 6177
4 6180 6182 6183 6181
4 6184 6186 6187 6185
4 6188 6190 6191 6189
4 6192 6194 6195 6193
4 6196 6198 6199 6197
4 6200 6202 6203 6201
4 6204 6206 6207 6205
4 6208 6210 6211 6209
4 6212 6214 6215 6213
4 6216 6218 6219 6217
4 6220 6222 6223 6221
4 6224 6226 6227 6225
4 6228 6230 6231 6229
4 6232 6234 6235 6233
4 6236 6238 6239 6237
4 6240 6242 6243 6241
4 6244 6246 6247 6245
4 6248 6250 6251 6249
4 6252 6254 6255 6253
4 6256 6258 6259 6257
4 6260 6262 6263 6261
4 6264 6266 6267 6265
4 6268 6270 6271 6269
4 6272 6274 6275 6273
4 6276 6278 6279 6277
4 6280 6282 6283 6281
4 6284 6286 6287 6285
4 6288 6290 6291 6289
4 6292 6294 6295 6293
4 6296 6298 6299 6297
4 6300 6302 6303 6301
4 6304 6306 6307 6305
4 6308 6310 6311 6309
4 6312 6314 6315 6313
4 6316 6318 6319 6317
4 6320 6322 6323 6321
4 6324 6326 6327 6325
4 6328 6330 6331 6329
4 6332 6334 6335 6333
4 6336 6338 6339 6337
4 6340 6342 6343 6341
4 6344 6346 6347 6345
4 6348 6350 6351 6349
4 6352 6354 6355 6353
4 6356 6358 6359 6357
4 6360 6362 6363 6361
4 6364 6366 6367 6365
4 6368 6370 6371 6369
4 6372 6374 6375 6373
4 6376 6378 6379 6377
4 6380 6382 6383 6381
4 6384 6386 6387 6385
4 6388 6390 6391 6389
4 6392 6394 6395 6393
4 6396 6398 6399 6397
4 6400 6402 6403 6401
4 6404 6406 6407 6405
4 6408 6410 6411 6409
4 6412 6414 6415 6413
4 6416 6418 6419 6417
4 6420 6422 6423 6421
4 6424 6426 6427 6425
4 6428 6430 6431 6429
4 6432 6434 6435 6433
4 6436 6438 6439 6437
4 6440 6442 6443 6441
4 6444 6446 6447 6445
4 6448 6450 6451 6449
4 6452 6454 6455 6453
4 6456 6458 6459 6457
4 6460 6462 6463 6461
4 6464 6466 6467 6465
4 6468 6470 6471 6469
4 6472 6474 6475 6473
4 6476 6478 6479 6477
4 6480 6482 6483 6481
4 6484 6486 6487 6485
4 6488 6490 6491 6489
4 6492 6494 6495 6493
4 6496 6498 6499 6497
4 6500 6502 6503 6501
4 6504 6506 6507 6505
4 6508 6510 6511 6509
4 6512 6514 6515 6513
4 6516 6518 6519 6517
4 6520 6522 6523 6521
4 6524 6526 6527 6525
4 6528 6530 6531 6529
4 6532 6534 6535 6533
4 6536 6538 6539 6537
4 6540 6542 6543 6541
4 6544 6546 6547 6545
4 6548 6550 6551 6549
4 6552 6554 6555 6553
4 6556 6558 6559 6557
4 6560 6562 6563 6561
4 6564 6566 6567 6565
4 6568 6570 6571 6569
4 6572 6574 6575 6573
4 6576 6578 6579 6577
4 6580 6582 6583 6581
4 6584 6586 6587 6585
4 6588 6590 6591 6589
4 6592 6594 6595 6593
4 6596 6598 6599 6597
4 6600 6602 6603 6601
4 6604 6606 6607 6605
4 6608 6610 6611 6609
4 6612 6614 6615 6613
4 6616 6618 6619 6617
4 6620 6622 6623 6621
4 6624 6626 6627 6625
4 6628 6630 6631 6629
4 6632 6634 6635 6633
4 6636 6638 6639 6637
4 6640 6642 6643 6641
4 6644 6646 6647 6645
4 6648 6650 6651 6649
4 6652 6654 6655 6653
4 6656 6658 6659 6657
4 6660 6662 6663 6661
4 6664 6666 6667 6665
4 6668 6670 6671 6669
4 6672 6674 6675 6673
4 6676 6678 6679 6677
4 6680 6682 6683 6681
4 6684 6686 6687 6685
4 6688 6690 6691 6689
4 6692 6694 6695 6693
4 6696 6698 6699 6697
4 6700 6702 6703 6701
4 6704 6706 6707 6705
4 6708 6710 6711 6709
4 6712 6714 6715 6713
4 6716 6718 6719 6717
4 6720 6722 6723 6721
4 6724 6726 6727 6725
4 6728 6730 6731 6729
4 6732 6734 6735 6733
4 6736 6738 6739 6737
4 6740 6742 6743 6741
4 6744 6746 6747 6745
4 6748 6750 6751 6749
4 6752 6754 6755 6753
4 6756 6758 6759 6757
4 6760 6762 6763 6761
4 6764 6766 6767 6765
4 6768 6770 6771 6769
4 6772 6774 6775 6773
4 6776 6778 6779 6777
4 6780 6782 6783 6781
4 6784 6786 6787 6785
4 6788 6790 6791 6789
4 6792 6794 6795 6793
4 6796 6798 6799 6797
4 6800 6802 6803 6801
4 6804 6806 6807 6805
4 6808 6810 6811 6809
4 6812 6814 6815 6813
4 6816 6818 6819 6817
4 6820 6822 6823 6821
4 6824 6826 6827 6825
4 6828 6830 6831 6829
4 6832 6834 6835 6833
4 6836 6838 6839 6837
4 6840 6842 6843 6841
4 6844 6846 6847 6845
4 6848 6850 6851 6849
4 6852 6854 6855 6853
4 6856 6858 6859 6857
4 6860 6862 6863 6861
4 6864 6866 6867 6865
4 6868 6870 6871 6869
4 6872 6874 6875 6873
4 6876 6878 6879 6877
4 6880 6882 6883 6881
4 6884 6886 6887 6885
4 6888 6890 6891 6889
4 6892 6894 6895 6893
4 6896 6898 6899 6897
4 6900 6902 6903 6901
4 6904 6906 6907 6905
4 6908 6910 6911 6909
4 6912 6914 6915 6913
4 6916 6918 6919 6917
4 6920 6922 6923 6921
4 6924 6926 6927 6925
4 6928 6930 6931 6929
4 6932 6934 6935 6933
4 6936 6938 6939 6937
4 6940 6942 6943 6941
4 6944 6946 6947 6945
4 6948 6950 6951 6949
4 6952 6954 6955 6953
4 6956 6958 6959 6957
4 6960 6962 6963 6961
4 6964 6966 6967 6965
4 6968 6970 6971 6969
4 6972 6974 6975 6973
4 6976 6978 6979 6977
4 6980 6982 6983 6981
4 6984 6986 6987 6985
4 6988 6990 6991 6989
4 6992 6994 6995 6993
4 6996 6998 6999 6997
4 7000 7002 7003 7001
4 7004 7006 7007 7005
4 7008 7010 7011 7009
4 7012 7014 7015 7013
4 7016 7018 7019 7017
4 7020 7022 7023 7021
4 7024 7026 7027 7025
4 7028 7030 7031 7029
4 7032 7034 7035 7033
4 7036 7038 7039 7037
4 7040 7042 7043 7041
4 7044 7046 7047 7045
4 7048 7050 7051 7049
4 7052 7054 7055 7053
4 7056 7058 7059 7057
4 7060 7062 7063 7061
4 7064 7066 7067 7065
4 7068 7070 7071 7069
4 7072 7074 7075 7073
4 7076 7078 7079 7077
4 7080 7082 7083 7081
4 7084 7086 7087 7085
4 7088 7090 7091 7089
4 7092 7094 7095 7093
4 7096 7098 7099 7097
4 7100 7102 7103 7101
4 7104 7106 7107 7105
4 7108 7110 7111 7109
4 7112 7114 7115 7113
4 7116 7118 7119 7117
4 7120 7122 7123 7121
4 7124 7126 7127 7125
4 7128 7130 7131 7129
4 7132 7134 7135 7133
4 7136 7138 7139 7137
4 7140 7142 7143 7141
4 7144 7146 7147 7145
4 7148 7150 7151 7149
4 7152 7154 7155 7153
4 7156 7158 7159 7157
4 7160 7162 7163 7161
4 7164 7166 7167 7165
4 7168 7170 7171 7169
4 7172 7174 7175 7173
4 7176 7178 7179 7177
4 7180 7182 7183 7181
4 7184 7186 7187 7185
4 7188 7190 7191 7189
4 7192 7194 7195 7193
4 7196 7198 7199 7197
4 7200 7202 7203 7201
4 7204 7206 7207 7205
4 7208 7210 7211 7209
4 7212 7214 7215 7213
4 7216 7218 7219 7217
4 7220 7222 7223 7221
4 7224 7226 7227 7225
4 7228 7230 7231 7229
4 7232 7234 7235 7233
4 7236 7238 7239 7237
4 7240 7242 7243 7241
4 7244 7246 7247 7245
4 7248 7250 7251 7249
4 7252 7254 7255 7253
4 7256 7258 7259 7257
4 7260 7262 7263 7261
4 7264 7266 7267 7265
4 7268 7270 7271 7269
4 7272 7274 7275 7273
4 7276 7278 7279 7277
4 7280 7282 7283 7281
4 7284 7286 7287 7285
4 7288 7290 7291 7289
4 7292 7294 7295 7293
4 7296 7298 7299 7297
4 7300 7302 7303 7301
4 7304 7306 7307 7305
4 7308 7310 7311 7309
4 7312 7314 7315 7313
4 7316 7318 7319 7317
4 7320 7322 7323 7321
4 7324 7326 7327 7325
4 7328 7330 7331 7329
4 7332 7334 7335 7333
4 7336 7338 7339 7337
4 7340 7342 7343 7341
4 7344 7346 7347 7345
4 7348 7350 7351 7349
4 7352 7354 7355 7353
4 7356 7358 7359 7357
4 7360 7362 7363 7361
4 7364 7366 7367 7365
4 7368 7370 7371 7369
4 7372 7374 7375 7373
4 7376 7378 7379 7377
4 7380 7382 7383 7381
4 7384 7386 7387 7385
4 7388 7390 7391 7389
4 7392 7394 7395 7393
4 7396 7398 7399 7397
4 7400 7402 7403 7401
4 7404 7406 7407 7405
4 7408 7410 7411 7409
4 7412 7414 7415 7413
4 7416 7418 7419 7417
4 7420 7422 7423 7421
4 7424 7426 7427 7425
4 7428 7430 7431 7429
4 7432 7434 7435 7433
4 7436 7438 7439 7437
4 7440 7442 7443 7441
4 7444 7446 7447 7445
4 7448 7450 7451 7449
4 7452 7454 7455 7453
4 7456 7458 7459 7457
4 7460 7462 7463 7461
4 7464 7466 7467 7465
4 7468 7470 7471 7469
4 7472 7474 7475 7473
4 7476 7478 7479 7477
4 7480 7482 7483 7481
4 7484 7486 7487 7485
4 7488 7490 7491 7489
4 7492 7494 7495 7493
4 7496 7498 7499 7497
4 7500 7502 7503 7501
4 7504 7506 7507 7505
4 7508 7510 7511 7509
4 7512 7514 7515 7513
4 7516 7518 7519 7517
4 7520 7522 7523 7521
4 7524 7526 7527 7525
4 7528 7530 7531 7529
4 7532 7534 7535 7533
4 7536 7538 7539 7537
4 7540 7542 7543 7541
4 7544 7546 7547 7545
4 7548 7550 7551 7549
4 7552 7554 7555 7553
4 7556 7558 7559 7557
4 7560 7562 7563 7561
4 7564 7566 7567 7565
4 7568 7570 7571 7569
4 7572 7574 7575 7573
4 7576 7578 7579 7577
4 7580 7582 7583 7581
4 7584 7586 7587 7585
4 7588 7590 7591 7589
4 7592 7594 7595 7593
4 7596 7598 7599 7597
4 7600 7602 7603 7601
4 7604 7606 7607 7605
4 7608 7610 7611 7609
4 7612 7614 7615 7613
4 7616 7618 7619 7617
4 7620 7622 7623 7621
4 7624 7626 7627 7625
4 7628 7630 7631 7629
4 7632 7634 7635 7633
4 7636 7638 7639 7637
4 7640 7642 7643 7641
4 7644 7646 7647 7645
4 7648 7650 7651 7649
4 7652 7654 7655 7653
4 7656 7658 7659 7657
4 7660 7662 7663 7661
4 7664 7666 7667 7665
4 7668 7670 7671 7669
4 7672 7674 7675 7673
4 7676 7678 7679 7677
4 7680 7682 7683 7681
4 7684 7686 7687 7685
4 7688 7690 7691 7689
4 7692 7694 7695 7693
4 7696 7698 7699 7697
4 7700 7702 7703 7701
4 7704 7706 7707 7705
4 7708 7710 7711 7709
4 7712 7714 7715 7713
4 7716 7718 7719 7717
4 7720 7722 7723 7721
4 7724 7726 7727 7725
4 7728 7730 7731 7729
4 7732 7734 7735 7733
4 7736 7738 7739 7737
4 7740 7742 7743 7741
4 7744 7746 7747 7745
4 7748 7750 7751 7749
4 7752 7754 7755 7753
4 7756 7758 7759 7757
4 7760 7762 7763 7761
4 7764 7766 7767 7765
4 7768 7770 7771 7769
4 7772 7774 7775 7773
4 7776 7778 7779 7777
4 7780 7782 7783 7781
4 7784 7786 7787 7785
4 7788 7790 7791 7789
4 7792 7794 7795 7793
4 7796 7798 7799 7797
4 7800 7802 7803 7801
4 7804 7806 7807 7805
4 7808 7810 7811 7809
4 7812 7814 7815 7813
4 7816 7818 7819 7817
4 7820 7822 7823 7821
4 7824 7826 7827 7825
4 7828 7830 7831 7829
4 7832 7834 7835 7833
4 7836 7838 7839 7837
4 7840 7842 7843 7841
4 7844 7846 7847 7845
4 7848 7850 7851 7849
4 7852 7854 7855 7853
4 7856 7858 7859 7857
4 7860 7862 7863 7861
4 7864 7866 7867 7865
4 7868 7870 7871 7869
4 7872 7874 7875 7873
4 7876 7878 7879 7877
4 7880 7882 7883 7881
4 7884 7886 7887 7885
4 7888 7890 7891 7889
4 7892 7894 7895 7893
4 7896 7898 7899 7897
4 7900 7902 7903 7901
4 7904 7906 7907 7905
4 7908 7910 7911 7909
4 7912 7914 7915 7913
4 7916 7918 7919 7917
4 7920 7922 7923 7921
4 7924 7926 7927 7925
4 7928 7930 7931 7929
4 7932 7934 7935 7933
4 7936 7938 7939 7937
4 7940 7942 7943 7941
4 7944 7946 7947 7945
4 7948 7950 7951 7949
4 7952 7954 7955 7953
4 7956 7958 7959 7957
4 7960 7962 7963 7961
4 7964 7966 7967 7965
4 7968 7970 7971 7969
4 7972 7974 7975 7973
4 7976 7978 7979 7977
4 7980 7982 7983 7981
4 7984 7986 7987 7985
4 7988 7990 7991 7989
4 7992 7994 7995 7993
4 7996 7998 7999 7997
4 8000 8002 8003 8001
4 8004 8006 8007 8005
4 8008 8010 8011 8009
4 8012 8014 8015 8013
4 8016 8018 8019 8017
4 8020 8022 8023 8021
4 8024 8026 8027 8025
4 8028 8030 8031 8029
4 8032 8034 8035 8033
4 8036 8038 8039 8037
4 8040 8042 8043 8041
4 8044 8046 8047 8045
4 8048 8050 8051 8049
4 8052 8054 8055 8053
4 8056 8058 8059 8057
4 8060 8062 8063 8061
4 8064 8066 8067 8065
4 8068 8070 8071 8069
4 8072 8074 8075 8073
4 8076 8078 8079 8077
4 8080 8082 8083 8081
4 8084 8086 8087 8085
4 8088 8090 8091 8089
4 8092 8094 8095 8093
4 8096 8098 8099 8097
4 8100 8102 8103 8101
4 8104 8106 8107 8105
4 8108 8110 8111 8109
4 8112 8114 8115 8113
4 8116 8118 8119 8117
4 8120 8122 8123 8121
4 8124 8126 8127 8125
4 8128 8130 8131 8129
4 8132 8134 8135 8133
4 8136 8138 8139 8137
4 8140 8142 8143 8141
4 8144 8146 8147 8145
4 8148 8150 8151 8149
4 8152 8154 8155 8153
4 8156 8158 8159 8157
4 8160 8162 8163 8161
4 8164 8166 8167 8165
4 8168 8170 8171 8169
4 8172 8174 8175 8173
4 8176 8178 8179 8177
4 8180 8182 8183 8181
4 8184 8186 8187 8185
4 8188 8190 8191 8189
4 8192 8194 8195 8193
4 8196 8198 8199 8197
4 8200 8202 8203 8201
4 8204 8206 8207 8205
4 8208 8210 8211 8209
4 8212 8214 8215 8213
4 8216 8218 8219 8217
4 8220 8222 8223 8221
4 8224 8226 8227 8225
4 8228 8230 8231 8229
4 8232 8234 8235 8233
4 8236 8238 8239 8237
4 8240 8242 8243 8241
4 8244 8246 8247 8245
4 8248 8250 8251 8249
4 8252 8254 8255 8253
4 8256 8258 8259 8257
4 8260 8262 8263 8261
4 8264 8266 8267 8265
4 8268 8270 8271 8269
4 8272 8274 8275 8273
4 8276 8278 8279 8277
4 8280 8282 8283 8281
4 8284 8286 8287 8285
4 8288 8290 8291 8289
4 8292 8294 8295 8293
4 8296 8298 8299 8297
4 8300 8302 8303 8301
4 8304 8306 8307 8305
4 8308 8310 8311 8309
4 8312 8314 8315 8313
4 8316 8318 8319 8317
4 8320 8322 8323 8321
4 8324 8326 8327 8325
4 8328 8330 8331 8329
4 8332 8334 8335 8333
4 8336 8338 8339 8337
4 8340 8342 8343 8341
4 8344 8346 8347 8345
4 8348 8350 8351 8349
4 8352 8354 8355 8353
4 8356 8358 8359 8357
4 8360 8362 8363 8361
4 8364 8366 8367 8365
4 8368 8370 8371 8369
4 8372 8374 8375 8373
4 8376 8378 8379 8377
4 8380 8382 8383 8381
4 8384 8386 8387 8385
4 8388 8390 8391 8389
4 8392 8394 8395 8393
4 8396 8398 8399 8397
4 8400 8402 8403 8401
4 8404 8406 8407 8405
4 8408 8410 8411 8409
4 8412 8414 8415 8413
4 8416 8418 8419 8417
4 8420 8422 8423 8421
4 8424 8426 8427 8425
4 8428 8430 8431 8429
4 8432 8434 8435 8433
4 8436 8438 8439 8437
4 8440 8442 8443 8441
4 8444 8446 8447 8445
4 8448 8450 8451 8449
4 8452 8454 8455 8453
4 8456 8458 8459 8457
4 8460 8462 8463 8461
4 8464 8466 8467 8465
4 8468 8470 8471 8469
4 8472 8474 8475 8473
4 8476 8478 8479 8477
4 8480 8482 8483 8481
4 8484 8486 8487 8485
4 8488 8490 8491 8489
4 8492 8494 8495 8493
4 8496 8498 8499 8497
4 8500 8502 8503 8501
4 8504 8506 8507 8505
4 8508 8510 8511 8509
4 8512 8514 8515 8513
4 8516 8518 8519 8517
4 8520 8522 8523 8521
4 8524 8526 8527 8525
4 8528 8530 8531 8529
4 8532 8534 8535 8533
4 8536 8538 8539 8537
4 8540 8542 8543 8541
4 8544 8546 8547 8545
4 8548 8550 8551 8549
4 8552 8554 8555 8553
4 8556 8558 8559 8557
4 8560 8562 8563 8561
4 8564 8566 8567 8565
4 8568 8570 8571 8569
4 8572 8574 8575 8573
4 8576 8578 8579 8577
4 8580 8582 8583 8581
4 8584 8586 8587 8585
4 8588 8590 8591 8589
4 8592 8594 8595 8593
4 8596 8598 8599 8597
4 8600 8602 8603 8601
4 8604 8606 8607 8605
4 8608 8610 8611 8609
4 8612 8614 8615 8613
4 8616 8618 8619 8617
4 8620 8622 8623 8621
4 8624 8626 8627 8625
4 8628 8630 8631 8629
4 8632 8634 8635 8633
4 8636 8638 8639 8637
4 8640 8642 8643 8641
4 8644 8646 8647 8645
4 8648 8650 8651 8649
4 8652 8654 8655 8653
4 8656 8658 8659 8657
4 8660 8662 8663 8661
4 8664 8666 8667 8665
4 8668 8670 8671 8669
4 8672 8674 8675 8673
4 8676 8678 8679 8677
4 8680 8682 8683 8681
4 8684 8686 8687 8685
4 8688 8690 8691 8689
4 8692 8694 8695 8693
4 8696 8698 8699 8697
4 8700 8702 8703 8701
4 8704 8706 8707 8705
4 8708 8710 8711 8709
4 8712 8714 8715 8713
4 8716 8718 8719 8717
4 8720 8722 8723 8721
4 8724 8726 8727 8725
4 8728 8730 8731 8729
4 8732 8734 8735 8733
4 8736 8738 8739 8737
4 8740 8742 8743 8741
4 8744 8746 8747 8745
4 8748 8750 8751 8749
4 8752 8754 8755 8753
4 8756 8758 8759 8757
4 8760 8762 8763 8761
4 8764 8766 8767 8765
4 8768 8770 8771 8769
4 8772 8774 8775 8773
4 8776 8778 8779 8777
4 8780 8782 8783 8781
4 8784 8786 8787 8785
4 8788 8790 8791 8789
4 8792 8794 8795 8793
4 8796 8798 8799 8797
4 8800 8802 8803 8801
4 8804 8806 8807 8805
4 8808 8810 8811 8809
4 8812 8814 8815 8813
4 8816 8818 8819 8817
4 8820 8822 8823 8821
4 8824 8826 8827 8825
4 8828 8830 8831 8829
4 8832 8834 8835 8833
4 8836 8838 8839 8837
4 8840 8842 8843 8841
4 8844 8846 8847 8845
4 8848 8850 8851 8849
4 8852 8854 8855 8853
4 8856 8858 8859 8857
4 8860 8862 8863 8861
4 8864 8866 8867 8865
4 8868 8870 8871 8869
4 8872 8874 8875 8873
4 8876 8878 8879 8877
4 8880 8882 8883 8881
4 8884 8886 8887 8885
4 8888 8890 8891 8889
4 8892 8894 8895 8893
4 8896 8898 8899 8897
4 8900 8902 8903 8901
4 8904 8906 8907 8905
4 8908 8910 8911 8909
4 8912 8914 8915 8913
4 8916 8918 8919 8917
4 8920 8922 8923 8921
4 8924 8926 8927 8925
4 8928 8930 8931 8929
4 8932 8934 8935 8933
4 8936 8938 8939 8937
4 8940 8942 8943 8941
4 8944 8946 8947 8945
4 8948 8950 8951 8949
4 8952 8954 8955 8953
4 8956 8958 8959 8957
4 8960 8962 8963 8961
4 8964 8966 8967 8965
4 8968 8970 8971 8969
4 8972 8974 8975 8973
4 8976 8978 8979 8977
4 8980 8982 8983 8981
4 8984 8986 8987 8985
4 8988 8990 8991 8989
4 8992 8994 8995 8993
4 8996 8998 8999 8997
4 9000 9002 9003 9001
4 9004 9006 9007 9005
4 9008 9010 9011 9009
4 9012 9014 9015 9013
4 9016 9018 9019 9017
4 9020 9022 9023 9021
4 9024 9026 9027 9025
4 9028 9030 9031 9029
4 9032 9034 9035 9033
4 9036 9038 9039 9037
4 9040 9042 9043 9041
4 9044 9046 9047 9045
4 9048 9050 9051 9049
4 9052 9054 9055 9053
4 9056 9058 9059 9057
4 9060 9062 9063 9061
4 9064 9066 9067 9065
4 9068 9070 9071 9069
4 9072 9074 9075 9073
4 9076 9078 9079 9077
4 9080 9082 9083 9081
4 9084 9086 9087 9085
4 9088 9090 9091 9089
4 9092 9094 9095 9093
4 9096 9098 9099 9097
4 9100 9102 9103 9101
4 9104 9106 9107 9105
4 9108 9110 9111 9109
4 9112 9114 9115 9113
4 9116 9118 9119 9117
4 9120 9122 9123 9121
4 9124 9126 9127 9125
4 9128 9130 9131 9129
4 9132 9134 9135 9133
4 9136 9138 9139 9137
4 9140 9142 9143 9141
4 9144 9146 9147 9145
4 9148 9150 9151 9149
4 9152 9154 9155 9153
4 9156 9158 9159 9157
4 9160 9162 9163 9161
4 9164 9166 9167 9165
4 9168 9170 9171 9169
4 9172 9174 9175 9173
4 9176 9178 9179 9177
4 9180 9182 9183 9181
4 9184 9186 9187 9185
4 9188 9190 9191 9189
4 9192 9194 9195 9193
4 9196 9198 9199 9197
4 9200 9202 9203 9201
4 9204 9206 9207 9205
4 9208 9210 9211 9209
4 9212 9214 9215 9213
4 9216 9218 9219 9217
4 9220 9222 9223 9221
4 9224 9226 9227 9225
4 9228 9230 9231 9229
4 9232 9234 9235 9233
4 9236 9238 9239 9237
4 9240 9242 9243 9241
4 9244 9246 9247 9245
4 9248 9250 9251 9249
4 9252 9254 9255 9253
4 9256 9258 9259 9257
4 9260 9262 9263 9261
4 9264 9266 9267 9265
4 9268 9270 9271 9269
4 9272 9274 9275 9273
4 9276 9278 9279 9277
4 9280 9282 9283 9281
4 9284 9286 9287 9285
4 9288 9290 9291 9289
4 9292 9294 9295 9293
4 9296 9298 9299 9297
4 9300 9302 9303 9301
4 9304 9306 9307 9305
4 9308 9310 9311 9309
4 9312 9314 9315 9313
4 9316 9318 9319 9317
4 9320 9322 9323 9321
4 9324 9326 9327 9325
4 9328 9330 9331 9329
4 9332 9334 9335 9333
4 9336 9338 9339 9337
4 9340 9342 9343 9341
4 9344 9346 9347 9345
4 9348 9350 9351 9349
4 9352 9354 9355 9353
4 9356 9358 9359 9357
4 9360 9362 9363 9361
4 9364 9366 9367 9365
4 9368 9370 9371 9369
4 9372 9374 9375 9373
4 9376 9378 9379 9377
4 9380 9382 9383 9381
4 9384 9386 9387 9385
4 9388 9390 9391 9389
4 9392 9394 9395 9393
4 9396 9398 9399 9397
4 9400 9402 9403 9401
4 9404 9406 9407 9405
4 9408 9410 9411 9409
4 9412 9414 9415 9413
4 9416 9418 9419 9417
4 9420 9422 9423 9421
4 9424 9426 9427 9425
4 9428 9430 9431 9429
4 9432 9434 9435 9433
4 9436 9438 9439 9437
4 9440 9442 9443 9441
4 9444 9446 9447 9445
4 9448 9450 9451 9449
4 9452 9454 9455 9453
4 9456 9458 9459 9457
4 9460 9462 9463 9461
4 9464 9466 9467 9465
4 9468 9470 9471 9469
4 9472 9474 9475 9473
4 9476 9478 9479 9477
4 9480 9482 9483 9481
4 9484 9486 9487 9485
4 9488 9490 9491 9489
4 9492 9494 9495 9493
4 9496 9498 9499 9497
4 9500 9502 9503 9501
4 9504 9506 9507 9505
4 9508 9510 9511 9509
4 9512 9514 9515 9513
4 9516 9518 9519 9517
4 9520 9522 9523 9521
4 9524 9526 9527 9525
4 9528 9530 9531 9529
4 9532 9534 9535 9533
4 9536 9538 9539 9537
4 9540 9542 9543 9541
4 9544 9546 9547 9545
4 9548 9550 9551 9549
4 9552 9554 9555 9553
4 9556 9558 9559 9557
4 9560 9562 9563 9561
4 9564 9566 9567 9565
4 9568 9570 9571 9569
4 9572 9574 9575 9573
4 9576 9578 9579 9577
4 9580 9582 9583 9581
4 9584 9586 9587 9585
4 9588 9590 9591 9589
4 9592 9594 9595 9593
4 9596 9598 9599 9597
4 9600 9602 9603 9601
4 9604 9606 9607 9605
4 9608 9610 9611 9609
4 9612 9614 9615 9613
4 9616 9618 9619 9617
4 9620 9622 9623 9621
4 9624 9626 9627 9625
4 9628 9630 9631 9629
4 9632 9634 9635 9633
4 9636 9638 9639 9637
4 9640 9642 9643 9641
4 9644 9646 9647 9645
4 9648 9650 9651 9649
4 9652 9654 9655 9653
4 9656 9658 9659 9657
4 9660 9662 9663 9661
4 9664 9666 9667 9665
4 9668 9670 9671 9669
4 9672 9674 9675 9673
4 9676 9678 9679 9677
4 9680 9682 9683 9681
4 9684 9686 9687 9685
4 9688 9690 9691 9689
4 9692 9694 9695 9693
4 9696 9698 9699 9697
4 9700 9702 9703 9701
4 9704 9706 9707 9705
4 9708 9710 9711 9709
4 9712 9714 9715 9713
4 9716 9718 9719 9717
4 9720 9722 9723 9721
4 9724 9726 9727 9725
4 9728 9730 9731 9729
4 9732 9734 9735 9733
4 9736 9738 9739 9737
4 9740 9742 9743 9741
4 9744 9746 9747 9745
4 9748 9750 9751 9749
4 9752 9754 9755 9753
4 9756 9758 9759 9757
4 9760 9762 9763 9761
4 9764 9766 9767 9765
4 9768 9770 9771 9769
4 9772 9774 9775 9773
4 9776 9778 9779 9777
4 9780 9782 9783 9781
4 9784 9786 9787 9785
4 9788 9790 9791 9789
4 9792 9794 9795 9793
4 9796 9798 9799 9797
4 9800 9802 9803 9801
4 9804 9806 9807 9805
4 9808 9810 9811 9809
4 9812 9814 9815 9813
4 9816 9818 9819 9817
4 9820 9822 9823 9821
4 9824 9826 9827 9825
4 9828 9830 9831 9829
4 9832 9834 9835 9833
4 9836 9838 9839 9837
4 9840 9842 9843 9841
4 9844 9846 9847 9845
4 9848 9850 9851 9849
4 9852 9854 9855 9853
4 9856 9858 9859 9857
4 9860 9862 9863 9861
4 9864 9866 9867 9865
4 9868 9870 9871 9869
4 9872 9874 9875 9873
4 9876 9878 9879 9877
4 9880 9882 9883 9881
4 9884 9886 9887 9885
4 9888 9890 9891 9889
4 9892 9894 9895 9893
4 9896 9898 9899 9897
4 9900 9902 9903 9901
4 9904 9906 9907 9905
4 9908 9910 9911 9909
4 9912 9914 9915 9913
4 9916 9918 9919 9917
4 9920 9922 9923 9921
4 9924 9926 9927 9925
4 9928 9930 9931 9929
4 9932 9934 9935 9933
4 9936 9938 9939 9937
4 9940 9942 9943 9941
4 9944 9946 9947 9945
4 9948 9950 9951 9949
4 9952 9954 9955 9953
4 9956 9958 9959 9957
4 9960 9962 9963 9961
4 9964 9966 9967 9965
4 9968 9970 9971 9969
4 9972 9974 9975 9973
4 9976 9978 9979 9977
4 9980 9982 9983 9981
4 9984 9986 9987 9985
4 9988 9990 9991 9989
4 9992 9994 9995 9993
4 9996 9998 9999 9997
4 10000 10002 10003 10001
4 10004 10006 10007 10005
4 10008 10010 10011 10009
4 10012 10014 10015 10013
4 10016 10018 10019 10017
4 10020 10022 10023 10021
4 10024 10026 10027 10025
4 10028 10030 10031 10029
4 10032 10034 10035 10033
4 10036 10038 10039 10037
4 10040 10042 10043 10041
4 10044 10046 10047 10045
4 10048 10050 10051 10049
4 10052 10054 10055 10053
4 10056 10058 10059 10057
4 10060 10062 10063 10061
4 10064 10066 10067 10065
4 10068 10070 10071 10069
4 10072 10074 10075 10073
4 10076 10078 10079 10077
4 10080 10082 10083 10081
4 10084 10086 10087 10085
4 10088 10090 10091 10089
4 10092 10094 10095 10093
4 10096 10098 10099 10097
4 10100 10102 10103 10101
4 10104 10106 10107 10105
4 10108 10110 10111 10109
4 10112 10114 10115 10113
4 10116 10118 10119 10117
4 10120 10122 10123 10121
4 10124 10126 10127 10125
4 10128 10130 10131 10129
4 10132 10134 10135 10133
4 10136 10138 10139 10137
4 10140 10142 10143 10141
4 10144 10146 10147 10145
4 10148 10150 10151 10149
4 10152 10154 10155 10153
4 10156 10158 10159 10157
4 10160 10162 10163 10161
4 10164 10166 10167 10165
4 10168 10170 10171 10169
4 10172 10174 10175 10173
4 10176 10178 10179 10177
4 10180 10182 10183 10181
4 10184 10186 10187 10185
4 10188 10190 10191 10189
4 10192 10194 10195 10193
4 10196 10198 10199 10197
4 10200 10202 10203 10201
4 10204 10206 10207 10205
4 10208 10210 10211 10209
4 10212 10214 10215 10213
4 10216 10218 10219 10217
4 10220 10222 10223 10221
4 10224 10226 10227 10225
4 10228 10230 10231 10229
4 10232 10234 10235 10233
4 10236 10238 10239 10237
4 10240 10242 10243 10241
4 10244 10246 10247 10245
4 10248 10250 10251 10249
4 10252 10254 10255 10253
4 10256 10258 10259 10257
4 10260 10262 10263 10261
4 10264 10266 10267 10265
4 10268 10270 10271 10269
4 10272 10274 10275 10273
4 10276 10278 10279 10277
4 10280 10282 10283 10281
4 10284 10286 10287 10285
4 10288 10290 10291 10289
4 10292 10294 10295 10293
4 10296 10298 10299 10297
4 10300 10302 10303 10301
4 10304 10306 10307 10305
4 10308 10310 10311 10309
4 10312 10314 10315 10313
4 10316 10318 10319 10317
4 10320 10322 10323 10321
4 10324 10326 10327 10325
4 10328 10330 10331 10329
4 10332 10334 10335 10333
4 10336 10338 10339 10337
4 10340 10342 10343 10341
4 10344 10346 10347 10345
4 10348 10350 10351 10349
4 10352 10354 10355 10353
4 10356 10358 10359 10357
4 10360 10362 10363 10361
4 10364 10366 10367 10365
4 10368 10370 10371 10369
4 10372 10374 10375 10373
4 10376 10378 10379 10377
4 10380 10382 10383 10381
4 10384 10386 10387 10385
4 10388 10390 10391 10389
4 10392 10394 10395 10393
4 10396 10398 10399 10397
4 10400 10402 10403 10401
4 10404 10406 10407 10405
4 10408 10410 10411 10409
4 10412 10414 10415 10413
4 10416 10418 10419 10417
4 10420 10422 10423 10421
4 10424 10426 10427 10425
4 10428 10430 10431 10429
4 10432 10434 10435 10433
4 10436 10438 10439 10437
4 10440 10442 10443 10441
4 10444 10446 10447 10445
4 10448 10450 10451 10449
4 10452 10454 10455 10453
4 10456 10458 10459 10457
4 10460 10462 10463 10461
4 10464 10466 10467 10465
4 10468 10470 10471 10469
4 10472 10474 10475 10473
4 10476 10478 10479 10477
4 10480 10482 10483 10481
4 10484 10486 10487 10485
4 10488 10490 10491 10489
4 10492 10494 10495 10493
4 10496 10498 10499 10497
4 10500 10502 10503 10501
4 10504 10506 10507 10505
4 10508 10510 10511 10509
4 10512 10514 10515 10513
4 10516 10518 10519 10517
4 10520 10522 10523 10521
4 10524 10526 10527 10525
4 10528 10530 10531 10529
4 10532 10534 10535 10533
4 10536 10538 10539 10537
4 10540 10542 10543 10541
4 10544 10546 10547 10545
4 10548 10550 10551 10549
4 10552 10554 10555 10553
4 10556 10558 10559 10557
4 10560 10562 10563 10561
4 10564 10566 10567 10565
4 10568 10570 10571 10569
4 10572 10574 10575 10573
4 10576 10578 10579 10577
4 10580 10582 10583 10581
4 10584 10586 10587 10585
4 10588 10590 10591 10589
4 10592 10594 10595 10593
4 10596 10598 10599 10597
4 10600 10602 10603 10601
4 10604 10606 10607 10605
4 10608 10610 10611 10609
4 10612 10614 10615 10613
4 10616 10618 10619 10617
4 10620 10622 10623 10621
4 10624 10626 10627 10625
4 10628 10630 10631 10629
4 10632 10634 10635 10633
4 10636 10638 10639 10637
4 10640 10642 10643 10641
4 10644 10646 10647 10645
4 10648 10650 10651 10649
4 10652 10654 10655 10653
4 10656 10658 10659 10657
4 10660 10662 10663 10661
4 10664 10666 10667 10665
4 10668 10670 10671 10669
4 10672 10674 10675 10673
4 10676 10678 10679 10677
4 10680 10682 10683 10681
4 10684 10686 10687 10685
4 10688 10690 10691 10689
4 10692 10694 10695 10693
4 10696 10698 10699 10697
4 10700 10702 10703 10701
4 10704 10706 10707 10705
4 10708 10710 10711 10709
4 10712 10714 10715 10713
4 10716 10718 10719 10717
4 10720 10722 10723 10721
4 10724 10726 10727 10725
4 10728 10730 10731 10729
4 10732 10734 10735 10733
4 10736 10738 10739 10737
4 10740 10742 10743 10741
4 10744 10746 10747 10745
4 10748 10750 10751 10749
4 10752 10754 10755 10753
4 10756 10758 10759 10757
4 10760 10762 10763 10761
4 10764 10766 10767 10765
4 10768 10770 10771 10769
4 10772 10774 10775 10773
4 10776 10778 10779 10777
4 10780 10782 10783 10781
4 10784 10786 10787 10785
4 10788 10790 10791 10789
4 10792 10794 10795 10793
4 10796 10798 10799 10797
4 10800 10802 10803 10801
4 10804 10806 10807 10805
4 10808 10810 10811 10809
4 10812 10814 10815 10813
4 10816 10818 10819 10817
4 10820 10822 10823 10821
4 10824 10826 10827 10825
4 10828 10830 10831 10829
4 10832 10834 10835 10833
4 10836 10838 10839 10837
4 10840 10842 10843 10841
4 10844 10846 10847 10845
4 10848 10850 10851 10849
4 10852 10854 10855 10853
4 10856 10858 10859 10857
4 10860 10862 10863 10861
4 10864 10866 10867 10865
4 10868 10870 10871 10869
4 10872 10874 10875 10873
4 10876 10878 10879 10877
4 10880 10882 10883 10881
4 10884 10886 10887 10885
4 10888 10890 10891 10889
4 10892 10894 10895 10893
4 10896 10898 10899 10897
4 10900 10902 10903 10901
4 10904 10906 10907 10905
4 10908 10910 10911 10909
4 10912 10914 10915 10913
4 10916 10918 10919 10917
4 10920 10922 10923 10921
4 10924 10926 10927 10925
4 10928 10930 10931 10929
4 10932 10934 10935 10933
4 10936 10938 10939 10937
4 10940 10942 10943 10941
4 10944 10946 10947 10945
4 10948 10950 10951 10949
4 10952 10954 10955 10953
4 10956 10958 10959 10957
4 10960 10962 10963 10961
4 10964 10966 10967 10965
4 10968 10970 10971 10969
4 10972 10974 10975 10973
4 10976 10978 10979 10977
4 10980 10982 10983 10981
4 10984 10986 10987 10985
4 10988 10990 10991 10989
4 10992 10994 10995 10993
4 10996 10998 10999 10997
4 11000 11002 11003 11001
4 11004 11006 11007 11005
4 11008 11010 11011 11009
4 11012 11014 11015 11013
4 11016 11018 11019 11017
4 11020 11022 11023 11021
4 11024 11026 11027 11025
4 11028 11030 11031 11029
4 11032 11034 11035 11033
4 11036 11038 11039 11037
4 11040 11042 11043 11041
4 11044 11046 11047 11045
4 11048 11050 11051 11049
4 11052 11054 11055 11053
4 11056 11058 11059 11057
4 11060 11062 11063 11061
4 11064 11066 11067 11065
4 11068 11070 11071 11069
4 11072 11074 11075 11073
4 11076 11078 11079 11077
4 11080 11082 11083 11081
4 11084 11086 11087 11085
4 11088 11090 11091 11089
4 11092 11094 11095 11093
4 11096 11098 11099 11097
4 11100 11102 11103 11101
4 11104 11106 11107 11105
4 11108 11110 11111 11109
4 11112 11114 11115 11113
4 11116 11118 11119 11117
4 11120 11122 11123 11121
4 11124 11126 11127 11125
4 11128 11130 11131 11129
4 11132 11134 11135 11133
4 11136 11138 11139 11137
4 11140 11142 11143 11141
4 11144 11146 11147 11145
4 11148 11150 11151 11149
4 11152 11154 11155 11153
4 11156 11158 11159 11157
4 11160 11162 11163 11161
4 11164 11166 11167 11165
4 11168 11170 11171 11169
4 11172 11174 11175 11173
4 11176 11178 11179 11177
4 11180 11182 11183 11181
4 11184 11186 11187 11185
4 11188 11190 11191 11189
4 11192 11194 11195 11193
4 11196 11198 11199 11197
4 11200 11202 11203 11201
4 11204 11206 11207 11205
4 11208 11210 11211 11209
4 11212 11214 11215 11213
4 11216 11218 11219 11217
4 11220 11222 11223 11221
4 11224 11226 11227 11225
4 11228 11230 11231 11229
4 11232 11234 11235 11233
4 11236 11238 11239 11237
4 11240 11242 11243 11241
4 11244 11246 11247 11245
4 11248 11250 11251 11249
4 11252 11254 11255 11253
4 11256 11258 11259 11257
4 11260 11262 11263 11261
4 11264 11266 11267 11265
4 11268 11270 11271 11269
4 11272 11274 11275 11273
4 11276 11278 11279 11277
4 11280 11282 11283 11281
4 11284 11286 11287 11285
4 11288 11290 11291 11289
4 11292 11294 11295 11293
4 11296 11298 11299 11297
4 11300 11302 11303 11301
4 11304 11306 11307 11305
4 11308 11310 11311 11309
4 11312 11314 11315 11313
4 11316 11318 11319 11317
4 11320 11322 11323 11321
4 11324 11326 11327 11325
4 11328 11330 11331 11329
4 11332 11334 11335 11333
4 11336 11338 11339 11337
4 11340 11342 11343 11341
4 11344 11346 11347 11345
4 11348 11350 11351 11349
4 11352 11354 11355 11353
4 11356 11358 11359 11357
4 11360 11362 11363 11361
4 11364 11366 11367 11365
4 11368 11370 11371 11369
4 11372 11374 11375 11373
4 11376 11378 11379 11377
4 11380 11382 11383 11381
4 11384 11386 11387 11385
4 11388 11390 11391 11389
4 11392 11394 11395 11393
4 11396 11398 11399 11397
4 11400 11402 11403 11401
4 11404 11406 11407 11405
4 11408 11410 11411 11409
4 11412 11414 11415 11413
4 11416 11418 11419 11417
4 11420 11422 11423 11421
4 11424 11426 11427 11425
4 11428 11430 11431 11429
4 11432 11434 11435 11433
4 11436 11438 11439 11437
4 11440 11442 11443 11441
4 11444 11446 11447 11445
4 11448 11450 11451 11449
4 11452 11454 11455 11453
4 11456 11458 11459 11457
4 11460 11462 11463 11461
4 11464 11466 11467 11465
4 11468 11470 11471 11469
4 11472 11474 11475 11473
4 11476 11478 11479 11477
4 11480 11482 11483 11481
4 11484 11486 11487 11485
4 11488 11490 11491 11489
4 11492 11494 11495 11493
4 11496 11498 11499 11497
4 11500 11502 11503 11501
4 11504 11506 11507 11505
4 11508 11510 11511 11509
4 11512 11514 11515 11513
4 11516 11518 11519 11517
4 11520 11522 11523 11521
4 11524 11526 11527 11525
4 11528 11530 11531 11529
4 11532 11534 11535 11533
4 11536 11538 11539 11537
4 11540 11542 11543 11541
4 11544 11546 11547 11545
4 11548 11550 11551 11549
4 11552 11554 11555 11553
4 11556 11558 11559 11557
4 11560 11562 11563 11561
4 11564 11566 11567 11565
4 11568 11570 11571 11569
4 11572 11574 11575 11573
4 11576 11578 11579 11577
4 11580 11582 11583 11581
4 11584 11586 11587 11585
4 11588 11590 11591 11589
4 11592 11594 11595 11593
4 11596 11598 11599 11597
4 11600 11602 11603 11601
4 11604 11606 11607 11605
4 11608 11610 11611 11609
4 11612 11614 11615 11613
4 11616 11618 11619 11617
4 11620 11622 11623 11621
4 11624 11626 11627 11625
4 11628 11630 11631 11629
4 11632 11634 11635 11633
4 11636 11638 11639 11637
4 11640 11642 11643 11641
4 11644 11646 11647 11645
4 11648 11650 11651 11649
4 11652 11654 11655 11653
4 11656 11658 11659 11657
4 11660 11662 11663 11661
4 11664 11666 11667 11665
4 11668 11670 11671 11669
4 11672 11674 11675 11673
4 11676 11678 11679 11677
4 11680 11682 11683 11681
4 11684 11686 11687 11685
4 11688 11690 11691 11689
4 11692 11694 11695 11693
4 11696 11698 11699 11697
4 11700 11702 11703 11701
4 11704 11706 11707 11705
4 11708 11710 11711 11709
4 11712 11714 11715 11713
4 11716 11718 11719 11717
4 11720 11722 11723 11721
4 11724 11726 11727 11725
4 11728 11730 11731 11729
4 11732 11734 11735 11733
4 11736 11738 11739 11737
4 11740 11742 11743 11741
4 11744 11746 11747 11745
4 11748 11750 11751 11749
4 11752 11754 11755 11753
4 11756 11758 11759 11757
4 11760 11762 11763 11761
4 11764 11766 11767 11765
4 11768 11770 11771 11769
4 11772 11774 11775 11773
4 11776 11778 11779 11777
4 11780 11782 11783 11781
4 11784 11786 11787 11785
4 11788 11790 11791 11789
4 11792 11794 11795 11793
4 11796 11798 11799 11797
4 11800 11802 11803 11801
4 11804 11806 11807 11805
4 11808 11810 11811 11809
4 11812 11814 11815 11813
4 11816 11818 11819 11817
4 11820 11822 11823 11821
4 11824 11826 11827 11825
4 11828 11830 11831 11829
4 11832 11834 11835 11833
4 11836 11838 11839 11837
4 11840 11842 11843 11841
4 11844 11846 11847 11845
4 11848 11850 11851 11849
4 11852 11854 11855 11853
4 11856 11858 11859 11857
4 11860 11862 11863 11861
4 11864 11866 11867 11865
4 11868 11870 11871 11869
4 11872 11874 11875 11873
4 11876 11878 11879 11877
4 11880 11882 11883 11881
4 11884 11886 11887 11885
4 11888 11890 11891 11889
4 11892 11894 11895 11893
4 11896 11898 11899 11897
4 11900 11902 11903 11901
4 11904 11906 11907 11905
4 11908 11910 11911 11909
4 11912 11914 11915 11913
4 11916 11918 11919 11917
4 11920 11922 11923 11921
4 11924 11926 11927 11925
4 11928 11930 11931 11929
4 11932 11934 11935 11933
4 11936 11938 11939 11937
4 11940 11942 11943 11941
4 11944 11946 11947 11945
4 11948 11950 11951 11949
4 11952 11954 11955 11953
4 11956 11958 11959 11957
4 11960 11962 11963 11961
4 11964 11966 11967 11965
4 11968 11970 11971 11969
4 11972 11974 11975 11973
4 11976 11978 11979 11977
4 11980 11982 11983 11981
4 11984 11986 11987 11985
4 11988 11990 11991 11989
4 11992 11994 11995 11993
4 11996 11998 11999 11997
4 12000 12002 12003 12001
4 12004 12006 12007 12005
4 12008 12010 12011 12009
4 12012 12014 12015 12013
4 12016 12018 12019 12017
4 12020 12022 12023 12021
4 12024 12026 12027 12025
4 12028 12030 12031 12029
4 12032 12034 12035 12033
4 12036 12038 12039 12037
4 12040 12042 12043 12041
4 12044 12046 12047 12045
4 12048 12050 12051 12049
4 12052 12054 12055 12053
4 12056 12058 12059 12057
4 12060 12062 12063 12061
4 12064 12066 12067 12065
4 12068 12070 12071 12069
4 12072 12074 12075 12073
4 12076 12078 12079 12077
4 12080 12082 12083 12081
4 12084 12086 12087 12085
4 12088 12090 12091 12089
4 12092 12094 12095 12093
4 12096 12098 12099 12097
4 12100 12102 12103 12101
4 12104 12106 12107 12105
4 12108 12110 12111 12109
4 12112 12114 12115 12113
4 12116 12118 12119 12117
4 12120 12122 12123 12121
4 12124 12126 12127 12125
4 12128 12130 12131 12129
4 12132 12134 12135 12133
4 12136 12138 12139 12137
4 12140 12142 12143 12141
4 12144 12146 12147 12145
4 12148 12150 12151 12149
4 12152 12154 12155 12153
4 12156 12158 12159 12157
4 12160 12162 12163 12161
4 12164 12166 12167 12165
4 12168 12170 12171 12169
4 12172 12174 12175 12173
4 12176 12178 12179 12177
4 12180 12182 12183 12181
4 12184 12186 12187 12185
4 12188 12190 12191 12189
4 12192 12194 12195 12193
4 12196 12198 12199 12197
4 12200 12202 12203 12201
4 12204 12206 12207 12205
4 12208 12210 12211 12209
4 12212 12214 12215 12213
4 12216 12218 12219 12217
4 12220 12222 12223 12221
4 12224 12226 12227 12225
4 12228 12230 12231 12229
4 12232 12234 12235 12233
4 12236 12238 12239 12237
4 12240 12242 12243 12241
4 12244 12246 12247 12245
4 12248 12250 12251 12249
4 12252 12254 12255 12253
4 12256 12258 12259 12257
4 12260 12262 12263 12261
4 12264 12266 12267 12265
4 12268 12270 12271 12269
4 12272 12274 12275 12273
4 12276 12278 12279 12277
4 12280 12282 12283 12281
4 12284 12286 12287 12285
4 12288 12290 12291 12289
4 12292 12294 12295 12293
4 12296 12298 12299 12297
4 12300 12302 12303 12301
4 12304 12306 12307 12305
4 12308 12310 12311 12309
4 12312 12314 12315 12313
4 12316 12318 12319 12317
4 12320 12322 12323 12321
4 12324 12326 12327 12325
4 12328 12330 12331 12329
4 12332 12334 12335 12333
4 12336 12338 12339 12337
4 12340 12342 12343 12341
4 12344 12346 12347 12345
4 12348 12350 12351 12349
4 12352 12354 12355 12353
4 12356 12358 12359 12357
4 12360 12362 12363 12361
4 12364 12366 12367 12365
4 12368 12370 12371 12369
4 12372 12374 12375 12373
4 12376 12378 12379 12377
4 12380 12382 12383 12381
4 12384 12386 12387 12385
4 12388 12390 12391 12389
4 12392 12394 12395 12393
4 12396 12398 12399 12397
4 12400 12402 12403 12401
4 12404 12406 12407 12405
4 12408 12410 12411 12409
4 12412 12414 12415 12413
4 12416 12418 12419 12417
4 12420 12422 12423 12421
4 12424 12426 12427 12425
4 12428 12430 12431 12429
4 12432 12434 12435 12433
4 12436 12438 12439 12437
4 12440 12442 12443 12441
4 12444 12446 12447 12445
4 12448 12450 12451 12449
4 12452 12454 12455 12453
4 12456 12458 12459 12457
4 12460 12462 12463 12461
4 12464 12466 12467 12465
4 12468 12470 12471 12469
4 12472 12474 12475 12473
4 12476 12478 12479 12477
4 12480 12482 12483 12481
4 12484 12486 12487 12485
4 12488 12490 12491 12489
4 12492 12494 12495 12493
4 12496 12498 12499 12497
4 12500 12502 12503 12501
4 12504 12506 12507 12505
4 12508 12510 12511 12509
4 12512 12514 12515 12513
4 12516 12518 12519 12517
4 12520 12522 12523 12521
4 12524 12526 12527 12525
4 12528 12530 12531 12529
4 12532 12534 12535 12533
4 12536 12538 12539 12537
4 12540 12542 12543 12541
4 12544 12546 12547 12545
4 12548 12550 12551 12549
4 12552 12554 12555 12553
4 12556 12558 12559 12557
4 12560 12562 12563 12561
4 12564 12566 12567 12565
4 12568 12570 12571 12569
4 12572 12574 12575 12573
4 12576 12578 12579 12577
4 12580 12582 12583 12581
4 12584 12586 12587 12585
4 12588 12590 12591 12589
4 12592 12594 12595 12593
4 12596 12598 12599 12597
4 12600 12602 12603 12601
4 12604 12606 12607 12605
4 12608 12610 12611 12609
4 12612 12614 12615 12613
4 12616 12618 12619 12617
4 12620 12622 12623 12621
4 12624 12626 12627 12625
4 12628 12630 12631 12629
4 12632 12634 12635 12633
4 12636 12638 12639 12637
4 12640 12642 12643 12641
4 12644 12646 12647 12645
4 12648 12650 12651 12649
4 12652 12654 12655 12653
4 12656 12658 12659 12657
4 12660 12662 12663 12661
4 12664 12666 12667 12665
4 12668 12670 12671 12669
4 12672 12674 12675 12673
4 12676 12678 12679 12677
4 12680 12682 12683 12681
4 12684 12686 12687 12685
4 12688 12690 12691 12689
4 12692 12694 12695 12693
4 12696 12698 12699 12697
4 12700 12702 12703 12701
4 12704 12706 12707 12705
4 12708 12710 12711 12709
4 12712 12714 12715 12713
4 12716 12718 12719 12717
4 12720 12722 12723 12721
4 12724 12726 12727 12725
4 12728 12730 12731 12729
4 12732 12734 12735 12733
4 12736 12738 12739 12737
4 12740 12742 12743 12741
4 12744 12746 12747 12745
4 12748 12750 12751 12749
4 12752 12754 12755 12753
4 12756 12758 12759 12757
4 12760 12762 12763 12761
4 12764 12766 12767 12765
4 12768 12770 12771 12769
4 12772 12774 12775 12773
4 12776 12778 12779 12777
4 12780 12782 12783 12781
4 12784 12786 12787 12785
4 12788 12790 12791 12789
4 12792 12794 12795 12793
4 12796 12798 12799 12797
4 12800 12802 12803 12801
4 12804 12806 12807 12805
4 12808 12810 12811 12809
4 12812 12814 12815 12813
4 12816 12818 12819 12817
4 12820 12822 12823 12821
4 12824 12826 12827 12825
4 12828 12830 12831 12829
4 12832 12834 12835 12833
4 12836 12838 12839 12837
4 12840 12842 12843 12841
4 12844 12846 12847 12845
4 12848 12850 12851 12849
4 12852 12854 12855 12853
4 12856 12858 12859 12857
4 12860 12862 12863 12861
4 12864 12866 12867 12865
4 12868 12870 12871 12869
4 12872 12874 12875 12873
4 12876 12878 12879 12877
4 12880 12882 12883 12881
4 12884 12886 12887 12885
4 12888 12890 12891 12889
4 12892 12894 12895 12893
4 12896 12898 12899 12897
4 12900 12902 12903 12901
4 12904 12906 12907 12905
4 12908 12910 12911 12909
4 12912 12914 12915 12913
4 12916 12918 12919 12917
4 12920 12922 12923 12921
4 12924 12926 12927 12925
4 12928 12930 12931 12929
4 12932 12934 12935 12933
4 12936 12938 12939 12937
4 12940 12942 12943 12941
4 12944 12946 12947 12945
4 12948 12950 12951 12949
4 12952 12954 12955 12953
4 12956 12958 12959 12957
4 12960 12962 12963 12961
4 12964 12966 12967 12965
4 12968 12970 12971 12969
4 12972 12974 12975 12973
4 12976 12978 12979 12977
4 12980 12982 12983 12981
4 12984 12986 12987 12985
4 12988 12990 12991 12989
4 12992 12994 12995 12993
4 12996 12998 12999 12997
4 13000 13002 13003 13001
4 13004 13006 13007 13005
4 13008 13010 13011 13009
4 13012 13014 13015 13013
4 13016 13018 13019 13017
4 13020 13022 13023 13021
4 13024 13026 13027 13025
4 13028 13030 13031 13029
4 13032 13034 13035 13033
4 13036 13038 13039 13037
4 13040 13042 13043 13041
4 13044 13046 13047 13045
4 13048 13050 13051 13049
4 13052 13054 13055 13053
4 13056 13058 13059 13057
4 13060 13062 13063 13061
4 13064 13066 13067 13065
4 13068 13070 13071 13069
4 13072 13074 13075 13073
4 13076 13078 13079 13077
4 13080 13082 13083 13081
4 13084 13086 13087 13085
4 13088 13090 13091 13089
4 13092 13094 13095 13093
4 13096 13098 13099 13097
4 13100 13102 13103 13101
4 13104 13106 13107 13105
4 13108 13110 13111 13109
4 13112 13114 13115 13113
4 13116 13118 13119 13117
4 13120 13122 13123 13121
4 13124 13126 13127 13125
4 13128 13130 13131 13129
4 13132 13134 13135 13133
4 13136 13138 13139 13137
4 13140 13142 13143 13141
4 13144 13146 13147 13145
4 13148 13150 13151 13149
4 13152 13154 13155 13153
4 13156 13158 13159 13157
4 13160 13162 13163 13161
4 13164 13166 13167 13165
4 13168 13170 13171 13169
4 13172 13174 13175 13173
4 13176 13178 13179 13177
4 13180 13182 13183 13181
4 13184 13186 13187 13185
4 13188 13190 13191 13189
4 13192 13194 13195 13193
4 13196 13198 13199 13197
4 13200 13202 13203 13201
4 13204 13206 13207 13205
4 13208 13210 13211 13209
4 13212 13214 13215 13213
4 13216 13218 13219 13217
4 13220 13222 13223 13221
4 13224 13226 13227 13225
4 13228 13230 13231 13229
4 13232 13234 13235 13233
4 13236 13238 13239 13237
4 13240 13242 13243 13241
4 13244 13246 13247 13245
4 13248 13250 13251 13249
4 13252 13254 13255 13253
4 13256 13258 13259 13257
4 13260 13262 13263 13261
4 13264 13266 13267 13265
4 13268 13270 13271 13269
4 13272 13274 13275 13273
4 13276 13278 13279 13277
4 13280 13282 13283 13281
4 13284 13286 13287 13285
4 13288 13290 13291 13289
4 13292 13294 13295 13293
4 13296 13298 13299 13297
4 13300 13302 13303 13301
4 13304 13306 13307 13305
4 13308 13310 13311 13309
4 13312 13314 13315 13313
4 13316 13318 13319 13317
4 13320 13322 13323 13321
4 13324 13326 13327 13325
4 13328 13330 13331 13329
4 13332 13334 13335 13333
4 13336 13338 13339 13337
4 13340 13342 13343 13341
4 13344 13346 13347 13345
4 13348 13350 13351 13349
4 13352 13354 13355 13353
4 13356 13358 13359 13357
4 13360 13362 13363 13361
4 13364 13366 13367 13365
4 13368 13370 13371 13369
4 13372 13374 13375 13373
4 13376 13378 13379 13377
4 13380 13382 13383 13381
4 13384 13386 13387 13385
4 13388 13390 13391 13389
4 13392 13394 13395 13393
4 13396 13398 13399 13397
4 13400 13402 13403 13401
4 13404 13406 13407 13405
4 13408 13410 13411 13409
4 13412 13414 13415 13413
4 13416 13418 13419 13417
4 13420 13422 13423 13421
4 13424 13426 13427 13425
4 13428 13430 13431 13429
4 13432 13434 13435 13433
4 13436 13438 13439 13437
4 13440 13442 13443 13441
4 13444 13446 13447 13445
4 13448 13450 13451 13449
4 13452 13454 13455 13453
4 13456 13458 13459 13457
4 13460 13462 13463 13461
4 13464 13466 13467 13465
4 13468 13470 13471 13469
4 13472 13474 13475 13473
4 13476 13478 13479 13477
4 13480 13482 13483 13481
4 13484 13486 13487 13485
4 13488 13490 13491 13489
4 13492 13494 13495 13493
4 13496 13498 13499 13497
4 13500 13502 13503 13501
4 13504 13506 13507 13505
4 13508 13510 13511 13509
4 13512 13514 13515 13513
4 13516 13518 13519 13517
4 13520 13522 13523 13521
4 13524 13526 13527 13525
4 13528 13530 13531 13529
4 13532 13534 13535 13533
4 13536 13538 13539 13537
4 13540 13542 13543 13541
4 13544 13546 13547 13545
4 13548 13550 13551 13549
4 13552 13554 13555 13553
4 13556 13558 13559 13557
4 13560 13562 13563 13561
4 13564 13566 13567 13565
4 13568 13570 13571 13569
4 13572 13574 13575 13573
4 13576 13578 13579 13577
4 13580 13582 13583 13581
4 13584 13586 13587 13585
4 13588 13590 13591 13589
4 13592 13594 13595 13593
4 13596 13598 13599 13597
4 13600 13602 13603 13601
4 13604 13606 13607 13605
4 13608 13610 13611 13609
4 13612 13614 13615 13613
4 13616 13618 13619 13617
4 13620 13622 13623 13621
4 13624 13626 13627 13625
4 13628 13630 13631 13629
4 13632 13634 13635 13633
4 13636 13638 13639 13637
4 13640 13642 13643 13641
4 13644 13646 13647 13645
4 13648 13650 13651 13649
4 13652 13654 13655 13653
4 13656 13658 13659 13657
4 13660 13662 13663 13661
4 13664 13666 13667 13665
4 13668 13670 13671 13669
4 13672 13674 13675 13673
4 13676 13678 13679 13677
4 13680 13682 13683 13681
4 13684 13686 13687 13685
4 13688 13690 13691 13689
4 13692 13694 13695 13693
4 13696 13698 13699 13697
4 13700 13702 13703 13701
4 13704 13706 13707 13705
4 13708 13710 13711 13709
4 13712 13714 13715 13713
4 13716 13718 13719 13717
4 13720 13722 13723 13721
4 13724 13726 13727 13725
4 13728 13730 13731 13729
4 13732 13734 13735 13733
4 13736 13738 13739 13737
4 13740 13742 13743 13741
4 13744 13746 13747 13745
4 13748 13750 13751 13749
4 13752 13754 13755 13753
4 13756 13758 13759 13757
4 13760 13762 13763 13761
4 13764 13766 13767 13765
4 13768 13770 13771 13769
4 13772 13774 13775 13773
4 13776 13778 13779 13777
4 13780 13782 13783 13781
4 13784 13786 13787 13785
4 13788 13790 13791 13789
4 13792 13794 13795 13793
4 13796 13798 13799 13797
4 13800 13802 13803 13801
4 13804 13806 13807 13805
4 13808 13810 13811 13809
4 13812 13814 13815 13813
4 13816 13818 13819 13817
4 13820 13822 13823 13821
4 13824 13826 13827 13825
4 13828 13830 13831 13829
4 13832 13834 13835 13833
4 13836 13838 13839 13837
4 13840 13842 13843 13841
4 13844 13846 13847 13845
4 13848 13850 13851 13849
4 13852 13854 13855 13853
4 13856 13858 13859 13857
4 13860 13862 13863 13861
4 13864 13866 13867 13865
4 13868 13870 13871 13869
4 13872 13874 13875 13873
4 13876 13878 13879 13877
4 13880 13882 13883 13881
4 13884 13886 13887 13885
4 13888 13890 13891 13889
4 13892 13894 13895 13893
4 13896 13898 13899 13897
4 13900 13902 13903 13901
4 13904 13906 13907 13905
4 13908 13910 13911 13909
4 13912 13914 13915 13913
4 13916 13918 13919 13917
4 13920 13922 13923 13921
4 13924 13926 13927 13925
4 13928 13930 13931 13929
4 13932 13934 13935 13933
4 13936 13938 13939 13937
4 13940 13942 13943 13941
4 13944 13946 13947 13945
4 13948 13950 13951 13949
4 13952 13954 13955 13953
4 13956 13958 13959 13957
4 13960 13962 13963 13961
4 13964 13966 13967 13965
4 13968 13970 13971 13969
4 13972 13974 13975 13973
4 13976 13978 13979 13977
4 13980 13982 13983 13981
4 13984 13986 13987 13985
4 13988 13990 13991 13989
4 13992 13994 13995 13993
4 13996 13998 13999 13997
4 14000 14002 14003 14001
4 14004 14006 14007 14005
4 14008 14010 14011 14009
4 14012 14014 14015 14013
4 14016 14018 14019 14017
4 14020 14022 14023 14021
4 14024 14026 14027 14025
4 14028 14030 14031 14029
4 14032 14034 14035 14033
4 14036 14038 14039 14037
4 14040 14042 14043 14041
4 14044 14046 14047 14045
4 14048 14050 14051 14049
4 14052 14054 14055 14053
4 14056 14058 14059 14057
4 14060 14062 14063 14061
4 14064 14066 14067 14065
4 14068 14070 14071 14069
4 14072 14074 14075 14073
4 14076 14078 14079 14077
4 14080 14082 14083 14081
4 14084 14086 14087 14085
4 14088 14090 14091 14089
4 14092 14094 14095 14093
4 14096 14098 14099 14097
4 14100 14102 14103 14101
4 14104 14106 14107 14105
4 14108 14110 14111 14109
4 14112 14114 14115 14113
4 14116 14118 14119 14117
4 14120 14122 14123 14121
4 14124 14126 14127 14125
4 14128 14130 14131 14129
4 14132 14134 14135 14133
4 14136 14138 14139 14137
4 14140 14142 14143 14141
4 14144 14146 14147 14145
4 14148 14150 14151 14149
4 14152 14154 14155 14153
4 14156 14158 14159 14157
4 14160 14162 14163 14161
4 14164 14166 14167 14165
4 14168 14170 14171 14169
4 14172 14174 14175 14173
4 14176 14178 14179 14177
4 14180 14182 14183 14181
4 14184 14186 14187 14185
4 14188 14190 14191 14189
4 14192 14194 14195 14193
4 14196 14198 14199 14197
4 14200 14202 14203 14201
4 14204 14206 14207 14205
4 14208 14210 14211 14209
4 14212 14214 14215 14213
4 14216 14218 14219 14217
4 14220 14222 14223 14221
4 14224 14226 14227 14225
4 14228 14230 14231 14229
4 14232 14234 14235 14233
4 14236 14238 14239 14237
4 14240 14242 14243 14241
4 14244 14246 14247 14245
4 14248 14250 14251 14249
4 14252 14254 14255 14253
4 14256 14258 14259 14257
4 14260 14262 14263 14261
4 14264 14266 14267 14265
4 14268 14270 14271 14269
4 14272 14274 14275 14273
4 14276 14278 14279 14277
4 14280 14282 14283 14281
4 14284 14286 14287 14285
4 14288 14290 14291 14289
4 14292 14294 14295 14293
4 14296 14298 14299 14297
4 14300 14302 14303 14301
4 14304 14306 14307 14305
4 14308 14310 14311 14309
4 14312 14314 14315 14313
4 14316 14318 14319 14317
4 14320 14322 14323 14321
4 14324 14326 14327 14325
4 14328 14330 14331 14329
4 14332 14334 14335 14333
4 14336 14338 14339 14337
4 14340 14342 14343 14341
4 14344 14346 14347 14345
4 14348 14350 14351 14349
4 14352 14354 14355 14353
4 14356 14358 14359 14357
4 14360 14362 14363 14361
4 14364 14366 14367 14365
4 14368 14370 14371 14369
4 14372 14374 14375 14373
4 14376 14378 14379 14377
4 14380 14382 14383 14381
4 14384 14386 14387 14385
4 14388 14390 14391 14389
4 14392 14394 14395 14393
4 14396 14398 14399 14397
4 14400 14402 14403 14401
4 14404 14406 14407 14405
4 14408 14410 14411 14409
4 14412 14414 14415 14413
4 14416 14418 14419 14417
4 14420 14422 14423 14421
4 14424 14426 14427 14425
4 14428 14430 14431 14429
4 14432 14434 14435 14433
4 14436 14438 14439 14437
4 14440 14442 14443 14441
4 14444 14446 14447 14445
4 14448 14450 14451 14449
4 14452 14454 14455 14453
4 14456 14458 14459 14457
4 14460 14462 14463 14461
4 14464 14466 14467 14465
4 14468 14470 14471 14469
4 14472 14474 14475 14473
4 14476 14478 14479 14477
4 14480 14482 14483 14481
4 14484 14486 14487 14485
4 14488 14490 14491 14489
4 14492 14494 14495 14493
4 14496 14498 14499 14497
4 14500 14502 14503 14501
4 14504 14506 14507 14505
4 14508 14510 14511 14509
4 14512 14514 14515 14513
4 14516 14518 14519 14517
4 14520 14522 14523 14521
4 14524 14526 14527 14525
4 14528 14530 14531 14529
4 14532 14534 14535 14533
4 14536 14538 14539 14537
4 14540 14542 14543 14541
4 14544 14546 14547 14545
4 14548 14550 14551 14549
4 14552 14554 14555 14553
4 14556 14558 14559 14557
4 14560 14562 14563 14561
4 14564 14566 14567 14565
4 14568 14570 14571 14569
4 14572 14574 14575 14573
4 14576 14578 14579 14577
4 14580 14582 14583 14581
4 14584 14586 14587 14585
4 14588 14590 14591 14589
4 14592 14594 14595 14593
4 14596 14598 14599 14597
4 14600 14602 14603 14601
4 14604 14606 14607 14605
4 14608 14610 14611 14609
4 14612 14614 14615 14613
4 14616 14618 14619 14617
4 14620 14622 14623 14621
4 14624 14626 14627 14625
4 14628 14630 14631 14629
4 14632 14634 14635 14633
4 14636 14638 14639 14637
4 14640 14642 14643 14641
4 14644 14646 14647 14645
4 14648 14650 14651 14649
4 14652 14654 14655 14653
4 14656 14658 14659 14657
4 14660 14662 14663 14661
4 14664 14666 14667 14665
4 14668 14670 14671 14669
4 14672 14674 14675 14673
4 14676 14678 14679 14677
4 14680 14682 14683 14681
4 14684 14686 14687 14685
4 14688 14690 14691 14689
4 14692 14694 14695 14693
4 14696 14698 14699 14697
4 14700 14702 14703 14701
4 14704 14706 14707 14705
4 14708 14710 14711 14709
4 14712 14714 14715 14713
4 14716 14718 14719 14717
4 14720 14722 14723 14721
4 14724 14726 14727 14725
4 14728 14730 14731 14729
4 14732 14734 14735 14733
4 14736 14738 14739 14737
4 14740 14742 14743 14741
4 14744 14746 14747 14745
4 14748 14750 14751 14749
4 14752 14754 14755 14753
4 14756 14758 14759 14757
4 14760 14762 14763 14761
4 14764 14766 14767 14765
4 14768 14770 14771 14769
4 14772 14774 14775 14773
4 14776 14778 14779 14777
4 14780 14782 14783 14781
4 14784 14786 14787 14785
4 14788 14790 14791 14789
4 14792 14794 14795 14793
4 14796 14798 14799 14797
4 14800 14802 14803 14801
4 14804 14806 14807 14805
4 14808 14810 14811 14809
4 14812 14814 14815 14813
4 14816 14818 14819 14817
4 14820 14822 14823 14821
4 14824 14826 14827 14825
4 14828 14830 14831 14829
4 14832 14834 14835 14833
4 14836 14838 14839 14837
4 14840 14842 14843 14841
4 14844 14846 14847 14845
4 14848 14850 14851 14849
4 14852 14854 14855 14853
4 14856 14858 14859 14857
4 14860 14862 14863 14861
4 14864 14866 14867 14865
4 14868 14870 14871 14869
4 14872 14874 14875 14873
4 14876 14878 14879 14877
4 14880 14882 14883 14881
4 14884 14886 14887 14885
4 14888 14890 14891 14889
4 14892 14894 14895 14893
4 14896 14898 14899 14897
4 14900 14902 14903 14901
4 14904 14906 14907 14905
4 14908 14910 14911 14909
4 14912 14914 14915 14913
4 14916 14918 14919 14917
4 14920 14922 14923 14921
4 14924 14926 14927 14925
4 14928 14930 14931 14929
4 14932 14934 14935 14933
4 14936 14938 14939 14937
4 14940 14942 14943 14941
4 14944 14946 14947 14945
4 14948 14950 14951 14949
4 14952 14954 14955 14953
4 14956 14958 14959 14957
4 14960 14962 14963 14961
4 14964 14966 14967 14965
4 14968 14970 14971 14969
4 14972 14974 14975 14973
4 14976 14978 14979 14977
4 14980 14982 14983 14981
4 14984 14986 14987 14985
4 14988 14990 14991 14989
4 14992 14994 14995 14993
4 14996 14998 14999 14997
4 15000 15002 15003 15001
4 15004 15006 15007 15005
4 15008 15010 15011 15009
4 15012 15014 15015 15013
4 15016 15018 15019 15017
4 15020 15022 15023 15021
4 15024 15026 15027 15025
4 15028 15030 15031 15029
4 15032 15034 15035 15033
4 15036 15038 15039 15037
4 15040 15042 15043 15041
4 15044 15046 15047 15045
4 15048 15050 15051 15049
4 15052 15054 15055 15053
4 15056 15058 15059 15057
4 15060 15062 15063 15061
4 15064 15066 15067 15065
4 15068 15070 15071 15069
4 15072 15074 15075 15073
4 15076 15078 15079 15077
4 15080 15082 15083 15081
4 15084 15086 15087 15085
4 15088 15090 15091 15089
4 15092 15094 15095 15093
4 15096 15098 15099 15097
4 15100 15102 15103 15101
4 15104 15106 15107 15105
4 15108 15110 15111 15109
4 15112 15114 15115 15113
4 15116 15118 15119 15117
4 15120 15122 15123 15121
4 15124 15126 15127 15125
4 15128 15130 15131 15129
4 15132 15134 15135 15133
4 15136 15138 15139 15137
4 15140 15142 15143 15141
4 15144 15146 15147 15145
4 15148 15150 15151 15149
4 15152 15154 15155 15153
4 15156 15158 15159 15157
4 15160 15162 15163 15161
4 15164 15166 15167 15165
4 15168 15170 15171 15169
4 15172 15174 15175 15173
4 15176 15178 15179 15177
4 15180 15182 15183 15181
4 15184 15186 15187 15185
4 15188 15190 15191 15189
4 15192 15194 15195 15193
4 15196 15198 15199 15197
4 15200 15202 15203 15201
4 15204 15206 15207 15205
4 15208 15210 15211 15209
4 15212 15214 15215 15213
4 15216 15218 15219 15217
4 15220 15222 15223 15221
4 15224 15226 15227 15225
4 15228 15230 15231 15229
4 15232 15234 15235 15233
4 15236 15238 15239 15237
4 15240 15242 15243 15241
4 15244 15246 15247 15245
4 15248 15250 15251 15249
4 15252 15254 15255 15253
4 15256 15258 15259 15257
4 15260 15262 15263 15261
4 15264 15266 15267 15265
4 15268 15270 15271 15269
4 15272 15274 15275 15273
4 15276 15278 15279 15277
4 15280 15282 15283 15281
4 15284 15286 15287 15285
4 15288 15290 15291 15289
4 15292 15294 15295 15293
4 15296 15298 15299 15297
4 15300 15302 15303 15301
4 15304 15306 15307 15305
4 15308 15310 15311 15309
4 15312 15314 15315 15313
4 15316 15318 15319 15317
4 15320 15322 15323 15321
4 15324 15326 15327 15325
4 15328 15330 15331 15329
4 15332 15334 15335 15333
4 15336 15338 15339 15337
4 15340 15342 15343 15341
4 15344 15346 15347 15345
4 15348 15350 15351 15349
4 15352 15354 15355 15353
4 15356 15358 15359 15357
4 15360 15362 15363 15361
4 15364 15366 15367 15365
4 15368 15370 15371 15369
4 15372 15374 15375 15373
4 15376 15378 15379 15377
4 15380 15382 15383 15381
4 15384 15386 15387 15385
4 15388 15390 15391 15389
4 15392 15394 15395 15393
4 15396 15398 15399 15397
4 15400 15402 15403 15401
4 15404 15406 15407 15405
4 15408 15410 15411 15409
4 15412 15414 15415 15413
4 15416 15418 15419 15417
4 15420 15422 15423 15421
4 15424 15426 15427 15425
4 15428 15430 15431 15429
4 15432 15434 15435 15433
4 15436 15438 15439 15437
4 15440 15442 15443 15441
4 15444 15446 15447 15445
4 15448 15450 15451 15449
4 15452 15454 15455 15453
4 15456 15458 15459 15457
4 15460 15462 15463 15461
4 15464 15466 15467 15465
4 15468 15470 15471 15469
4 15472 15474 15475 15473
4 15476 15478 15479 15477
4 15480 15482 15483 15481
4 15484 15486 15487 15485
4 15488 15490 15491 15489
4 15492 15494 15495 15493
4 15496 15498 15499 15497
4 15500 15502 15503 15501
4 15504 15506 15507 15505
4 15508 15510 15511 15509
4 15512 15514 15515 15513
4 15516 15518 15519 15517
4 15520 15522 15523 15521
4 15524 15526 15527 15525
4 15528 15530 15531 15529
4 15532 15534 15535 15533
4 15536 15538 15539 15537
4 15540 15542 15543 15541
4 15544 15546 15547 15545
4 15548 15550 15551 15549
4 15552 15554 15555 15553
4 15556 15558 15559 15557
4 15560 15562 15563 15561
4 15564 15566 15567 15565
4 15568 15570 15571 15569
4 15572 15574 15575 15573
4 15576 15578 15579 15577
4 15580 15582 15583 15581
4 15584 15586 15587 15585
4 15588 15590 15591 15589
4 15592 15594 15595 15593
4 15596 15598 15599 15597
4 15600 15602 15603 15601
4 15604 15606 15607 15605
4 15608 15610 15611 15609
4 15612 15614 15615 15613
4 15616 15618 15619 15617
4 15620 15622 15623 15621
4 15624 15626 15627 15625
4 15628 15630 15631 15629
4 15632 15634 15635 15633
4 15636 15638 15639 15637
4 15640 15642 15643 15641
4 15644 15646 15647 15645
4 15648 15650 15651 15649
4 15652 15654 15655 15653
4 15656 15658 15659 15657
4 15660 15662 15663 15661
4 15664 15666 15667 15665
4 15668 15670 15671 15669
4 15672 15674 15675 15673
4 15676 15678 15679 15677
4 15680 15682 15683 15681
4 15684 15686 15687 15685
4 15688 15690 15691 15689
4 15692 15694 15695 15693
4 15696 15698 15699 15697
4 15700 15702 15703 15701
4 15704 15706 15707 15705
4 15708 15710 15711 15709
4 15712 15714 15715 15713
4 15716 15718 15719 15717
4 15720 15722 15723 15721
4 15724 15726 15727 15725
4 15728 15730 15731 15729
4 15732 15734 15735 15733
4 15736 15738 15739 15737
4 15740 15742 15743 15741
4 15744 15746 15747 15745
4 15748 15750 15751 15749
4 15752 15754 15755 15753
4 15756 15758 15759 15757
4 15760 15762 15763 15761
4 15764 15766 15767 15765
4 15768 15770 15771 15769
4 15772 15774 15775 15773
4 15776 15778 15779 15777
4 15780 15782 15783 15781
4 15784 15786 15787 15785
4 15788 15790 15791 15789
4 15792 15794 15795 15793
4 15796 15798 15799 15797
4 15800 15802 15803 15801
4 15804 15806 15807 15805
4 15808 15810 15811 15809
4 15812 15814 15815 15813
4 15816 15818 15819 15817
4 15820 15822 15823 15821
4 15824 15826 15827 15825
4 15828 15830 15831 15829
4 15832 15834 15835 15833
4 15836 15838 15839 15837
4 15840 15842 15843 15841
4 15844 15846 15847 15845
4 15848 15850 15851 15849
4 15852 15854 15855 15853
4 15856 15858 15859 15857
4 15860 15862 15863 15861
4 15864 15866 15867 15865
4 15868 15870 15871 15869
4 15872 15874 15875 15873
4 15876 15878 15879 15877
4 15880 15882 15883 15881
4 15884 15886 15887 15885
4 15888 15890 15891 15889
4 15892 15894 15895 15893
4 15896 15898 15899 15897
4 15900 15902 15903 15901
4 15904 15906 15907 15905
4 15908 15910 15911 15909
4 15912 15914 15915 15913
4 15916 15918 15919 15917
4 15920 15922 15923 15921
4 15924 15926 15927 15925
4 15928 15930 15931 15929
4 15932 15934 15935 15933
4 15936 15938 15939 15937
4 15940 15942 15943 15941
4 15944 15946 15947 15945
4 15948 15950 15951 15949
4 15952 15954 15955 15953
4 15956 15958 15959 15957
4 15960 15962 15963 15961
4 15964 15966 15967 15965
4 15968 15970 15971 15969
4 15972 15974 15975 15973
4 15976 15978 15979 15977
4 15980 15982 15983 15981
4 15984 15986 15987 15985
4 15988 15990 15991 15989
4 15992 15994 15995 15993
4 15996 15998 15999 15997
4 16000 16002 16003 16001
4 16004 16006 16007 16005
4 16008 16010 16011 16009
4 16012 16014 16015 16013
4 16016 16018 16019 16017
4 16020 16022 16023 16021
4 16024 16026 16027 16025
4 16028 16030 16031 16029
4 16032 16034 16035 16033
4 16036 16038 16039 16037
4 16040 16042 16043 16041
4 16044 16046 16047 16045
4 16048 16050 16051 16049
4 16052 16054 16055 16053
4 16056 16058 16059 16057
4 16060 16062 16063 16061
4 16064 16066 16067 16065
4 16068 16070 16071 16069
4 16072 16074 16075 16073
4 16076 16078 16079 16077
4 16080 16082 16083 16081
4 16084 16086 16087 16085
4 16088 16090 16091 16089
4 16092 16094 16095 16093
4 16096 16098 16099 16097
4 16100 16102 16103 16101
4 16104 16106 16107 16105
4 16108 16110 16111 16109
4 16112 16114 16115 16113
4 16116 16118 16119 16117
4 16120 16122 16123 16121
4 16124 16126 16127 16125
4 16128 16130 16131 16129
4 16132 16134 16135 16133
4 16136 16138 16139 16137
4 16140 16142 16143 16141
4 16144 16146 16147 16145
4 16148 16150 16151 16149
4 16152 16154 16155 16153
4 16156 16158 16159 16157
4 16160 16162 16163 16161
4 16164 16166 16167 16165
4 16168 16170 16171 16169
4 16172 16174 16175 16173
4 16176 16178 16179 16177
4 16180 16182 16183 16181
4 16184 16186 16187 16185
4 16188 16190 16191 16189
4 16192 16194 16195 16193
4 16196 16198 16199 16197
4 16200 16202 16203 16201
4 16204 16206 16207 16205
4 16208 16210 16211 16209
4 16212 16214 16215 16213
4 16216 16218 16219 16217
4 16220 16222 16223 16221
4 16224 16226 16227 16225
4 16228 16230 16231 16229
4 16232 16234 16235 16233
4 16236 16238 16239 16237
4 16240 16242 16243 16241
4 16244 16246 16247 16245
4 16248 16250 16251 16249
4 16252 16254 16255 16253
4 16256 16258 16259 16257
4 16260 16262 16263 16261
4 16264 16266 16267 16265
4 16268 16270 16271 16269
4 16272 16274 16275 16273
4 16276 16278 16279 16277
4 16280 16282 16283 16281
4 16284 16286 16287 16285
4 16288 16290 16291 16289
4 16292 16294 16295 16293
4 16296 16298 16299 16297
4 16300 16302 16303 16301
4 16304 16306 16307 16305
4 16308 16310 16311 16309
4 16312 16314 16315 16313
4 16316 16318 16319 16317
4 16320 16322 16323 16321
4 16324 16326 16327 16325
4 16328 16330 16331 16329
4 16332 16334 16335 16333
4 16336 16338 16339 16337
4 16340 16342 16343 16341
4 16344 16346 16347 16345
4 16348 16350 16351 16349
4 16352 16354 16355 16353
4 16356 16358 16359 16357
4 16360 16362 16363 16361
4 16364 16366 16367 16365
4 16368 16370 16371 16369
4 16372 16374 16375 16373
4 16376 16378 16379 16377
4 16380 16382 16383 16381
4 16384 16386 16387 16385
4 16388 16390 16391 16389
4 16392 16394 16395 16393
4 16396 16398 16399 16397
4 16400 16402 16403 16401
4 16404 16406 16407 16405
4 16408 16410 16411 16409
4 16412 16414 16415 16413
4 16416 16418 16419 16417
4 16420 16422 16423 16421
4 16424 16426 16427 16425
4 16428 16430 16431 16429
4 16432 16434 16435 16433
4 16436 16438 16439 16437
4 16440 16442 16443 16441
4 16444 16446 16447 16445
4 16448 16450 16451 16449
4 16452 16454 16455 16453
4 16456 16458 16459 16457
4 16460 16462 16463 16461
4 16464 16466 16467 16465
4 16468 16470 16471 16469
4 16472 16474 16475 16473
4 16476 16478 16479 16477
4 16480 16482 16483 16481
4 16484 16486 16487 16485
4 16488 16490 16491 16489
4 16492 16494 16495 16493
4 16496 16498 16499 16497
4 16500 16502 16503 16501
4 16504 16506 16507 16505
4 16508 16510 16511 16509
4 16512 16514 16515 16513
4 16516 16518 16519 16517
4 16520 16522 16523 16521
4 16524 16526 16527 16525
4 16528 16530 16531 16529
4 16532 16534 16535 16533
4 16536 16538 16539 16537
4 16540 16542 16543 16541
4 16544 16546 16547 16545
4 16548 16550 16551 16549
4 16552 16554 16555 16553
4 16556 16558 16559 16557
4 16560 16562 16563 16561
4 16564 16566 16567 16565
4 16568 16570 16571 16569
4 16572 16574 16575 16573
4 16576 16578 16579 16577
4 16580 16582 16583 16581
4 16584 16586 16587 16585
4 16588 16590 16591 16589
4 16592 16594 16595 16593
4 16596 16598 16599 16597
4 16600 16602 16603 16601
4 16604 16606 16607 16605
4 16608 16610 16611 16609
4 16612 16614 16615 16613
4 16616 16618 16619 16617
4 16620 16622 16623 16621
4 16624 16626 16627 16625
4 16628 16630 16631 16629
4 16632 16634 16635 16633
4 16636 16638 16639 16637
4 16640 16642 16643 16641
4 16644 16646 16647 16645
4 16648 16650 16651 16649
4 16652 16654 16655 16653
4 16656 16658 16659 16657
4 16660 16662 16663 16661
4 16664 16666 16667 16665
4 16668 16670 16671 16669
4 16672 16674 16675 16673
4 16676 16678 16679 16677
4 16680 16682 16683 16681
4 16684 16686 16687 16685
4 16688 16690 16691 16689
4 16692 16694 16695 16693
4 16696 16698 16699 16697
4 16700 16702 16703 16701
4 16704 16706 16707 16705
4 16708 16710 16711 16709
4 16712 16714 16715 16713
4 16716 16718 16719 16717
4 16720 16722 16723 16721
4 16724 16726 16727 16725
4 16728 16730 16731 16729
4 16732 16734 16735 16733
4 16736 16738 16739 16737
4 16740 16742 16743 16741
4 16744 16746 16747 16745
4 16748 16750 16751 16749
4 16752 16754 16755 16753
4 16756 16758 16759 16757
4 16760 16762 16763 16761
4 16764 16766 16767 16765
4 16768 16770 16771 16769
4 16772 16774 16775 16773
4 16776 16778 16779 16777
4 16780 16782 16783 16781
4 16784 16786 16787 16785
4 16788 16790 16791 16789
4 16792 16794 16795 16793
4 16796 16798 16799 16797
4 16800 16802 16803 16801
4 16804 16806 16807 16805
4 16808 16810 16811 16809
4 16812 16814 16815 16813

CELL_TYPES 4204
9
9
9
9
9
9
9
9
9
9
9
9
9
9
9
9
9
9
9
9
9
9
9
9
9
9
9
9
9
9
9
9
9
9
9
9
9
9
9
9
9
9
9
9
9
9
9
9
9
9
9
9
9
9
9
9
9
9
9
9
9
9
9
9
9
9
9
9
9
9
9
9
9
9
9
9
9
9
9
9
9
9
9
9
9
9
9
9
9
9
9
9
9
9
9
9
9
9
9
9
9
9
9
9
9
9
9
9
9
9
9
9
9
9
9
9
9
9
9
9
9
9
9
9
9
9
9
9
9
9
9
9
9
9
9
9
9
9
9
9
9
9
9
9
9
9
9
9
9
9
9
9
9
9
9
9
9
9
9
9
9
9
9
9
9
9
9
9
9
9
9
9
9
9
9
9
9
9
9
9
9
9
9
9
9
9
9
9
9
9
9
9
9
9
9
9
9
9
9
9
9
9
9
9
9
9
9
9
9
9
9
9
9
9
9
9
9
9
9
9
9
9
9
9
9
9
9
9
9
9
9
9
9
9
9
9
9
9
9
9
9
9
9
9
9
9
9
9
9
9
9
9
9
9
9
9
9
9
9
9
9
9
9
9
9
9
9
9
9
9
9
9
9
9
9
9
9
9
9
9
9
9
9
9
9
9
9
9
9
9
9
9
9
9
9
9
9
9
9
9
9
9
9
9
9
9
9
9
9
9
9
9
9
9
9
9
9
9
9
9
9
9
9
9
9
9
9
9
9
9
9
9
9
9
9
9
9
9
9
9
9
9
9
9
9
9
9
9
9
9
9
9
9
9
9
9
9
9
9
9
9
9
9
9
9
9
9
9
9
9
9
9
9
9
9
9
9
9
9
9
9
9
9
9
9
9
9
9
9
9
9
9
9
9
9
9
9
9
9
9
9
9
9
9
9
9
9
9
9
9
9
9
9
9
9
9
9
9
9
9
9
9
9
9
9
9
9
9
9
9
9
9
9
9
9
9
9
9
9
9
9
9
9
9
9
9
9
9
9
9
9
9
9
9
9
9
9
9
9
9
9
9
9
9
9
9
9
9
9
9
9
9
9
9
9
9
9
9
9
9
9
9
9
9
9
9
9
9
9
9
9
9
9
9
9
9
9
9
9
9
9
9
9
9
9
9
9
9
9
9
9
9
9
9
9
9
9
9
9
9
9
9
9
9
9
9
9
9
9
9
9
9
9
9
9
9
9
9
9
9
9
9
9
9
9
9
9
9
9
9
9
9
9
9
9
9
9
9
9
9
9
9
9
9
9
9
9
9
9
9
9
9
9
9
9
9
9
9
9
9
9
9
9
9
9
9
9
9
9
9
9
9
9
9
9
9
9
9
9
9
9
9
9
9
9
9
9
9
9
9
9
9
9
9
9
9
9
9
9
9
9
9
9
9
9
9
9
9
9
9
9
9
9
9
9
9
9
9
9
9
9
9
9
9
9
9
9
9
9
9
9
9
9
9
9
9
9
9
9
9
9
9
9
9
9
9
9
9
9
9
9
9
9
9
9
9
9
9
9
9
9
9
9
9
9
9
9
9
9
9
9
9
9
9
9
9
9
9
9
9
9
9
9
9
9
9
9
9
9
9
9
9
9
9
9
9
9
9
9
9
9
9
9
9
9
9
9
9
9
9
9
9
9
9
9
9
9
9
9
9
9
9
9
9
9
9
9
9
9
9
9
9
9
9
9
9
9
9
9
9
9
9
9
9
9
9
9
9
9
9
9
9
9
9
9
9
9
9
9
9
9
9
9
9
9
9
9
9
9
9
9
9
9
9
9
9
9
9
9
9
9
9
9
9
9
9
9
9
9
9
9
9
9
9
9
9
9
9
9
9
9
9
9
9
9
9
9
9
9
9
9
9
9
9
9
9
9
9
9
9
9
9
9
9
9
9
9
9
9
9
9
9
9
9
9
9
9
9
9
9
9
9
9
9
9
9
9
9
9
9
9
9
9
9
9
9
9
9
9
9
9
9
9
9
9
9
9
9
9
9
9
9
9
9
9
9
9
9
9
9
9
9
9
9
9
9
9
9
9
9
9
9
9
9
9
9
9
9
9
9
9
9
9
9
9
9
9
9
9
9
9
9
9
9
9
9
9
9
9
9
9
9
9
9
9
9
9
9
9
9
9
9
9
9
9
9
9
9
9
9
9
9
9
9
9
9
9
9
9
9
9
9
9
9
9
9
9
9
9
9
9
9
9
9
9
9
9
9
9
9
9
9
9
9
9
9
9
9
9
9
9
9
9
9
9
9
9
9
9
9
9
9
9
9
9
9
9
9
9
9
9
9
9
9
9
9
9
9
9
9
9
9
9
9
9
9
9
9
9
9
9
9
9
9
9
9
9
9
9
9
9
9
9
9
9
9
9
9
9
9
9
9
9
9
9
9
9
9
9
9
9
9
9
9
9
9
9
9
9
9
9
9
9
9
9
9
9
9
9
9
9
9
9
9
9
9
9
9
9
9
9
9
9
9
9
9
9
9
9
9
9
9
9
9
9
9
9
9
9
9
9
9
9
9
9
9
9
9
9
9
9
9
9
9
9
9
9
9
9
9
9
9
9
9
9
9
9
9
9
9
9
9
9
9
9
9
9
9
9
9
9
9
9
9
9
9
9
9
9
9
9
9
9
9
9
9
9
9
9
9
9
9
9
9
9
9
9
9
9
9
9
9
9
9
9
9
9
9
9
9
9
9
9
9
9
9
9
9
9
9
9
9
9
9
9
9
9
9
9
9
9
9
9
9
9
9
9
9
9
9
9
9
9
9
9
9
9
9
9
9
9
9
9
9
9
9
9
9
9
9
9
9
9
9
9
9
9
9
9
9
9
9
9
9
9
9
9
9
9
9
9
9
9
9
9
9
9
9
9
9
9
9
9
9
9
9
9
9
9
9
9
9
9
9
9
9
9
9
9
9
9
9
9
9
9
9
9
9
9
9
9
9
9
9
9
9
9
9
9
9
9
9
9
9
9
9
9
9
9
9
9
9
9
9
9
9
9
9
9
9
9
9
9
9
9
9
9
9
9
9
9
9
9
9
9
9
9
9
9
9
9
9
9
9
9
9
9
9
9
9
9
9
9
9
9
9
9
9
9
9
9
9
9
9
9
9
9
9
9
9
9
9
9
9
9
9
9
9
9
9
9
9
9
9
9
9
9
9
9
9
9
9
9
9
9
9
9
9
9
9
9
9
9
9
9
9
9
9
9
9
9
9
9
9
9
9
9
9
9
9
9
9
9
9
9
9
9
9
9
9
9
9
9
9
9
9
9
9
9
9
9
9
9
9
9
9
9
9
9
9
9
9
9
9
9
9
9
9
9
9
9
9
9
9
9
9
9
9
9
9
9
9
9
9
9
9
9
9
9
9
9
9
9
9
9
9
9
9
9
9
9
9
9
9
9
9
9
9
9
9
9
9
9
9
9
9
9
9
9
9
9
9
9
9
9
9
9
9
9
9
9
9
9
9
9
9
9
9
9
9
9
9
9
9
9
9
9
9
9
9
9
9
9
9
9
9
9
9
9
9
9
9
9
9
9
9
9
9
9
9
9
9
9
9
9
9
9
9
9
9
9
9
9
9
9
9
9
9
9
9
9
9
9
9
9
9
9
9
9
9
9
9
9
9
9
9
9
9
9
9
9
9
9
9
9
9
9
9
9
9
9
9
9
9
9
9
9
9
9
9
9
9
9
9
9
9
9
9
9
9
9
9
9
9
9
9
9
9
9
9
9
9
9
9
9
9
9
9
9
9
9
9
9
9
9
9
9
9
9
9
9
9
9
9
9
9
9
9
9
9
9
9
9
9
9
9
9
9
9
9
9
9
9
9
9
9
9
9
9
9
9
9
9
9
9
9
9
9
9
9
9
9
9
9
9
9
9
9
9
9
9
9
9
9
9
9
9
9
9
9
9
9
9
9
9
9
9
9
9
9
9
9
9
9
9
9
9
9
9
9
9
9
9
9
9
9
9
9
9
9
9
9
9
9
9
9
9
9
9
9
9
9
9
9
9
9
9
9
9
9
9
9
9
9
9
9
9
9
9
9
9
9
9
9
9
9
9
9
9
9
9
9
9
9
9
9
9
9
9
9
9
9
9
9
9
9
9
9
9
9
9
9
9
9
9
9
9
9
9
9
9
9
9
9
9
9
9
9
9
9
9
9
9
9
9
9
9
9
9
9
9
9
9
9
9
9
9
9
9
9
9
9
9
9
9
9
9
9
9
9
9
9
9
9
9
9
9
9
9
9
9
9
9
9
9
9
9
9
9
9
9
9
9
9
9
9
9
9
9
9
9
9
9
9
9
9
9
9
9
9
9
9
9
9
9
9
9
9
9
9
9
9
9
9
9
9
9
9
9
9
9
9
9
9
9
9
9
9
9
9
9
9
9
9
9
9
9
9
9
9
9
9
9
9
9
9
9
9
9
9
9
9
9
9
9
9
9
9
9
9
9
9
9
9
9
9
9
9
9
9
9
9
9
9
9
9
9
9
9
9
9
9
9
9
9
9
9
9
9
9
9
9
9
9
9
9
9
9
9
9
9
9
9
9
9
9
9
9
9
9
9
9
9
9
9
9
9
9
9
9
9
9
9
9
9
9
9
9
9
9
9
9
9
9
9
9
9
9
9
9
9
9
9
9
9
9
9
9
9
9
9
9
9
9
9
9
9
9
9
9
9
9
9
9
9
9
9
9
9
9
9
9
9
9
9
9
9
9
9
9
9
9
9
9
9
9
9
9
9
9
9
9
9
9
9
9
9
9
9
9
9
9
9
9
9
9
9
9
9
9
9
9
9
9
9
9
9
9
9
9
9
9
9
9
9
9
9
9
9
9
9
9
9
9
9
9
9
9
9
9
9
9
9
9
9
9
9
9
9
9
9
9
9
9
9
9
9
9
9
9
9
9
9
9
9
9
9
9
9
9
9
9
9
9
9
9
9
9
9
9
9
9
9
9
9
9
9
9
9
9
9
9
9
9
9
9
9
9
9
9
9
9
9
9
9
9
9
9
9
9
9
9
9
9
9
9
9
9
9
9
9
9
9
9
9
9
9
9
9
9
9
9
9
9
9
9
9
9
9
9
9
9
9
9
9
9
9
9
9
9
9
9
9
9
9
9
9
9
9
9
9
9
9
9
9
9
9
9
9
9
9
9
9
9
9
9
9
9
9
9
9
9
9
9
9
9
9
9
9
9
9
9
9
9
9
9
9
9
9
9
9
9
9
9
9
9
9
9
9
9
9
9
9
9
9
9
9
9
9
9
9
9
9
9
9
9
9
9
9
9
9
9
9
9
9
9
9
9
9
9
9
9
9
9
9
9
9
9
9
9
9
9
9
9
9
9
9
9
9
9
9
9
9
9
9
9
9
9
9
9
9
9
9
9
9
9
9
9
9
9
9
9
9
9
9
9
9
9
9
9
9
9
9
9
9
9
9
9
9
9
9
9
9
9
9
9
9
9
9
9
9
9
9
9
9
9
9
9
9
9
9
9
9
9
9
9
9
9
9
9
9
9
9
9
9
9
9
9
9
9
9
9
9
9
9
9
9
9
9
9
9
9
9
9
9
9
9
9
9
9
9
9
9
9
9
9
9
9
9
9
9
9
9
9
9
9
9
9
9
9
9
9
9
9
9
9
9
9
9
9
9
9
9
9
9
9
9
9
9
9
9
9
9
9
9
9
9
9
9
9
9
9
9
9
9
9
9
9
9
9
9
9
9
9
9
9
9
9
9
9
9
9
9
9
9
9
9
9
9
9
9
9
9
9
9
9
9
9
9
9
9
9
9
9
9
9
9
9
9
9
9
9
9
9
9
9
9
9
9
9
9
9
9
9
9
9
9
9
9
9
9
9
9
9
9
9
9
9
9
9
9
9
9
9
9
9
9
9
9
9
9
9
9
9
9
9
9
9
9
9
9
9
9
9
9
9
9
9
9
9
9
9
9
9
9
9
9
9
9
9
9
9
9
9
9
9
9
9
9
9
9
9
9
9
9
9
9
9
9
9
9
9
9
9
9
9
9
9
9
9
9
9
9
9
9
9
9
9
9
9
9
9
9
9
9
9
9
9
9
9
9
9
9
9
9
9
9
9
9
9
9
9
9
9
9
9
9
9
9
9
9
9
9
9
9
9
9
9
9
9
9
9
9
9
9
9
9
9
9
9
9
9
9
9
9
9
9
9
9
9
9
9
9
9
9
9
9
9
9
9
9
9
9
9
9
9
9
9
9
9
9
9
9
9
9
9
9
9
9
9
9
9
9
9
9
9
9
9
9
9
9
9
9
9
9
9
9
9
9
9
9
9
9
9
9
9
9
9
9
9
9
9
9
9
9
9
9
9
9
9
9
9
9
9
9
9
9
9
9
9
9
9
9
9
9
9
9
9
9
9
9
9
9
9
9
9
9
9
9
9
9
9
9
9
9
9
9
9
9
9
9
9
9
9
9
9
9
9
9
9
9
9
9
9
9
9
9
9
9
9
9
9
9
9
9
9
9
9
9
9
9
9
9
9
9
9
9
9
9
9
9
9
9
9
9
9
9
9
9
9
9
9
9
9
9
9
9
9
9
9
9
9
9
9
9
9
9
9
9
9
9
9
9
9
9
9
9
9
9
9
9
9
9
9
9
9
9
9
9
9
9
9
9
9
9
9
9
9
9
9
9
9
9
9
9
9
9
9
9
9
9
9
9
9
9
9
9
9
9
9
9
9
9
9
9
9
9
9
9
9
9
9
9
9
9
9
9
9
9
9
9
9
9
9
9
9
9
9
9
9
9
9
9
9
9
9
9
9
9
9
9
9
9
9
9
9
9
9
9
9
9
9
9
9
9
9
9
9
9
9
9
9
9
9
9
9
9
9
9
9
9
9
9
9
9
9
9
9
9
9
9
9
9
9
9
9
9
9
9
9
9
9
9
9
9
9
9
9
9
9
9
9
9
9
9
9
9
9
9
9
9
9
9
9
9
9
9
9
9
9
9
9
9
9
9
9
9
9
9
9
9
9
9
9
9
9
9
9
9
9
9
9
9
9
9
9
9
9
9
9
9
9
9
9
9
9
9
9
9
9
9
9
9
9
9
9
9
9
9
9
9
9
9
9
9
9
9
9
9
9
9
9
9
9
9
9
9
9
9
9
9
9
9
9
9
9
9
9
9
9
9
9
9
9
9
9
9
9
9
9
9
9
9
9
9
9
9
9
9
9
9
9
9
9
9
9
9
9
9
9
9
9
9
9
9
9
9
9
9
9
9
9
9
9
9
9
9
9
9
9
9
9
9
9
9
9
9
9
9
9
9
9
9
9
9
9
9
9
9
9
9
9
9
9
9
9
9
9
9
9
9
9
9
9
9
9
9
9
9
9
9
9
9
9
9
9
9
9
9
9
9
9
9
9
9
9
9
9
9
9
9
9
9
9
9
9
9
9
9
9
9
9
9
9
9
9
9
9
9
9
9
9
9
9
9
9
9
9
9
9
9
9
9
9
9
9
9
9
9
9
9
9
9
9
9
9
9
9
9
9
9
9
9
9
9
9
9
9
9
9
9
9
9
9
9
9
9
9
9
9
9
9
9
9
9
9
9
9
9
9
9
9
9
9
9
9
9
9
9
9
9
9
9
9
9
9
9
9
9
9
9
9
9
9
9
9
9
9
9
9
9
9
9
9
9
9
9
9
9
9
9
9
9
9
9
9
9
9
9
9
9
9
9
9
9
9
9
9
9
9
9
9
9
9
9
9
9
9
9
9
9
9
9
9
9
9
9
9
9
9
9
9
9
9
9
9
9
9
9
9
9
9
9
9
9
9
9
9
9
9
9
9
9
9
9
9
9
9
9
9
9
9
9
9
9
9
9
9
9
9
9
9
9
9
9
9
9
9
9
9
9
9
9
9
9
9
9
9
9
9
9
9
9
9
9
9
9
9
9
9
9
9
9
9
9
9
9
9
9
9
9
9
9
9
9
9
9
9
9
9
9
9
9
9
9
9
9
9
9
9
9
9
9
9
9
9
9
9
9
9
9
9
9
9
9
9
9
9
9
9
9
9
9
9
9
9
9
9
9
9
9
9
9
9
9
9
9
9
9
9
9
9
9
9
9
9
9
9
9
9
9
9
9
9
9
9
9
9
9
9
9
9
9
9
9
9
9
9
9
9
9
9
9
9
9
9
9
9
9
9
9
9
9
9
9
9
9
9
9
9
9
9
9
9
9
9
9
9
9
9
9
9
9
9
9
9
9
9
9
9
9
9
9
9
9
9
9
9
9
9
9
9
9
9
9
9
9
9
9
9
9
9
9
9
9
9
9
9
9
9
9
9
9
9
9
9
9
9
9
9
9
9
9
9
9
9
9
9
9
9
9
9
9
9
9
9
9
9
9
9
9
9
9
9
9
9
9
9
9
9
9
9
9
9
9
9
9
9
9
9
9
9
9
9
9
9
9
9
9
9
9
9
9
9
9
9
9
9
9
9
9
9
9
9
9
9
9
9
9
9
9
9
9
9
9
9
9
9
9
9
9
9
9
9
9
9
9
9
9
9
9
9
9
9
9
9
9
9
9
9
9
9
9
9
9
9
9
9
9
9
9
9
9
9
9
9
9
9
9
9
9
9
9
9
9
9
9
9
9
9
9
9
9
9
9
9
9
9
9
9
9
9
9
9
9
9
9
9
9
9
9
9
9
9
9
9
9
9
9
9
9
9
9
9
9
9
9
9
9
9
9
9
9
9
9
9
9
9
9
9
9
9
9
9
9
9
9
9
9
9
9
9
9
9
9
9
9
9
9
9
9
9
9
9
9
9
9
9
9
9
9
9
9
9
9
9
9
9
9
9
9
9
9
9
9
9
9
9
9
9
9
9
9
9
9
9
9
9
9
9
9
9
9
9
9
9
9
9
9
9
9
9
9
9
9
9
9
9
9
9
9
9
9
9
9
9
9
9
9
9
9
9
9
9
9
9
9
9
9
9
9
9
9
9
9
9
9
9
9
9
9
9
9
9
9
9
9
9
9
9
9
9
9
9
9
9
9
9
9
9
9
9
9
9
9
9
9
9
9
9
9
9
9
9
9
9
9
9
9
9
9
9
9
9
9
9
9
9
9
9
9
9
9
9
9
9
9
9
9
9
9
9
9
9
9
9
9
9
9
9
9
9
9
9
9
9
9
9
9
9
9
9
9
9
9
9
9
9
9
9
9
9
9
9
9
9
9
9
9
9
9
9
9
9
9
9
9
9
9
9
9
9
9
9
9
9
9
9
9
9
9
9
9
9
9
9
9
9
9
9
9
9
9
9
9
9
9
9
9
9
9
9
9
9
9
9
9
9
9
9
9
9
9
9
9
9
9
9
9
9
9
9
9
9
9
9
9
9
9
9
9
9
9
9
9
9
9
9
9
9
9
9
9
9
9
9
9
9
9
9
9
9
9
9
9
9
9
9
9
9
9
9
9
9
9
9
9
9
9
9
9
9
9
9

POINT_DATA 16816
SCALARS Pressure float
LOOKUP_TABLE default
10.0535 
10 
10.0446 
10 
10 
10 
10.0446 
10 
35.2261 
33.6638 
35.0058 
33.6638 
9.99769 
10 
10.0476 
10 
83.5914 
87.0399 
85.7526 
87.0399 
34.733 
33.7514 
34.4108 
33.7514 
10.0559 
10 
10.1853 
10 
10.3368 
10.6381 
11.014 
10.6381 
100 
99.0551 
98.8439 
99.0551 
99.8999 
100 
98.8439 
100 
10.0559 
10.3022 
10.8081 
10.3022 
10.0705 
10 
12.6027 
10 
55.0665 
54.7281 
55.3093 
54.7281 
52.5405 
52.0256 
52.7322 
52.0256 
71.3377 
73.6345 
73.0165 
73.6345 
11.0662 
11.6764 
11.6753 
11.6764 
10.8556 
10.8342 
11.0831 
10.8342 
57.9838 
61.3257 
59.6876 
61.3257 
73.2105 
74.2806 
70.8856 
74.2806 
34.3331 
33.3617 
34.5495 
33.3617 
11.6764 
12.2987 
11.6753 
12.2987 
79.0643 
79.0481 
79.9506 
79.0481 
22.5675 
22.415 
22.0756 
22.415 
30.7631 
29.5845 
28.5692 
29.5845 
48.5883 
49.1207 
47.498 
49.1207 
27.1115 
26.8456 
25.8758 
26.8456 
15.7394 
16.6594 
15.8541 
16.6594 
12.5181 
10.1108 
11.9694 
10.1108 
50.18 
48.9106 
48.9765 
48.9106 
79.1282 
81.8202 
80.4368 
81.8202 
18.4444 
18.7716 
19.6407 
18.7716 
21.1838 
20.8384 
20.8022 
20.8384 
17.1026 
16.8656 
17.2907 
16.8656 
21.8465 
22.4045 
22.0757 
22.4045 
52.9933 
53.1634 
52.8823 
53.1634 
46.4226 
45.4253 
46.0052 
45.4253 
69.5526 
71.3377 
70.2084 
71.3377 
41.7658 
40.2756 
40.8388 
40.2756 
22.7642 
22.5675 
22.2514 
22.5675 
41.7552 
42.2849 
41.2599 
42.2849 
24.3147 
24.4984 
24.4652 
24.4984 
19.5683 
19.579 
19.9777 
19.579 
54.268 
55.0665 
54.319 
55.0665 
53.7134 
53.706 
53.2849 
53.706 
36.9805 
36.8488 
37.5436 
36.8488 
78.141 
79.3078 
77.8649 
79.3078 
38.4974 
38.8123 
38.8101 
38.8123 
63.5173 
62.229 
63.4644 
62.229 
38.7014 
36.0634 
37.4779 
36.0634 
38.4974 
38.1174 
38.8123 
38.1174 
23.0429 
22.4045 
22.7923 
22.4045 
50.0614 
50.18 
48.9765 
50.18 
52.2595 
52.7719 
52.3485 
52.7719 
84.1529 
84.3437 
84.5599 
84.3437 
49.6023 
50.6553 
50.5188 
50.6553 
11.5064 
11.427 
10.7107 
11.427 
50.7758 
48.078 
49.2011 
48.078 
28.7639 
27.4673 
25.5516 
27.4673 
12.8104 
14.2528 
13.3702 
14.2528 
65.7111 
65.8736 
65.2757 
65.8736 
36.4838 
36.8488 
36.2635 
36.8488 
77.8743 
79.0899 
78.1267 
79.0899 
41.8893 
43.2295 
41.7658 
43.2295 
21.4103 
21.6587 
21.1329 
21.6587 
77.8743 
77.5907 
77.4872 
77.5907 
81.0955 
82.2293 
81.2188 
82.2293 
54.4496 
53.706 
53.7134 
53.706 
49.1207 
47.5322 
47.498 
47.5322 
67.6986 
65.7876 
66.4259 
65.7876 
73.7098 
74.856 
73.5974 
74.856 
32.95 
34.7736 
34.4597 
34.7736 
53.3278 
52.6272 
52.5 
52.6272 
43.9679 
45.7047 
46.1958 
45.7047 
44.6763 
46.0777 
45.6579 
46.0777 
52.9933 
52.7101 
53.2305 
52.7101 
24.5203 
22.1875 
23.5027 
22.1875 
56.5924 
60.3384 
56.8083 
60.3384 
68.215 
67.1276 
67.9576 
67.1276 
90.347 
87.1139 
86.8591 
87.1139 
77.3656 
78.1267 
78.4717 
78.1267 
14.1848 
14.2051 
14.8411 
14.2051 
18.5791 
17.326 
18.5455 
17.326 
46.0777 
44.6763 
44.8659 
44.6763 
91.1267 
90.5988 
92.4063 
90.5988 
53.6966 
53.8828 
54.6645 
53.8828 
60.3384 
63.0741 
63.7457 
63.0741 
12.9072 
12.2166 
12.8373 
12.2166 
92.3772 
93.1631 
92.8816 
93.1631 
19.5876 
18.4547 
18.4817 
18.4547 
63.1578 
65.129 
66.3921 
65.129 
47.2033 
48.5883 
47.498 
48.5883 
50.7758 
49.9894 
50.77 
49.9894 
20.9799 
21.6928 
21.4249 
21.6928 
11.9694 
10 
11.427 
10 
88.7142 
89.4088 
89.1601 
89.4088 
11.9694 
12.8104 
13.3702 
12.8104 
11.9151 
11.0318 
11.7676 
11.0318 
48.379 
50.4122 
49.2697 
50.4122 
36.2073 
36.6079 
35.9802 
36.6079 
29.9735 
28.7764 
29.5845 
28.7764 
17.5519 
17.3768 
17.5394 
17.3768 
20.7062 
21.3045 
21.5072 
21.3045 
84.3849 
83.6326 
85.2987 
83.6326 
81.3572 
81.7159 
81.5814 
81.7159 
94.815 
94.6679 
93.8543 
94.6679 
90.2789 
91.1316 
89.7708 
91.1316 
32.7091 
33.3617 
34.3331 
33.3617 
39.1476 
40.8403 
40.0892 
40.8403 
93.9593 
93.8347 
93.7651 
93.8347 
28.6802 
34.4163 
30.0128 
34.4163 
11.6764 
11.0662 
11.1938 
11.0662 
36.6242 
36.9775 
37.6282 
36.9775 
25.7397 
26.2893 
27.5055 
26.2893 
35.8157 
34.9143 
35.6263 
34.9143 
92.9013 
93.3272 
92.3102 
93.3272 
48.8562 
49.4848 
49.0838 
49.4848 
90.0444 
87.5607 
87.2399 
87.5607 
18.7716 
18.4444 
18.1606 
18.4444 
81.2656 
80.8491 
81.1664 
80.8491 
36.6187 
38.3903 
38.1655 
38.3903 
81.106 
80.6037 
81.301 
80.6037 
20.2573 
20.2843 
20.1024 
20.2843 
53.1229 
53.4715 
53.4921 
53.4715 
92.2036 
92.7406 
92.6377 
92.7406 
77.617 
79.2652 
78.6995 
79.2652 
49.4305 
49.4092 
49.4871 
49.4092 
42.121 
40.2756 
41.7658 
40.2756 
65.4756 
63.9066 
64.6909 
63.9066 
50.5188 
50.9834 
51.25 
50.9834 
17.3768 
17.3315 
17.1201 
17.3315 
17.0872 
17.3327 
17.4088 
17.3327 
24.4624 
25.4105 
24.8897 
25.4105 
48.0084 
48.9162 
48.2542 
48.9162 
18.7235 
18.5565 
18.7358 
18.5565 
37.5802 
36.6284 
38.3307 
36.6284 
52.9195 
52.4045 
52.7328 
52.4045 
50.4122 
51.5429 
51.6044 
51.5429 
95.0431 
93.5172 
94.3228 
93.5172 
31.1421 
32.4181 
29.7454 
32.4181 
35.4478 
35.9895 
35.7855 
35.9895 
69.0249 
68.3954 
68.9648 
68.3954 
52.6272 
52.06 
51.6044 
52.06 
78.4935 
79.0801 
78.8193 
79.0801 
54.1528 
55.8573 
55.7054 
55.8573 
93.3272 
92.9013 
94.2705 
92.9013 
91.4238 
91.4834 
90.9482 
91.4834 
22.4885 
21.6928 
21.7926 
21.6928 
33.6475 
34.4163 
37.8371 
34.4163 
22.4045 
22.3238 
22.7923 
22.3238 
25.3452 
25.4062 
25.7019 
25.4062 
51.25 
51.8277 
51.4536 
51.8277 
52.7322 
52.0256 
51.8568 
52.0256 
88.2731 
87.8459 
88.7292 
87.8459 
65.0004 
65.1 
63.8984 
65.1 
92.4949 
92.7406 
92.2036 
92.7406 
52.8823 
53.3278 
52.5 
53.3278 
28.6021 
24.5203 
25.0242 
24.5203 
17.5626 
18.0424 
17.9931 
18.0424 
79.3992 
80.0937 
79.4577 
80.0937 
83.6326 
85.4528 
85.2987 
85.4528 
26.7114 
26.9612 
28.2974 
26.9612 
48.9106 
47.7819 
47.6563 
47.7819 
38.7479 
38.1897 
37.6282 
38.1897 
35.5225 
35.3368 
34.4597 
35.3368 
37.2079 
37.1139 
37.3493 
37.1139 
43.2436 
43.3174 
43.6275 
43.3174 
92.9013 
94.3127 
94.2705 
94.3127 
100 
99.851 
96.9672 
99.851 
67.7964 
66.59 
67.4352 
66.59 
22.1875 
20.8471 
20.8781 
20.8471 
86.7207 
83.9687 
84.0338 
83.9687 
41.2675 
40.7305 
41.0665 
40.7305 
15.9213 
15.2544 
15.9162 
15.2544 
36.2073 
36.5946 
36.6079 
36.5946 
92.1074 
91.4238 
92.3102 
91.4238 
79.0643 
78.0828 
78.0132 
78.0828 
14.2035 
14.7728 
15.2544 
14.7728 
85.6132 
89.1736 
86.7207 
89.1736 
36.9572 
35.0506 
36.6242 
35.0506 
40.8403 
39.6371 
41.1037 
39.6371 
35.7083 
31.9136 
34.6507 
31.9136 
20.8118 
21.4673 
21.1661 
21.4673 
53.599 
51.8862 
52.2323 
51.8862 
85.7942 
86.2895 
86.56 
86.2895 
28.686 
28.6021 
25.0242 
28.6021 
89.9233 
90.5988 
89.6936 
90.5988 
49.7072 
49.3586 
49.5344 
49.3586 
85.6971 
84.986 
85.5821 
84.986 
83.8371 
81.7921 
83.3223 
81.7921 
97.7661 
94.7084 
95.7746 
94.7084 
55.6679 
55.5124 
57.0773 
55.5124 
36.2634 
36.6284 
35.6442 
36.6284 
74.9989 
73.6979 
72.7504 
73.6979 
44.9156 
44.4513 
44.1229 
44.4513 
35.3368 
34.7129 
34.4597 
34.7129 
40.5159 
41.8893 
40.6115 
41.8893 
79.2873 
78.748 
78.8193 
78.748 
20.6869 
19.9028 
20.3336 
19.9028 
55.3682 
54.5361 
56.5135 
54.5361 
69.5526 
69.0249 
68.9648 
69.0249 
80.1636 
79.5102 
79.6658 
79.5102 
47.7819 
46.5779 
47.6563 
46.5779 
82.5872 
83.3223 
82.1855 
83.3223 
36.2594 
35.4692 
37.78 
35.4692 
37.7392 
39.5775 
38.1232 
39.5775 
26.5894 
26.5135 
27.6631 
26.5135 
85.3464 
83.9762 
85.373 
83.9762 
91.495 
90.5988 
90.6161 
90.5988 
82.2228 
82.118 
82.3793 
82.118 
44.2508 
44.2389 
43.7156 
44.2389 
88.2731 
87.4584 
87.8459 
87.4584 
18.382 
17.5519 
17.5394 
17.5519 
47.1746 
46.4226 
46.4363 
46.4226 
71.7919 
71.9703 
71.848 
71.9703 
26.9612 
26.7114 
26.7769 
26.7114 
62.7551 
62.6929 
61.7103 
62.6929 
46.8631 
46.72 
46.7415 
46.72 
93.8543 
94.6679 
92.7542 
94.6679 
81.5373 
83.6326 
82.3514 
83.6326 
41.5897 
40.9788 
41.2599 
40.9788 
46.6459 
46.7646 
46.4792 
46.7646 
80.061 
80.0937 
80.6021 
80.0937 
56.7639 
54.219 
55.6679 
54.219 
93.5172 
93.3272 
94.3228 
93.3272 
54.9869 
56.3654 
55.5124 
56.3654 
82.5872 
84.0805 
83.3223 
84.0805 
25.0651 
25.3452 
25.5344 
25.3452 
85.1562 
85.5346 
85.7565 
85.5346 
37.148 
36.8041 
37.125 
36.8041 
79.3078 
78.141 
79.3784 
78.141 
21.6928 
22.4885 
22.2972 
22.4885 
69.8544 
69.1937 
69.4405 
69.1937 
40.1961 
41.462 
40.8332 
41.462 
82.2239 
83.5348 
82.6947 
83.5348 
43.3734 
43.0726 
43.6791 
43.0726 
82.4921 
84.2463 
83.4071 
84.2463 
33.6123 
32.7091 
34.3331 
32.7091 
57.8567 
59.3911 
59.0992 
59.3911 
17.2675 
16.6646 
16.59 
16.6646 
69.5693 
67.9296 
68.191 
67.9296 
17.0872 
17.4088 
17.0804 
17.4088 
86.1285 
85.9957 
86.5218 
85.9957 
50.2844 
47.7819 
48.9106 
47.7819 
48.9162 
49.0117 
49.3586 
49.0117 
21.4673 
21.6711 
21.363 
21.6711 
50.907 
51.4729 
50.837 
51.4729 
10 
10 
10.6792 
10 
21.1502 
21.0821 
21.6068 
21.0821 
55.3883 
57.9838 
56.3654 
57.9838 
80.9985 
82.0823 
81.3989 
82.0823 
21.1661 
21.1338 
20.8022 
21.1338 
13.4667 
12.6027 
14.2051 
12.6027 
47.5795 
49.4439 
48.9765 
49.4439 
78.1267 
77.3656 
77.8437 
77.3656 
82.1628 
82.0398 
82.4145 
82.0398 
15.2544 
15.9213 
15.1658 
15.9213 
20.0585 
19.4587 
20.4246 
19.4587 
86.0921 
85.6965 
85.567 
85.6965 
17.2462 
17.1733 
17.7262 
17.1733 
80.7491 
79.3078 
79.3784 
79.3078 
39.0384 
38.9409 
39.5108 
38.9409 
15.8227 
13.3484 
13.8931 
13.3484 
51.7699 
50.5255 
51.1013 
50.5255 
70.2472 
67.9709 
68.9403 
67.9709 
16.59 
16.6646 
15.8856 
16.6646 
26.7769 
26.7619 
26.6282 
26.7619 
67.8191 
70.4519 
69.5526 
70.4519 
63.1537 
63.6625 
62.1597 
63.6625 
20.029 
20.8337 
20.8781 
20.8337 
48.0084 
49.0117 
48.9162 
49.0117 
66.7403 
66.9489 
66.7936 
66.9489 
17.2359 
17.3768 
17.1201 
17.3768 
18.6728 
18.4248 
18.6151 
18.4248 
69.0249 
70.2084 
69.6441 
70.2084 
52.6272 
51.6044 
52.5 
51.6044 
67.6986 
69.0249 
69.6441 
69.0249 
44.2389 
43.8986 
43.7156 
43.8986 
24.3223 
25.0029 
24.9493 
25.0029 
43.719 
42.3986 
44.1229 
42.3986 
63.644 
63.8441 
62.671 
63.8441 
46.2715 
44.6551 
45.3207 
44.6551 
19.4837 
19.3005 
18.6439 
19.3005 
43.6791 
43.0726 
43.5487 
43.0726 
33.6391 
32.4181 
32.95 
32.4181 
87.342 
87.1575 
86.5727 
87.1575 
99.9743 
99.9196 
99.8081 
99.9196 
91.1316 
90.2789 
91.3732 
90.2789 
65.1 
64.4422 
63.8984 
64.4422 
69.0249 
69.5526 
70.2084 
69.5526 
66.7403 
66.4213 
66.9489 
66.4213 
65.8736 
65.0713 
65.2757 
65.0713 
56.3654 
54.9869 
55.3101 
54.9869 
85.597 
86.1444 
85.9919 
86.1444 
43.2221 
44.5747 
45.0145 
44.5747 
81.769 
81.7594 
82.4307 
81.7594 
69.9047 
72.5076 
71.5792 
72.5076 
17.5394 
17.3768 
17.2359 
17.3768 
43.719 
43.2687 
42.5797 
43.2687 
50.18 
50.907 
50.837 
50.907 
88.2905 
87.2399 
86.7851 
87.2399 
18.118 
18.5565 
18.7235 
18.5565 
18.4819 
17.8692 
18.4248 
17.8692 
52.5405 
52.7322 
53.339 
52.7322 
43.6791 
43.5487 
44.0918 
43.5487 
53.599 
52.2323 
52.9901 
52.2323 
21.1338 
21.1838 
20.8022 
21.1838 
49.3586 
49.4357 
49.5344 
49.4357 
25.0029 
24.3223 
23.9949 
24.3223 
70.3619 
69.3393 
69.7948 
69.3393 
71.7188 
71.7314 
71.525 
71.7314 
82.2773 
82.2228 
82.3793 
82.2228 
15.6762 
15.4394 
16.0254 
15.4394 
80.507 
80.5785 
80.9517 
80.5785 
89.428 
89.1736 
90.1682 
89.1736 
46.8484 
47.1742 
47.2072 
47.1742 
17.4966 
17.1026 
17.2907 
17.1026 
55.6679 
54.219 
54.5875 
54.219 
31.9136 
33.0172 
34.6507 
33.0172 
13.031 
13.97 
12.0854 
13.97 
81.301 
80.6037 
80.6266 
80.6037 
66.8543 
66.9517 
66.9614 
66.9517 
23.9003 
22.1084 
22.972 
22.1084 
79.0481 
79.9625 
79.9976 
79.9625 
77.4835 
78.7499 
78.6928 
78.7499 
54.9003 
55.3883 
55.3101 
55.3883 
46.0432 
45.7953 
47.0953 
45.7953 
90.9094 
90.5767 
89.4312 
90.5767 
46.9852 
46.2715 
47.0501 
46.2715 
74.2806 
73.2105 
76.7382 
73.2105 
64.5302 
64.5203 
64.5349 
64.5203 
86.0589 
85.6971 
85.5821 
85.6971 
14.3613 
14.2528 
12.8104 
14.2528 
92.9013 
92.3102 
91.5227 
92.3102 
80.9244 
81.2771 
81.2618 
81.2771 
93.5119 
93.1631 
93.5223 
93.1631 
14.4027 
15.6587 
14.9347 
15.6587 
66.0998 
66.8999 
67.9709 
66.8999 
55.6369 
54.1528 
55.7054 
54.1528 
49.4092 
49.5046 
49.4871 
49.5046 
62.6531 
63.644 
62.671 
63.644 
53.706 
52.7303 
52.989 
52.7303 
20.0349 
21.2271 
20.4246 
21.2271 
81.9706 
81.2656 
81.4892 
81.2656 
11.1762 
11.3165 
10.6792 
11.3165 
76.5621 
75.3135 
76.6256 
75.3135 
59.3911 
61.1435 
59.9621 
61.1435 
17.7564 
17.2907 
17.4432 
17.2907 
47.3504 
47.0747 
47.5099 
47.0747 
19.1485 
19.5876 
18.4817 
19.5876 
52.6382 
52.06 
52.6272 
52.06 
24.4984 
23.5189 
24.4624 
23.5189 
25.0476 
25.4629 
25.1902 
25.4629 
21.6928 
21.2846 
21.7926 
21.2846 
69.6441 
70.2084 
70.5365 
70.2084 
94.7084 
90.0444 
92.6031 
90.0444 
20.0468 
19.6661 
19.7936 
19.6661 
34.5495 
36.0264 
35.3307 
36.0264 
67.128 
67.7386 
67.2695 
67.7386 
48.3712 
48.8562 
49.0838 
48.8562 
25.4629 
25.4062 
25.1902 
25.4062 
10 
10.68 
10.7107 
10.68 
24.0271 
28.7639 
25.5516 
28.7639 
36.8488 
37.7392 
37.5436 
37.7392 
94.9659 
93.7651 
93.9533 
93.7651 
71.2248 
72.5944 
71.1572 
72.5944 
81.3636 
82.4239 
81.5883 
82.4239 
26.1479 
24.4715 
25.9642 
24.4715 
83.3065 
84.1473 
83.708 
84.1473 
21.0423 
20.0585 
20.8953 
20.0585 
15.2449 
14.0724 
14.7106 
14.0724 
24.1141 
23.5189 
22.4005 
23.5189 
78.4834 
78.4935 
78.8193 
78.4935 
19.4773 
20.7062 
19.8533 
20.7062 
17.6743 
18.2391 
17.3887 
18.2391 
53.1634 
52.9933 
53.2305 
52.9933 
19.3005 
20.7422 
19.4822 
20.7422 
18.272 
18.0586 
17.3897 
18.0586 
92.2964 
90.9644 
92.1283 
90.9644 
48.8915 
49.6023 
49.2011 
49.6023 
43.3189 
42.6091 
41.7658 
42.6091 
37.4734 
37.148 
37.125 
37.148 
43.3174 
43.6259 
43.6275 
43.6259 
22.5675 
22.0756 
22.2514 
22.0756 
42.121 
42.6091 
44.0843 
42.6091 
34.9143 
35.0861 
35.3317 
35.0861 
12.5181 
11.9694 
13.6397 
11.9694 
44.8863 
45.8805 
44.9221 
45.8805 
65.1144 
64.7575 
65.8303 
64.7575 
63.8441 
64.7393 
64.3302 
64.7393 
85.7304 
84.852 
85.4151 
84.852 
47.4964 
47.1746 
46.4363 
47.1746 
84.1473 
84.8621 
84.2024 
84.8621 
19.0967 
18.5753 
19.4822 
18.5753 
42.3986 
43.719 
42.5797 
43.719 
90.5988 
91.495 
92.4063 
91.495 
73.4194 
72.3101 
72.4367 
72.3101 
83.2546 
82.632 
82.6599 
82.632 
20.6249 
21.1329 
21.3194 
21.1329 
93.7651 
93.2742 
93.9533 
93.2742 
67.9296 
67.3674 
67.2077 
67.3674 
98.8378 
100 
99.5414 
100 
45.7047 
46.3722 
47.13 
46.3722 
17.1046 
17.0528 
17.3548 
17.0528 
19.9875 
20.8118 
20.4345 
20.8118 
38.789 
38.1655 
40.6667 
38.1655 
99.9975 
100 
99.9871 
100 
38.865 
37.5912 
37.78 
37.5912 
83.6856 
82.3123 
82.4307 
82.3123 
17.9931 
18.0424 
18.3066 
18.0424 
49.3586 
49.7072 
49.3918 
49.7072 
39.5108 
40.0368 
40.2424 
40.0368 
64.3522 
64.7575 
64.335 
64.7575 
59.3911 
62.9237 
61.1435 
62.9237 
93.7651 
93.8347 
93.5223 
93.8347 
15.4394 
15.6946 
16.0254 
15.6946 
64.5102 
64.511 
64.5072 
64.511 
18.4248 
18.0586 
18.6151 
18.0586 
37.1139 
36.9572 
37.3493 
36.9572 
63.4644 
62.229 
62.3855 
62.229 
79.9506 
79.0481 
79.9976 
79.0481 
81.5589 
80.3515 
81.7594 
80.3515 
43.2221 
45.0145 
44.6616 
45.0145 
87.8895 
88.5071 
88.572 
88.5071 
32.95 
32.4181 
31.1421 
32.4181 
91.2545 
90.9094 
91.7087 
90.9094 
18.438 
18.7235 
18.9791 
18.7235 
65.7417 
66.7478 
66.1935 
66.7478 
50.6553 
50.9834 
50.5188 
50.9834 
43.3734 
42.8151 
43.0726 
42.8151 
21.0955 
21.3505 
20.6617 
21.3505 
82.6606 
82.1628 
82.4145 
82.1628 
35.7855 
35.9802 
35.7734 
35.9802 
50.77 
51.25 
51.4536 
51.25 
53.2109 
52.9195 
52.7328 
52.9195 
66.4213 
63.1578 
66.3921 
63.1578 
66.8767 
67.1286 
67.0513 
67.1286 
11.5064 
12.5196 
12.8104 
12.5196 
82.2648 
82.2551 
82.2773 
82.2551 
55.3883 
56.3654 
55.3101 
56.3654 
38.8123 
39.214 
38.9738 
39.214 
63.9245 
64.3302 
65.027 
64.3302 
83.6394 
83.2546 
82.6599 
83.2546 
63.8441 
64.3302 
63.2672 
64.3302 
39.0278 
39.5583 
39.214 
39.5583 
99.351 
100 
99.3829 
100 
13.6397 
11.9694 
13.3702 
11.9694 
17.0182 
16.8829 
17.0804 
16.8829 
83.0782 
83.3065 
83.708 
83.3065 
66.4257 
66.5808 
66.5226 
66.5808 
53.355 
53.061 
52.943 
53.061 
72.5944 
71.2248 
72.4144 
71.2248 
97.7661 
95.7746 
99.8081 
95.7746 
87.4271 
88.573 
87.2752 
88.573 
81.0861 
80.3515 
79.7355 
80.3515 
33.6391 
32.95 
34.4597 
32.95 
20.3832 
20.9917 
19.0865 
20.9917 
93.3272 
92.8491 
92.3102 
92.8491 
52.6381 
53.354 
51.7699 
53.354 
19.9028 
19.2538 
19.809 
19.2538 
54.6129 
54.2627 
54.9003 
54.2627 
12.1906 
13.031 
12.0854 
13.031 
89.3218 
88.573 
89.4784 
88.573 
23.3648 
24.1128 
22.5683 
24.1128 
18.5753 
19.0967 
18.5692 
19.0967 
77.0706 
76.4442 
77.4129 
76.4442 
25.3452 
25.0383 
25.1902 
25.0383 
86.4707 
88.1274 
87.4452 
88.1274 
88.573 
89.3218 
88.4723 
89.3218 
19.5876 
20.8471 
19.077 
20.8471 
15.3391 
15.3264 
15.3299 
15.3264 
58.7314 
59.1172 
60.286 
59.1172 
66.9915 
66.9517 
66.9842 
66.9517 
25.0383 
25.3452 
25.0651 
25.3452 
51.1013 
50.4122 
51.6044 
50.4122 
17.8519 
18.8576 
18.3025 
18.8576 
24.4984 
24.9013 
24.4652 
24.9013 
88.3349 
88.7142 
88.3022 
88.7142 
14.2035 
15.2544 
15.1658 
15.2544 
92.8816 
93.1631 
93.5119 
93.1631 
100 
98.8378 
98.7994 
98.8378 
19.2583 
18.382 
17.8254 
18.382 
44.1198 
45.051 
44.2327 
45.051 
67.6667 
68.2795 
67.6027 
68.2795 
47.2451 
48.379 
47.5099 
48.379 
10.4902 
11.2362 
11.0418 
11.2362 
43.7156 
43.6259 
43.4678 
43.6259 
87.8895 
87.1575 
87.342 
87.1575 
70.0899 
69.9 
70.1813 
69.9 
88.1635 
87.1575 
87.8895 
87.1575 
78.4935 
78.4834 
77.9262 
78.4834 
19.2583 
17.8254 
18.1825 
17.8254 
44.5851 
43.3415 
42.2079 
43.3415 
33.3815 
37.0955 
35.4692 
37.0955 
47.1742 
46.8484 
47.1737 
46.8484 
90.9644 
92.2964 
91.3732 
92.2964 
50.0614 
50.8241 
50.907 
50.8241 
64.9585 
63.9245 
65.027 
63.9245 
50.2844 
48.9106 
50.18 
48.9106 
80.6153 
80.6111 
80.6315 
80.6111 
84.1473 
83.3065 
84.1008 
83.3065 
79.0107 
79.4347 
78.9409 
79.4347 
80.6037 
79.0265 
80.6266 
79.0265 
17.996 
18.2674 
17.7262 
18.2674 
40.0368 
40.5417 
40.2424 
40.5417 
86.6376 
87.3601 
87.1122 
87.3601 
67.3156 
68.0308 
67.9173 
68.0308 
46.6362 
46.8484 
47.2072 
46.8484 
79.147 
78.6995 
79.711 
78.6995 
52.5796 
52.4218 
52.7683 
52.4218 
74.5155 
74.7961 
73.5732 
74.7961 
17.1568 
17.1026 
17.4966 
17.1026 
10.8536 
11.0933 
11.4624 
11.0933 
83.8371 
83.3223 
84.7266 
83.3223 
21.3985 
22.0613 
21.7926 
22.0613 
48.4383 
49.3501 
49.3647 
49.3501 
90.9239 
92.3772 
92.0073 
92.3772 
17.1046 
17.3548 
17.8178 
17.3548 
18.4819 
18.4248 
18.9986 
18.4248 
44.3657 
43.6323 
44.2414 
43.6323 
19.7081 
19.8505 
19.579 
19.8505 
71.2248 
71.4422 
72.4144 
71.4422 
53.8828 
53.6966 
53.4921 
53.6966 
10.7011 
11.9151 
11.367 
11.9151 
10 
11.3165 
11.3602 
11.3165 
49.1207 
48.5883 
49.5589 
48.5883 
53.3278 
54.1528 
52.6272 
54.1528 
64.3302 
63.9245 
63.2672 
63.9245 
19.2123 
20.6249 
21.063 
20.6249 
16.1822 
15.6762 
16.0254 
15.6762 
64.6857 
64.5302 
64.5349 
64.5302 
66.9086 
66.9471 
66.9177 
66.9471 
87.2752 
88.573 
88.4723 
88.573 
52.5971 
52.7328 
52.2168 
52.7328 
40.9788 
40.5417 
41.2599 
40.5417 
73.4194 
72.4367 
73.5974 
72.4367 
54.9765 
54.8227 
54.8045 
54.8227 
77.3656 
78.4717 
77.7706 
78.4717 
80.9266 
78.9639 
79.4964 
78.9639 
12.7386 
14.7728 
14.2035 
14.7728 
24.1192 
25.2551 
25.0029 
25.2551 
36.0791 
36.2073 
35.9895 
36.2073 
35.9578 
35.8157 
35.6263 
35.8157 
52.7328 
52.4045 
52.2168 
52.4045 
18.9407 
19.6348 
19.3476 
19.6348 
49.3529 
49.4305 
49.3308 
49.4305 
70.4519 
71.3377 
69.5526 
71.3377 
16.52 
17.3242 
17.3719 
17.3242 
40.0892 
39.5367 
38.6277 
39.5367 
44.3657 
44.9156 
44.1229 
44.9156 
85.1562 
85.0898 
85.5346 
85.0898 
80.507 
80.0566 
80.5785 
80.0566 
55.5124 
55.6679 
54.6928 
55.6679 
22.2972 
22.4885 
23.3314 
22.4885 
69.1144 
69.159 
70.3065 
69.159 
86.7851 
86.9082 
87.7397 
86.9082 
15.8599 
15.2095 
15.1503 
15.2095 
23.4369 
23.8494 
22.7715 
23.8494 
84.6721 
84.3437 
84.2746 
84.3437 
90.0444 
87.2399 
88.2905 
87.2399 
46.8631 
46.9023 
46.72 
46.9023 
38.1897 
37.5079 
37.3493 
37.5079 
64.5057 
64.5021 
64.5072 
64.5021 
37.0955 
39.258 
37.78 
39.258 
80.6021 
80.8491 
80.5695 
80.8491 
43.2295 
45.6377 
44.8659 
45.6377 
14.1848 
13.4667 
14.2051 
13.4667 
71.6587 
70.8159 
71.525 
70.8159 
49.6896 
49.387 
48.9105 
49.387 
80.1325 
80.3853 
80.1791 
80.3853 
52.0256 
50.2844 
51.3951 
50.2844 
20.9917 
18.7987 
19.0865 
18.7987 
57.3978 
56.1827 
57.8567 
56.1827 
81.0065 
80.9084 
81.3515 
80.9084 
17.2352 
17.0182 
17.0804 
17.0182 
81.5883 
80.7245 
80.9517 
80.7245 
82.4307 
81.7594 
82.5591 
81.7594 
40.1961 
41.0664 
41.462 
41.0664 
45.051 
45.2556 
44.2327 
45.2556 
77.4763 
75.9924 
76.3733 
75.9924 
82.4743 
83.5914 
83.3578 
83.5914 
45.7544 
45.1159 
45.8321 
45.1159 
64.7393 
63.8441 
64.3404 
63.8441 
55.5124 
56.3654 
57.0773 
56.3654 
50.0614 
50.907 
50.18 
50.907 
21.1338 
21.2971 
21.427 
21.2971 
90.1682 
90.4284 
91.5227 
90.4284 
66.59 
66.7863 
65.0414 
66.7863 
53.8828 
55.3014 
54.6645 
55.3014 
93.0773 
94.1332 
92.2964 
94.1332 
68.9213 
67.8824 
69.015 
67.8824 
95.3707 
94.988 
97.2713 
94.988 
52.562 
52.8494 
52.2805 
52.8494 
15.3646 
13.8867 
14.9728 
13.8867 
35.3368 
35.4563 
34.9248 
35.4563 
15.3433 
15.3626 
15.3299 
15.3626 
63.6625 
62.9626 
62.1597 
62.9626 
80.6111 
80.6153 
80.6155 
80.6153 
48.4383 
48.2735 
49.3501 
48.2735 
80.3234 
80.4802 
80.275 
80.4802 
41.2675 
41.4785 
41.5483 
41.4785 
54.5361 
55.3682 
53.5952 
55.3682 
86.8591 
87.1139 
84.8046 
87.1139 
52.7303 
51.2939 
52.2805 
51.2939 
84.852 
83.6651 
83.3878 
83.6651 
11.3228 
11.1672 
10.8081 
11.1672 
82.118 
82.6599 
82.3793 
82.6599 
42.6091 
42.121 
41.7658 
42.121 
16.1052 
17.2346 
16.4786 
17.2346 
42.8821 
43.3189 
41.8448 
43.3189 
19.5876 
20.029 
20.8781 
20.029 
42.6683 
40.6667 
42.3479 
40.6667 
21.9914 
22.4297 
21.5072 
22.4297 
64.511 
64.5102 
64.5124 
64.5102 
17.4088 
17.3327 
17.7826 
17.3327 
85.6132 
86.7207 
84.0338 
86.7207 
38.1897 
38.7479 
39.6529 
38.7479 
17.996 
18.5608 
18.2674 
18.5608 
88.8356 
88.7142 
89.1601 
88.7142 
90.5988 
90.1746 
89.7226 
90.1746 
27.1115 
28.297 
27.982 
28.297 
24.6837 
24.033 
24.4652 
24.033 
47.2033 
47.498 
45.889 
47.498 
86.4707 
86.2895 
85.5866 
86.2895 
18.438 
19.1485 
18.4817 
19.1485 
82.6599 
82.632 
82.3793 
82.632 
15.9213 
15.9162 
16.3599 
15.9162 
51.4729 
51.8862 
51.3951 
51.8862 
53.4913 
53.2109 
53.061 
53.2109 
16.4752 
17.1733 
16.645 
17.1733 
54.9003 
54.2627 
54.5521 
54.2627 
85.6965 
86.0921 
86.3026 
86.0921 
93.3272 
94.2705 
94.3228 
94.2705 
69.6092 
68.3342 
69.1144 
68.3342 
22.2764 
23.4369 
22.7715 
23.4369 
45.9005 
45.7544 
45.8321 
45.7544 
80.1636 
79.6658 
80.3859 
79.6658 
80.0074 
79.711 
80.6547 
79.711 
64.7675 
65.2852 
65.0422 
65.2852 
22.0613 
21.3985 
21.6012 
21.3985 
46.9363 
46.4226 
47.1746 
46.4226 
80.9084 
81.3572 
81.3515 
81.3572 
87.1469 
87.4608 
87.2138 
87.4608 
24.7516 
23.4631 
24.4267 
23.4631 
69.0249 
67.6986 
66.8563 
67.6986 
35.3368 
34.9248 
34.7129 
34.9248 
87.1897 
86.1285 
86.5218 
86.1285 
43.9679 
41.5731 
44.1682 
41.5731 
58.7344 
59.3301 
57.4707 
59.3301 
80.7245 
80.507 
80.9517 
80.507 
82.0837 
82.0641 
82.2557 
82.0641 
46.8483 
46.7234 
47.147 
46.7234 
20.2843 
22.0945 
20.3864 
22.0945 
37.4779 
37.282 
38.1232 
37.282 
67.6899 
67.1276 
66.3993 
67.1276 
44.6763 
43.3189 
42.8821 
43.3189 
65.7209 
64.9585 
65.027 
64.9585 
15.5846 
16.2968 
15.642 
16.2968 
19.9028 
19.809 
20.3336 
19.809 
14.9887 
14.2981 
14.9876 
14.2981 
36.9572 
36.6242 
37.2368 
36.6242 
34.7867 
33.3272 
35.1521 
33.3272 
81.0757 
81.4222 
81.6204 
81.4222 
53.7584 
54.268 
54.319 
54.268 
76.7382 
77.5525 
77.9262 
77.5525 
50.5255 
51.7699 
51.0396 
51.7699 
34.9143 
35.3317 
35.6263 
35.3317 
69.1937 
69.8544 
69.7948 
69.8544 
52.0947 
52.5971 
52.2168 
52.5971 
14.7728 
15.5452 
15.4843 
15.5452 
42.6683 
38.789 
40.6667 
38.789 
35.0861 
35.4478 
35.3317 
35.4478 
52.7719 
52.8287 
52.3485 
52.8287 
69.9047 
69.328 
67.7964 
69.328 
18.7716 
17.9931 
18.3066 
17.9931 
44.4513 
44.9156 
45.1241 
44.9156 
25.0297 
25.0651 
25.5344 
25.0651 
83.6651 
81.7573 
82.2293 
81.7573 
89.7708 
91.1316 
90.9567 
91.1316 
90.2197 
89.428 
90.5198 
89.428 
35.9578 
36.6187 
35.8157 
36.6187 
36.7537 
38.1655 
36.8999 
38.1655 
70.3619 
69.5617 
69.3393 
69.5617 
15.3626 
15.3391 
15.3299 
15.3391 
79.3254 
79.7396 
80.3085 
79.7396 
47.4964 
48.4122 
47.1746 
48.4122 
66.9454 
66.9489 
67.1563 
66.9489 
52.7859 
53.1229 
53.211 
53.1229 
90.5988 
89.9233 
90.6161 
89.9233 
85.8647 
87.4271 
87.2752 
87.4271 
80.9266 
79.4964 
80.4569 
79.4964 
39.0278 
39.214 
38.8123 
39.214 
36.6284 
35.3628 
35.6442 
35.3628 
19.1485 
18.438 
18.9791 
18.438 
40.5417 
40.9788 
40.2424 
40.9788 
85.3368 
85.684 
85.282 
85.684 
89.7226 
90.1746 
89.4752 
90.1746 
63.9044 
63.5692 
63.1263 
63.5692 
25.2551 
25.5675 
25.0029 
25.5675 
16.596 
17.2916 
17.3897 
17.2916 
43.6791 
44.2508 
43.7156 
44.2508 
86.6298 
86.9421 
86.2645 
86.9421 
42.1982 
44.5851 
42.2079 
44.5851 
80.6151 
80.6111 
80.6155 
80.6111 
63.9066 
60.3384 
63.7457 
60.3384 
23.2247 
21.6637 
22.4297 
21.6637 
45.4857 
46.2346 
45.7809 
46.2346 
58.8777 
57.8567 
59.0992 
57.8567 
92.2036 
92.6377 
91.9902 
92.6377 
17.7564 
17.4966 
17.2907 
17.4966 
54.6928 
55.6679 
54.5875 
55.6679 
63.0026 
63.1578 
60.2124 
63.1578 
86.56 
86.2895 
86.8877 
86.2895 
89.9336 
90.2197 
89.9552 
90.2197 
69.6092 
69.1144 
70.3065 
69.1144 
63.4644 
62.8175 
64.54 
62.8175 
45.7047 
47.13 
46.7841 
47.13 
37.4779 
38.1232 
38.4301 
38.1232 
83.6694 
82.8278 
83.0782 
82.8278 
20.2573 
20.1024 
20.3308 
20.1024 
17.1046 
15.8599 
16.5345 
15.8599 
24.4267 
23.4631 
23.8494 
23.4631 
17.2346 
17.0225 
16.4786 
17.0225 
51.7699 
53.354 
52.1136 
53.354 
43.3734 
43.7156 
43.4678 
43.7156 
12.0481 
12.0781 
11.4829 
12.0781 
49.3308 
49.4305 
49.4357 
49.4305 
68.054 
68.5835 
68.9403 
68.5835 
16.8656 
17.1408 
17.2907 
17.1408 
21.0955 
20.6617 
20.5889 
20.6617 
24.9013 
24.4984 
24.8897 
24.4984 
99.9812 
99.9887 
99.9871 
99.9887 
80.8491 
80.6315 
80.5695 
80.6315 
70.3619 
69.7948 
70.2237 
69.7948 
22.1875 
20.8337 
21.5107 
20.8337 
69.015 
69.8393 
70.8856 
69.8393 
49.6245 
49.6896 
48.9105 
49.6896 
25.4062 
25.3452 
25.1902 
25.3452 
42.2849 
44.2436 
43.3496 
44.2436 
91.495 
95.0012 
92.4063 
95.0012 
16.8829 
16.5509 
16.686 
16.5509 
45.8414 
46.8484 
46.6362 
46.8484 
99.351 
98.0123 
99.0551 
98.0123 
17.1733 
17.2462 
16.645 
17.2462 
26.6801 
25.4629 
25.6172 
25.4629 
17.3242 
16.52 
16.5688 
16.52 
66.9489 
66.9454 
66.7936 
66.9454 
42.121 
39.6181 
40.2756 
39.6181 
17.2916 
18.272 
17.3897 
18.272 
88.2905 
86.7851 
87.7397 
86.7851 
92.6377 
92.7406 
93.3312 
92.7406 
67.6027 
67.3034 
67.0064 
67.3034 
50.9834 
50.685 
51.3017 
50.685 
65.1441 
65.7824 
65.3925 
65.7824 
52.2323 
52.0195 
52.4849 
52.0195 
81.2771 
81.5098 
81.2618 
81.5098 
48.2641 
47.3504 
47.5099 
47.3504 
34.7129 
34.3465 
34.4597 
34.3465 
39.6371 
37.736 
37.8371 
37.736 
78.4049 
77.4872 
78.0617 
77.4872 
18.2391 
17.6743 
18.401 
17.6743 
83.0782 
82.8278 
82.1756 
82.8278 
11.3228 
12.0481 
11.4829 
12.0481 
21.1661 
21.4673 
21.363 
21.4673 
52.2323 
51.8862 
51.4729 
51.8862 
92.3102 
91.4238 
91.5227 
91.4238 
81.4695 
81.5373 
82.3514 
81.5373 
89.889 
89.3218 
90.0156 
89.3218 
26.2359 
25.7397 
27.5055 
25.7397 
18.118 
18.7235 
18.438 
18.7235 
51.3951 
51.8862 
51.8568 
51.8862 
20.9917 
21.6388 
22.2675 
21.6388 
52.5185 
52.8823 
52.5 
52.8823 
60.6193 
59.0709 
59.9748 
59.0709 
66.9471 
67.2279 
66.9177 
67.2279 
36.6079 
36.5946 
36.9484 
36.5946 
81.499 
81.5589 
81.769 
81.5589 
81.9471 
82.0823 
82.4921 
82.0823 
72.8179 
74.9989 
72.7504 
74.9989 
63.1537 
63.8013 
63.6625 
63.8013 
82.7614 
82.6606 
82.4145 
82.6606 
21.1838 
21.1338 
21.427 
21.1338 
40.7305 
40.9788 
41.0665 
40.9788 
88.8356 
88.5071 
88.3022 
88.5071 
78.141 
77.8649 
76.8771 
77.8649 
80.0566 
78.4049 
79.147 
78.4049 
66.7863 
66.59 
67.7964 
66.59 
15.9205 
17.2916 
16.596 
17.2916 
18.0586 
18.272 
18.6151 
18.272 
62.6929 
64.1059 
64.0827 
64.1059 
62.3908 
63.1503 
62.7033 
63.1503 
62.8442 
62.0148 
62.3911 
62.0148 
15.1503 
15.2095 
14.9876 
15.2095 
80.061 
79.2873 
79.7055 
79.2873 
80.4423 
82.0226 
81.3726 
82.0226 
78.748 
78.4834 
78.8193 
78.4834 
54.2627 
54.1849 
54.5521 
54.1849 
53.706 
54.4496 
54.6928 
54.4496 
81.7594 
80.3515 
81.0861 
80.3515 
77.3347 
77.626 
77.5292 
77.626 
71.6182 
73.4812 
73.2763 
73.4812 
13.6341 
14.8362 
14.9734 
14.8362 
53.4913 
53.061 
53.355 
53.061 
63.1503 
64.9966 
63.5733 
64.9966 
60.3384 
57.1836 
56.8083 
57.1836 
20.1477 
19.2583 
20.412 
19.2583 
71.9577 
71.7861 
71.8317 
71.7861 
70.8159 
69.6092 
70.3065 
69.6092 
60.6193 
59.1019 
59.0709 
59.1019 
26.8478 
26.9425 
26.2979 
26.9425 
19.4587 
18.2476 
18.9721 
18.2476 
15.8541 
16.6594 
16.59 
16.6594 
18.118 
18.438 
17.6607 
18.438 
69.159 
70.5805 
70.3065 
70.5805 
77.8649 
75.7539 
76.8771 
75.7539 
21.4826 
21.8795 
21.427 
21.8795 
89.4615 
89.354 
90.9239 
89.354 
84.2463 
86.8591 
84.8046 
86.8591 
82.6606 
82.7614 
83.4944 
82.7614 
36.0264 
36.2634 
35.3307 
36.2634 
80.5698 
80.061 
80.5695 
80.061 
16.4752 
16.645 
15.6822 
16.645 
45.7544 
45.9005 
45.8209 
45.9005 
79.3664 
78.8782 
79.3487 
78.8782 
34.4163 
33.6475 
30.0128 
33.6475 
68.2382 
68.215 
68.4259 
68.215 
78.6739 
78.4046 
77.4763 
78.4046 
80.7491 
81.3726 
81.9375 
81.3726 
85.6181 
85.6709 
85.9957 
85.6709 
62.3019 
60.9846 
61.7103 
60.9846 
18.7235 
19.1633 
18.9791 
19.1633 
23.3417 
24.3147 
24.033 
24.3147 
16.596 
16.5642 
15.7028 
16.5642 
80.7491 
79.3784 
80.3874 
79.3784 
14.8302 
14.1848 
14.8411 
14.1848 
16.1822 
16.4767 
16.3276 
16.4767 
94.2705 
95.8666 
94.3228 
95.8666 
52.8485 
53.0177 
52.7683 
53.0177 
46.4226 
46.2097 
45.4253 
46.2097 
75.9924 
74.9343 
76.3733 
74.9343 
82.4743 
83.3578 
81.9375 
83.3578 
27.6631 
26.5135 
28.5692 
26.5135 
68.6075 
69.4065 
69.3393 
69.4065 
93.1631 
93.244 
93.5223 
93.244 
11.1223 
12.0155 
11.7676 
12.0155 
29.7454 
27.8752 
28.6367 
27.8752 
23.2247 
23.3417 
24.033 
23.3417 
89.4615 
86.9421 
87.8147 
86.9421 
13.8867 
12.424 
13.7023 
12.424 
81.499 
81.769 
81.5098 
81.769 
51.6044 
51.5429 
52.5 
51.5429 
89.1736 
89.428 
86.7207 
89.428 
90.2062 
89.303 
89.682 
89.303 
67.3885 
67.3156 
67.9173 
67.3156 
89.7226 
89.4752 
89.116 
89.4752 
93.0773 
92.2964 
92.1283 
92.2964 
89.7226 
89.116 
89.2938 
89.116 
61.1435 
62.9237 
61.8049 
62.9237 
79.2873 
79.4577 
79.7055 
79.4577 
12.2987 
12.424 
11.6753 
12.424 
17.5826 
17.3946 
16.7349 
17.3946 
39.5367 
37.74 
38.6277 
37.74 
50.685 
49.96 
50.8041 
49.96 
22.3238 
22.2675 
22.7923 
22.2675 
17.9931 
18.7716 
18.1606 
18.7716 
43.3243 
43.3734 
43.4678 
43.3734 
79.147 
78.4049 
78.0617 
78.4049 
25.0476 
24.6599 
24.9493 
24.6599 
53.599 
52.9901 
53.6966 
52.9901 
49.5164 
50.4125 
50.4208 
50.4125 
55.6679 
57.0773 
57.4707 
57.0773 
79.0481 
79.0643 
78.0132 
79.0643 
67.1743 
66.9842 
66.9454 
66.9842 
91.4238 
90.9482 
90.8563 
90.9482 
17.7961 
17.2462 
17.7262 
17.2462 
52.2323 
51.4729 
51.613 
51.4729 
28.297 
28.7519 
27.982 
28.7519 
88.2731 
88.7292 
89.1508 
88.7292 
67.3034 
66.9489 
67.0064 
66.9489 
82.2557 
82.0641 
82.7614 
82.0641 
18.2391 
18.0816 
17.3887 
18.0816 
91.2768 
91.4382 
91.9242 
91.4382 
11.9181 
11.0163 
11.4695 
11.0163 
67.1743 
66.9915 
66.9842 
66.9915 
67.7257 
67.1743 
67.4205 
67.1743 
43.3174 
43.2436 
43.0021 
43.2436 
11.9151 
12.4416 
12.8254 
12.4416 
17.8692 
18.4819 
17.6038 
18.4819 
25.4629 
25.0476 
25.3063 
25.0476 
50.4122 
51.1013 
50.315 
51.1013 
17.2346 
17.4697 
17.8692 
17.4697 
82.118 
81.3612 
81.7306 
81.3612 
39.8171 
40.5159 
40.6115 
40.5159 
88.5071 
87.8895 
87.9144 
87.8895 
64.9966 
64.3313 
63.5733 
64.3313 
21.4468 
21.2271 
22.4005 
21.2271 
50.7758 
50.77 
51.4536 
50.77 
61.1216 
60.4672 
61.7683 
60.4672 
51.6961 
49.1207 
50.6564 
49.1207 
16.9111 
17.0872 
17.0804 
17.0872 
81.3726 
80.7491 
80.3874 
80.7491 
10 
11.0662 
10.9162 
11.0662 
77.7122 
78.6739 
77.4763 
78.6739 
66.5288 
66.8767 
66.8902 
66.8767 
82.8278 
80.9266 
82.1756 
80.9266 
52.0685 
52.0536 
52.2176 
52.0536 
52.943 
52.8287 
53.2465 
52.8287 
10.7924 
10.5699 
10.8536 
10.5699 
88.3022 
88.5071 
87.9144 
88.5071 
67.1276 
67.6899 
67.9576 
67.6899 
38.8763 
37.5912 
38.865 
37.5912 
85.5821 
85.1562 
85.7565 
85.1562 
65.129 
63.1578 
63.0026 
63.1578 
24.6599 
24.3223 
24.9493 
24.3223 
80.474 
80.9985 
80.4396 
80.9985 
51.2939 
51.1939 
52.2805 
51.1939 
43.8986 
43.6259 
43.7156 
43.6259 
54.8227 
55.3883 
54.9003 
55.3883 
51.3311 
49.9642 
49.9844 
49.9642 
84.2746 
84.3437 
84.0194 
84.3437 
20.8471 
19.5876 
20.8781 
19.5876 
92.1105 
91.1316 
91.3732 
91.1316 
71.525 
71.7314 
71.7509 
71.7314 
45.4253 
45.5183 
46.0052 
45.5183 
67.2695 
67.7386 
67.9142 
67.7386 
19.2984 
19.6637 
19.5031 
19.6637 
82.1069 
82.2648 
82.2968 
82.2648 
24.1128 
23.3648 
25.1563 
23.3648 
25.0297 
24.4267 
24.5371 
24.4267 
90.1682 
91.5227 
90.8563 
91.5227 
64.5203 
64.5108 
64.5124 
64.5108 
93.8347 
93.5119 
93.5223 
93.5119 
82.0398 
82.1628 
81.993 
82.1628 
25.0242 
24.5203 
23.5027 
24.5203 
83.2429 
84.564 
83.5354 
84.564 
86.4707 
87.4452 
86.7519 
87.4452 
81.8724 
82.3123 
81.8427 
82.3123 
79.3992 
78.7977 
79.3099 
78.7977 
10.4873 
10.696 
10.6462 
10.696 
78.6995 
79.147 
78.0617 
79.147 
64.5203 
64.5055 
64.5349 
64.5055 
61.1216 
61.7683 
62.3855 
61.7683 
37.4734 
37.125 
37.4429 
37.125 
62.688 
63.1503 
62.3908 
63.1503 
92.6031 
90.0444 
90.9567 
90.0444 
50.4125 
49.5164 
49.7499 
49.5164 
47.2631 
46.9363 
47.1746 
46.9363 
39.8913 
40.6493 
40.0377 
40.6493 
80.474 
80.4396 
80.3292 
80.4396 
22.6421 
23.9429 
22.972 
23.9429 
23.5027 
22.2972 
23.3314 
22.2972 
18.4547 
19.5876 
19.077 
19.5876 
25.5675 
27.0957 
26.3097 
27.0957 
24.8897 
25.4105 
25.3572 
25.4105 
41.7658 
43.2295 
42.8821 
43.2295 
44.9156 
44.3657 
44.8801 
44.3657 
48.1638 
48.7505 
49.7984 
48.7505 
24.4267 
23.8494 
24.5371 
23.8494 
12.1375 
11.0933 
11.3602 
11.0933 
10.68 
10.6462 
10.9906 
10.6462 
27.4673 
28.7639 
29.3001 
28.7639 
46.6462 
46.1958 
46.7234 
46.1958 
55.3014 
56.1827 
54.6645 
56.1827 
21.4468 
21.0423 
20.8953 
21.0423 
77.5213 
76.7254 
77.7706 
76.7254 
22.3238 
20.9917 
22.2675 
20.9917 
43.5487 
44.2227 
44.0918 
44.2227 
65.0004 
63.8984 
64.0827 
63.8984 
21.6711 
21.3205 
21.363 
21.3205 
74.8297 
75.7793 
76.4871 
75.7793 
75.0487 
75.7539 
73.2763 
75.7539 
70.599 
70.3619 
70.2237 
70.3619 
82.0398 
81.7019 
81.6204 
81.7019 
78.5087 
78.7977 
76.9392 
78.7977 
19.0967 
18.9721 
18.5692 
18.9721 
91.5651 
91.2646 
91.2545 
91.2646 
16.5642 
16.596 
16.9787 
16.596 
81.8202 
82.6947 
81.5522 
82.6947 
87.4452 
87.8459 
86.8877 
87.8459 
46.1093 
46.6093 
46.1549 
46.6093 
24.6897 
24.0378 
24.6599 
24.0378 
12.8104 
11.9694 
11.427 
11.9694 
71.3377 
73.0165 
71.4422 
73.0165 
15.6587 
14.9391 
14.9347 
14.9391 
91.1316 
92.6031 
90.9567 
92.6031 
59.6876 
61.3257 
61.3485 
61.3257 
16.6646 
17.2675 
17.4679 
17.2675 
35.4692 
37.0955 
37.78 
37.0955 
46.3174 
46.1093 
45.7009 
46.1093 
49.96 
48.686 
49.0838 
48.686 
86.9421 
86.6298 
87.8147 
86.6298 
79.7396 
80.5247 
80.3085 
80.5247 
63.9044 
64.17 
64.3634 
64.17 
43.6323 
42.2779 
43.3496 
42.2779 
29.1415 
27.8685 
29.3001 
27.8685 
23.3648 
26.5135 
25.1563 
26.5135 
14.68 
14.2035 
15.1658 
14.2035 
83.3223 
84.0805 
84.7266 
84.0805 
31.1367 
29.9735 
29.5845 
29.9735 
18.3564 
17.1046 
17.8178 
17.1046 
72.8179 
72.281 
73.5732 
72.281 
87.2138 
87.4608 
87.808 
87.4608 
84.0805 
84.8662 
84.8717 
84.8662 
81.8724 
81.769 
82.4307 
81.769 
48.2735 
48.4383 
47.0953 
48.4383 
65.7336 
67.3483 
66.8999 
67.3483 
51.6961 
52.1136 
53.5549 
52.1136 
39.5108 
39.1607 
39.3279 
39.1607 
53.061 
53.2109 
52.7328 
53.2109 
27.4673 
25.9642 
25.5516 
25.9642 
15.2544 
14.7728 
15.4843 
14.7728 
89.303 
88.4387 
89.0443 
88.4387 
10.0764 
10 
10.9162 
10 
44.6763 
42.8821 
43.9025 
42.8821 
24.7516 
25.0297 
25.0979 
25.0297 
43.2436 
43.367 
42.7635 
43.367 
13.3484 
11.9181 
12.0781 
11.9181 
85.373 
83.9762 
84.3849 
83.9762 
88.573 
89.4964 
89.4784 
89.4964 
36.0264 
34.5495 
34.7256 
34.5495 
81.9543 
81.301 
82.5264 
81.301 
22.4297 
21.6637 
21.5072 
21.6637 
53.1229 
52.7859 
52.8479 
52.7859 
78.1267 
79.0899 
78.4717 
79.0899 
48.2542 
48.9162 
49.0434 
48.9162 
45.9569 
45.5183 
45.6664 
45.5183 
20.1477 
20.412 
20.5889 
20.412 
58.8994 
58.8777 
59.4138 
58.8777 
63.9044 
63.5173 
64.17 
63.5173 
51.4729 
50.907 
51.613 
50.907 
54.2417 
54.6928 
54.5875 
54.6928 
17.0528 
16.9363 
17.3548 
16.9363 
43.9679 
44.1682 
45.7047 
44.1682 
47.0617 
48.078 
47.0501 
48.078 
80.3853 
80.9084 
80.553 
80.9084 
54.1849 
54.2627 
53.9157 
54.2627 
86.9421 
86.0589 
86.0203 
86.0589 
26.2359 
25.0979 
25.7397 
25.0979 
49.4807 
48.6951 
49.5164 
48.6951 
47.5393 
47.1742 
47.1737 
47.1742 
87.8459 
87.108 
86.8877 
87.108 
19.9875 
20.0468 
19.7936 
20.0468 
16.6266 
17.0528 
16.5345 
17.0528 
66.0544 
66.3414 
65.9849 
66.3414 
98.1987 
99.3829 
98.6664 
99.3829 
37.5912 
36.2594 
37.78 
36.2594 
12.6547 
14.2035 
13.6051 
14.2035 
59.1019 
57.6418 
59.0709 
57.6418 
48.3712 
48.686 
47.8002 
48.686 
78.7977 
78.5087 
79.7355 
78.5087 
19.1955 
19.0766 
19.5031 
19.0766 
39.1476 
40.0892 
38.6277 
40.0892 
18.5608 
20.3832 
19.0865 
20.3832 
71.069 
69.4001 
69.5058 
69.4001 
39.6588 
39.5108 
40.2424 
39.5108 
52.0195 
52.2323 
51.613 
52.2323 
80.1791 
80.3853 
80.553 
80.3853 
50.6979 
52.1519 
52.0536 
52.1519 
13.97 
11.5405 
12.0854 
11.5405 
47.0747 
47.3504 
46.6617 
47.3504 
25.0651 
25.0297 
24.5371 
25.0297 
97.1546 
95.3707 
97.0504 
95.3707 
59.1172 
60.2692 
60.286 
60.2692 
16.6097 
18.118 
17.6607 
18.118 
75.7539 
75.0487 
76.8771 
75.0487 
12.0186 
12.5857 
11.4624 
12.5857 
46.2028 
45.3207 
45.4924 
45.3207 
65.7257 
66.0544 
65.9849 
66.0544 
14.2528 
14.2158 
13.3702 
14.2158 
51.5234 
51.4764 
50.8241 
51.4764 
55.3156 
55.5734 
54.9722 
55.5734 
67.7102 
67.5526 
68.3683 
67.5526 
82.2147 
82.118 
81.7306 
82.118 
41.7209 
39.5859 
41.0897 
39.5859 
67.8824 
68.9213 
67.8211 
68.9213 
45.6377 
47.5795 
46.0777 
47.5795 
17.3946 
17.5826 
18.9203 
17.5826 
46.9941 
47.4054 
47.6808 
47.4054 
80.4784 
80.9244 
80.6021 
80.9244 
48.7505 
48.1638 
47.218 
48.1638 
44.5851 
47.2033 
45.889 
47.2033 
50.0614 
50.2147 
50.8241 
50.2147 
40.0377 
39.6361 
39.5583 
39.6361 
80.6111 
80.5698 
80.6315 
80.5698 
20.8118 
21.1661 
20.8022 
21.1661 
62.7033 
63.1503 
63.5733 
63.1503 
66.4257 
66.5226 
66.2936 
66.5226 
37.125 
37.1918 
37.4429 
37.1918 
81.9706 
81.4892 
81.8427 
81.4892 
22.0415 
24.1141 
22.4005 
24.1141 
69.8393 
73.2105 
70.8856 
73.2105 
37.1918 
37.125 
36.9652 
37.125 
91.5227 
91.4238 
90.8563 
91.4238 
47.3504 
46.4264 
46.6617 
46.4264 
69.8393 
69.015 
68.3683 
69.015 
55.2975 
54.2176 
53.5349 
54.2176 
46.6462 
46.9131 
46.6459 
46.9131 
61.3485 
61.3257 
62.671 
61.3257 
16.8829 
16.9111 
17.0804 
16.9111 
82.3793 
82.632 
82.4278 
82.632 
47.2631 
46.8631 
46.8554 
46.8631 
46.9297 
46.5139 
47.2236 
46.5139 
87.8459 
87.4584 
87.108 
87.4584 
80.0566 
80.0074 
80.5785 
80.0074 
40.0377 
40.6493 
40.5417 
40.6493 
68.1905 
67.3674 
67.9296 
67.3674 
91.4834 
92.2036 
91.9902 
92.2036 
90.2197 
90.5198 
90.418 
90.5198 
76.7254 
77.3656 
77.7706 
77.3656 
14.2528 
14.3613 
15.5387 
14.3613 
16.3464 
14.2528 
15.5387 
14.2528 
62.9237 
62.7551 
61.8049 
62.7551 
69.3393 
69.4065 
69.7948 
69.4065 
52.9901 
52.2323 
52.4849 
52.2323 
66.5226 
66.5808 
66.6646 
66.5808 
21.6928 
22.2972 
21.4249 
22.2972 
11.1817 
11.0726 
11.7256 
11.0726 
36.2476 
35.7083 
36.2635 
35.7083 
45.6089 
44.8801 
45.7009 
44.8801 
65.1348 
65.2852 
64.7675 
65.2852 
49.6023 
50.5188 
49.9894 
50.5188 
79.3099 
78.7977 
79.7355 
78.7977 
72.0118 
71.8317 
71.848 
71.8317 
81.5677 
81.9471 
82.4921 
81.9471 
49.5046 
49.4092 
49.523 
49.4092 
46.5139 
46.9941 
47.2236 
46.9941 
36.9805 
36.2476 
36.8488 
36.2476 
11.8906 
11.6546 
11.7855 
11.6546 
17.5826 
19.4773 
18.9203 
19.4773 
90.0444 
88.2905 
89.7708 
88.2905 
36.392 
38.0254 
37.3974 
38.0254 
83.5348 
85.6132 
84.0338 
85.6132 
16.52 
17.3719 
16.644 
17.3719 
95.7746 
94.7084 
92.6031 
94.7084 
79.7396 
80.1791 
80.5247 
80.1791 
82.4239 
83.2429 
83.5354 
83.2429 
26.6263 
26.7769 
26.6282 
26.7769 
39.6588 
39.0384 
39.5108 
39.0384 
51.8862 
51.9794 
51.8568 
51.9794 
52.8287 
52.7719 
53.1626 
52.7719 
50.4962 
51.3311 
49.9844 
51.3311 
49.6245 
49.2697 
50.315 
49.2697 
25.511 
24.6837 
24.9013 
24.6837 
13.6051 
14.2035 
14.68 
14.2035 
42.2779 
42.2849 
43.3496 
42.2849 
77.5907 
76.5621 
77.4872 
76.5621 
74.5374 
73.0268 
72.5076 
73.0268 
81.7019 
82.0398 
81.993 
82.0398 
38.1232 
37.282 
37.5436 
37.282 
88.8816 
88.599 
88.8568 
88.599 
19.8505 
20.1024 
19.9777 
20.1024 
45.7953 
46.0432 
45.2556 
46.0432 
21.2971 
21.4826 
21.427 
21.4826 
59.3301 
58.7344 
59.9117 
58.7344 
16.7087 
17.1733 
16.4752 
17.1733 
49.3647 
49.3501 
49.9844 
49.3501 
92.3772 
92.8816 
92.0073 
92.8816 
40.2756 
39.6181 
38.8763 
39.6181 
51.8277 
51.25 
51.771 
51.25 
70.5805 
72.281 
71.9155 
72.281 
39.5583 
39.6361 
39.214 
39.6361 
17.3315 
17.6699 
17.4432 
17.6699 
77.4835 
78.6928 
78.141 
78.6928 
46.6459 
47.0275 
46.7646 
47.0275 
16.645 
15.9499 
15.6822 
15.9499 
43.3189 
41.7658 
41.8448 
41.7658 
15.7788 
16.4752 
15.6822 
16.4752 
64.5108 
64.5203 
64.5138 
64.5203 
82.2968 
82.2648 
82.2773 
82.2648 
93.2742 
92.896 
93.9533 
92.896 
14.0724 
13.8396 
14.7106 
13.8396 
44.2227 
44.7761 
44.0918 
44.7761 
91.4196 
90.9239 
92.0073 
90.9239 
46.6093 
46.1093 
46.6102 
46.1093 
42.7635 
41.8095 
43.0021 
41.8095 
55.0665 
57.4125 
55.309 
57.4125 
20.9169 
21.4546 
20.6636 
21.4546 
28.4954 
28.7764 
28.0637 
28.7764 
87.6587 
88.3349 
88.3022 
88.3349 
89.6452 
89.303 
90.2062 
89.303 
67.3156 
67.3885 
67.0527 
67.3885 
83.3578 
83.5914 
84.5179 
83.5914 
52.06 
51.7699 
51.1013 
51.7699 
80.4368 
81.8202 
81.5522 
81.8202 
63.0741 
64.3522 
64.335 
64.3522 
40.0377 
40.0368 
39.6361 
40.0368 
86.6315 
87.1469 
87.2138 
87.1469 
90.82 
89.6452 
90.2062 
89.6452 
21.3985 
21.1838 
21.6012 
21.1838 
20.9188 
20.6869 
20.3336 
20.6869 
21.0821 
20.6869 
20.9188 
20.6869 
49.5589 
48.5883 
49.3951 
48.5883 
80.4396 
80.9985 
81.1297 
80.9985 
82.4921 
82.5591 
81.887 
82.5591 
28.7764 
28.6802 
28.0637 
28.6802 
87.0102 
87.1897 
86.5218 
87.1897 
41.4785 
41.2675 
41.2457 
41.2675 
33.0172 
31.9136 
30.4351 
31.9136 
47.3504 
46.8759 
46.4264 
46.8759 
49.4848 
48.8562 
49.5077 
48.8562 
35.4478 
35.7855 
35.6266 
35.7855 
71.8317 
71.6587 
71.7509 
71.6587 
82.0449 
82.4239 
81.3636 
82.4239 
66.847 
66.5288 
66.8902 
66.5288 
17.0528 
17.1046 
16.5345 
17.1046 
66.5226 
66.5048 
66.2936 
66.5048 
16.6594 
17.1026 
17.1568 
17.1026 
80.5819 
79.3664 
79.3487 
79.3664 
67.1542 
67.128 
67.0513 
67.128 
53.1454 
52.6472 
52.9195 
52.6472 
84.0362 
84.1529 
84.5599 
84.1529 
69.5693 
71.6182 
71.1805 
71.6182 
74.856 
73.4194 
73.5974 
73.4194 
67.9709 
68.054 
68.9403 
68.054 
45.3207 
44.6551 
44.6714 
44.6551 
11.7855 
11.7256 
12.2095 
11.7256 
48.9162 
49.3586 
49.3918 
49.3586 
85.2493 
85.7156 
86.3964 
85.7156 
46.9941 
46.7719 
47.4054 
46.7719 
37.7392 
38.1232 
37.5436 
38.1232 
25.0979 
25.0297 
25.7397 
25.0297 
40.8354 
43.2221 
41.8526 
43.2221 
58.8994 
59.4072 
58.3839 
59.4072 
40.6493 
41.7552 
41.2599 
41.7552 
16.1667 
16.568 
16.0254 
16.568 
52.9127 
52.4096 
52.6472 
52.4096 
37.78 
39.258 
39.5997 
39.258 
38.4974 
37.167 
38.1174 
37.167 
38.8123 
38.1174 
38.6773 
38.1174 
68.2795 
67.6667 
69.159 
67.6667 
83.3223 
81.7921 
82.1855 
81.7921 
76.7382 
77.9262 
78.1332 
77.9262 
38.865 
37.78 
39.5997 
37.78 
85.8647 
87.2752 
85.7199 
87.2752 
70.1813 
69.9 
70.2456 
69.9 
62.8175 
63.4644 
62.3855 
63.4644 
67.8191 
69.5526 
68.4281 
69.5526 
46.9941 
47.6808 
47.2236 
47.6808 
43.7167 
43.2221 
44.6616 
43.2221 
80.3234 
80.4326 
80.6304 
80.4326 
27.8752 
26.7484 
26.8456 
26.7484 
27.8685 
26.1479 
25.9642 
26.1479 
18.5692 
18.2476 
17.948 
18.2476 
52.9195 
52.6472 
52.4045 
52.6472 
63.7194 
62.3019 
63.8984 
62.3019 
47.1742 
47.8049 
47.2072 
47.8049 
19.0766 
19.2984 
19.5031 
19.2984 
66.59 
65.0414 
65.6329 
65.0414 
23.5189 
24.1141 
24.4624 
24.1141 
20.7422 
20.5887 
19.4822 
20.5887 
98.8378 
97.3603 
98.7994 
97.3603 
68.4876 
67.3885 
67.9173 
67.3885 
19.6637 
20.0368 
19.5031 
20.0368 
49.6332 
50.1763 
49.5589 
50.1763 
64.5066 
64.5057 
64.5072 
64.5057 
46.9131 
47.0275 
46.6459 
47.0275 
66.9454 
66.7225 
66.7936 
66.7225 
24.3272 
24.777 
24.5371 
24.777 
87.4452 
88.4387 
87.8459 
88.4387 
64.6857 
64.4422 
65.1 
64.4422 
95.4215 
94.9659 
93.9533 
94.9659 
67.1743 
66.9454 
67.1563 
66.9454 
64.5302 
64.7575 
64.5063 
64.7575 
87.7397 
88.2404 
88.6485 
88.2404 
80.7245 
81.5883 
81.3593 
81.5883 
54.6129 
54.9003 
55.3101 
54.9003 
40.2756 
38.8763 
38.865 
38.8763 
43.2129 
43.3174 
43.0021 
43.3174 
17.3548 
16.9363 
17.2462 
16.9363 
55.5734 
55.3156 
56.8083 
55.3156 
10 
10 
11.3602 
10 
46.8759 
45.7985 
46.4264 
45.7985 
46.8483 
47.0596 
46.9131 
47.0596 
46.2346 
46.4264 
45.7809 
46.4264 
39.6181 
39.0278 
38.6773 
39.0278 
79.4577 
80.0937 
79.7055 
80.0937 
16.5509 
16.7862 
16.3276 
16.7862 
25.6172 
25.4629 
25.3063 
25.4629 
52.5796 
52.7683 
52.8479 
52.7683 
22.0613 
23.1256 
22.4885 
23.1256 
83.6856 
82.4307 
83.3826 
82.4307 
75.0902 
78.5087 
76.9392 
78.5087 
10.7011 
11.367 
10.586 
11.367 
30.0835 
33.0172 
30.4351 
33.0172 
18.4248 
18.9407 
18.9986 
18.9407 
67.1276 
64.9585 
66.3993 
64.9585 
51.9794 
52.7322 
51.8568 
52.7322 
64.7575 
64.3522 
64.5063 
64.3522 
44.0843 
45.3198 
44.8776 
45.3198 
67.0527 
66.4566 
66.7324 
66.4566 
36.6242 
37.6282 
37.2368 
37.6282 
17.3946 
16.134 
16.7349 
16.134 
34.3465 
33.6391 
34.4597 
33.6391 
38.8763 
39.6181 
38.6773 
39.6181 
16.3457 
16.5108 
16.8102 
16.5108 
80.4802 
80.3234 
80.6304 
80.3234 
67.1577 
66.7656 
67.2695 
66.7656 
90.1746 
90.55 
89.7285 
90.55 
11.1817 
11.7256 
11.7855 
11.7256 
88.7292 
88.4387 
89.303 
88.4387 
40.68 
41.1545 
42.2079 
41.1545 
46.7841 
47.13 
47.7104 
47.13 
52.7303 
52.2805 
52.989 
52.2805 
82.5591 
82.4921 
83.4071 
82.4921 
78.5892 
79.1282 
78.3681 
79.1282 
26.6801 
26.3097 
28.3357 
26.3097 
46.8759 
45.915 
45.7985 
45.915 
29.5845 
28.7764 
28.4954 
28.7764 
65.7099 
65.0269 
65.3925 
65.0269 
28.6021 
28.686 
31.0955 
28.686 
33.6123 
30.6819 
32.7091 
30.6819 
53.355 
52.943 
53.2465 
52.943 
62.229 
61.1216 
62.3855 
61.1216 
81.9312 
82.0398 
81.6204 
82.0398 
93.6836 
93.3783 
95.0634 
93.3783 
46.8483 
46.9131 
46.6462 
46.9131 
88.7292 
89.303 
89.6452 
89.303 
14.9356 
15.1578 
14.2051 
15.1578 
82.2968 
82.3793 
82.4278 
82.3793 
52.7683 
53.0177 
52.9445 
53.0177 
17.3315 
17.1408 
17.1201 
17.1408 
12.1906 
11.9151 
12.8254 
11.9151 
46.2346 
46.3391 
46.4792 
46.3391 
49.4439 
50.2147 
50.0614 
50.2147 
49.5164 
49.0434 
49.7499 
49.0434 
34.7736 
36.392 
35.5225 
36.392 
31.0955 
33.3815 
33.4686 
33.3815 
12.9072 
12.8373 
13.8546 
12.8373 
49.0434 
49.3918 
49.7499 
49.3918 
46.9363 
46.2097 
46.4226 
46.2097 
67.1456 
67.3885 
67.1286 
67.3885 
80.275 
79.9506 
79.9976 
79.9506 
53.4014 
52.9195 
53.2109 
52.9195 
88.6526 
87.2752 
88.4723 
87.2752 
44.2436 
44.8801 
44.2414 
44.8801 
78.112 
78.5735 
79.3254 
78.5735 
38.0254 
39.1476 
38.6277 
39.1476 
16.7686 
15.2195 
16.6646 
15.2195 
89.0443 
88.4387 
88.6378 
88.4387 
14.3613 
16.6097 
15.5387 
16.6097 
91.4834 
91.9902 
91.3403 
91.9902 
54.1196 
53.4088 
53.6265 
53.4088 
66.3414 
66.0544 
66.4764 
66.0544 
82.3123 
81.8724 
82.4307 
81.8724 
15.2195 
12.9072 
13.8546 
12.9072 
77.7122 
77.4763 
76.3733 
77.4763 
11.0318 
10.0535 
10.5611 
10.0535 
91.3232 
91.3403 
91.8513 
91.3403 
52.6382 
53.7584 
52.6381 
53.7584 
79.2796 
78.7977 
79.3992 
78.7977 
20.8471 
19.0549 
19.077 
19.0549 
37.1255 
36.6079 
36.9484 
36.6079 
85.597 
85.9919 
85.5346 
85.9919 
52.0947 
51.5443 
51.9325 
51.5443 
83.9762 
82.6606 
83.4944 
82.6606 
80.4802 
80.4564 
80.4279 
80.4564 
80.6037 
81.106 
80.3859 
81.106 
40.8332 
41.0897 
39.6529 
41.0897 
26.5894 
25.3123 
25.1563 
25.3123 
82.2116 
82.0139 
81.8837 
82.0139 
66.7656 
66.6809 
66.3414 
66.6809 
69.8451 
70.0899 
70.1813 
70.0899 
61.8049 
62.7551 
61.7103 
62.7551 
67.9667 
67.7102 
68.3683 
67.7102 
93.244 
93.7651 
93.5223 
93.7651 
41.2457 
41.2675 
41.0665 
41.2675 
34.7736 
35.5225 
34.4597 
35.5225 
44.2227 
43.5487 
43.8361 
43.5487 
54.4496 
55.5124 
54.6928 
55.5124 
53.4088 
54.1196 
53.7134 
54.1196 
53.6801 
53.2109 
53.4913 
53.2109 
18.8648 
19.3005 
19.4822 
19.3005 
17.4679 
18.2476 
17.263 
18.2476 
20.1477 
18.382 
19.2583 
18.382 
81.643 
82.5872 
81.6034 
82.5872 
87.5607 
86.3437 
87.2399 
86.3437 
18.2476 
17.4679 
17.948 
17.4679 
35.7083 
35.9616 
36.8999 
35.9616 
67.1577 
66.6809 
66.7656 
66.6809 
66.5288 
66.847 
66.4764 
66.847 
93.7651 
93.244 
93.2742 
93.244 
46.2715 
45.3207 
46.2028 
45.3207 
22.0149 
22.5683 
21.4872 
22.5683 
15.2542 
15.9499 
15.3433 
15.9499 
52.943 
53.061 
52.5971 
53.061 
43.367 
42.3479 
42.7635 
42.3479 
23.9429 
23.9003 
22.972 
23.9003 
37.282 
37.4779 
36.1948 
37.4779 
89.682 
89.303 
89.0443 
89.303 
19.809 
19.2538 
19.3476 
19.2538 
91.9675 
93.3783 
91.9213 
93.3783 
17.8692 
17.4697 
18.0586 
17.4697 
69.328 
66.7863 
67.7964 
66.7863 
82.1069 
82.2968 
82.2116 
82.2968 
61.981 
62.3908 
61.469 
62.3908 
17.6094 
17.0897 
17.5196 
17.0897 
80.6153 
80.6154 
80.6155 
80.6154 
52.06 
51.1013 
51.6044 
51.1013 
21.2846 
21.3985 
21.7926 
21.3985 
11.5064 
12.8104 
11.427 
12.8104 
49.7499 
49.7072 
50.0661 
49.7072 
24.777 
24.9031 
25.0383 
24.9031 
84.9031 
84.564 
85.7199 
84.564 
50.8241 
51.4764 
50.907 
51.4764 
48.6951 
47.7104 
48.2542 
47.7104 
52.9901 
52.7859 
53.211 
52.7859 
58.0699 
58.3839 
57.2155 
58.3839 
91.5986 
90.8074 
91.3232 
90.8074 
18.8575 
19.3139 
19.2984 
19.3139 
36.8041 
36.1571 
36.4607 
36.1571 
20.1024 
20.2843 
19.9777 
20.2843 
61.2923 
58.7314 
60.286 
58.7314 
18.5553 
18.0816 
18.2391 
18.0816 
19.4587 
20.0349 
20.4246 
20.0349 
18.845 
19.3203 
19.3139 
19.3203 
42.2779 
41.5897 
42.2849 
41.5897 
77.5525 
78.4935 
77.9262 
78.4935 
79.711 
78.6995 
79.2593 
78.6995 
23.8494 
23.4631 
22.7715 
23.4631 
46.5139 
46.3023 
46.9941 
46.3023 
47.4054 
47.1417 
47.752 
47.1417 
11.3165 
10 
10.6792 
10 
93.3783 
91.9675 
94.1701 
91.9675 
20.0349 
19.4587 
18.9721 
19.4587 
18.8576 
19.5271 
19.3203 
19.5271 
52.7859 
52.9901 
52.4849 
52.9901 
67.3885 
67.1542 
67.1286 
67.1542 
11.427 
10 
10.7107 
10 
67.8824 
67.9667 
69.015 
67.9667 
66.9842 
66.8528 
66.9454 
66.8528 
22.0945 
20.2432 
20.3864 
20.2432 
24.777 
24.6897 
24.9031 
24.6897 
51.25 
50.9834 
51.5443 
50.9834 
46.9023 
46.9679 
46.72 
46.9679 
57.4125 
56.9254 
55.309 
56.9254 
95.4215 
93.9533 
93.8981 
93.9533 
66.5048 
66.0557 
66.2936 
66.0557 
15.6946 
16.1667 
16.0254 
16.1667 
18.5565 
18.0816 
18.5553 
18.0816 
64.335 
64.7575 
65.1144 
64.7575 
17.4088 
17.2352 
17.0804 
17.2352 
79.4577 
79.2873 
79.0801 
79.2873 
46.4264 
46.2346 
46.6617 
46.2346 
34.733 
34.6041 
34.9248 
34.6041 
16.52 
15.9213 
16.5688 
15.9213 
67.3156 
67.0527 
66.7324 
67.0527 
64.8067 
64.335 
65.1144 
64.335 
50.6553 
50.685 
50.9834 
50.685 
21.2271 
22.0415 
22.4005 
22.0415 
46.72 
46.4727 
46.7415 
46.4727 
45.1159 
45.6579 
45.8321 
45.6579 
46.9297 
45.8053 
46.5139 
45.8053 
68.9213 
69.015 
70.8856 
69.015 
18.0586 
17.4697 
17.3897 
17.4697 
48.686 
48.3712 
49.0838 
48.3712 
16.8773 
17.8519 
17.6743 
17.8519 
86.9651 
89.354 
87.8147 
89.354 
74.8297 
76.4871 
75.3376 
76.4871 
87.1575 
85.5472 
86.5727 
85.5472 
46.7646 
47.0275 
47.0747 
47.0275 
47.7104 
48.297 
47.147 
48.297 
12.4416 
11.9151 
11.7676 
11.9151 
18.8576 
19.3203 
18.845 
19.3203 
56.9254 
57.4125 
60.2124 
57.4125 
54.5361 
57.2155 
56.5135 
57.2155 
61.981 
62.5251 
62.4619 
62.5251 
69.328 
69.9047 
71.5792 
69.9047 
13.6632 
13.5664 
13.1799 
13.5664 
64.9585 
65.7209 
66.3993 
65.7209 
62.3911 
62.0148 
61.7924 
62.0148 
47.9961 
46.8759 
47.3504 
46.8759 
62.671 
63.8441 
63.2672 
63.8441 
87.2235 
89.2598 
87.0399 
89.2598 
89.1508 
89.6452 
90.2006 
89.6452 
87.3601 
88.3349 
87.6587 
88.3349 
18.845 
19.3139 
18.8575 
19.3139 
47.4054 
46.7719 
47.1417 
46.7719 
20.1552 
20.8086 
20.8337 
20.8086 
47.7104 
47.13 
48.2542 
47.13 
20.3308 
20.7062 
20.9683 
20.7062 
14.9391 
15.9205 
15.7028 
15.9205 
76.4442 
74.856 
76.3335 
74.856 
21.8936 
22.2764 
22.7715 
22.2764 
81.3612 
79.3078 
80.7491 
79.3078 
50.5255 
49.6896 
49.6245 
49.6896 
44.2436 
44.2414 
43.3496 
44.2414 
62.3908 
62.0029 
61.469 
62.0029 
28.686 
33.3815 
31.0955 
33.3815 
19.579 
19.8505 
19.9777 
19.8505 
24.4984 
24.4624 
24.8897 
24.4624 
91.3403 
90.5198 
90.9482 
90.5198 
21.8795 
23.1256 
22.0613 
23.1256 
20.412 
21.2528 
21.0955 
21.2528 
54.8045 
54.8227 
54.4946 
54.8227 
46.1958 
46.6462 
46.2919 
46.6462 
89.4088 
89.6936 
89.1601 
89.6936 
79.2652 
79.5102 
79.2593 
79.5102 
39.6361 
39.5108 
39.3279 
39.5108 
18.8575 
19.2984 
19.0766 
19.2984 
12.7386 
14.2035 
12.6547 
14.2035 
66.0557 
65.7824 
66.2936 
65.7824 
20.0368 
19.9754 
19.5031 
19.9754 
19.5683 
20.3864 
19.6407 
20.3864 
49.3918 
49.7072 
49.7499 
49.7072 
11.0318 
11.1223 
11.7676 
11.1223 
44.9221 
45.8805 
45.3667 
45.8805 
43.0726 
42.7173 
43.5487 
42.7173 
44.8801 
44.3657 
44.2414 
44.3657 
46.2346 
46.4792 
46.6617 
46.4792 
81.4695 
80.5819 
79.9356 
80.5819 
45.5183 
45.9569 
46.0052 
45.9569 
46.4792 
46.7646 
46.6617 
46.7646 
86.0758 
86.0921 
85.567 
86.0921 
20.6636 
21.2528 
20.412 
21.2528 
15.5387 
16.6097 
16.7649 
16.6097 
39.1607 
38.9102 
39.0851 
38.9102 
33.0172 
34.9143 
34.6507 
34.9143 
46.3722 
48.0084 
47.13 
48.0084 
47.6808 
48.3712 
47.8002 
48.3712 
88.7142 
88.8356 
88.3022 
88.8356 
16.9387 
16.775 
17.2408 
16.775 
42.8151 
42.2031 
43.0726 
42.2031 
51.3017 
50.685 
50.8041 
50.685 
16.5108 
16.775 
16.9387 
16.775 
44.7761 
44.2227 
44.7962 
44.2227 
47.7261 
45.915 
46.8759 
45.915 
10.0653 
10 
10.6029 
10 
47.498 
46.8439 
45.889 
46.8439 
20.6636 
21.4546 
21.2528 
21.4546 
81.9312 
82.0837 
82.2557 
82.0837 
88.4343 
89.6337 
89.1953 
89.6337 
17.1408 
16.8102 
17.1201 
16.8102 
37.125 
36.8041 
36.9652 
36.8041 
25.0979 
26.2359 
24.684 
26.2359 
22.0613 
22.4885 
21.7926 
22.4885 
86.1444 
85.6965 
86.3026 
85.6965 
49.2697 
50.4122 
50.315 
50.4122 
51.8457 
53.1665 
53.5952 
53.1665 
82.0449 
81.3636 
80.6547 
81.3636 
70.5524 
70.2456 
71.2248 
70.2456 
81.0955 
81.2188 
80.5247 
81.2188 
52.7065 
52.34 
52.4096 
52.34 
17.2907 
17.1408 
17.4432 
17.1408 
52.0256 
51.3951 
51.8568 
51.3951 
20.8384 
20.4963 
20.8022 
20.4963 
64.5108 
64.511 
64.5124 
64.511 
21.2271 
21.4468 
20.8953 
21.4468 
34.9143 
35.8157 
34.6507 
35.8157 
39.0851 
38.9331 
38.9738 
38.9331 
81.9312 
82.2557 
82.0398 
82.2557 
67.2279 
67.7102 
67.9667 
67.7102 
87.6398 
88.2404 
87.7397 
88.2404 
21.6637 
20.8094 
20.9683 
20.8094 
47.7181 
48.2467 
47.752 
48.2467 
68.9403 
68.5835 
68.9903 
68.5835 
11.1817 
10.0653 
10.6029 
10.0653 
78.5463 
79.5856 
79.9356 
79.5856 
71.4422 
71.2248 
70.5365 
71.2248 
41.6843 
42.1982 
41.5536 
42.1982 
45.051 
44.1198 
44.9221 
44.1198 
36.8041 
36.7008 
36.9652 
36.7008 
18.6728 
18.9407 
18.4248 
18.9407 
90.55 
89.682 
89.7285 
89.682 
80.3515 
79.3992 
79.3099 
79.3992 
15.0103 
14.8302 
15.1374 
14.8302 
19.6558 
18.6728 
18.6151 
18.6728 
17.7262 
17.1733 
17.6494 
17.1733 
65.1348 
64.54 
65.684 
64.54 
52.4045 
51.8277 
52.2168 
51.8277 
18.3564 
17.8178 
18.3911 
17.8178 
10.8536 
10 
11.0933 
10 
83.3578 
82.3855 
81.9375 
82.3855 
65.1348 
64.7675 
64.4045 
64.7675 
82.3855 
82.2147 
81.7306 
82.2147 
39.214 
39.6361 
39.3279 
39.6361 
51.5234 
52.0685 
51.9578 
52.0685 
24.9013 
24.6837 
24.4652 
24.6837 
90.5198 
91.3403 
90.8723 
91.3403 
47.978 
48.078 
47.0617 
48.078 
33.3272 
31.1367 
30.7631 
31.1367 
79.4703 
80.1325 
80.1791 
80.1325 
87.8459 
88.4387 
88.7292 
88.4387 
81.5883 
82.2983 
81.3593 
82.2983 
79.0265 
79.1282 
80.4368 
79.1282 
94.1332 
92.1105 
92.2964 
92.1105 
85.9957 
85.7304 
86.3468 
85.7304 
25.9642 
24.4715 
24.3557 
24.4715 
45.9569 
46.4363 
46.0052 
46.4363 
81.0065 
81.0955 
80.7677 
81.0955 
95.0012 
100 
96.9672 
100 
66.8563 
67.6986 
66.4259 
67.6986 
18.78 
18.3564 
18.3911 
18.3564 
69.5617 
68.3764 
68.66 
68.3764 
45.6377 
46.0777 
44.8659 
46.0777 
46.4278 
46.6459 
46.4792 
46.6459 
71.7314 
71.7919 
71.848 
71.7919 
67.6667 
68.9439 
69.159 
68.9439 
71.7801 
71.7919 
71.7314 
71.7919 
16.8656 
16.3457 
16.8102 
16.3457 
18.438 
18.4817 
17.6607 
18.4817 
37.5912 
38.8763 
38.0916 
38.8763 
58.0193 
58.3839 
59.1627 
58.3839 
88.1635 
87.8895 
88.572 
87.8895 
62.612 
62.8175 
61.7683 
62.8175 
11.0726 
11.7999 
11.7256 
11.7999 
20.8337 
22.1875 
20.8781 
22.1875 
47.978 
47.0617 
46.8697 
47.0617 
80.4326 
81.0757 
80.6304 
81.0757 
24.6599 
24.0378 
24.3223 
24.0378 
69.1937 
68.8605 
69.4405 
68.8605 
16.6594 
17.1568 
16.59 
17.1568 
44.8801 
44.2436 
45.7009 
44.2436 
10 
10.6462 
10.68 
10.6462 
78.5735 
79.7396 
79.3254 
79.7396 
60.2692 
61.981 
61.469 
61.981 
82.2557 
82.7614 
82.4145 
82.7614 
91.4382 
91.4196 
91.9242 
91.4196 
80.0743 
79.3254 
80.3085 
79.3254 
66.847 
66.7656 
66.4764 
66.7656 
66.8528 
66.5048 
66.7225 
66.5048 
89.354 
89.4615 
87.8147 
89.4615 
100 
99.351 
99.0551 
99.351 
80.0937 
80.061 
79.7055 
80.061 
88.599 
88.2731 
88.8568 
88.2731 
46.72 
46.9679 
46.6102 
46.9679 
52.2595 
52.7567 
52.7719 
52.7567 
78.0828 
77.4129 
78.0132 
77.4129 
91.3403 
91.3232 
90.8723 
91.3232 
13.6632 
13.1799 
13.5028 
13.1799 
38.0254 
38.6277 
37.3974 
38.6277 
77.4872 
76.6256 
78.0617 
76.6256 
61.3485 
62.671 
62.612 
62.671 
35.5225 
36.392 
36.327 
36.392 
79.5176 
80.7245 
80.4569 
80.7245 
80.061 
80.6021 
80.5695 
80.6021 
10.9162 
11.0662 
11.6753 
11.0662 
17.2359 
16.9387 
17.2408 
16.9387 
64.9966 
66.4631 
66.1991 
66.4631 
26.8478 
27.6824 
26.9425 
27.6824 
21.6068 
21.0821 
20.9188 
21.0821 
78.9646 
78.6739 
77.7122 
78.6739 
58.8994 
59.4138 
59.4072 
59.4138 
35.4478 
35.6266 
35.3317 
35.6266 
50.337 
50.4125 
50.0661 
50.4125 
13.97 
14.9391 
15.7028 
14.9391 
80.9661 
80.8491 
80.6021 
80.8491 
15.6084 
16.134 
14.9728 
16.134 
16.2873 
16.3457 
16.8656 
16.3457 
61.2865 
60.286 
61.469 
60.286 
29.5912 
26.2359 
27.5055 
26.2359 
49.3308 
49.4357 
49.3586 
49.4357 
36.4838 
35.7083 
36.8999 
35.7083 
15.8599 
15.1503 
16.0796 
15.1503 
46.9941 
46.3023 
46.7719 
46.3023 
12.0781 
12.0481 
12.8568 
12.0481 
54.2176 
53.1634 
53.2305 
53.1634 
16.8656 
16.8102 
17.1408 
16.8102 
76.4871 
75.7793 
77.3112 
75.7793 
80.5247 
80.1791 
80.6088 
80.1791 
69.4065 
69.1937 
69.7948 
69.1937 
96.9672 
97.8196 
95.0634 
97.8196 
47.4978 
48.1308 
47.7181 
48.1308 
85.7942 
86.56 
86.0813 
86.56 
51.5234 
51.9578 
51.4764 
51.9578 
80.4457 
80.474 
80.4279 
80.474 
22.2764 
21.8936 
21.9998 
21.8936 
79.7862 
78.4046 
78.6739 
78.4046 
64.4377 
64.4422 
64.5349 
64.4422 
95.3707 
97.2713 
97.0504 
97.2713 
59.3301 
56.7639 
57.4707 
56.7639 
62.7551 
62.9237 
65.2018 
62.9237 
71.8317 
72.0118 
71.9554 
72.0118 
89.9552 
90.5525 
90.0156 
90.5525 
68.8605 
69.1937 
68.5193 
69.1937 
83.2546 
82.5429 
82.632 
82.5429 
15.2241 
15.2542 
15.3433 
15.2542 
80.5785 
81.3636 
80.9517 
81.3636 
17.0897 
17.0765 
17.5196 
17.0765 
81.5098 
81.769 
81.8724 
81.769 
62.0029 
62.3911 
61.7924 
62.3911 
68.8696 
69.5693 
68.191 
69.5693 
89.9552 
90.2197 
90.418 
90.2197 
86.5218 
85.9957 
86.3468 
85.9957 
33.7514 
33.6638 
28.2974 
33.6638 
94.9659 
93.9593 
93.7651 
93.9593 
43.3734 
43.6791 
43.7156 
43.6791 
18.4444 
17.4088 
17.7826 
17.4088 
47.6808 
48.0748 
48.3712 
48.0748 
11.4695 
11.0791 
11.4829 
11.0791 
62.7033 
62.3911 
62.0029 
62.3911 
47.6808 
47.4054 
48.0748 
47.4054 
69.015 
67.9667 
68.3683 
67.9667 
47.7261 
47.9961 
48.9105 
47.9961 
39.8913 
40.0377 
39.5583 
40.0377 
11.7999 
12.521 
11.7256 
12.521 
21.3505 
21.0955 
21.679 
21.0955 
26.8478 
27.5194 
27.6824 
27.5194 
35.9063 
35.4563 
35.3368 
35.4563 
21.6388 
20.9917 
20.3832 
20.9917 
44.8286 
44.2037 
44.4513 
44.2037 
40.0377 
40.5417 
40.0368 
40.5417 
54.9722 
55.5734 
54.8045 
55.5734 
78.6995 
79.2652 
79.2593 
79.2652 
26.6801 
25.6172 
26.3097 
25.6172 
52.6472 
52.4096 
52.1095 
52.4096 
52.9127 
52.6472 
53.1454 
52.6472 
26.7114 
26.7619 
26.7769 
26.7619 
71.6587 
71.525 
71.7509 
71.525 
18.1825 
17.8254 
17.3719 
17.8254 
88.2731 
89.1508 
88.8568 
89.1508 
16.3457 
15.9181 
16.5108 
15.9181 
42.8151 
41.7209 
42.2031 
41.7209 
52.7065 
52.4096 
52.9127 
52.4096 
52.06 
52.6381 
51.7699 
52.6381 
51.3676 
49.4807 
50.4208 
49.4807 
51.9578 
52.0685 
52.2597 
52.0685 
17.6699 
18.6439 
17.7564 
18.6439 
15.8847 
15.573 
16.52 
15.573 
51.9578 
52.2597 
52.3504 
52.2597 
51.1939 
51.2939 
49.7984 
51.2939 
86.0813 
86.56 
86.7816 
86.56 
52.2805 
52.8494 
52.989 
52.8494 
40.9788 
40.7305 
40.2424 
40.7305 
83.7971 
83.6694 
84.0194 
83.6694 
85.7942 
86.0813 
85.4151 
86.0813 
54.1196 
54.4496 
53.7134 
54.4496 
86.9421 
86.0203 
86.2645 
86.0203 
45.5554 
45.8414 
46.1273 
45.8414 
83.9687 
81.9543 
82.5264 
81.9543 
84.9031 
84.1473 
84.1008 
84.1473 
17.0897 
16.8745 
16.568 
16.8745 
74.856 
75.7343 
76.3335 
75.7343 
84.8621 
84.704 
84.2024 
84.704 
43.0726 
42.2031 
42.7173 
42.2031 
21.5072 
21.6637 
20.9683 
21.6637 
17.8716 
18.4547 
18.4201 
18.4547 
18.2476 
17.7572 
17.263 
17.7572 
17.7639 
18.1783 
18.5753 
18.1783 
38.789 
36.4838 
36.8999 
36.4838 
25.4669 
24.7436 
24.6837 
24.7436 
81.3726 
82.0226 
82.4743 
82.0226 
38.1232 
39.8083 
38.4301 
39.8083 
16.5345 
15.8599 
16.0796 
15.8599 
86.3437 
85.3464 
85.373 
85.3464 
21.0955 
21.2528 
21.7562 
21.2528 
20.2446 
20.455 
20.8086 
20.455 
90.2789 
90.9644 
91.3732 
90.9644 
49.4439 
50.0614 
48.9765 
50.0614 
27.982 
27.8752 
26.8456 
27.8752 
11.0933 
10 
11.3602 
10 
35.3628 
33.6123 
34.3331 
33.6123 
10 
10 
11.0933 
10 
69.8451 
70.1813 
70.2171 
70.1813 
49.1207 
49.5589 
50.6564 
49.5589 
17.8254 
17.5394 
17.2408 
17.5394 
18.8575 
18.2391 
18.401 
18.2391 
81.1297 
80.9985 
81.3989 
80.9985 
12.7386 
12.6547 
11.3165 
12.6547 
19.3873 
19.1955 
19.5031 
19.1955 
24.0378 
23.5547 
24.3223 
23.5547 
66.7225 
66.5226 
66.6646 
66.5226 
52.3504 
52.5796 
52.7859 
52.5796 
25.7397 
25.0297 
25.5344 
25.0297 
53.4913 
53.355 
53.7774 
53.355 
14.6809 
13.6397 
14.836 
13.6397 
59.0709 
57.6418 
58.0193 
57.6418 
46.6462 
46.6459 
46.2919 
46.6459 
34.5495 
33.3617 
33.4423 
33.3617 
66.8543 
66.9614 
67.1856 
66.9614 
45.6579 
46.0777 
46.5779 
46.0777 
46.5779 
46.0777 
47.6563 
46.0777 
20.6062 
20.9188 
20.3336 
20.9188 
80.3234 
80.275 
79.9976 
80.275 
21.3205 
21.2971 
21.1661 
21.2971 
62.688 
62.7357 
63.1263 
62.7357 
83.6694 
84.2024 
84.2746 
84.2024 
79.7862 
78.6739 
79.8683 
78.6739 
82.6947 
82.5264 
81.5522 
82.5264 
17.7572 
16.7686 
17.263 
16.7686 
12.8373 
13.6341 
13.8546 
13.6341 
68.4259 
68.215 
67.9576 
68.215 
17.3327 
17.6094 
17.7826 
17.6094 
16.775 
16.212 
16.644 
16.212 
82.0641 
80.5819 
81.4695 
80.5819 
81.7921 
79.7862 
80.9588 
79.7862 
10.5699 
11.0726 
10.6029 
11.0726 
70.1813 
70.2456 
70.5524 
70.2456 
67.1286 
65.1 
66.1831 
65.1 
76.4871 
76.3733 
75.3376 
76.3733 
45.6579 
46.5779 
45.8321 
46.5779 
90.0444 
89.7708 
90.9567 
89.7708 
60.6193 
60.9846 
62.3019 
60.9846 
43.8986 
44.1019 
43.8184 
44.1019 
17.1568 
17.2675 
16.59 
17.2675 
88.7292 
89.6452 
89.1508 
89.6452 
53.6966 
52.9901 
53.211 
52.9901 
52.4096 
52.34 
51.8642 
52.34 
79.8683 
78.9646 
80.0743 
78.9646 
13.6051 
14.175 
13.1734 
14.175 
21.9453 
21.9914 
21.5847 
21.9914 
16.8829 
16.686 
16.9111 
16.686 
51.1013 
50.5255 
50.315 
50.5255 
45.8805 
45.5913 
45.3667 
45.5913 
18.4248 
17.8692 
18.0586 
17.8692 
26.388 
25.7866 
26.4838 
25.7866 
79.3487 
78.5463 
79.9356 
78.5463 
82.2983 
82.1756 
81.3593 
82.1756 
12.1375 
11.3602 
12.5636 
11.3602 
52.3504 
52.2597 
52.5796 
52.2597 
78.748 
78.6265 
78.5892 
78.6265 
36.1571 
35.4563 
35.9063 
35.4563 
45.4924 
45.3207 
44.7761 
45.3207 
22.2972 
21.5107 
21.4249 
21.5107 
15.8847 
15.1186 
15.573 
15.1186 
85.9957 
85.6709 
85.7304 
85.6709 
17.4697 
16.5642 
16.9787 
16.5642 
24.1192 
25.0029 
23.9949 
25.0029 
66.3314 
66.1991 
66.9881 
66.1991 
52.943 
52.4768 
52.8287 
52.4768 
16.52 
15.573 
15.9213 
15.573 
41.7658 
40.8388 
41.8448 
40.8388 
27.5194 
27.6631 
28.0637 
27.6631 
80.6154 
80.6151 
80.6155 
80.6151 
55.8573 
57.3727 
56.6625 
57.3727 
17.2346 
17.8692 
17.6038 
17.8692 
59.0709 
58.0193 
59.1627 
58.0193 
91.3232 
90.8074 
90.5525 
90.8074 
14.9356 
15.5846 
15.642 
15.5846 
53.1229 
53.4921 
53.211 
53.4921 
79.3784 
79.4347 
80.3874 
79.4347 
17.3242 
18.1825 
17.3719 
18.1825 
79.4703 
80.1791 
79.7396 
80.1791 
53.1454 
52.9195 
53.4014 
52.9195 
38.1655 
38.789 
36.8999 
38.789 
78.9646 
77.7122 
78.112 
77.7122 
11.367 
11.9151 
12.1906 
11.9151 
59.6876 
60.4672 
58.7344 
60.4672 
90.8723 
90.5525 
90.418 
90.5525 
71.6182 
73.2763 
71.1805 
73.2763 
11.0726 
11.1817 
10.6029 
11.1817 
90.5198 
90.8723 
90.418 
90.8723 
69.4065 
68.4876 
69.1937 
68.4876 
74.7961 
74.5155 
75.3135 
74.5155 
66.7225 
66.5048 
66.5226 
66.5048 
19.5838 
19.1633 
19.2159 
19.1633 
54.9765 
55.3883 
54.8227 
55.3883 
80.0566 
79.147 
80.0074 
79.147 
76.9112 
77.3656 
76.7254 
77.3656 
45.7047 
46.7841 
46.1958 
46.7841 
16.5108 
16.212 
16.775 
16.212 
12.2522 
11.8906 
11.7855 
11.8906 
15.642 
16.2968 
16.1667 
16.2968 
26.3097 
27.0957 
28.3357 
27.0957 
87.7692 
87.1897 
87.0102 
87.1897 
15.2241 
15.3433 
15.3299 
15.3433 
10.5049 
10.3368 
10.0476 
10.3368 
47.7261 
46.8759 
47.9961 
46.8759 
11.1223 
11.0318 
10.5611 
11.0318 
44.4513 
44.2037 
43.719 
44.2037 
17.3548 
17.2462 
17.7961 
17.2462 
15.5452 
16.1052 
15.4843 
16.1052 
79.8683 
78.6739 
78.9646 
78.6739 
11.0332 
12.0481 
11.3228 
12.0481 
17.7564 
18.6439 
18.1783 
18.6439 
16.2873 
15.6797 
16.3457 
15.6797 
50.5188 
51.25 
50.77 
51.25 
64.7675 
64.17 
64.4045 
64.17 
28.5692 
29.5845 
28.4954 
29.5845 
54.2417 
53.706 
54.6928 
53.706 
92.8491 
92.1074 
92.3102 
92.1074 
16.3457 
15.6797 
15.9181 
15.6797 
14.175 
13.8396 
13.1734 
13.8396 
20.5249 
21.0821 
21.1502 
21.0821 
77.9262 
78.3681 
78.1332 
78.3681 
11.5405 
11.1762 
10.6792 
11.1762 
66.3314 
66.9881 
67.1662 
66.9881 
36.327 
36.392 
37.3974 
36.392 
68.0308 
68.8605 
68.5193 
68.8605 
72.2194 
71.7801 
71.7188 
71.7801 
17.1568 
17.7639 
17.2675 
17.7639 
39.5485 
41.8095 
40.6667 
41.8095 
82.5591 
81.7594 
81.887 
81.7594 
35.9895 
35.9802 
35.7855 
35.9802 
39.6361 
40.0368 
39.5108 
40.0368 
72.281 
72.8179 
71.9155 
72.8179 
67.9173 
68.0308 
68.5193 
68.0308 
46.4264 
45.7985 
45.7809 
45.7985 
43.2221 
43.7167 
42.365 
43.7167 
43.8986 
43.8184 
43.6259 
43.8184 
45.8053 
44.8286 
45.1241 
44.8286 
81.7306 
80.7491 
81.9375 
80.7491 
81.5098 
81.8724 
81.5933 
81.8724 
55.8573 
56.6625 
55.7054 
56.6625 
44.2414 
43.6323 
43.3496 
43.6323 
57.0773 
56.3654 
58.0762 
56.3654 
19.5838 
20.1552 
19.5064 
20.1552 
62.3019 
62.6929 
63.8984 
62.6929 
51.5429 
52.5185 
52.5 
52.5185 
38.9832 
38.8432 
38.9331 
38.8432 
46.0432 
44.649 
45.2556 
44.649 
49.6332 
49.5589 
49.3951 
49.5589 
67.128 
67.2695 
66.847 
67.2695 
91.9902 
92.6377 
92.4479 
92.6377 
47.7181 
48.1308 
48.2467 
48.1308 
82.1855 
81.7921 
80.9588 
81.7921 
18.382 
17.5394 
17.8254 
17.5394 
22.2972 
22.1875 
21.5107 
22.1875 
41.5731 
38.7014 
39.8083 
38.7014 
89.2938 
88.8356 
89.1601 
88.8356 
45.1159 
43.3189 
44.6763 
43.3189 
90.2062 
89.682 
90.55 
89.682 
25.0029 
25.6172 
24.9493 
25.6172 
23.9429 
25.0979 
24.684 
25.0979 
87.4452 
88.1274 
88.4387 
88.1274 
67.6899 
68.5286 
67.9576 
68.5286 
53.4014 
53.2109 
53.6801 
53.2109 
47.2714 
47.5393 
47.1737 
47.5393 
82.7614 
83.6326 
83.4944 
83.6326 
86.6376 
87.1122 
86.5727 
87.1122 
49.4092 
48.4383 
49.3647 
48.4383 
14.68 
15.1186 
14.175 
15.1186 
21.9914 
23.3417 
22.4297 
23.3417 
66.1991 
66.4631 
66.857 
66.4631 
67.8191 
67.1286 
66.1831 
67.1286 
16.568 
16.8745 
16.4944 
16.8745 
50.337 
51.3221 
50.4125 
51.3221 
43.719 
44.2037 
43.8361 
44.2037 
79.5856 
81.5373 
79.9356 
81.5373 
92.2964 
92.1105 
91.3732 
92.1105 
66.2757 
67.6899 
66.3993 
67.6899 
91.3403 
91.9902 
91.8513 
91.9902 
82.2968 
82.2773 
82.3793 
82.2773 
40.0892 
40.8403 
41.1545 
40.8403 
16.212 
15.9181 
15.5049 
15.9181 
91.5986 
91.3232 
92.1693 
91.3232 
61.02 
60.1382 
61.1435 
60.1382 
18.2391 
18.8575 
18.72 
18.8575 
15.8847 
15.5049 
15.1186 
15.5049 
11.729 
11.8906 
11.8879 
11.8906 
61.3257 
62.6531 
62.671 
62.6531 
24.6897 
24.6599 
24.9031 
24.6599 
62.3908 
61.981 
62.4619 
61.981 
85.6965 
84.9031 
85.567 
84.9031 
16.212 
15.8847 
16.644 
15.8847 
51.9578 
52.3504 
52.0195 
52.3504 
52.4045 
52.1095 
51.8277 
52.1095 
34.3331 
34.5495 
35.3307 
34.5495 
47.5322 
46.8439 
47.498 
46.8439 
64.9966 
65.3809 
64.3313 
65.3809 
79.7862 
79.8683 
80.9588 
79.8683 
84.564 
84.9031 
84.1008 
84.9031 
55.3682 
52.3644 
53.5952 
52.3644 
24.3557 
22.9851 
23.5823 
22.9851 
43.7849 
43.367 
43.2436 
43.367 
15.573 
15.1186 
14.68 
15.1186 
52.1136 
53.354 
53.5549 
53.354 
63.1537 
62.8442 
63.3365 
62.8442 
67.2695 
66.7656 
66.847 
66.7656 
53.6272 
54.6474 
54.3754 
54.6474 
22.7923 
22.2675 
23.0334 
22.2675 
20.4583 
20.8038 
20.4189 
20.8038 
19.5838 
19.5064 
19.1633 
19.5064 
88.4343 
88.2404 
87.7144 
88.2404 
46.1093 
46.1549 
45.6089 
46.1549 
37.6282 
38.1897 
37.2368 
38.1897 
71.1572 
70.7186 
70.5505 
70.7186 
20.8337 
20.8086 
21.5107 
20.8086 
52.0947 
52.2168 
51.771 
52.2168 
82.0823 
81.9471 
81.3989 
81.9471 
21.3045 
21.5847 
21.5072 
21.5847 
15.7788 
16.7087 
16.4752 
16.7087 
19.2984 
19.3139 
19.6637 
19.3139 
40.5629 
41.7658 
41.8448 
41.7658 
48.1308 
48.6747 
48.6565 
48.6747 
26.8456 
26.7484 
26.3116 
26.7484 
22.7642 
22.9851 
23.5589 
22.9851 
81.6034 
82.1855 
80.9588 
82.1855 
84.9031 
85.7199 
85.567 
85.7199 
51.4764 
51.9578 
52.0195 
51.9578 
22.415 
23.3648 
22.4761 
23.3648 
22.9851 
24.3557 
23.5589 
24.3557 
81.2188 
81.7573 
80.9787 
81.7573 
39.6371 
37.8371 
39.7732 
37.8371 
37.8371 
39.7619 
39.7732 
39.7619 
46.5139 
45.7273 
46.3023 
45.7273 
17.1568 
17.4966 
17.7639 
17.4966 
40.2756 
38.865 
39.5997 
38.865 
51.5443 
52.0947 
51.771 
52.0947 
81.5883 
82.4239 
82.2983 
82.4239 
25.4669 
24.6837 
25.511 
24.6837 
94.3127 
94.9833 
94.2705 
94.9833 
92.4479 
92.6377 
93.1888 
92.6377 
89.682 
89.0443 
89.2673 
89.0443 
47.2236 
47.6808 
47.8002 
47.6808 
77.4835 
78.141 
76.8771 
78.141 
82.118 
82.2147 
82.6599 
82.2147 
71.9577 
71.8317 
71.9554 
71.8317 
81.7594 
81.0861 
81.887 
81.0861 
67.1286 
67.8191 
68.4281 
67.8191 
38.6646 
37.5802 
38.3307 
37.5802 
16.5108 
15.9181 
16.212 
15.9181 
81.8837 
81.6829 
81.5814 
81.6829 
77.4129 
76.4442 
76.975 
76.4442 
11.1762 
12.7386 
11.3165 
12.7386 
53.4715 
53.8828 
53.4921 
53.8828 
79.0265 
76.7382 
78.1332 
76.7382 
49.5589 
50.1763 
50.6564 
50.1763 
79.3078 
78.211 
77.8649 
78.211 
87.7692 
87.4584 
88.2731 
87.4584 
16.212 
15.5049 
15.8847 
15.5049 
17.0872 
16.755 
16.8745 
16.755 
62.6929 
62.3019 
61.7103 
62.3019 
20.7062 
20.3308 
19.8533 
20.3308 
16.1822 
16.3276 
15.8907 
16.3276 
16.8745 
16.755 
16.4944 
16.755 
81.5373 
81.4695 
79.9356 
81.4695 
15.9213 
15.573 
15.1658 
15.573 
73.6979 
72.2194 
72.7504 
72.2194 
82.2983 
82.4239 
83.3065 
82.4239 
36.25 
36.7008 
36.4607 
36.7008 
53.0177 
52.8485 
53.6183 
52.8485 
86.0921 
86.9651 
86.3026 
86.9651 
46.5139 
45.8053 
45.7273 
45.8053 
89.7708 
88.2905 
88.6485 
88.2905 
49.4807 
48.297 
48.6951 
48.297 
80.9244 
81.2618 
80.9661 
81.2618 
36.7008 
36.9877 
36.9652 
36.9877 
86.3468 
85.7304 
86.0813 
85.7304 
80.9661 
81.2618 
81.1664 
81.2618 
60.4672 
61.1216 
59.9117 
61.1216 
40.8388 
40.2756 
39.5997 
40.2756 
48.3712 
48.0748 
48.8562 
48.0748 
24.777 
25.0383 
25.0651 
25.0383 
80.6315 
80.5698 
80.5695 
80.5698 
43.7849 
43.2436 
43.6275 
43.2436 
70.5524 
71.2248 
71.1572 
71.2248 
15.9181 
15.6797 
15.2449 
15.6797 
49.6023 
49.9894 
49.2011 
49.9894 
46.4727 
46.72 
46.3174 
46.72 
50.907 
51.4764 
51.613 
51.4764 
81.3636 
81.5883 
80.9517 
81.5883 
24.9031 
24.6599 
25.0476 
24.6599 
45.7273 
45.8053 
45.1241 
45.8053 
12.1771 
11.8906 
12.2522 
11.8906 
35.7083 
36.4838 
36.2635 
36.4838 
60.325 
59.5449 
62.1597 
59.5449 
46.1958 
46.7841 
46.7234 
46.7841 
17.4966 
18.1783 
17.7639 
18.1783 
17.8716 
17.5445 
18.4547 
17.5445 
52.7322 
54.5361 
53.339 
54.5361 
20.2446 
20.1552 
19.5838 
20.1552 
67.1072 
67.1456 
67.1286 
67.1456 
45.5913 
45.7953 
45.051 
45.7953 
72.4367 
72.009 
73.5974 
72.009 
20.0468 
19.9875 
20.4345 
19.9875 
16.134 
15.6084 
16.7349 
15.6084 
18.8576 
18.845 
18.3025 
18.845 
64.335 
64.8067 
63.7457 
64.8067 
82.2293 
81.7573 
81.2188 
81.7573 
87.7692 
88.2731 
88.599 
88.2731 
80.275 
80.4279 
80.3292 
80.4279 
62.8442 
62.3911 
63.0695 
62.3911 
73.0268 
74.5374 
74.4925 
74.5374 
13.3484 
12.0781 
12.8568 
12.0781 
48.0748 
47.4054 
47.752 
47.4054 
17.196 
17.8254 
17.2408 
17.8254 
89.441 
89.1508 
90.2006 
89.1508 
13.8931 
13.3484 
12.8568 
13.3484 
79.2796 
79.3992 
79.4577 
79.3992 
14.9356 
15.642 
15.1578 
15.642 
44.2037 
44.2227 
43.8361 
44.2227 
47.1417 
46.7719 
46.6093 
46.7719 
27.6631 
28.5692 
28.4954 
28.5692 
42.7173 
42.2031 
41.7952 
42.2031 
53.4921 
53.6966 
53.211 
53.6966 
87.0102 
86.5218 
86.3468 
86.5218 
12.521 
13.6341 
12.7534 
13.6341 
45.7985 
45.915 
44.6616 
45.915 
57.0773 
58.7344 
57.4707 
58.7344 
53.1665 
53.339 
53.5952 
53.339 
78.141 
78.6928 
79.3784 
78.6928 
50.1763 
49.6896 
50.5255 
49.6896 
62.9237 
66.9452 
65.2018 
66.9452 
40.6115 
41.8893 
41.7658 
41.8893 
63.5692 
63.9044 
64.0482 
63.9044 
49.4357 
49.4305 
49.4871 
49.4305 
77.7122 
76.3733 
76.4871 
76.3733 
11.3165 
12.6547 
11.3602 
12.6547 
59.3911 
59.9621 
59.0992 
59.9621 
89.4784 
89.9552 
90.0156 
89.9552 
67.6027 
67.7684 
67.3034 
67.7684 
14.2051 
15.1578 
14.8411 
15.1578 
65.3809 
66.1991 
66.3314 
66.1991 
35.3368 
35.5225 
35.8458 
35.5225 
45.4857 
45.7809 
45.0145 
45.7809 
37.4779 
36.0634 
36.1948 
36.0634 
67.3885 
67.1456 
67.0527 
67.1456 
68.9439 
70.5805 
69.159 
70.5805 
18.5753 
18.5692 
17.948 
18.5692 
71.9703 
72.3087 
72.0118 
72.3087 
86.0203 
85.5821 
85.7565 
85.5821 
69.8451 
70.2171 
69.8544 
70.2171 
63.9044 
64.3634 
64.0482 
64.3634 
17.6699 
17.7564 
17.4432 
17.7564 
66.7936 
66.7225 
66.6646 
66.7225 
39.214 
39.0851 
38.9738 
39.0851 
15.5049 
15.9181 
15.2449 
15.9181 
52.7065 
52.9127 
53.1643 
52.9127 
66.9489 
66.4213 
67.0064 
66.4213 
84.7015 
84.852 
83.3878 
84.852 
64.54 
65.7336 
65.684 
65.7336 
63.0695 
62.3911 
62.7033 
62.3911 
52.3504 
52.7859 
52.4849 
52.7859 
91.4834 
91.3403 
90.9482 
91.3403 
17.7564 
18.1783 
17.4966 
18.1783 
79.1282 
79.0265 
78.1332 
79.0265 
16.134 
15.3646 
14.9728 
15.3646 
10.4902 
11.0418 
10.6537 
11.0418 
52.7101 
51.3676 
52.4029 
51.3676 
55.8171 
55.4831 
55.3093 
55.4831 
20.9169 
21.6291 
21.4546 
21.6291 
25.9642 
24.3557 
25.5516 
24.3557 
14.2981 
15.1503 
14.9876 
15.1503 
63.0695 
62.7033 
63.5733 
62.7033 
66.9452 
68.8696 
68.191 
68.8696 
19.3139 
19.3203 
19.6931 
19.3203 
62.688 
62.3908 
62.4619 
62.3908 
46.7719 
46.3023 
46.1549 
46.3023 
46.2715 
46.2028 
47.0617 
46.2028 
16.755 
16.686 
16.4767 
16.686 
62.5251 
62.7357 
62.4619 
62.7357 
37.2247 
36.0264 
37.5912 
36.0264 
64.961 
65.4437 
64.7393 
65.4437 
20.412 
19.2583 
19.9125 
19.2583 
86.6298 
86.9651 
87.8147 
86.9651 
62.3908 
62.7033 
62.0029 
62.7033 
81.7159 
82.1069 
81.8837 
82.1069 
37.5079 
37.1255 
37.2079 
37.1255 
44.1198 
44.2316 
44.9221 
44.2316 
49.3052 
49.3529 
49.3308 
49.3529 
47.0073 
47.3051 
47.414 
47.3051 
52.5971 
53.061 
52.7328 
53.061 
23.5547 
22.7923 
23.0334 
22.7923 
54.8227 
54.9003 
54.5521 
54.9003 
21.9453 
21.4468 
22.4005 
21.4468 
65.1 
65.0004 
66.1831 
65.0004 
18.1783 
18.6439 
18.8648 
18.6439 
71.3377 
71.4422 
70.2084 
71.4422 
17.326 
17.5045 
18.5455 
17.5045 
17.3327 
16.8745 
17.0897 
16.8745 
16.6646 
15.2195 
15.8856 
15.2195 
47.7819 
46.3792 
46.5779 
46.3792 
11.5405 
10.6792 
11.0499 
10.6792 
60.1382 
59.4138 
59.9621 
59.4138 
63.9245 
62.612 
63.2672 
62.612 
15.6084 
14.9728 
13.7023 
14.9728 
37.3493 
36.9572 
37.2368 
36.9572 
64.9966 
66.1991 
65.3809 
66.1991 
15.0103 
14.6862 
14.8302 
14.6862 
28.7639 
30.0835 
30.4351 
30.0835 
16.3544 
16.6266 
16.5345 
16.6266 
79.9506 
80.275 
80.3292 
80.275 
17.6094 
18.1606 
17.7826 
18.1606 
34.9248 
34.6041 
34.7129 
34.6041 
66.8999 
66.0998 
65.684 
66.0998 
47.13 
48.0084 
48.2542 
48.0084 
49.4807 
49.5164 
50.4208 
49.5164 
83.6651 
82.2293 
83.3878 
82.2293 
12.0781 
11.9181 
11.4695 
11.9181 
11.4588 
11.2362 
11.6319 
11.2362 
64.3634 
64.17 
64.7675 
64.17 
34.7256 
33.4423 
33.4686 
33.4423 
98.0123 
97.0504 
98.1412 
97.0504 
45.9005 
45.9569 
45.8209 
45.9569 
48.9162 
49.3918 
49.0434 
49.3918 
13.6341 
14.9734 
13.8546 
14.9734 
79.9625 
80.3234 
79.9976 
80.3234 
64.3313 
64.7248 
63.8013 
64.7248 
66.9881 
66.1991 
66.857 
66.1991 
20.1024 
19.8159 
20.3308 
19.8159 
57.1836 
55.5734 
56.8083 
55.5734 
93.5172 
92.8491 
93.3272 
92.8491 
64.17 
63.5173 
63.4644 
63.5173 
79.4703 
79.7396 
78.5735 
79.7396 
43.367 
44.2316 
44.1198 
44.2316 
43.6259 
43.3174 
43.4678 
43.3174 
16.755 
16.4767 
16.4944 
16.4767 
16.2873 
15.7017 
15.6797 
15.7017 
75.9924 
75.0663 
74.9343 
75.0663 
35.9895 
36.2073 
35.9802 
36.2073 
45.8414 
46.6362 
46.1273 
46.6362 
67.3674 
66.5403 
67.2077 
66.5403 
63.0741 
64.335 
63.7457 
64.335 
17.7961 
18.2674 
18.3911 
18.2674 
83.6326 
82.7614 
82.3514 
82.7614 
17.0225 
17.2346 
17.6038 
17.2346 
36.2634 
35.6442 
35.3307 
35.6442 
54.4612 
55.3156 
54.9722 
55.3156 
40.5417 
40.6493 
41.2599 
40.6493 
12.4416 
13.1799 
12.8254 
13.1799 
54.1196 
54.9869 
54.4496 
54.9869 
21.3985 
20.8384 
21.1838 
20.8384 
90.5988 
89.7226 
89.6936 
89.7226 
81.5677 
82.4921 
81.887 
82.4921 
67.1662 
66.9881 
67.8824 
66.9881 
84.2024 
83.6694 
83.708 
83.6694 
49.6245 
48.8521 
49.2697 
48.8521 
15.1578 
15.642 
15.6946 
15.642 
69.7413 
70.2472 
68.9403 
70.2472 
44.6551 
44.1019 
44.2389 
44.1019 
66.857 
66.4631 
66.9177 
66.4631 
21.8795 
22.0613 
21.6012 
22.0613 
49.5164 
48.6951 
49.0434 
48.6951 
15.8847 
16.52 
16.644 
16.52 
89.889 
88.6526 
89.3218 
88.6526 
39.5859 
38.1897 
39.6529 
38.1897 
85.7942 
85.4151 
84.7015 
85.4151 
75.0487 
77.4835 
76.8771 
77.4835 
17.3548 
17.7961 
17.8178 
17.7961 
53.6753 
54.2417 
54.5875 
54.2417 
69.7948 
69.8544 
70.2237 
69.8544 
51.0396 
52.1136 
50.6564 
52.1136 
81.6034 
82.5872 
82.1855 
82.5872 
36.1571 
35.9063 
36.25 
35.9063 
22.1875 
22.2972 
23.5027 
22.2972 
39.0851 
39.214 
39.3279 
39.214 
81.6034 
80.8488 
81.3967 
80.8488 
83.7971 
82.8278 
83.6694 
82.8278 
44.2316 
44.8863 
44.9221 
44.8863 
13.6051 
14.68 
14.175 
14.68 
81.4892 
81.2656 
81.1664 
81.2656 
57.2155 
58.3839 
58.0193 
58.3839 
66.3314 
67.1662 
66.59 
67.1662 
82.2116 
82.2968 
82.4278 
82.2968 
42.6683 
42.3479 
43.2726 
42.3479 
50.2844 
50.18 
50.837 
50.18 
52.4045 
52.6472 
52.1095 
52.6472 
49.6245 
48.9105 
48.8521 
48.9105 
21.2528 
21.4546 
22.0145 
21.4546 
16.9111 
16.755 
17.0872 
16.755 
23.4369 
24.0761 
23.8494 
24.0761 
87.7144 
87.2138 
87.808 
87.2138 
90.8074 
89.889 
90.0156 
89.889 
52.8287 
52.4768 
52.3485 
52.4768 
64.4377 
63.7194 
64.4422 
63.7194 
11.0332 
11.3228 
10.8081 
11.3228 
82.2983 
83.3065 
83.0782 
83.3065 
17.0872 
16.8745 
17.3327 
16.8745 
51.4764 
52.0195 
51.613 
52.0195 
23.9003 
23.9429 
24.684 
23.9429 
54.4898 
54.8045 
54.4946 
54.8045 
22.0145 
22.3323 
22.9851 
22.3323 
82.5429 
82.2116 
82.4278 
82.2116 
20.8384 
20.8038 
20.4583 
20.8038 
87.7692 
87.0102 
87.4584 
87.0102 
86.3468 
86.0813 
86.7816 
86.0813 
51.4729 
51.3951 
50.837 
51.3951 
53.9415 
54.6129 
54.1196 
54.6129 
23.5547 
23.0429 
22.7923 
23.0429 
18.4201 
18.4547 
19.077 
18.4547 
81.4222 
81.9312 
81.6204 
81.9312 
20.7062 
21.5072 
20.9683 
21.5072 
23.3417 
23.2247 
22.4297 
23.2247 
24.0378 
23.0429 
23.5547 
23.0429 
18.5753 
18.1783 
18.8648 
18.1783 
18.845 
18.8575 
18.401 
18.8575 
84.2024 
84.704 
84.2746 
84.704 
76.5621 
74.7961 
75.3135 
74.7961 
44.2389 
44.1019 
43.8986 
44.1019 
62.612 
62.671 
63.2672 
62.671 
24.033 
24.3147 
24.4652 
24.3147 
26.7484 
26.6263 
26.4838 
26.6263 
17.2675 
17.7639 
17.948 
17.7639 
21.3045 
21.0423 
21.4468 
21.0423 
43.5487 
42.7173 
43.2687 
42.7173 
23.5189 
21.9453 
22.4005 
21.9453 
54.4946 
54.8227 
54.5521 
54.8227 
18.5753 
18.8648 
19.4822 
18.8648 
87.7144 
87.6398 
87.0849 
87.6398 
53.9415 
54.1196 
53.6265 
54.1196 
17.8716 
16.3464 
17.5445 
16.3464 
89.4964 
89.9336 
89.9552 
89.9336 
44.9156 
45.7273 
45.1241 
45.7273 
84.8662 
85.6181 
85.3368 
85.6181 
80.4423 
81.3726 
80.3874 
81.3726 
10 
10.5699 
10.6029 
10.5699 
47.0747 
47.0275 
47.5099 
47.0275 
17.6743 
17.8519 
18.3025 
17.8519 
11.0418 
11.2362 
11.4588 
11.2362 
38.1232 
39.5775 
39.8083 
39.5775 
37.2247 
37.167 
36.2634 
37.167 
84.704 
84.6721 
84.2746 
84.6721 
79.4347 
80.4423 
80.3874 
80.4423 
43.2295 
44.8659 
43.9025 
44.8659 
70.5524 
71.1572 
70.5505 
71.1572 
68.3342 
67.7257 
67.7684 
67.7257 
61.1435 
60.1382 
59.9621 
60.1382 
63.6625 
64.7248 
65.0414 
64.7248 
16.5509 
16.3276 
16.4975 
16.3276 
43.7849 
44.2316 
43.367 
44.2316 
70.2084 
71.4422 
70.5365 
71.4422 
78.9646 
78.112 
79.3254 
78.112 
72.5076 
73.0268 
71.5792 
73.0268 
68.2382 
68.4259 
68.6421 
68.4259 
17.7639 
18.5753 
17.948 
18.5753 
92.4479 
93.1888 
92.896 
93.1888 
21.1329 
21.6587 
21.3194 
21.6587 
52.5796 
52.2597 
52.4218 
52.2597 
26.2893 
25.7397 
25.5344 
25.7397 
16.4944 
16.4767 
16.1822 
16.4767 
91.5651 
91.2545 
91.7087 
91.2545 
47.752 
48.2467 
48.3956 
48.2467 
44.4513 
43.719 
44.1229 
43.719 
78.112 
77.7122 
76.4871 
77.7122 
85.2493 
83.8371 
84.7266 
83.8371 
66.8528 
66.7225 
66.9454 
66.7225 
64.7393 
65.4437 
65.2313 
65.4437 
67.8245 
67.7964 
67.4352 
67.7964 
65.6099 
64.8067 
65.1144 
64.8067 
92.896 
93.1888 
93.9533 
93.1888 
67.1286 
67.1542 
67.0513 
67.1542 
68.9547 
68.4259 
68.5286 
68.4259 
81.0757 
80.7096 
80.6304 
80.7096 
54.2176 
53.2305 
53.5349 
53.2305 
52.2176 
52.0536 
52.3963 
52.0536 
37.1918 
37.537 
37.4429 
37.537 
26.1271 
26.2893 
25.7019 
26.2893 
56.3654 
57.9838 
58.0762 
57.9838 
48.6951 
48.2542 
49.0434 
48.2542 
34.7129 
34.6041 
34.3465 
34.6041 
46.72 
46.6102 
46.3174 
46.6102 
52.6382 
52.6381 
52.06 
52.6381 
99.3829 
99.8613 
98.6664 
99.8613 
53.4913 
53.7774 
53.9157 
53.7774 
39.8171 
40.6115 
39.258 
40.6115 
82.1069 
82.2116 
81.8837 
82.2116 
73.6345 
74.8297 
73.0165 
74.8297 
45.6309 
45.7273 
44.9156 
45.7273 
46.3023 
45.7273 
45.6309 
45.7273 
21.427 
21.8795 
21.6012 
21.8795 
37.74 
36.5582 
36.9413 
36.5582 
72.2194 
71.8865 
72.7504 
71.8865 
36.9877 
37.1918 
36.9652 
37.1918 
92.4063 
95.0012 
94.1701 
95.0012 
61.2865 
62.0029 
61.7924 
62.0029 
22.9851 
22.7642 
22.3383 
22.7642 
44.0918 
44.7761 
44.2508 
44.7761 
66.0544 
65.9061 
66.5288 
65.9061 
80.8488 
80.9787 
81.3967 
80.9787 
52.9127 
53.1454 
53.4088 
53.1454 
77.4872 
76.5621 
76.6256 
76.5621 
67.2279 
66.857 
66.9177 
66.857 
52.7101 
52.4029 
53.2305 
52.4029 
99.0551 
98.0123 
98.1412 
98.0123 
20.7947 
21.4103 
21.1329 
21.4103 
66.7656 
66.3414 
66.4764 
66.3414 
50.5255 
49.6245 
50.315 
49.6245 
90.5525 
89.9552 
90.418 
89.9552 
41.0897 
39.5859 
39.6529 
39.5859 
41.462 
41.7952 
40.8332 
41.7952 
41.4785 
42.3986 
41.5483 
42.3986 
69.4001 
69.7413 
68.9903 
69.7413 
11.3602 
12.6547 
12.5636 
12.6547 
36.8488 
36.2476 
36.2635 
36.2476 
41.1545 
41.5536 
42.2079 
41.5536 
66.5808 
66.7403 
66.6646 
66.7403 
21.1661 
21.2971 
21.1338 
21.2971 
18.4817 
17.5445 
17.6607 
17.5445 
27.8685 
27.4673 
29.3001 
27.4673 
68.5286 
68.4259 
67.9576 
68.4259 
61.2923 
61.2865 
61.7924 
61.2865 
51.7699 
52.1136 
51.0396 
52.1136 
19.5064 
19.1485 
18.9791 
19.1485 
16.8773 
17.6743 
16.4613 
17.6743 
64.3313 
65.3809 
64.7248 
65.3809 
59.4072 
59.4138 
60.1382 
59.4138 
61.1216 
59.3301 
59.9117 
59.3301 
67.2279 
67.9667 
67.4052 
67.9667 
19.2583 
18.1825 
19.1558 
18.1825 
26.1271 
27.0699 
26.2893 
27.0699 
12.2522 
11.7855 
12.2095 
11.7855 
86.7816 
86.56 
87.108 
86.56 
18.9721 
18.2476 
18.5692 
18.2476 
17.3327 
17.0897 
17.6094 
17.0897 
15.4843 
16.1052 
15.9162 
16.1052 
26.4838 
25.7866 
26.3116 
25.7866 
49.4734 
49.6332 
49.3951 
49.6332 
47.2236 
47.8002 
47.2714 
47.8002 
10.696 
11.1672 
11.0791 
11.1672 
36.7008 
36.8041 
36.4607 
36.8041 
88.4343 
87.7144 
87.808 
87.7144 
11.0791 
11.4695 
10.9906 
11.4695 
20.8094 
20.2573 
20.3308 
20.2573 
86.2895 
86.4707 
86.7519 
86.4707 
11.0163 
10.68 
10.9906 
10.68 
59.6876 
61.3485 
60.4672 
61.3485 
18.1606 
18.4444 
17.7826 
18.4444 
11.0163 
10.9165 
10.68 
10.9165 
30.7631 
31.1367 
29.5845 
31.1367 
91.9675 
92.4063 
94.1701 
92.4063 
20.5249 
21.1502 
20.9169 
21.1502 
43.2687 
43.719 
43.8361 
43.719 
98.0123 
97.1546 
97.0504 
97.1546 
17.9931 
18.1606 
17.6094 
18.1606 
36.5582 
36.327 
36.9413 
36.327 
53.339 
54.5361 
53.5952 
54.5361 
52.943 
52.5971 
52.4768 
52.5971 
82.5264 
81.301 
81.5522 
81.301 
88.4387 
88.1274 
88.6378 
88.1274 
44.1265 
44.2316 
43.7849 
44.2316 
17.8178 
17.7961 
18.3911 
17.7961 
70.2456 
69.9 
69.6441 
69.9 
13.6341 
12.8373 
12.7534 
12.8373 
47.978 
46.8697 
47.2072 
46.8697 
64.961 
65.9061 
65.4437 
65.9061 
21.4546 
22.3323 
22.0145 
22.3323 
17.1733 
17.6721 
17.6494 
17.6721 
90.82 
90.2062 
91.0681 
90.2062 
51.25 
51.5443 
51.771 
51.5443 
36.327 
37.3974 
36.9413 
37.3974 
11.367 
12.1906 
12.0854 
12.1906 
48.9765 
48.9106 
47.6563 
48.9106 
52.6381 
53.7584 
53.354 
53.7584 
77.4129 
76.975 
77.5292 
76.975 
52.4768 
52.5971 
52.0947 
52.5971 
22.5683 
22.0149 
22.4761 
22.0149 
53.9415 
53.6801 
54.2627 
53.6801 
68.8605 
69.8451 
69.4405 
69.8451 
63.8013 
64.7248 
63.6625 
64.7248 
93.5119 
93.8347 
93.9923 
93.8347 
93.0773 
92.1283 
91.7087 
92.1283 
40.1961 
40.8332 
39.6529 
40.8332 
47.0617 
46.2028 
46.8697 
46.2028 
15.9499 
15.2542 
15.6822 
15.2542 
87.7144 
87.0849 
87.2138 
87.0849 
52.2597 
52.0685 
52.2176 
52.0685 
53.599 
53.6966 
54.6645 
53.6966 
53.7774 
53.355 
53.6556 
53.355 
20.3864 
19.5683 
19.9777 
19.5683 
80.9244 
80.9661 
80.6021 
80.9661 
27.5194 
28.0637 
27.6824 
28.0637 
49.4455 
50.8972 
49.5077 
50.8972 
21.7562 
21.2528 
22.0145 
21.2528 
66.8563 
66.4259 
65.8303 
66.4259 
67.9667 
67.8824 
67.4052 
67.8824 
46.8697 
46.2028 
46.1273 
46.2028 
60.286 
60.2692 
61.469 
60.2692 
46.6093 
46.7719 
46.1549 
46.7719 
26.3116 
25.7866 
25.8758 
25.7866 
44.2508 
44.7761 
44.6714 
44.7761 
16.8102 
16.5108 
16.9387 
16.5108 
89.0443 
88.9096 
89.2673 
88.9096 
65.7876 
65.6099 
66.4259 
65.6099 
28.7519 
29.7454 
28.6367 
29.7454 
73.9198 
72.5944 
72.4144 
72.5944 
22.0612 
21.8936 
22.7715 
21.8936 
82.2983 
83.0782 
82.1756 
83.0782 
52.562 
52.7065 
52.8494 
52.7065 
78.6265 
78.6251 
78.5892 
78.6251 
99.8999 
99.9812 
99.9871 
99.9812 
19.0766 
18.9191 
18.72 
18.9191 
42.2031 
41.7209 
41.0897 
41.7209 
70.2171 
70.1813 
70.5524 
70.1813 
25.4669 
25.511 
26.7258 
25.511 
17.0765 
17.0897 
16.6492 
17.0897 
15.2241 
14.6809 
15.2542 
14.6809 
45.6309 
44.9156 
44.8801 
44.9156 
61.7683 
62.8175 
62.3855 
62.8175 
16.2968 
17.0765 
16.6492 
17.0765 
56.9254 
54.5597 
55.309 
54.5597 
17.4679 
17.2675 
17.948 
17.2675 
15.2095 
14.9887 
14.9876 
14.9887 
65.4437 
65.9061 
66.0544 
65.9061 
12.0781 
11.4695 
11.4829 
11.4695 
46.0777 
47.5795 
47.6563 
47.5795 
16.9111 
16.686 
16.755 
16.686 
84.704 
85.1562 
84.6721 
85.1562 
83.5354 
84.564 
84.1008 
84.564 
15.1186 
15.5049 
14.7106 
15.5049 
47.752 
47.1417 
47.414 
47.1417 
13.5664 
14.4027 
14.1349 
14.4027 
70.7186 
70.599 
70.5505 
70.599 
59.4072 
60.1382 
60.1487 
60.1382 
51.5443 
51.3017 
51.9325 
51.3017 
62.9626 
60.325 
62.1597 
60.325 
73.4812 
75.0487 
73.2763 
75.0487 
26.5135 
26.5894 
25.1563 
26.5894 
54.4898 
54.9722 
54.8045 
54.9722 
44.649 
42.6683 
44.2327 
42.6683 
21.5847 
21.9914 
21.5072 
21.9914 
37.2247 
36.2634 
36.0264 
36.2634 
14.0724 
12.9784 
13.8396 
12.9784 
19.3873 
19.2159 
19.1955 
19.2159 
46.9131 
47.1733 
47.0275 
47.1733 
15.8541 
16.59 
15.8856 
16.59 
52.7859 
52.5796 
52.8479 
52.5796 
56.1827 
53.599 
54.6645 
53.599 
42.5797 
41.7952 
41.462 
41.7952 
37.5079 
37.2079 
37.3493 
37.2079 
20.029 
20.1552 
20.8337 
20.1552 
85.4528 
86.9082 
86.7851 
86.9082 
19.3476 
19.2538 
18.9986 
19.2538 
13.1799 
13.5664 
12.8254 
13.5664 
59.6876 
58.7344 
58.0762 
58.7344 
81.2618 
81.4892 
81.1664 
81.4892 
87.2399 
86.3437 
86.2311 
86.3437 
80.4279 
80.474 
80.3292 
80.474 
89.116 
89.4752 
88.9598 
89.4752 
50.1763 
50.5255 
51.0396 
50.5255 
97.3603 
98.138 
98.7994 
98.138 
60.1487 
60.1382 
61.02 
60.1382 
26.2893 
27.0699 
27.5055 
27.0699 
87.4584 
87.0102 
86.7816 
87.0102 
10.8556 
11.0831 
11.014 
11.0831 
91.1267 
90.1746 
90.5988 
90.1746 
18.9504 
18.7716 
18.3066 
18.7716 
65.7876 
65.3819 
65.6099 
65.3819 
65.0713 
64.8383 
65.2757 
64.8383 
52.9127 
53.4088 
53.1643 
53.4088 
46.3023 
45.6309 
46.1549 
45.6309 
80.0743 
78.9646 
79.3254 
78.9646 
52.0536 
52.1519 
52.3963 
52.1519 
88.2905 
87.7397 
88.6485 
87.7397 
26.8456 
26.3116 
25.8758 
26.3116 
17.6743 
18.3025 
18.401 
18.3025 
64.961 
64.7393 
64.3404 
64.7393 
18.9191 
18.5553 
18.72 
18.5553 
36.25 
35.9063 
36.1679 
35.9063 
81.7159 
81.8837 
81.5814 
81.8837 
27.1115 
27.982 
26.8456 
27.982 
91.0783 
90.8074 
91.5986 
90.8074 
65.6099 
65.3819 
64.8067 
65.3819 
82.3123 
81.9706 
81.8427 
81.9706 
41.1545 
40.8403 
41.5536 
40.8403 
46.5779 
46.3792 
45.8321 
46.3792 
55.309 
53.5549 
54.319 
53.5549 
14.2158 
13.6397 
13.3702 
13.6397 
58.3839 
59.4072 
59.1627 
59.4072 
16.3276 
16.4767 
16.4975 
16.4767 
63.0695 
63.5733 
63.6234 
63.5733 
35.3628 
34.3331 
35.6442 
34.3331 
85.9919 
86.6298 
86.2645 
86.6298 
45.915 
43.7167 
44.6616 
43.7167 
18.1766 
18.1671 
17.9875 
18.1671 
66.857 
67.2279 
67.4052 
67.2279 
17.2462 
16.9363 
16.645 
16.9363 
80.5247 
81.2188 
80.3085 
81.2188 
12.1771 
12.2522 
12.8373 
12.2522 
50.1763 
51.0396 
50.6564 
51.0396 
20.4963 
20.4583 
20.0628 
20.4583 
12.5196 
14.3613 
12.8104 
14.3613 
45.4924 
44.7761 
44.7962 
44.7761 
12.0155 
12.4416 
11.7676 
12.4416 
84.3437 
84.6721 
84.5928 
84.6721 
24.9031 
25.0476 
25.1902 
25.0476 
53.7774 
54.0893 
54.1849 
54.0893 
64.4897 
64.5063 
64.4674 
64.5063 
10.9165 
11.5064 
10.7107 
11.5064 
46.2715 
47.0617 
47.0501 
47.0617 
82.3828 
81.9706 
82.3123 
81.9706 
81.3515 
81.3572 
81.5814 
81.3572 
49.4357 
49.4871 
49.5344 
49.4871 
81.3612 
80.7491 
81.7306 
80.7491 
71.278 
71.7188 
71.525 
71.7188 
17.6607 
17.5445 
16.7649 
17.5445 
27.8685 
25.9642 
27.4673 
25.9642 
92.8816 
93.8543 
92.7542 
93.8543 
81.2188 
80.9787 
80.3085 
80.9787 
81.769 
81.5589 
81.7594 
81.5589 
46.6459 
46.4278 
46.2919 
46.4278 
48.6951 
48.297 
47.7104 
48.297 
85.3584 
85.597 
85.5346 
85.597 
37.2247 
37.5912 
38.0916 
37.5912 
20.8094 
20.3308 
20.9683 
20.3308 
18.4547 
17.5445 
18.4817 
17.5445 
66.9489 
67.3034 
67.1563 
67.3034 
20.6969 
19.9754 
20.4189 
19.9754 
40.6667 
41.8095 
42.3479 
41.8095 
12.0481 
13.8931 
12.8568 
13.8931 
69.5058 
68.9547 
68.5286 
68.9547 
43.3174 
43.3243 
43.4678 
43.3243 
44.7761 
45.3207 
44.6714 
45.3207 
19.5064 
20.1552 
20.029 
20.1552 
19.5064 
20.029 
19.1485 
20.029 
77.4129 
77.5292 
78.0132 
77.5292 
80.0743 
80.9787 
80.8488 
80.9787 
53.4014 
53.6801 
53.9415 
53.6801 
18.2674 
19.0865 
18.3911 
19.0865 
16.568 
16.4944 
16.0254 
16.4944 
19.1633 
19.5064 
18.9791 
19.5064 
79.3784 
78.6928 
79.4347 
78.6928 
25.0476 
24.9493 
25.3063 
24.9493 
44.1682 
46.3722 
45.7047 
46.3722 
85.5472 
83.3578 
84.5179 
83.3578 
52.1095 
52.4096 
51.8642 
52.4096 
57.9838 
59.6876 
58.0762 
59.6876 
14.8302 
14.8411 
15.1374 
14.8411 
53.6556 
53.355 
53.2465 
53.355 
87.4584 
86.7816 
87.108 
86.7816 
15.6946 
15.642 
16.1667 
15.642 
36.327 
36.5582 
36.1679 
36.5582 
68.2795 
67.7684 
67.6027 
67.7684 
64.7393 
65.2313 
64.3302 
65.2313 
19.3203 
19.5271 
19.6661 
19.5271 
79.8683 
80.0743 
80.8488 
80.0743 
21.4546 
21.6291 
22.3323 
21.6291 
35.5225 
36.327 
35.8458 
36.327 
87.7144 
88.2404 
87.6398 
88.2404 
91.3232 
91.8513 
92.1693 
91.8513 
53.6801 
53.4913 
53.9157 
53.4913 
14.9391 
13.97 
14.1349 
13.97 
64.9585 
63.6389 
63.9245 
63.6389 
21.3194 
21.6587 
21.8936 
21.6587 
64.5063 
64.3522 
64.4674 
64.3522 
25.511 
24.9013 
25.3572 
24.9013 
78.4717 
78.9639 
77.7706 
78.9639 
11.6764 
11.4588 
11.7681 
11.4588 
15.2542 
14.6809 
14.836 
14.6809 
18.1671 
17.996 
17.9875 
17.996 
63.5733 
64.3313 
63.6234 
64.3313 
10.6053 
11.1223 
10.5611 
11.1223 
46.4363 
46.4226 
46.0052 
46.4226 
69.1144 
68.3342 
68.2795 
68.3342 
66.5403 
65.2018 
66.9717 
65.2018 
71.7861 
71.9577 
71.5236 
71.9577 
19.9754 
19.3873 
19.5031 
19.3873 
22.0145 
22.9851 
22.3383 
22.9851 
66.1935 
66.7478 
66.7324 
66.7478 
79.0801 
79.2873 
78.8193 
79.2873 
17.1408 
17.3315 
17.4432 
17.3315 
45.1159 
44.6763 
45.6579 
44.6763 
47.0596 
47.1733 
46.9131 
47.1733 
69.5058 
69.4001 
68.9547 
69.4001 
49.4871 
49.5597 
49.5344 
49.5597 
19.2159 
18.9191 
19.1955 
18.9191 
83.3065 
82.4239 
83.5354 
82.4239 
52.562 
52.34 
52.7065 
52.34 
10.0524 
10.4873 
10.6462 
10.4873 
42.7173 
41.7952 
42.5797 
41.7952 
55.309 
54.5597 
53.5549 
54.5597 
19.3139 
19.6931 
19.6637 
19.6931 
88.4343 
89.1953 
88.2404 
89.1953 
44.8286 
44.4513 
45.1241 
44.4513 
82.4307 
82.5591 
83.3826 
82.5591 
20.2432 
18.4444 
19.6407 
18.4444 
18.9504 
19.579 
19.5683 
19.579 
54.4496 
54.9869 
55.5124 
54.9869 
12.0155 
13.0935 
12.4416 
13.0935 
54.1196 
54.6129 
54.9869 
54.6129 
46.7841 
47.7104 
47.147 
47.7104 
35.4692 
34.7256 
33.4686 
34.7256 
48.078 
47.978 
49.2011 
47.978 
82.0139 
81.6829 
81.8837 
81.6829 
59.4072 
60.1487 
59.1627 
60.1487 
12.0854 
11.5405 
11.0499 
11.5405 
72.009 
73.7098 
73.5974 
73.7098 
82.5264 
82.6947 
84.0338 
82.6947 
93.1888 
92.6377 
93.3312 
92.6377 
87.0102 
86.3468 
86.7816 
86.3468 
19.0549 
18.4201 
19.077 
18.4201 
18.2674 
17.7961 
17.7262 
17.7961 
42.3986 
41.462 
41.5483 
41.462 
88.3436 
87.7692 
88.599 
87.7692 
14.1349 
14.4027 
14.9347 
14.4027 
52.8494 
52.7065 
53.1643 
52.7065 
79.0265 
80.4368 
80.6266 
80.4368 
49.4734 
49.387 
49.6332 
49.387 
25.0383 
24.9031 
25.1902 
24.9031 
14.8362 
15.8541 
14.9734 
15.8541 
15.2544 
15.4843 
15.9162 
15.4843 
35.7083 
34.6507 
35.9616 
34.6507 
79.6658 
79.5102 
79.2652 
79.5102 
22.4885 
23.1256 
23.3314 
23.1256 
37.5912 
36.0264 
36.2594 
36.0264 
94.9659 
95.4215 
97.3603 
95.4215 
50.4208 
50.4125 
51.184 
50.4125 
44.8776 
45.3198 
45.5183 
45.3198 
65.0414 
64.7248 
65.6329 
64.7248 
46.9297 
47.2236 
47.2714 
47.2236 
42.2779 
41.3382 
41.5897 
41.3382 
49.6332 
49.387 
49.6896 
49.387 
89.441 
88.8816 
88.8568 
88.8816 
12.424 
11.6023 
11.4982 
11.6023 
14.8362 
15.7394 
15.8541 
15.7394 
16.568 
16.1667 
16.6492 
16.1667 
89.682 
89.2673 
89.7285 
89.2673 
64.5021 
64.4377 
64.5055 
64.4377 
45.4924 
45.5554 
46.1273 
45.5554 
68.3342 
67.7684 
68.2795 
67.7684 
21.8137 
22.6421 
22.972 
22.6421 
49.6332 
49.6896 
50.1763 
49.6896 
81.0861 
81.5677 
81.887 
81.5677 
47.9961 
47.3504 
48.2641 
47.3504 
62.5251 
62.9921 
62.7357 
62.9921 
16.7686 
16.6646 
17.263 
16.6646 
68.9903 
68.5835 
68.6421 
68.5835 
16.4944 
16.1822 
16.0254 
16.1822 
67.9296 
66.9717 
68.191 
66.9717 
47.1417 
47.0073 
47.414 
47.0073 
34.5495 
33.4423 
34.7256 
33.4423 
87.1139 
83.6856 
84.8046 
83.6856 
59.1627 
60.1487 
59.9748 
60.1487 
17.6743 
17.3887 
16.4613 
17.3887 
81.643 
81.6034 
81.3967 
81.6034 
18.8575 
19.0766 
18.72 
19.0766 
67.3483 
68.2382 
68.054 
68.2382 
36.6187 
36.7537 
35.8157 
36.7537 
68.4231 
68.6075 
68.66 
68.6075 
11.0831 
11.4982 
11.014 
11.4982 
41.7658 
42.8821 
41.8448 
42.8821 
15.2195 
14.9734 
15.8856 
14.9734 
36.6187 
38.1655 
36.7537 
38.1655 
75.7539 
72.2867 
73.2763 
72.2867 
80.9787 
80.0743 
80.3085 
80.0743 
38.9409 
38.9102 
39.1607 
38.9102 
64.4422 
64.6857 
64.5349 
64.6857 
63.4644 
64.54 
64.4045 
64.54 
24.7516 
24.4267 
25.0297 
24.4267 
53.7774 
54.1849 
53.9157 
54.1849 
89.6452 
90.82 
90.2006 
90.82 
60.1487 
61.02 
60.9846 
61.02 
64.4573 
64.4897 
64.4674 
64.4897 
50.4125 
51.3221 
51.184 
51.3221 
66.4566 
66.1935 
66.7324 
66.1935 
61.2923 
60.286 
61.2865 
60.286 
18.9191 
19.2159 
18.9684 
19.2159 
76.3733 
74.9343 
75.3376 
74.9343 
81.7573 
81.643 
81.3967 
81.643 
13.1799 
13.0935 
13.5028 
13.0935 
18.5553 
18.2391 
18.72 
18.2391 
86.7851 
87.2399 
86.2311 
87.2399 
18.5565 
18.5553 
18.7358 
18.5553 
66.7478 
67.3156 
66.7324 
67.3156 
50.8972 
49.4848 
49.5077 
49.4848 
54.4898 
54.4612 
54.9722 
54.4612 
53.9415 
54.2627 
54.6129 
54.2627 
20.6617 
20.1477 
20.5889 
20.1477 
52.4029 
51.3676 
51.184 
51.3676 
47.0596 
47.2451 
47.1733 
47.2451 
45.2556 
44.649 
44.2327 
44.649 
22.0756 
21.3505 
21.679 
21.3505 
42.3479 
41.8095 
42.7635 
41.8095 
44.6551 
44.2456 
44.1019 
44.2456 
80.8488 
81.6034 
80.9588 
81.6034 
42.3986 
42.5797 
41.462 
42.5797 
54.219 
53.6753 
54.5875 
53.6753 
18.1825 
17.3242 
18.0066 
17.3242 
23.0334 
24.1192 
23.9949 
24.1192 
11.0933 
12.0186 
11.4624 
12.0186 
80.4493 
80.4496 
80.4457 
80.4496 
22.1084 
21.8137 
22.972 
21.8137 
54.4898 
54.016 
54.4612 
54.016 
87.1122 
87.6587 
87.342 
87.6587 
21.3205 
21.1661 
21.363 
21.1661 
12.4416 
13.0935 
13.1799 
13.0935 
88.9096 
89.0443 
88.6378 
89.0443 
89.3218 
89.4784 
90.0156 
89.4784 
92.8816 
93.5119 
93.8543 
93.5119 
38.6277 
37.74 
37.3974 
37.74 
41.1037 
39.6371 
40.8835 
39.6371 
81.3726 
82.4743 
81.9375 
82.4743 
88.1559 
88.4343 
87.808 
88.4343 
41.5536 
42.1982 
42.2079 
42.1982 
54.0893 
54.016 
54.4898 
54.016 
29.3001 
28.7639 
30.4351 
28.7639 
89.2938 
89.116 
88.8356 
89.116 
54.2627 
53.6801 
53.9157 
53.6801 
53.354 
53.7584 
54.319 
53.7584 
87.3601 
87.6587 
87.1122 
87.6587 
25.6172 
25.0029 
25.6304 
25.0029 
67.1662 
67.8824 
67.8211 
67.8824 
98.7384 
97.6448 
98.6664 
97.6448 
18.7987 
18.78 
18.3911 
18.78 
19.1485 
20.029 
19.5876 
20.029 
53.2305 
52.4029 
53.5349 
52.4029 
11.0831 
10.8342 
10.9162 
10.8342 
18.6439 
19.3005 
18.8648 
19.3005 
41.7952 
42.2031 
41.0897 
42.2031 
92.4479 
92.896 
92.1693 
92.896 
69.5617 
68.66 
69.3393 
68.66 
82.3855 
81.7306 
81.9375 
81.7306 
15.573 
14.68 
15.1658 
14.68 
91.9902 
92.4479 
91.8513 
92.4479 
48.6747 
49.4455 
48.6565 
49.4455 
27.8752 
27.982 
28.6367 
27.982 
64.3522 
64.4573 
64.4674 
64.4573 
48.379 
48.2641 
47.5099 
48.2641 
40.8388 
40.5629 
41.8448 
40.5629 
85.9919 
86.1444 
86.6298 
86.1444 
11.0418 
11.4588 
11.1938 
11.4588 
82.632 
82.5429 
82.4278 
82.5429 
54.9869 
54.6129 
55.3101 
54.6129 
52.3644 
51.8457 
53.5952 
51.8457 
10 
10.0524 
10.6462 
10.0524 
25.0029 
25.5675 
25.6304 
25.5675 
15.1578 
15.6946 
15.4394 
15.6946 
87.4608 
88.1559 
87.808 
88.1559 
57.6418 
55.3682 
56.5135 
55.3682 
64.3313 
63.8013 
63.6234 
63.8013 
22.9851 
22.3323 
23.5823 
22.3323 
64.54 
65.1348 
64.4045 
65.1348 
58.0699 
58.8994 
58.3839 
58.8994 
91.0681 
91.9675 
91.9213 
91.9675 
45.5913 
45.051 
45.3667 
45.051 
49.3501 
50.4962 
49.9844 
50.4962 
83.6694 
84.2746 
84.0194 
84.2746 
86.3437 
85.373 
86.2311 
85.373 
46.8483 
46.6462 
46.7234 
46.6462 
16.644 
17.3719 
17.196 
17.3719 
17.6721 
18.1766 
17.9875 
18.1766 
90.55 
90.1746 
91.1267 
90.1746 
38.7479 
39.2376 
40.1961 
39.2376 
11.7256 
12.521 
12.2095 
12.521 
83.6694 
83.0782 
83.708 
83.0782 
17.5394 
17.2359 
17.2408 
17.2359 
17.0897 
16.568 
16.6492 
16.568 
43.6791 
44.0918 
44.2508 
44.0918 
11.729 
11.8879 
11.6319 
11.8879 
43.6259 
43.8184 
43.6275 
43.8184 
51.5443 
50.9834 
51.3017 
50.9834 
47.8002 
47.5393 
47.2714 
47.5393 
46.1549 
45.6309 
45.6089 
45.6309 
20.0468 
20.4963 
20.0628 
20.4963 
16.3599 
16.7044 
16.5688 
16.7044 
43.2687 
42.7173 
42.5797 
42.7173 
34.3465 
34.6041 
34.4108 
34.6041 
89.6936 
89.2938 
89.1601 
89.2938 
43.2129 
43.3243 
43.3174 
43.3243 
65.2313 
65.7209 
65.027 
65.7209 
27.982 
28.7519 
28.6367 
28.7519 
48.0748 
47.752 
48.3956 
47.752 
10.8342 
10.0764 
10.9162 
10.0764 
46.6102 
46.1093 
46.3174 
46.1093 
82.6947 
83.5348 
84.0338 
83.5348 
20.412 
21.0955 
20.5889 
21.0955 
20.6636 
20.412 
19.9125 
20.412 
64.8383 
64.3634 
64.7675 
64.3634 
46.6362 
46.8697 
46.1273 
46.8697 
55.0665 
55.309 
54.319 
55.309 
36.2594 
36.0264 
34.7256 
36.0264 
17.0225 
16.7044 
16.4786 
16.7044 
24.3223 
23.5547 
23.9949 
23.5547 
21.6587 
21.8465 
22.0757 
21.8465 
45.6309 
44.8801 
45.6089 
44.8801 
15.9205 
16.596 
15.7028 
16.596 
19.2123 
18.5791 
18.5455 
18.5791 
37.2079 
37.1255 
36.9484 
37.1255 
46.2028 
45.4924 
46.1273 
45.4924 
51.8277 
52.1095 
51.4536 
52.1095 
46.6093 
46.6102 
47.0073 
46.6102 
80.4802 
80.4279 
80.275 
80.4279 
12.6547 
13.6051 
12.5636 
13.6051 
90.55 
91.1267 
91.9675 
91.1267 
72.2194 
71.7188 
71.8865 
71.7188 
66.3314 
66.59 
65.6329 
66.59 
23.3648 
22.5683 
22.4761 
22.5683 
53.1643 
53.4088 
53.7134 
53.4088 
15.6084 
17.5826 
16.7349 
17.5826 
53.1454 
53.4014 
53.6265 
53.4014 
17.3719 
17.8254 
17.196 
17.8254 
88.5071 
89.116 
88.9598 
89.116 
51.8642 
50.7758 
51.4536 
50.7758 
26.2893 
25.5344 
25.7019 
25.5344 
11.8879 
11.8906 
12.1771 
11.8906 
78.3681 
79.1282 
78.1332 
79.1282 
45.7809 
45.7985 
45.0145 
45.7985 
85.373 
84.3849 
85.2987 
84.3849 
89.4964 
89.9552 
89.4784 
89.9552 
72.0455 
71.069 
72.4367 
71.069 
64.1059 
65.0004 
64.0827 
65.0004 
70.5505 
70.599 
70.2237 
70.599 
91.3232 
90.5525 
90.8723 
90.5525 
47.4978 
47.7181 
47.3051 
47.7181 
79.4964 
78.9639 
78.4717 
78.9639 
67.3034 
67.7684 
67.4205 
67.7684 
36.2594 
34.7256 
35.4692 
34.7256 
63.8013 
63.1537 
63.3365 
63.1537 
24.777 
25.0651 
24.5371 
25.0651 
89.6337 
90.2789 
89.1953 
90.2789 
21.5107 
20.8086 
21.4249 
20.8086 
86.9651 
86.6298 
86.3026 
86.6298 
69.7413 
68.9403 
68.9903 
68.9403 
19.1633 
18.7235 
18.9684 
18.7235 
55.6369 
55.8171 
55.3093 
55.8171 
82.0398 
82.2557 
82.4145 
82.2557 
80.9787 
81.7573 
81.3967 
81.7573 
12.2095 
12.521 
12.7534 
12.521 
11.0662 
10 
10.6537 
10 
64.4897 
64.5108 
64.5138 
64.5108 
10.6792 
10 
11.0499 
10 
16.775 
16.644 
17.196 
16.644 
53.2465 
52.8287 
53.1626 
52.8287 
53.7774 
53.6556 
54.0893 
53.6556 
21.2846 
20.8038 
21.3985 
20.8038 
65.2313 
65.4437 
65.7257 
65.4437 
65.2313 
65.7257 
65.7209 
65.7257 
73.0165 
74.8297 
73.9198 
74.8297 
22.3323 
21.6291 
22.4696 
21.6291 
14.0724 
12.5857 
12.9784 
12.5857 
89.1953 
90.2789 
89.7708 
90.2789 
19.9125 
19.2583 
19.1558 
19.2583 
45.5554 
45.4924 
44.7962 
45.4924 
46.4727 
46.8554 
46.7415 
46.8554 
17.6721 
17.9875 
17.6494 
17.9875 
87.2752 
86.0758 
85.7199 
86.0758 
35.3317 
35.6266 
35.6263 
35.6266 
92.896 
93.2742 
92.4186 
93.2742 
54.1849 
54.4946 
54.5521 
54.4946 
47.7181 
47.752 
47.414 
47.752 
86.0813 
85.7304 
85.4151 
85.7304 
39.0278 
38.8123 
38.6773 
38.8123 
93.3783 
94.1701 
95.0634 
94.1701 
83.6326 
84.3849 
83.4944 
84.3849 
92.1283 
91.5651 
91.7087 
91.5651 
20.8384 
20.4583 
20.4963 
20.4583 
82.7614 
82.0641 
82.3514 
82.0641 
18.9203 
19.4773 
19.8533 
19.4773 
78.6928 
78.7499 
78.9409 
78.7499 
42.8821 
43.2295 
43.9025 
43.2295 
84.6721 
85.1562 
84.986 
85.1562 
62.7357 
62.9921 
63.1263 
62.9921 
48.686 
47.5393 
47.8002 
47.5393 
67.3483 
68.054 
66.8999 
68.054 
78.4834 
78.5892 
78.3681 
78.5892 
49.4092 
49.3647 
49.523 
49.3647 
65.0713 
64.5271 
64.8383 
64.5271 
37.8375 
38.7479 
37.6282 
38.7479 
44.1265 
43.7849 
43.9149 
43.7849 
16.1052 
16.4786 
15.9162 
16.4786 
38.7479 
40.1961 
39.6529 
40.1961 
45.051 
45.7953 
45.2556 
45.7953 
74.9343 
73.9198 
75.3376 
73.9198 
70.2456 
69.6441 
70.5365 
69.6441 
18.7716 
19.5683 
19.6407 
19.5683 
65.4756 
65.7417 
66.1935 
65.7417 
14.8411 
15.4394 
15.1374 
15.4394 
93.3783 
92.5021 
91.9213 
92.5021 
47.0275 
47.1733 
47.5099 
47.1733 
61.3485 
62.612 
61.7683 
62.612 
82.0449 
83.2429 
82.4239 
83.2429 
35.9063 
35.3368 
35.8458 
35.3368 
24.3557 
23.5823 
25.5516 
23.5823 
47.5795 
48.9765 
47.6563 
48.9765 
18.5608 
19.0865 
18.2674 
19.0865 
80.4396 
79.9506 
80.3292 
79.9506 
15.4394 
15.6762 
15.1374 
15.6762 
20.2446 
20.8086 
20.1552 
20.8086 
58.7344 
57.0773 
58.0762 
57.0773 
65.7209 
65.7257 
65.9849 
65.7257 
41.1037 
41.6843 
41.5536 
41.6843 
25.5675 
26.3097 
25.6304 
26.3097 
40.8403 
41.1037 
41.5536 
41.1037 
73.6345 
75.7793 
74.8297 
75.7793 
79.2796 
79.4577 
79.0801 
79.4577 
64.5203 
64.5302 
64.5138 
64.5302 
34.6507 
35.8157 
35.9616 
35.8157 
17.9875 
17.996 
17.6494 
17.996 
43.5487 
43.2687 
43.8361 
43.2687 
72.3101 
72.0455 
72.4367 
72.0455 
41.462 
41.0664 
41.5483 
41.0664 
89.7226 
89.2938 
89.6936 
89.2938 
16.596 
17.3897 
16.9787 
17.3897 
67.7684 
67.7257 
67.4205 
67.7257 
49.5046 
49.5597 
49.4871 
49.5597 
14.8411 
15.1578 
15.4394 
15.1578 
90.55 
91.9675 
91.0681 
91.9675 
14.1678 
15.6084 
13.7023 
15.6084 
54.0893 
54.4898 
54.4946 
54.4898 
17.5626 
17.9931 
17.5196 
17.9931 
42.3479 
43.367 
43.2726 
43.367 
78.5735 
78.112 
77.3112 
78.112 
91.9675 
91.1267 
92.4063 
91.1267 
11.4588 
11.6764 
11.1938 
11.6764 
51.3676 
50.4208 
51.184 
50.4208 
50.4125 
49.7499 
50.0661 
49.7499 
52.4218 
52.2597 
52.2176 
52.2597 
63.8441 
63.644 
64.3404 
63.644 
65.3809 
66.3314 
65.6329 
66.3314 
14.836 
15.7788 
15.6822 
15.7788 
91.9242 
91.4196 
92.0073 
91.4196 
64.5063 
64.4897 
64.5138 
64.4897 
48.9105 
47.9961 
48.8521 
47.9961 
65.3819 
65.7417 
65.4756 
65.7417 
14.2158 
15.7788 
14.836 
15.7788 
90.5525 
90.8074 
90.0156 
90.8074 
89.428 
90.1682 
90.2626 
90.1682 
80.8491 
80.9661 
81.1664 
80.9661 
59.4138 
58.8777 
59.0992 
58.8777 
62.8442 
63.0695 
63.3365 
63.0695 
54.4612 
54.016 
53.961 
54.016 
86.6376 
86.5727 
85.7526 
86.5727 
65.4437 
66.0544 
65.7257 
66.0544 
71.2248 
70.2456 
70.5365 
70.2456 
85.9919 
86.2645 
85.7565 
86.2645 
23.5547 
23.0334 
23.9949 
23.0334 
86.9082 
87.4103 
87.7397 
87.4103 
52.989 
52.8494 
53.2849 
52.8494 
88.3436 
87.1897 
87.7692 
87.1897 
84.704 
85.0898 
85.1562 
85.0898 
65.6099 
65.1144 
65.8303 
65.1144 
35.9578 
35.6263 
35.7263 
35.6263 
64.5021 
64.5055 
64.5102 
64.5055 
52.8494 
53.1643 
53.2849 
53.1643 
46.8554 
46.8631 
46.7415 
46.8631 
90.5767 
90.9094 
91.2545 
90.9094 
86.6298 
86.1444 
86.3026 
86.1444 
25.5344 
25.3452 
25.7019 
25.3452 
52.2168 
51.8277 
51.771 
51.8277 
53.6556 
53.2465 
53.5616 
53.2465 
75.3135 
74.5155 
74.4925 
74.5155 
22.0812 
21.3505 
22.0756 
21.3505 
52.0195 
52.3504 
52.4849 
52.3504 
21.8936 
21.6587 
21.9998 
21.6587 
10.696 
11.0791 
10.6462 
11.0791 
81.3636 
80.5785 
80.6547 
80.5785 
68.9547 
69.4001 
68.9903 
69.4001 
27.6631 
28.4954 
28.0637 
28.4954 
68.054 
68.2382 
68.5835 
68.2382 
21.1838 
21.427 
21.6012 
21.427 
91.8513 
92.4479 
92.1693 
92.4479 
11.1337 
10.7924 
10.8536 
10.7924 
67.6667 
67.6027 
67.0064 
67.6027 
53.4088 
53.1454 
53.6265 
53.1454 
16.9363 
15.9499 
16.645 
15.9499 
53.1643 
53.7134 
53.2849 
53.7134 
44.2389 
44.2508 
44.6714 
44.2508 
43.6275 
43.8184 
43.9149 
43.8184 
91.9242 
92.0073 
92.7542 
92.0073 
38.1174 
37.167 
37.2247 
37.167 
21.0955 
21.7562 
21.679 
21.7562 
59.9621 
59.4138 
59.0992 
59.4138 
20.5887 
19.0967 
19.4822 
19.0967 
67.8824 
66.9881 
67.4052 
66.9881 
93.8543 
93.5119 
93.9923 
93.5119 
81.0955 
80.5247 
80.6088 
80.5247 
20.3565 
20.1477 
20.6617 
20.1477 
63.8984 
62.6929 
64.0827 
62.6929 
44.1265 
44.8863 
44.2316 
44.8863 
49.9894 
50.5188 
50.77 
50.5188 
53.4277 
53.961 
53.5616 
53.961 
13.97 
13.031 
14.1349 
13.031 
46.6102 
46.9679 
47.0073 
46.9679 
46.8697 
46.6362 
47.2072 
46.6362 
49.3647 
49.6829 
49.523 
49.6829 
52.1136 
51.6961 
50.6564 
51.6961 
38.6646 
38.3307 
39.0384 
38.3307 
16.6097 
17.6607 
16.7649 
17.6607 
19.2159 
19.1633 
18.9684 
19.1633 
84.564 
85.8647 
85.7199 
85.8647 
71.8865 
71.7188 
71.278 
71.7188 
60.4672 
61.3485 
61.7683 
61.3485 
64.8067 
65.3819 
64.6909 
65.3819 
73.2763 
72.2867 
71.1805 
72.2867 
35.6442 
34.3331 
35.3307 
34.3331 
82.1756 
80.9266 
81.3593 
80.9266 
85.5346 
85.9919 
85.7565 
85.9919 
45.5183 
45.3198 
45.6664 
45.3198 
97.2713 
97.5533 
98.8439 
97.5533 
54.1849 
54.0893 
54.4946 
54.0893 
87.4103 
87.6398 
87.7397 
87.6398 
71.4422 
73.0165 
72.4144 
73.0165 
16.1667 
16.2968 
16.6492 
16.2968 
77.617 
78.6995 
78.0617 
78.6995 
53.961 
54.016 
53.5616 
54.016 
89.3218 
88.6526 
88.4723 
88.6526 
21.4103 
21.8465 
21.6587 
21.8465 
20.7422 
22.0149 
21.4872 
22.0149 
19.6931 
19.3203 
19.6661 
19.3203 
63.7457 
64.8067 
64.6909 
64.8067 
21.2846 
20.6969 
20.8038 
20.6969 
54.0893 
53.6556 
54.016 
53.6556 
71.278 
70.8159 
70.3065 
70.8159 
64.8383 
64.5271 
64.3634 
64.5271 
88.9598 
89.4752 
89.2673 
89.4752 
81.6829 
81.3515 
81.5814 
81.3515 
68.3954 
67.1286 
68.4281 
67.1286 
91.0783 
89.889 
90.8074 
89.889 
70.8159 
71.278 
71.525 
71.278 
90.2062 
90.55 
91.0681 
90.55 
59.0709 
59.1627 
59.9748 
59.1627 
51.3951 
50.2844 
50.837 
50.2844 
44.5747 
45.4857 
45.0145 
45.4857 
73.9198 
74.8297 
75.3376 
74.8297 
66.59 
67.1662 
67.4352 
67.1662 
11.8879 
12.1771 
12.2166 
12.1771 
37.8375 
39.2376 
38.7479 
39.2376 
20.4963 
20.0468 
20.4345 
20.0468 
11.367 
11.0499 
10.586 
11.0499 
64.5021 
64.5102 
64.5072 
64.5102 
21.679 
21.7562 
22.2514 
21.7562 
16.3276 
16.2374 
15.8907 
16.2374 
55.3156 
54.4612 
54.3754 
54.4612 
64.3634 
64.5271 
64.0482 
64.5271 
20.9169 
21.1502 
21.6291 
21.1502 
64.17 
63.4644 
64.4045 
63.4644 
40.8835 
39.6371 
39.7732 
39.6371 
21.3985 
20.8038 
20.8384 
20.8038 
10.68 
10.9165 
10.7107 
10.9165 
10 
10.0697 
10.6537 
10.0697 
80.0074 
79.147 
79.711 
79.147 
44.6551 
44.2389 
44.6714 
44.2389 
16.6646 
17.4679 
17.263 
17.4679 
78.112 
76.4871 
77.3112 
76.4871 
74.5374 
75.3135 
74.4925 
75.3135 
65.7336 
66.8999 
65.684 
66.8999 
56.7639 
55.6679 
57.4707 
55.6679 
12.9784 
12.0186 
12.1375 
12.0186 
80.9084 
81.0065 
80.7677 
81.0065 
76.6256 
77.617 
78.0617 
77.617 
68.4876 
67.9173 
68.5193 
67.9173 
12.5636 
13.6051 
13.1734 
13.6051 
19.6661 
19.5271 
19.7936 
19.5271 
26.4838 
26.6263 
26.6282 
26.6263 
38.1897 
37.3493 
37.2368 
37.3493 
66.8767 
67.0513 
66.8902 
67.0513 
93.9533 
93.1888 
93.8981 
93.1888 
26.7484 
26.4838 
26.3116 
26.4838 
46.7646 
47.0747 
46.6617 
47.0747 
38.3307 
38.9409 
39.0384 
38.9409 
62.0148 
61.2923 
61.7924 
61.2923 
15.6762 
16.1822 
15.8907 
16.1822 
25.3123 
24.1128 
25.1563 
24.1128 
17.9931 
17.6094 
17.5196 
17.6094 
60.1487 
60.9846 
59.9748 
60.9846 
16.775 
17.196 
17.2408 
17.196 
33.4423 
31.0955 
33.4686 
31.0955 
83.9687 
82.5264 
84.0338 
82.5264 
79.9625 
80.4326 
80.3234 
80.4326 
44.8659 
44.6763 
43.9025 
44.6763 
53.4014 
53.9415 
53.6265 
53.9415 
39.258 
40.6115 
40.5629 
40.6115 
95.4215 
98.138 
97.3603 
98.138 
38.9832 
38.9331 
39.0851 
38.9331 
66.0544 
66.5288 
66.4764 
66.5288 
66.0998 
65.2852 
65.1348 
65.2852 
13.6397 
14.2158 
14.836 
14.2158 
64.7248 
65.3809 
65.6329 
65.3809 
21.3194 
21.8936 
21.063 
21.8936 
85.684 
86.6315 
85.7156 
86.6315 
38.6773 
38.1174 
38.0916 
38.1174 
21.6291 
21.6068 
22.4696 
21.6068 
14.5001 
14.6862 
14.3005 
14.6862 
67.128 
66.847 
66.8902 
66.847 
80.5819 
79.3487 
79.9356 
79.3487 
88.8356 
89.116 
88.5071 
89.116 
10.9162 
11.6753 
11.4982 
11.6753 
41.5897 
41.3382 
40.9788 
41.3382 
48.2467 
48.1308 
48.6565 
48.1308 
18.3025 
18.845 
18.401 
18.845 
74.9386 
75.0902 
76.9392 
75.0902 
38.8101 
38.8123 
38.9738 
38.8123 
79.8683 
80.8488 
80.9588 
80.8488 
25.511 
25.3572 
26.0718 
25.3572 
79.4964 
79.5176 
80.4569 
79.5176 
26.7258 
26.9425 
28.0477 
26.9425 
79.4347 
78.6928 
78.9409 
78.6928 
11.367 
12.0854 
11.0499 
12.0854 
21.9453 
21.5847 
21.4468 
21.5847 
66.9717 
67.9296 
67.2077 
67.9296 
65.7209 
66.2757 
66.3993 
66.2757 
65.0269 
65.1441 
65.3925 
65.1441 
65.7876 
65.7417 
65.3819 
65.7417 
69.8451 
69.8544 
69.4405 
69.8544 
17.3887 
15.8227 
16.4613 
15.8227 
68.9547 
68.9903 
68.6421 
68.9903 
52.7719 
53.4277 
53.1626 
53.4277 
43.7849 
43.6275 
43.9149 
43.6275 
41.6843 
41.1037 
40.8835 
41.1037 
41.7952 
41.0897 
40.8332 
41.0897 
36.1948 
36.0634 
35.1521 
36.0634 
87.6587 
88.3022 
87.9144 
88.3022 
85.282 
85.7156 
84.7266 
85.7156 
54.6474 
55.3156 
54.3754 
55.3156 
94.988 
97.5533 
97.2713 
97.5533 
11.729 
11.6546 
11.8906 
11.6546 
80.4564 
80.4457 
80.4279 
80.4457 
36.1571 
36.25 
36.4607 
36.25 
97.0504 
97.2713 
98.1412 
97.2713 
69.1937 
68.4876 
68.5193 
68.4876 
48.8521 
48.2641 
49.2697 
48.2641 
68.9213 
67.8245 
67.8211 
67.8245 
19.6637 
20.0628 
20.0368 
20.0628 
84.8621 
85.0898 
84.704 
85.0898 
64.8383 
64.7675 
65.0422 
64.7675 
84.8662 
85.3368 
84.8717 
85.3368 
11.6753 
12.424 
11.4982 
12.424 
47.9961 
48.2641 
48.8521 
48.2641 
19.9984 
19.7121 
20.7947 
19.7121 
15.5049 
15.2449 
14.7106 
15.2449 
11.1672 
11.3228 
11.4829 
11.3228 
49.4455 
49.5077 
48.9207 
49.5077 
79.0899 
79.4964 
78.4717 
79.4964 
64.5102 
64.5203 
64.5124 
64.5203 
81.9306 
81.7019 
81.993 
81.7019 
58.7344 
60.4672 
59.9117 
60.4672 
12.9784 
12.5857 
12.0186 
12.5857 
20.5887 
20.7422 
21.4872 
20.7422 
19.6931 
19.6661 
20.0468 
19.6661 
18.9407 
19.3476 
18.9986 
19.3476 
55.3156 
56.5924 
56.8083 
56.5924 
40.8354 
40.8835 
39.7732 
40.8835 
19.0865 
18.7987 
18.3911 
18.7987 
70.2171 
70.5524 
70.5505 
70.5524 
70.2171 
70.5505 
70.2237 
70.5505 
17.3897 
17.4697 
16.9787 
17.4697 
47.1417 
46.6093 
47.0073 
46.6093 
12.2166 
11.6764 
11.7681 
11.6764 
21.6587 
22.0757 
21.9998 
22.0757 
47.0554 
46.9852 
47.0501 
46.9852 
48.8562 
48.0748 
48.3956 
48.0748 
84.8717 
85.3368 
85.282 
85.3368 
78.7499 
79.0107 
78.9409 
79.0107 
47.978 
48.8915 
49.2011 
48.8915 
84.0805 
84.8717 
84.7266 
84.8717 
64.5055 
64.4377 
64.5349 
64.4377 
25.0242 
23.5027 
23.3314 
23.5027 
89.4752 
90.1746 
89.7285 
90.1746 
66.8999 
68.054 
67.9709 
68.054 
66.9881 
66.857 
67.4052 
66.857 
64.4422 
63.7194 
63.8984 
63.7194 
26.388 
26.4838 
26.6282 
26.4838 
45.3198 
45.6834 
45.6664 
45.6834 
43.367 
44.1198 
43.2726 
44.1198 
47.8049 
47.978 
47.2072 
47.978 
53.5549 
53.354 
54.319 
53.354 
65.2757 
64.8383 
65.0422 
64.8383 
17.5445 
16.3464 
16.7649 
16.3464 
21.6291 
21.1502 
21.6068 
21.1502 
90.82 
91.0681 
91.9213 
91.0681 
64.3302 
65.2313 
65.027 
65.2313 
52.4768 
52.0947 
51.9325 
52.0947 
12.8373 
12.2522 
12.7534 
12.2522 
85.7156 
85.2493 
84.7266 
85.2493 
15.2542 
14.836 
15.6822 
14.836 
65.3819 
65.4756 
64.6909 
65.4756 
45.0145 
45.7985 
44.6616 
45.7985 
25.511 
26.0718 
26.7258 
26.0718 
17.2359 
17.1201 
16.9387 
17.1201 
28.0637 
28.6802 
27.6824 
28.6802 
84.8717 
85.282 
84.7266 
85.282 
78.748 
78.5892 
78.4834 
78.5892 
18.7358 
18.9191 
18.9684 
18.9191 
83.8517 
84.7015 
83.3878 
84.7015 
14.9734 
15.8541 
15.8856 
15.8541 
40.6115 
41.7658 
40.5629 
41.7658 
18.7358 
18.5553 
18.9191 
18.5553 
80.7677 
81.0955 
80.6088 
81.0955 
90.5198 
89.428 
90.2626 
89.428 
15.1186 
14.7106 
14.175 
14.7106 
53.961 
53.6272 
54.3754 
53.6272 
86.6315 
87.2138 
86.3964 
87.2138 
84.986 
85.1562 
85.5821 
85.1562 
16.3544 
16.5345 
16.0796 
16.5345 
11.4695 
11.0163 
10.9906 
11.0163 
100 
99.8999 
99.9871 
99.8999 
16.4767 
16.686 
16.4975 
16.686 
67.6667 
67.0064 
66.3921 
67.0064 
64.5302 
64.5063 
64.5138 
64.5063 
81.9543 
81.106 
81.301 
81.106 
61.02 
61.1435 
61.8049 
61.1435 
49.3647 
49.9844 
49.6829 
49.9844 
92.0073 
92.8816 
92.7542 
92.8816 
80.553 
80.9084 
80.7677 
80.9084 
78.4834 
78.3681 
77.9262 
78.3681 
22.0757 
22.2764 
21.9998 
22.2764 
81.2618 
81.5098 
81.5933 
81.5098 
54.4612 
53.961 
54.3754 
53.961 
67.0064 
66.4213 
66.3921 
66.4213 
19.8159 
18.9203 
19.8533 
18.9203 
66.5403 
66.9717 
67.2077 
66.9717 
35.9616 
36.7537 
36.8999 
36.7537 
15.9213 
16.3599 
16.5688 
16.3599 
46.7234 
46.7841 
47.147 
46.7841 
65.1441 
65.0269 
63.5576 
65.0269 
26.0718 
25.4105 
26.2979 
25.4105 
11.0831 
10.9162 
11.4982 
10.9162 
69.8544 
70.2171 
70.2237 
70.2171 
47.3051 
47.7181 
47.414 
47.7181 
82.2551 
82.2228 
82.2773 
82.2228 
35.6266 
35.7855 
35.7734 
35.7855 
20.9169 
20.6636 
20.0895 
20.6636 
92.1693 
92.896 
92.4186 
92.896 
84.3849 
83.9762 
83.4944 
83.9762 
10.0663 
10 
10.0325 
10 
64.5102 
64.5055 
64.5203 
64.5055 
24.3557 
24.4715 
23.5589 
24.4715 
12.1375 
12.0186 
11.0933 
12.0186 
35.8157 
36.7537 
35.9616 
36.7537 
84.8046 
83.6856 
83.3826 
83.6856 
89.1508 
89.441 
88.8568 
89.441 
66.4259 
65.6099 
65.8303 
65.6099 
90.9482 
90.5198 
90.2626 
90.5198 
86.8877 
86.2895 
86.7519 
86.2895 
95.8666 
95.0431 
94.3228 
95.0431 
88.9096 
88.9598 
89.2673 
88.9598 
45.051 
44.9221 
45.3667 
44.9221 
83.3065 
83.5354 
84.1008 
83.5354 
25.3572 
25.4105 
26.0718 
25.4105 
85.7156 
86.6315 
86.3964 
86.6315 
40.68 
40.0892 
41.1545 
40.0892 
12.8254 
13.5664 
13.031 
13.5664 
18.9504 
19.5683 
18.7716 
19.5683 
71.8865 
71.9155 
72.7504 
71.9155 
37.148 
37.4734 
36.9737 
37.4734 
80.1791 
80.553 
80.6088 
80.553 
21.8936 
22.0612 
21.063 
22.0612 
60.9846 
60.6193 
59.9748 
60.6193 
80.7245 
81.3593 
80.4569 
81.3593 
89.1953 
89.7708 
88.6485 
89.7708 
52.1095 
51.8642 
51.4536 
51.8642 
95.0012 
96.9672 
94.1701 
96.9672 
20.8953 
20.0585 
20.4246 
20.0585 
38.8432 
38.4974 
38.8101 
38.4974 
16.686 
16.5509 
16.4975 
16.5509 
76.975 
76.4442 
76.3335 
76.4442 
87.108 
86.56 
86.8877 
86.56 
37.3974 
37.74 
36.9413 
37.74 
53.1229 
52.8479 
52.9445 
52.8479 
85.4151 
84.852 
84.7015 
84.852 
69.1144 
68.2795 
69.159 
68.2795 
51.5129 
51.3017 
50.8041 
51.3017 
62.0029 
61.2865 
61.469 
61.2865 
60.9846 
61.02 
61.7103 
61.02 
62.7357 
62.688 
62.4619 
62.688 
83.3826 
82.5591 
83.4071 
82.5591 
80.5785 
80.0074 
80.6547 
80.0074 
87.342 
87.6587 
87.9144 
87.6587 
17.1201 
16.8102 
16.9387 
16.8102 
13.031 
13.5664 
14.1349 
13.5664 
16.7862 
16.2374 
16.3276 
16.2374 
13.6632 
14.4027 
13.5664 
14.4027 
48.2467 
48.6565 
48.9207 
48.6565 
20.4583 
20.4189 
20.0368 
20.4189 
38.7014 
37.4779 
38.4301 
37.4779 
39.258 
40.5629 
39.5997 
40.5629 
76.9112 
77.2616 
77.3656 
77.2616 
80.3515 
79.3099 
79.7355 
79.3099 
12.9784 
12.1375 
13.1734 
12.1375 
79.5102 
79.711 
79.2593 
79.711 
81.2771 
81.499 
81.5098 
81.499 
68.5835 
68.2382 
68.6421 
68.2382 
84.2463 
84.8046 
83.4071 
84.8046 
85.4528 
86.7851 
85.2987 
86.7851 
71.9703 
72.0118 
71.848 
72.0118 
89.2673 
89.4752 
89.7285 
89.4752 
84.5592 
83.6651 
84.852 
83.6651 
48.6565 
49.4455 
48.9207 
49.4455 
48.2641 
48.379 
49.2697 
48.379 
36.1679 
35.9063 
35.8458 
35.9063 
68.3764 
67.9142 
68.66 
67.9142 
94.1701 
96.9672 
95.0634 
96.9672 
46.9679 
47.3051 
47.0073 
47.3051 
41.6843 
40.8835 
41.8526 
40.8835 
16.4786 
16.7044 
16.3599 
16.7044 
81.3593 
80.9266 
80.4569 
80.9266 
38.1174 
37.2247 
38.0916 
37.2247 
20.4345 
20.8118 
20.8022 
20.8118 
66.9717 
66.9452 
68.191 
66.9452 
24.9493 
25.6172 
25.3063 
25.6172 
14.6862 
15.0103 
14.3005 
15.0103 
85.0898 
85.3584 
85.5346 
85.3584 
63.9066 
63.7457 
64.6909 
63.7457 
49.5077 
48.8562 
48.9207 
48.8562 
66.7403 
66.7936 
66.6646 
66.7936 
67.4205 
67.1743 
67.1563 
67.1743 
93.6836 
92.5021 
93.3783 
92.5021 
31.9136 
29.1415 
29.3001 
29.1415 
88.5071 
88.9598 
88.572 
88.9598 
26.3097 
25.6172 
25.6304 
25.6172 
68.3954 
68.4281 
68.9648 
68.4281 
98.1412 
97.2713 
98.8439 
97.2713 
52.8479 
52.7683 
52.9445 
52.7683 
14.9734 
15.2195 
13.8546 
15.2195 
65.2018 
66.9452 
66.9717 
66.9452 
24.9013 
24.8897 
25.3572 
24.8897 
38.8763 
38.6773 
38.0916 
38.6773 
67.4352 
67.1662 
67.8211 
67.1662 
20.5249 
20.9169 
20.0895 
20.9169 
11.1337 
10.8536 
11.4624 
10.8536 
88.3349 
88.612 
88.7142 
88.612 
21.7562 
22.0145 
22.3383 
22.0145 
54.6474 
56.5924 
55.3156 
56.5924 
11.0499 
10 
10.586 
10 
10.4873 
10.0524 
10.2533 
10.0524 
46.9297 
47.2714 
47.1737 
47.2714 
38.6108 
38.9409 
38.3307 
38.9409 
17.996 
17.7262 
17.6494 
17.7262 
12.2522 
12.2095 
12.7534 
12.2095 
24.0271 
23.5823 
22.4696 
23.5823 
67.9142 
68.4231 
68.66 
68.4231 
80.553 
80.7677 
80.6088 
80.7677 
88.2404 
89.1953 
88.6485 
89.1953 
11.4982 
11.6023 
11.014 
11.6023 
53.706 
52.989 
53.2849 
52.989 
23.5823 
22.3323 
22.4696 
22.3323 
18.7235 
18.7358 
18.9684 
18.7358 
91.5986 
92.1693 
92.4186 
92.1693 
20.0628 
20.4583 
20.0368 
20.4583 
68.66 
68.6075 
69.3393 
68.6075 
13.8396 
12.9784 
13.1734 
12.9784 
53.5616 
53.2465 
53.1626 
53.2465 
52.7719 
52.7567 
53.4277 
52.7567 
20.2461 
20.3565 
20.6617 
20.3565 
66.2757 
65.7209 
65.9849 
65.7209 
71.7314 
71.848 
71.7509 
71.848 
55.6369 
55.7054 
55.9532 
55.7054 
26.9425 
27.6824 
28.0477 
27.6824 
67.3034 
67.4205 
67.1563 
67.4205 
43.2436 
42.7635 
43.0021 
42.7635 
18.9191 
19.0766 
19.1955 
19.0766 
67.8245 
67.4352 
67.8211 
67.4352 
44.8776 
45.5183 
45.4253 
45.5183 
46.3391 
46.4278 
46.4792 
46.4278 
73.0165 
73.9198 
72.4144 
73.9198 
76.1219 
76.7254 
74.9989 
76.7254 
54.016 
53.6556 
53.5616 
53.6556 
39.1607 
39.0851 
39.3279 
39.0851 
67.0513 
67.128 
66.8902 
67.128 
51.5129 
52.3485 
51.9325 
52.3485 
48.2467 
48.9207 
48.3956 
48.9207 
28.1978 
26.7258 
28.0477 
26.7258 
51.3017 
51.5129 
51.9325 
51.5129 
87.1122 
87.342 
86.5727 
87.342 
81.8724 
81.8427 
81.5933 
81.8427 
20.3864 
20.2432 
19.6407 
20.2432 
66.0998 
65.1348 
65.684 
65.1348 
89.6337 
90.9644 
90.2789 
90.9644 
21.5847 
21.3045 
21.4468 
21.3045 
63.3365 
63.0695 
63.6234 
63.0695 
45.9569 
45.6664 
45.8209 
45.6664 
81.8427 
81.4892 
81.5933 
81.4892 
84.6721 
84.986 
84.5928 
84.986 
55.7054 
56.6625 
55.9532 
56.6625 
15.9162 
16.4786 
16.3599 
16.4786 
19.6931 
20.0468 
20.0628 
20.0468 
36.0634 
34.7867 
35.1521 
34.7867 
86.2645 
86.0203 
85.7565 
86.0203 
68.4259 
68.9547 
68.6421 
68.9547 
36.327 
36.1679 
35.8458 
36.1679 
19.2538 
18.4819 
18.9986 
18.4819 
20.0895 
20.6636 
19.9125 
20.6636 
52.3485 
52.4768 
51.9325 
52.4768 
12.1906 
12.8254 
13.031 
12.8254 
90.1682 
90.8563 
90.2626 
90.8563 
71.9155 
71.8865 
71.2019 
71.8865 
80.7096 
80.4802 
80.6304 
80.4802 
85.7526 
85.5472 
84.5179 
85.5472 
40.8835 
40.8354 
41.8526 
40.8354 
14.9728 
13.8867 
13.7023 
13.8867 
11.1938 
11.0662 
10.6537 
11.0662 
40.68 
39.5367 
40.0892 
39.5367 
82.0641 
81.4695 
82.3514 
81.4695 
71.848 
71.8317 
71.7509 
71.8317 
49.9844 
49.9642 
49.6829 
49.9642 
55.8171 
55.6369 
55.9532 
55.6369 
23.4631 
22.0612 
22.7715 
22.0612 
43.2221 
42.365 
41.8526 
42.365 
85.2987 
86.7851 
86.2311 
86.7851 
19.6637 
19.6931 
20.0628 
19.6931 
46.1093 
45.6089 
45.7009 
45.6089 
52.5694 
52.7567 
52.2595 
52.7567 
40.5629 
40.8388 
39.5997 
40.8388 
35.6263 
35.6266 
35.7263 
35.6266 
84.1473 
84.2024 
83.708 
84.2024 
11.0418 
11.1938 
10.6537 
11.1938 
16.3464 
15.5387 
16.7649 
15.5387 
61.02 
61.8049 
61.7103 
61.8049 
64.4787 
64.961 
64.3404 
64.961 
87.8895 
87.342 
87.9144 
87.342 
58.0193 
57.6418 
56.5135 
57.6418 
14.9391 
14.1349 
14.9347 
14.1349 
20.0895 
19.9125 
19.1558 
19.9125 
42.6683 
43.2726 
44.2327 
43.2726 
89.1736 
90.4284 
90.1682 
90.4284 
45.6664 
45.6834 
45.8209 
45.6834 
85.373 
85.2987 
86.2311 
85.2987 
11.8879 
12.2166 
11.7681 
12.2166 
17.0765 
17.5626 
17.5196 
17.5626 
90.8563 
90.9482 
90.2626 
90.9482 
42.365 
41.6843 
41.8526 
41.6843 
84.8046 
83.3826 
83.4071 
83.3826 
57.2155 
58.0193 
56.5135 
58.0193 
52.4218 
52.2176 
52.3963 
52.2176 
38.9331 
38.8101 
38.9738 
38.8101 
22.2514 
21.7562 
22.3383 
21.7562 
10.0446 
10.6053 
10.5611 
10.6053 
19.1558 
18.1825 
18.0066 
18.1825 
71.8865 
71.278 
71.2019 
71.278 
11.0791 
11.1672 
11.4829 
11.1672 
85.7199 
86.0758 
85.567 
86.0758 
71.278 
70.3065 
71.2019 
70.3065 
84.3437 
84.5928 
84.5599 
84.5928 
35.6266 
35.7734 
35.7263 
35.7734 
78.9639 
77.5213 
77.7706 
77.5213 
85.684 
85.7156 
85.282 
85.7156 
20.3308 
19.8159 
19.8533 
19.8159 
43.2726 
44.1198 
44.2327 
44.1198 
39.8083 
38.7014 
38.4301 
38.7014 
20.8038 
20.6969 
20.4189 
20.6969 
48.9207 
48.8562 
48.3956 
48.8562 
33.3815 
35.4692 
33.4686 
35.4692 
80.4564 
80.4493 
80.4457 
80.4493 
88.9598 
88.9096 
88.572 
88.9096 
22.0756 
21.679 
22.2514 
21.679 
84.8621 
85.3584 
85.0898 
85.3584 
71.9155 
72.8179 
72.7504 
72.8179 
70.3065 
70.5805 
71.2019 
70.5805 
81.5522 
81.301 
80.6266 
81.301 
26.0718 
26.9425 
26.7258 
26.9425 
87.4452 
86.8877 
86.7519 
86.8877 
11.6319 
11.8879 
11.7681 
11.8879 
71.069 
72.009 
72.4367 
72.009 
20.6249 
21.3194 
21.063 
21.3194 
89.4088 
89.9233 
89.6936 
89.9233 
38.9331 
38.8432 
38.8101 
38.8432 
81.4892 
81.2618 
81.5933 
81.2618 
23.5823 
24.0271 
25.5516 
24.0271 
47.8049 
48.8915 
47.978 
48.8915 
20.4963 
20.4345 
20.8022 
20.4345 
11.4588 
11.6319 
11.7681 
11.6319 
80.4368 
81.5522 
80.6266 
81.5522 
63.8013 
63.3365 
63.6234 
63.3365 
28.6802 
30.0128 
28.0477 
30.0128 
67.7386 
68.4231 
67.9142 
68.4231 
22.7642 
22.2514 
22.3383 
22.2514 
10.6462 
11.0791 
10.9906 
11.0791 
20.8086 
20.9799 
21.4249 
20.9799 
20.4189 
19.9754 
20.0368 
19.9754 
31.9136 
29.3001 
30.4351 
29.3001 
19.3694 
19.1558 
18.0066 
19.1558 
14.7106 
13.8396 
14.175 
13.8396 
27.6824 
28.6802 
28.0477 
28.6802 
38.6108 
38.9102 
38.9409 
38.9102 
81.8202 
82.2239 
82.6947 
82.2239 
86.5727 
85.5472 
85.7526 
85.5472 
10.0697 
10.4902 
10.6537 
10.4902 
20.455 
20.9799 
20.8086 
20.9799 
12.1375 
12.5636 
13.1734 
12.5636 
20.2843 
20.3864 
19.9777 
20.3864 
55.6491 
55.4831 
55.8171 
55.4831 
51.5129 
52.2595 
52.3485 
52.2595 
87.2138 
87.0849 
86.3964 
87.0849 
26.9425 
26.0718 
26.2979 
26.0718 
77.3656 
77.2616 
77.8437 
77.2616 
35.7734 
35.8087 
35.7263 
35.8087 
30.0128 
28.1978 
28.0477 
28.1978 
21.2271 
20.8953 
20.4246 
20.8953 
70.5805 
71.9155 
71.2019 
71.9155 
68.4281 
69.5526 
68.9648 
69.5526 
76.1219 
76.9112 
76.7254 
76.9112 
39.7619 
40.8354 
39.7732 
40.8354 
93.8981 
93.1888 
93.3312 
93.1888 
53.4277 
53.5616 
53.1626 
53.5616 
19.3694 
20.0895 
19.1558 
20.0895 
79.0899 
79.5176 
79.4964 
79.5176 
19.3694 
20.5249 
20.0895 
20.5249 
97.6448 
98.1987 
98.6664 
98.1987 
99.8613 
98.7384 
98.6664 
98.7384 
99.9999 
100 
99.9997 
100 
66.5747 
66.8543 
66.4883 
66.8543 
99.3053 
100 
99.8452 
100 
84.1529 
84.0362 
82.759 
84.0362 
10.388 
10.4902 
10.0697 
10.4902 
89.9233 
89.2598 
90.6161 
89.2598 
87.2235 
91.495 
89.2598 
91.495 
89.2598 
91.495 
90.6161 
91.495 
12.9604 
10.1853 
10 
10.1853 
18.4831 
19.2683 
16.7379 
19.2683 
19.2683 
19.9875 
19.7936 
19.9875 
10 
10.0559 
10.0524 
10.0559 
10 
10.0524 
10 
10.0524 
11.1672 
10.0559 
10.8081 
10.0559 
82.2147 
83.6394 
82.6599 
83.6394 
59.1156 
62.1388 
53.6183 
62.1388 
52.8485 
59.1156 
53.6183 
59.1156 
79.7106 
81.4723 
73.3793 
81.4723 
79.0107 
80.4423 
79.4347 
80.4423 
21.6711 
21.4673 
22.8264 
21.4673 
23.9572 
30.9831 
22.8264 
30.9831 
21.4673 
23.9572 
22.8264 
23.9572 
46.9819 
50.6979 
42.2639 
50.6979 
46.9819 
52.1519 
50.6979 
52.1519 
50.2147 
51.5234 
50.8241 
51.5234 
10.9165 
12.5196 
11.5064 
12.5196 
18.0816 
15.8227 
17.3887 
15.8227 
82.2293 
81.0955 
83.3878 
81.0955 
83.8517 
85.7942 
84.7015 
85.7942 
46.3792 
45.9005 
45.8321 
45.9005 
45.9569 
45.9005 
46.4363 
45.9005 
82.5872 
84.8662 
84.0805 
84.8662 
90.9094 
93.0773 
91.7087 
93.0773 
97.8196 
93.6836 
95.0634 
93.6836 
100 
100 
99.851 
100 
100 
99.9948 
99.851 
99.9948 
100 
99.9481 
99.9959 
99.9481 
100 
100 
99.9481 
100 
86.6315 
87.1464 
87.1469 
87.1464 
91.2646 
90.5767 
91.2545 
90.5767 
90.9644 
91.5651 
92.1283 
91.5651 
27.0957 
32.7091 
28.3357 
32.7091 
32.7091 
30.6819 
28.3357 
30.6819 
65.0004 
67.8191 
66.1831 
67.8191 
66.5403 
62.7551 
65.2018 
62.7551 
67.1859 
66.5403 
67.3674 
66.5403 
78.211 
75.7539 
77.8649 
75.7539 
75.7793 
78.5735 
77.3112 
78.5735 
39.0278 
39.8913 
39.5583 
39.8913 
46.2097 
42.121 
45.4253 
42.121 
44.2436 
46.4727 
45.7009 
46.4727 
46.4727 
46.3174 
45.7009 
46.3174 
21.8465 
22.3238 
22.4045 
22.3238 
64.7575 
66.8563 
65.8303 
66.8563 
100 
99.9743 
99.8081 
99.9743 
100 
99.8081 
99.9797 
99.8081 
100 
99.9797 
99.8452 
99.9797 
100 
100 
99.8452 
100 
69.9 
67.6986 
69.6441 
67.6986 
10.0535 
10.0446 
10.5611 
10.0446 
10 
10.0014 
10.0446 
10.0014 
10 
10.1108 
10.0042 
10.1108 
14.6809 
12.5181 
13.6397 
12.5181 
15.3264 
15.2241 
15.3299 
15.2241 
15.9499 
15.3626 
15.3433 
15.3626 
15.1503 
16.3544 
16.0796 
16.3544 
64.511 
64.5066 
64.5072 
64.5066 
72.5944 
70.7186 
71.1572 
70.7186 
78.4046 
75.9924 
77.4763 
75.9924 
42.3986 
44.3657 
44.1229 
44.3657 
17.5045 
20.6249 
18.5455 
20.6249 
27.0699 
31.9589 
27.5055 
31.9589 
39.6588 
38.6646 
39.0384 
38.6646 
41.0664 
41.2675 
41.5483 
41.2675 
52.7567 
53.6272 
53.4277 
53.6272 
53.4277 
53.6272 
53.961 
53.6272 
10.0449 
10.2552 
10.586 
10.2552 
10 
10.0535 
10.0449 
10.0535 
10 
10.0449 
10.586 
10.0449 
46.8484 
46.9297 
47.1737 
46.9297 
22.0612 
19.2123 
21.063 
19.2123 
55.5734 
54.9765 
54.8045 
54.9765 
67.1456 
66.4566 
67.0527 
66.4566 
63.644 
64.4787 
64.3404 
64.4787 
44.8863 
47.218 
45.8805 
47.218 
52.34 
50.7758 
51.8642 
50.7758 
51.1939 
52.562 
52.2805 
52.562 
48.7505 
51.1939 
49.7984 
51.1939 
77.5292 
77.626 
78.0132 
77.626 
78.8782 
78.3812 
79.3487 
78.3812 
82.0837 
80.5819 
82.0641 
80.5819 
16.5642 
13.97 
15.7028 
13.97 
66.6809 
66.2757 
66.3414 
66.2757 
66.3414 
66.2757 
65.9849 
66.2757 
35.8087 
35.9578 
35.7263 
35.9578 
36.6079 
35.8087 
35.9802 
35.8087 
35.9802 
35.8087 
35.7734 
35.8087 
41.8095 
43.2129 
43.0021 
43.2129 
45.7953 
48.2735 
47.0953 
48.2735 
51.2939 
48.1638 
49.7984 
48.1638 
26.2359 
23.9003 
24.684 
23.9003 
36.5946 
37.1139 
36.9484 
37.1139 
18.4819 
17.0225 
17.6038 
17.0225 
62.8175 
65.7336 
64.54 
65.7336 
78.5087 
81.5677 
79.7355 
81.5677 
81.9471 
81.1297 
81.3989 
81.1297 
80.4496 
80.474 
80.4457 
80.474 
80.4491 
80.4492 
80.4496 
80.4492 
80.7096 
80.4564 
80.4802 
80.4564 
82.1628 
81.9306 
81.993 
81.9306 
100 
99.9974 
99.9743 
99.9974 
100 
100 
99.9743 
100 
100 
99.9999 
99.9974 
99.9999 
100 
100 
99.9999 
100 
99.9997 
100 
99.9975 
100 
100 
100 
99.9975 
100 
100 
100 
99.8999 
100 
19.4837 
19.8557 
19.3005 
19.8557 
49.6829 
49.9642 
49.523 
49.9642 
48.4383 
46.0432 
47.0953 
46.0432 
21.3505 
20.2461 
20.6617 
20.2461 
12.5857 
11.1337 
11.4624 
11.1337 
26.5135 
30.7631 
28.5692 
30.7631 
24.4715 
22.5675 
23.5589 
22.5675 
37.282 
36.9805 
37.5436 
36.9805 
33.3272 
36.1948 
35.1521 
36.1948 
63.5692 
62.688 
63.1263 
62.688 
64.5271 
63.5692 
64.0482 
63.5692 
66.4631 
66.9086 
66.9177 
66.9086 
67.5526 
69.8393 
68.3683 
69.8393 
78.7977 
74.9386 
76.9392 
74.9386 
19.0967 
20.0349 
18.9721 
20.0349 
24.1128 
20.5887 
22.5683 
20.5887 
22.5683 
20.5887 
21.4872 
20.5887 
27.5194 
26.5894 
27.6631 
26.5894 
53.1634 
53.3278 
52.8823 
53.3278 
59.5449 
63.1537 
62.1597 
63.1537 
48.297 
46.8483 
47.147 
46.8483 
52.5185 
52.9933 
52.8823 
52.9933 
10 
10.0653 
10.0697 
10.0653 
10 
10 
10.0697 
10 
11.2362 
11.729 
11.6319 
11.729 
98.1987 
99.351 
99.3829 
99.351 
34.4163 
39.7619 
37.8371 
39.7619 
46.4278 
43.9679 
46.2919 
43.9679 
54.7281 
55.0665 
54.268 
55.0665 
74.2806 
68.9213 
70.8856 
68.9213 
79.6658 
80.6037 
80.3859 
80.6037 
10 
10.0764 
10.0476 
10.0764 
10.0096 
9.99769 
10.0476 
9.99769 
10 
10 
10.0476 
10 
10 
10 
10.0764 
10 
43.7167 
42.1982 
42.365 
42.1982 
49.387 
47.7261 
48.9105 
47.7261 
48.5883 
49.4734 
49.3951 
49.4734 
68.9439 
72.281 
70.5805 
72.281 
57.4125 
63.0026 
60.2124 
63.0026 
66.7863 
62.9626 
65.0414 
62.9626 
73.0268 
69.328 
71.5792 
69.328 
74.5155 
73.0268 
74.4925 
73.0268 
72.281 
74.5155 
73.5732 
74.5155 
19.8159 
17.3946 
18.9203 
17.3946 
19.8505 
19.8159 
20.1024 
19.8159 
79.5102 
82.0449 
79.711 
82.0449 
79.711 
82.0449 
80.6547 
82.0449 
81.106 
80.1636 
80.3859 
80.1636 
89.428 
83.9687 
86.7207 
83.9687 
72.8179 
76.1219 
74.9989 
76.1219 
74.7961 
72.8179 
73.5732 
72.8179 
77.2616 
77.5907 
77.8437 
77.5907 
92.7406 
95.4215 
93.3312 
95.4215 
95.4215 
93.8981 
93.3312 
93.8981 
92.1074 
91.4834 
91.4238 
91.4834 
100 
99.9945 
99.8613 
99.9945 
100 
99.8613 
99.3829 
99.8613 
100 
99.952 
99.9979 
99.952 
99.952 
100 
98.7994 
100 
28.1978 
25.4669 
26.7258 
25.4669 
33.6475 
28.1978 
30.0128 
28.1978 
10 
9.99769 
10.0325 
9.99769 
10 
10.0325 
10 
10.0325 
11.6023 
10.3368 
11.014 
10.3368 
89.354 
92.3772 
90.9239 
92.3772 
88.6526 
86.0758 
87.2752 
86.0758 
91.0783 
91.5986 
92.4186 
91.5986 
93.9593 
94.815 
93.8347 
94.815 
98.8378 
94.9659 
97.3603 
94.9659 
85.6971 
86.0589 
87.6668 
86.0589 
90.7761 
87.6668 
91.2768 
87.6668 
90.7761 
85.6971 
87.6668 
85.6971 
94.6679 
91.2768 
92.7542 
91.2768 
91.2768 
91.9242 
92.7542 
91.9242 
74.0146 
73.1963 
82.759 
73.1963 
73.1963 
71.9577 
71.9554 
71.9577 
76.7254 
77.5213 
74.9989 
77.5213 
84.0362 
74.0146 
82.759 
74.0146 
69.3248 
69.4233 
67.1856 
69.4233 
69.4233 
66.8543 
67.1856 
66.8543 
71.7861 
71.6587 
71.8317 
71.6587 
69.4233 
69.3248 
71.5236 
69.3248 
71.9577 
69.4233 
71.5236 
69.4233 
66.4883 
66.8543 
65.7099 
66.8543 
66.8543 
65.0269 
65.7099 
65.0269 
46.5088 
39.7965 
51.8918 
39.7965 
46.5088 
37.4734 
39.7965 
37.4734 
43.3415 
40.68 
42.2079 
40.68 
46.8439 
43.3415 
45.889 
43.3415 
63.1578 
56.9254 
60.2124 
56.9254 
65.7824 
66.4257 
66.2936 
66.4257 
65.0269 
51.8918 
63.5576 
51.8918 
33.7514 
34.733 
35.0058 
34.733 
35.2261 
35.0058 
36.9737 
35.0058 
33.6638 
33.7514 
35.0058 
33.7514 
35.4563 
34.733 
34.9248 
34.733 
37.4734 
35.2261 
36.9737 
35.2261 
26.6163 
26.7114 
28.2974 
26.7114 
33.6638 
26.6163 
28.2974 
26.6163 
26.6263 
26.9612 
26.7769 
26.9612 
32.4181 
27.8752 
29.7454 
27.8752 
33.7514 
34.3465 
34.4108 
34.3465 
20.3831 
16.7862 
21.8038 
16.7862 
20.3831 
16.2374 
16.7862 
16.2374 
26.7619 
26.388 
26.6282 
26.388 
26.6163 
21.8038 
26.7114 
21.8038 
10 
10.0705 
10.1396 
10.0705 
14.3005 
10 
10.1396 
10 
10 
10.0705 
10 
10.0705 
14.6862 
14.1848 
14.8302 
14.1848 
10 
14.3005 
15.0103 
14.3005 
13.8955 
12.9604 
10 
12.9604 
13.8955 
16.7379 
12.9604 
16.7379 
18.4831 
16.7379 
13.8955 
16.7379 
70.2772 
73.3793 
62.1388 
73.3793 
59.1156 
70.2772 
62.1388 
70.2772 
70.2772 
79.7106 
73.3793 
79.7106 
34.9577 
42.2639 
30.9831 
42.2639 
23.9572 
34.9577 
30.9831 
34.9577 
34.9577 
46.9819 
42.2639 
46.9819 
100 
99.9959 
99.9948 
99.9959 
100 
100 
99.9948 
100 
100 
100 
99.9959 
100 
100 
100 
99.9797 
100 
10 
10.0042 
10.0014 
10.0042 
10 
10 
10.0014 
10 
10 
10 
10.0042 
10 
100 
100 
99.9974 
100 
100 
100 
99.9945 
100 
100 
100 
99.9945 
100 
100 
99.9979 
100 
99.9979 
100 
100 
100 
100 
100 
100 
99.9979 
100 
65.0269 
46.5088 
51.8918 
46.5088 
26.6163 
20.3831 
21.8038 
20.3831 
10 
10 
10.7107 
10 
52.1519 
52.8485 
52.3963 
52.8485 
83.5914 
85.7526 
84.5179 
85.7526 
84.986 
85.6971 
84.5599 
85.6971 
16.2374 
15.0103 
15.8907 
15.0103 
87.0399 
87.3601 
86.6376 
87.3601 
83.5914 
87.2235 
87.0399 
87.2235 
87.0399 
86.6376 
85.7526 
86.6376 
88.612 
89.4088 
88.7142 
89.4088 
10.3022 
11.0332 
10.8081 
11.0332 
10.3022 
10.0559 
10.1853 
10.0559 
19.5271 
19.2683 
19.7936 
19.2683 
18.4831 
19.9875 
19.2683 
19.9875 
13.8931 
16.8773 
16.4613 
16.8773 
15.8227 
13.8931 
16.4613 
13.8931 
10 
10.0559 
10 
10.0559 
10.6122 
10.696 
10.4873 
10.696 
83.2546 
83.6394 
85.5866 
83.6394 
86.2895 
83.2546 
85.5866 
83.2546 
85.5472 
82.3855 
83.3578 
82.3855 
88.1274 
88.1635 
88.6378 
88.1635 
88.1635 
88.572 
88.6378 
88.572 
19.3873 
20.2446 
19.5838 
20.2446 
19.3873 
19.5838 
19.2159 
19.5838 
20.9799 
21.2846 
21.6928 
21.2846 
55.3014 
59.3911 
57.8567 
59.3911 
56.1827 
55.3014 
57.8567 
55.3014 
53.0177 
53.4715 
53.1229 
53.4715 
53.0177 
53.1229 
52.9445 
53.1229 
81.4723 
83.5914 
82.0226 
83.5914 
79.7106 
83.5914 
81.4723 
83.5914 
82.0226 
83.5914 
82.4743 
83.5914 
68.8696 
71.6182 
69.5693 
71.6182 
37.0955 
39.8171 
39.258 
39.8171 
23.1256 
28.686 
25.0242 
28.686 
23.1256 
25.0242 
23.3314 
25.0242 
21.9216 
21.6711 
22.3042 
21.6711 
22.3042 
21.6711 
22.8264 
21.6711 
14.3613 
18.118 
16.6097 
18.118 
54.5361 
58.0699 
57.2155 
58.0699 
58.8777 
57.3978 
57.8567 
57.3978 
42.121 
44.0843 
44.8776 
44.0843 
45.6834 
45.7544 
45.8209 
45.7544 
81.0955 
83.8517 
83.3878 
83.8517 
81.6829 
81.0065 
81.3515 
81.0065 
82.5429 
82.0139 
82.2116 
82.0139 
45.9005 
47.4964 
46.4363 
47.4964 
53.1665 
52.5405 
53.339 
52.5405 
51.8457 
52.3644 
48.4122 
52.3644 
52.3644 
47.2631 
48.4122 
47.2631 
48.4122 
47.2631 
47.1746 
47.2631 
85.6709 
84.5592 
84.852 
84.5592 
85.6709 
84.852 
85.7304 
84.852 
86.1285 
85.6181 
85.9957 
85.6181 
85.6181 
86.1285 
85.3368 
86.1285 
99.9481 
100 
93.0773 
100 
93.0773 
99.3053 
94.1332 
99.3053 
93.0773 
100 
99.3053 
100 
88.8816 
89.4312 
88.599 
89.4312 
90.5767 
88.3436 
89.4312 
88.3436 
89.4312 
88.3436 
88.599 
88.3436 
92.5021 
89.441 
90.2006 
89.441 
92.5021 
90.82 
91.9213 
90.82 
90.82 
92.5021 
90.2006 
92.5021 
99.851 
97.8196 
96.9672 
97.8196 
16.3464 
14.2158 
14.2528 
14.2158 
18.1766 
17.8716 
18.4201 
17.8716 
18.1671 
18.1766 
18.4201 
18.1766 
16.7087 
17.6721 
17.1733 
17.6721 
36.6284 
38.6108 
38.3307 
38.6108 
37.167 
36.6284 
36.2634 
36.6284 
37.5802 
35.3628 
36.6284 
35.3628 
38.9102 
38.9832 
39.0851 
38.9832 
88.1559 
89.6337 
88.4343 
89.6337 
87.177 
87.4608 
87.1469 
87.4608 
87.1464 
87.177 
87.1469 
87.177 
86.1285 
85.684 
85.3368 
85.684 
18.1671 
18.5608 
17.996 
18.5608 
19.0549 
18.1671 
18.4201 
18.1671 
24.5203 
20.8471 
22.1875 
20.8471 
33.3617 
28.6021 
31.0955 
28.6021 
33.4423 
33.3617 
31.0955 
33.3617 
21.6388 
24.1192 
23.0334 
24.1192 
22.2675 
21.6388 
23.0334 
21.6388 
70.4519 
73.6345 
71.3377 
73.6345 
72.2867 
68.1905 
69.5693 
68.1905 
69.5693 
68.1905 
67.9296 
68.1905 
72.2867 
69.5693 
71.1805 
69.5693 
82.2228 
81.3612 
82.118 
81.3612 
75.7793 
79.4703 
78.5735 
79.4703 
41.7552 
44.2436 
42.2849 
44.2436 
42.121 
44.8776 
45.4253 
44.8776 
46.9363 
47.2631 
46.8554 
47.2631 
19.9984 
20.7947 
21.1329 
20.7947 
18.7987 
19.7121 
18.78 
19.7121 
19.7121 
19.9984 
18.78 
19.9984 
67.1286 
64.6857 
65.1 
64.6857 
23.0429 
22.2764 
22.4045 
22.2764 
22.4045 
22.2764 
22.0757 
22.2764 
24.3272 
24.6897 
24.777 
24.6897 
24.0761 
24.3272 
24.5371 
24.3272 
23.8494 
24.0761 
24.5371 
24.0761 
99.9196 
97.7661 
99.8081 
97.7661 
92.1105 
92.6031 
91.1316 
92.6031 
66.7478 
68.0308 
67.3156 
68.0308 
15.1503 
14.2981 
13.0935 
14.2981 
13.0935 
14.2981 
13.5028 
14.2981 
10.6053 
12.0155 
11.1223 
12.0155 
10 
10 
10.1108 
10 
10.1108 
10 
11.9694 
10 
50.8972 
49.4455 
54.6474 
49.4455 
53.6272 
50.8972 
54.6474 
50.8972 
46.9023 
47.4978 
46.9679 
47.4978 
46.9679 
47.4978 
47.3051 
47.4978 
63.7194 
60.6193 
62.3019 
60.6193 
63.0741 
60.3384 
56.5924 
60.3384 
78.5463 
75.493 
79.5856 
75.493 
75.493 
75.6356 
73.761 
75.6356 
78.5463 
75.6356 
75.493 
75.6356 
73.761 
72.2475 
70.599 
72.2475 
75.6356 
72.2475 
73.761 
72.2475 
70.599 
72.2475 
70.3619 
72.2475 
75.0663 
72.5944 
74.9343 
72.5944 
74.9343 
72.5944 
73.9198 
72.5944 
87.4103 
85.2493 
87.0849 
85.2493 
87.0849 
85.2493 
86.3964 
85.2493 
87.6398 
87.4103 
87.0849 
87.4103 
81.5373 
85.4528 
83.6326 
85.4528 
41.3382 
41.2457 
41.0665 
41.2457 
40.9788 
41.3382 
41.0665 
41.3382 
15.6587 
14.4027 
17.5045 
14.4027 
14.2981 
13.6632 
13.5028 
13.6632 
19.9984 
18.3564 
18.78 
18.3564 
20.6249 
19.9984 
21.1329 
19.9984 
20.6249 
19.2123 
18.5455 
19.2123 
36.9775 
37.8375 
37.6282 
37.8375 
31.9589 
36.9775 
36.6242 
36.9775 
35.0506 
29.5912 
31.9589 
29.5912 
31.9589 
29.5912 
27.5055 
29.5912 
35.0506 
31.9589 
36.6242 
31.9589 
25.4062 
26.1271 
25.7019 
26.1271 
30.6819 
26.6801 
28.3357 
26.6801 
40.7305 
38.6646 
39.6588 
38.6646 
40.7305 
39.6588 
40.2424 
39.6588 
39.2376 
41.0664 
40.1961 
41.0664 
49.4848 
51.5129 
49.96 
51.5129 
49.96 
51.5129 
50.8041 
51.5129 
49.4848 
49.96 
49.0838 
49.96 
10.2552 
10.5344 
10.586 
10.5344 
10 
10 
10.0449 
10 
10.5344 
10.7011 
10.586 
10.7011 
44.2037 
45.5554 
44.7962 
45.5554 
44.2227 
44.2037 
44.7962 
44.2037 
67.1542 
67.7386 
67.128 
67.7386 
47.5393 
47.8049 
47.1742 
47.8049 
50.685 
48.686 
49.96 
48.686 
15.6587 
15.9205 
14.9391 
15.9205 
17.326 
15.6587 
17.5045 
15.6587 
23.9429 
24.7516 
25.0979 
24.7516 
21.8137 
19.6558 
18.272 
19.6558 
22.1084 
19.6558 
21.8137 
19.6558 
18.272 
19.6558 
18.6151 
19.6558 
66.4566 
63.9066 
65.4756 
63.9066 
66.4566 
65.4756 
66.1935 
65.4756 
66.8767 
67.1072 
67.1286 
67.1072 
65.9061 
66.8767 
66.5288 
66.8767 
62.6531 
64.4787 
63.644 
64.4787 
44.2456 
44.1265 
43.9149 
44.1265 
44.1019 
44.2456 
43.9149 
44.2456 
48.078 
47.0554 
47.0501 
47.0554 
49.9894 
50.7758 
49.2011 
50.7758 
47.218 
48.1638 
45.8805 
48.1638 
77.626 
79.0481 
78.0132 
79.0481 
77.626 
78.3812 
78.8782 
78.3812 
78.3812 
77.626 
77.3347 
77.626 
80.4326 
81.4222 
81.0757 
81.4222 
67.6899 
72.009 
69.5058 
72.009 
72.009 
71.069 
69.5058 
71.069 
67.6899 
69.5058 
68.5286 
69.5058 
68.3764 
67.1577 
67.9142 
67.1577 
67.1577 
67.2695 
67.9142 
67.2695 
72.2475 
69.5617 
70.3619 
69.5617 
78.3812 
78.5463 
79.3487 
78.5463 
73.7098 
75.7343 
74.856 
75.7343 
75.7343 
77.3347 
76.3335 
77.3347 
39.5859 
37.5079 
38.1897 
37.5079 
43.3243 
42.8151 
43.3734 
42.8151 
38.3903 
39.5485 
38.1655 
39.5485 
38.1655 
39.5485 
40.6667 
39.5485 
48.1638 
45.5913 
45.8805 
45.5913 
54.2417 
52.7303 
53.706 
52.7303 
53.6753 
51.3311 
50.4962 
51.3311 
54.219 
51.3311 
53.6753 
51.3311 
20.6062 
24.0271 
22.4696 
24.0271 
19.6348 
20.6062 
20.3336 
20.6062 
20.6062 
21.6068 
20.9188 
21.6068 
21.6068 
20.6062 
22.4696 
20.6062 
19.6348 
19.809 
19.3476 
19.809 
19.809 
19.6348 
20.3336 
19.6348 
37.1139 
37.2079 
36.9484 
37.2079 
33.0172 
35.0861 
34.9143 
35.0861 
16.7044 
19.3694 
18.0066 
19.3694 
16.7044 
17.3242 
16.5688 
17.3242 
17.3242 
16.7044 
18.0066 
16.7044 
63.6389 
62.8175 
62.612 
62.8175 
63.9245 
63.6389 
62.612 
63.6389 
75.0902 
73.1102 
69.7413 
73.1102 
74.9386 
73.1102 
75.0902 
73.1102 
73.1102 
70.2472 
69.7413 
70.2472 
76.4442 
73.4194 
74.856 
73.4194 
78.0828 
77.0706 
77.4129 
77.0706 
80.4396 
79.0643 
79.9506 
79.0643 
81.5677 
81.0861 
79.7355 
81.0861 
95.3707 
90.347 
94.988 
90.347 
95.3707 
87.1139 
90.347 
87.1139 
82.0823 
84.2463 
82.4921 
84.2463 
80.4493 
80.4491 
80.4496 
80.4491 
81.7019 
80.7096 
81.0757 
80.7096 
81.7019 
81.0757 
81.6204 
81.0757 
99.9887 
99.9975 
99.9871 
99.9975 
99.986 
99.9887 
99.9812 
99.9887 
97.5533 
99.8999 
98.8439 
99.8999 
80.0937 
80.4784 
80.6021 
80.4784 
80.4784 
81.2771 
80.9244 
81.2771 
17.3768 
17.6699 
17.3315 
17.6699 
20.2461 
19.4837 
20.3565 
19.4837 
20.2461 
19.8557 
19.4837 
19.8557 
58.7314 
55.2975 
59.1172 
55.2975 
51.3221 
55.2975 
53.5349 
55.2975 
58.7314 
54.2176 
55.2975 
54.2176 
51.3221 
52.4029 
51.184 
52.4029 
52.4029 
51.3221 
53.5349 
51.3221 
49.5597 
50.337 
49.7072 
50.337 
49.7072 
50.337 
50.0661 
50.337 
49.5597 
49.7072 
49.5344 
49.7072 
49.9642 
49.5046 
49.523 
49.5046 
62.229 
59.3301 
61.1216 
59.3301 
62.9921 
63.9044 
63.1263 
63.9044 
60.2692 
62.5251 
61.981 
62.5251 
39.5775 
44.1682 
39.8083 
44.1682 
44.1682 
41.5731 
39.8083 
41.5731 
49.0117 
49.3052 
49.3308 
49.3052 
49.0117 
49.3308 
49.3586 
49.3308 
22.0149 
22.0812 
22.4761 
22.0812 
22.415 
22.0812 
22.0756 
22.0812 
22.0812 
22.415 
22.4761 
22.415 
12.521 
14.8362 
13.6341 
14.8362 
10.7924 
11.0726 
10.5699 
11.0726 
15.7017 
14.0724 
15.6797 
14.0724 
15.6797 
14.0724 
15.2449 
14.0724 
17.1026 
16.2873 
16.8656 
16.2873 
22.5675 
22.7642 
23.5589 
22.7642 
36.2476 
31.9136 
35.7083 
31.9136 
33.3272 
37.282 
36.1948 
37.282 
34.7867 
31.1367 
33.3272 
31.1367 
65.8736 
66.7254 
67.7102 
66.7254 
65.7111 
66.7254 
65.8736 
66.7254 
66.7254 
67.5526 
67.7102 
67.5526 
73.2105 
77.5525 
76.7382 
77.5525 
65.2852 
65.7111 
65.2757 
65.7111 
65.2852 
65.2757 
65.0422 
65.2757 
70.2472 
66.0998 
67.9709 
66.0998 
78.4935 
79.2796 
79.0801 
79.2796 
24.1141 
26.8478 
25.4105 
26.8478 
24.1141 
25.4105 
24.4624 
25.4105 
20.0349 
22.0415 
21.2271 
22.0415 
25.4105 
26.8478 
26.2979 
26.8478 
54.1528 
53.3278 
55.8573 
53.3278 
59.5449 
60.325 
57.3727 
60.325 
57.3727 
60.325 
56.6625 
60.325 
48.379 
51.5429 
50.4122 
51.5429 
47.1733 
47.2451 
47.5099 
47.2451 
11.6546 
10.0653 
11.1817 
10.0653 
10 
10 
10.0653 
10 
11.6546 
11.1817 
11.7855 
11.1817 
24.4593 
24.4984 
24.3147 
24.4984 
78.6251 
79.1282 
78.5892 
79.1282 
80.061 
78.748 
79.2873 
78.748 
81.2656 
80.6315 
80.8491 
80.6315 
83.6856 
82.3828 
82.3123 
82.3828 
94.9833 
97.6448 
95.8666 
97.6448 
97.6448 
98.7384 
95.8666 
98.7384 
94.2705 
94.9833 
95.8666 
94.9833 
90.4284 
92.9013 
91.5227 
92.9013 
40.8354 
44.5747 
43.2221 
44.5747 
43.9679 
46.1958 
46.2919 
46.1958 
45.4857 
46.3391 
46.2346 
46.3391 
54.1528 
52.6382 
52.6272 
52.6382 
54.7281 
55.6369 
55.3093 
55.6369 
54.472 
54.7281 
54.268 
54.7281 
12.2987 
14.1678 
13.7023 
14.1678 
12.9072 
12.2987 
12.2166 
12.2987 
12.2166 
12.2987 
11.6764 
12.2987 
12.424 
12.2987 
13.7023 
12.2987 
19.4587 
17.7572 
18.2476 
17.7572 
19.4773 
21.3045 
20.7062 
21.3045 
74.5374 
77.617 
76.6256 
77.617 
75.3135 
74.5374 
76.6256 
74.5374 
67.8245 
69.9047 
67.7964 
69.9047 
79.0265 
74.2806 
76.7382 
74.2806 
10.3368 
10.0096 
10.0476 
10.0096 
10.6381 
10.8556 
11.014 
10.8556 
10.5618 
10.6381 
10.5049 
10.6381 
10.6381 
10.3368 
10.5049 
10.3368 
43.3415 
44.5851 
45.889 
44.5851 
42.1982 
41.6843 
42.365 
41.6843 
65.129 
68.9439 
66.3921 
68.9439 
68.9439 
67.6667 
66.3921 
67.6667 
55.4831 
55.0665 
55.3093 
55.0665 
60.325 
55.8171 
56.6625 
55.8171 
56.6625 
55.8171 
55.9532 
55.8171 
62.9626 
63.6625 
65.0414 
63.6625 
17.659 
18.9504 
18.3066 
18.9504 
17.659 
17.7374 
17.3946 
17.7374 
18.0424 
17.7374 
17.659 
17.7374 
18.0424 
17.659 
18.3066 
17.659 
17.7374 
16.134 
17.3946 
16.134 
83.2429 
85.8647 
84.564 
85.8647 
87.4271 
89.4964 
88.573 
89.4964 
77.5907 
77.8743 
77.8437 
77.8743 
78.4049 
77.8743 
77.4872 
77.8743 
77.8743 
78.1267 
77.8437 
78.1267 
80.4705 
80.0566 
80.507 
80.0566 
79.5176 
80.507 
80.7245 
80.507 
98.7384 
95.0431 
95.8666 
95.0431 
100 
100 
99.8613 
100 
98.138 
99.952 
98.7994 
99.952 
100 
100 
99.952 
100 
28.7519 
31.1421 
29.7454 
31.1421 
23.902 
27.1115 
25.8758 
27.1115 
23.902 
20.2432 
22.0945 
20.2432 
23.902 
25.7866 
20.2432 
25.7866 
25.7866 
23.902 
25.8758 
23.902 
23.2247 
20.8094 
21.6637 
20.8094 
24.7436 
23.2247 
24.6837 
23.2247 
24.6837 
23.2247 
24.033 
23.2247 
37.736 
33.6475 
37.8371 
33.6475 
10 
10.0663 
12.6027 
10.0663 
12.6027 
14.9356 
14.2051 
14.9356 
13.4667 
10.0705 
12.6027 
10.0705 
13.8867 
11.6023 
12.424 
11.6023 
16.2968 
17.5626 
17.0765 
17.5626 
85.6965 
84.1473 
84.9031 
84.1473 
85.5094 
85.597 
85.3584 
85.597 
93.244 
91.0783 
92.4186 
91.0783 
93.2742 
93.244 
92.4186 
93.244 
94.6679 
94.815 
96.9341 
94.815 
99.0663 
100 
96.9341 
100 
100 
94.6679 
96.9341 
94.6679 
93.8347 
94.815 
93.9923 
94.815 
94.815 
93.8543 
93.9923 
93.8543 
99.5414 
100 
99.0663 
100 
100 
100 
99.0663 
100 
86.0203 
86.0589 
85.5821 
86.0589 
91.4196 
89.4615 
90.9239 
89.4615 
94.6679 
90.7761 
91.2768 
90.7761 
72.3087 
73.1963 
71.9554 
73.1963 
74.0146 
71.9577 
73.1963 
71.9577 
72.0118 
72.3087 
71.9554 
72.3087 
71.7188 
71.7801 
71.7314 
71.7801 
77.5213 
73.6979 
74.9989 
73.6979 
82.8278 
78.9639 
80.9266 
78.9639 
84.1529 
83.7971 
84.3437 
83.7971 
84.3437 
83.7971 
84.0194 
83.7971 
66.9614 
66.9517 
66.9915 
66.9517 
66.0557 
65.7099 
65.3925 
65.7099 
65.7824 
66.0557 
65.3925 
66.0557 
66.9517 
66.8528 
66.9842 
66.8528 
66.9517 
66.8543 
66.5747 
66.8543 
37.537 
39.7965 
37.4429 
39.7965 
39.7965 
37.4734 
37.4429 
37.4734 
36.5582 
36.7008 
36.25 
36.7008 
36.5582 
36.25 
36.1679 
36.25 
54.5597 
51.6961 
53.5549 
51.6961 
34.6041 
34.733 
34.4108 
34.733 
33.7514 
33.6391 
34.3465 
33.6391 
18.4444 
17.2352 
17.4088 
17.2352 
76.975 
77.3347 
77.5292 
77.3347 
77.3347 
76.975 
76.3335 
76.975 
10 
10 
10.5699 
10 
10.5699 
10 
10.8536 
10 
52.8485 
52.7683 
52.3963 
52.7683 
100 
100 
99.0551 
100 
85.6971 
84.0362 
84.5599 
84.0362 
15.6762 
15.0103 
15.1374 
15.0103 
15.0103 
15.6762 
15.8907 
15.6762 
43.8184 
44.1019 
43.9149 
44.1019 
88.572 
88.9096 
88.6378 
88.9096 
38.9409 
39.1607 
39.5108 
39.1607 
42.2849 
41.5897 
41.2599 
41.5897 
52.7683 
52.4218 
52.3963 
52.4218 
12.2166 
12.1771 
12.8373 
12.1771 
84.5928 
84.986 
84.5599 
84.986 
99.0551 
98.1412 
98.8439 
98.1412 

VECTORS Flux float
-0.000610774 -3.43427e-05 0 
0.000150302 -3.87657e-05 0 
-0.00120464 4.54131e-05 0 
0.000150302 -3.87657e-05 0 
-0.000792998 -3.58269e-17 0 
-0.000175266 2.64504e-17 0 
-0.000550529 1.8532e-05 0 
-0.000175266 2.64504e-17 0 
-0.000409221 0.000544938 0 
-0.000528176 -0.000687229 0 
-0.00038653 0.000678091 0 
-0.000528176 -0.000687229 0 
1.96113e-05 -2.79808e-06 0 
2.0242e-05 7.56688e-06 0 
-0.000242518 -3.16387e-05 0 
2.0242e-05 7.56688e-06 0 
-0.00110904 -7.91884e-05 0 
-0.00102865 -6.92931e-05 0 
-0.00105228 0.000339462 0 
-0.00102865 -6.92931e-05 0 
-0.000191986 6.0566e-05 0 
-0.000486423 -0.000442035 0 
-0.000256559 -9.65198e-05 0 
-0.000486423 -0.000442035 0 
-7.23629e-05 3.62156e-05 0 
-0.000406898 -1.34235e-05 0 
-0.000538902 -6.41559e-05 0 
-0.000406898 -1.34235e-05 0 
-0.000495428 -0.000438096 0 
-0.000311847 -0.000487244 0 
-0.000287834 -0.000350386 0 
-0.000311847 -0.000487244 0 
-0.000592541 -0.000167398 0 
-0.00106525 0.00019771 0 
-0.00102201 -9.2359e-05 0 
-0.00106525 0.00019771 0 
-0.000112397 -0.000216817 0 
-0.000688907 -3.29801e-06 0 
-0.000884229 -0.000326981 0 
-0.000688907 -3.29801e-06 0 
-0.000739592 0.00030005 0 
3.43391e-05 0.000123812 0 
-0.000327121 0.000469576 0 
3.43391e-05 0.000123812 0 
-0.00134196 -0.000142579 0 
-0.00100444 4.21547e-05 0 
-0.00162339 0.000712292 0 
-0.00100444 4.21547e-05 0 
-0.000643943 0.000569768 0 
-0.00095094 -0.00034941 0 
-0.000424666 -0.000585053 0 
-0.00095094 -0.00034941 0 
0.000109166 0.00029786 0 
0.000606463 0.00120305 0 
3.87984e-05 0.000661844 0 
0.000606463 0.00120305 0 
-0.00151261 0.000182552 0 
-0.00258824 -0.000809717 0 
-0.00173067 -0.000932496 0 
-0.00258824 -0.000809717 0 
-0.000648757 -4.58984e-05 0 
-0.000489309 -0.000107076 0 
-0.00054007 7.13725e-05 0 
-0.000489309 -0.000107076 0 
9.89197e-06 -0.000412468 0 
-0.000122443 0.000420656 0 
-0.000331745 1.10376e-05 0 
-0.000122443 0.000420656 0 
-0.00166465 0.00064891 0 
-0.00177347 -0.000144851 0 
-0.00121392 0.000260134 0 
-0.00177347 -0.000144851 0 
-0.00335148 -0.000230725 0 
-0.00226589 0.000141773 0 
-0.00187471 0.0011239 0 
-0.00226589 0.000141773 0 
-0.00113816 0.000292858 0 
-0.000654189 0.000260427 0 
-0.00118271 0.000467982 0 
-0.000654189 0.000260427 0 
-0.000500122 -0.000107436 0 
-0.000174952 0.00012887 0 
-0.000620632 6.86956e-05 0 
-0.000174952 0.00012887 0 
-0.000833183 0.000653681 0 
-0.00106141 0.000515414 0 
-0.000487611 0.000202123 0 
-0.00106141 0.000515414 0 
-0.000191247 -0.000266455 0 
0.00011193 0.000127925 0 
-0.000453399 0.000174732 0 
0.00011193 0.000127925 0 
-0.00118878 -0.000830871 0 
-0.000738068 -0.000774153 0 
-0.00094914 -0.000395965 0 
-0.000738068 -0.000774153 0 
-0.00089089 -0.00143067 0 
-0.00123434 -0.000691419 0 
-0.00106469 -0.000701015 0 
-0.00123434 -0.000691419 0 
-0.001483 -6.4547e-05 0 
-0.00119467 -8.35954e-05 0 
-0.0012466 0.000169228 0 
-0.00119467 -8.35954e-05 0 
-0.000454324 -0.000550765 0 
-0.00066361 -0.000321067 0 
-0.000764721 -0.000401778 0 
-0.00066361 -0.000321067 0 
-0.00107426 0.000783395 0 
-0.00190609 0.000559929 0 
-0.000911581 0.00025811 0 
-0.00190609 0.000559929 0 
-0.00083991 -0.000428447 0 
-0.00090468 -0.000834732 0 
-0.000623343 -0.000753946 0 
-0.00090468 -0.000834732 0 
-0.000823007 0.00118282 0 
-0.00172621 0.000930737 0 
-0.000968719 0.000835405 0 
-0.00172621 0.000930737 0 
-0.00124745 -0.00133723 0 
-0.000788178 -4.226e-05 0 
-0.00112034 5.50188e-05 0 
-0.000788178 -4.226e-05 0 
-0.000193592 0.000228186 0 
-0.000322367 0.000199945 0 
-0.000222284 8.13042e-05 0 
-0.000322367 0.000199945 0 
-0.000110543 0.000170832 0 
-0.000229499 0.000399973 0 
-0.000328625 0.000237332 0 
-0.000229499 0.000399973 0 
-0.000387183 -0.000677845 0 
-0.000233649 -0.000392564 0 
-0.000509155 -0.000423221 0 
-0.000233649 -0.000392564 0 
-4.37617e-05 -0.000107401 0 
-0.000203548 -7.83351e-05 0 
-8.51946e-05 -8.10844e-05 0 
-0.000203548 -7.83351e-05 0 
-0.000775671 0.000332664 0 
-0.0009533 0.000451553 0 
-0.000897175 0.000340265 0 
-0.0009533 0.000451553 0 
-0.00101392 0.000225871 0 
-0.00140994 -9.7351e-05 0 
-0.000951578 -0.000162532 0 
-0.00140994 -9.7351e-05 0 
-0.00120249 -0.00023385 0 
-0.00127958 -0.000216271 0 
-0.00129613 -0.000162717 0 
-0.00127958 -0.000216271 0 
-0.000706042 -0.00028026 0 
-0.000167397 -0.000245922 0 
-0.000645853 -3.98493e-05 0 
-0.000167397 -0.000245922 0 
-0.000799252 0.000753541 0 
-0.00108116 0.000854965 0 
-0.000893514 0.000567456 0 
-0.00108116 0.000854965 0 
-0.000598131 -0.000923225 0 
-0.000103429 -6.77929e-05 0 
-0.00103252 -0.000650175 0 
-0.000103429 -6.77929e-05 0 
-0.00091042 -0.000110051 0 
-0.000477866 -0.000697929 0 
-0.000374246 -4.96616e-05 0 
-0.000477866 -0.000697929 0 
-0.00146935 -8.22993e-05 0 
-0.000616124 0.000514468 0 
-0.00132862 0.000685439 0 
-0.000616124 0.000514468 0 
-0.00084902 0.000383707 0 
-0.000911927 0.000426729 0 
-0.000877786 0.00036191 0 
-0.000911927 0.000426729 0 
-9.33933e-05 0.000633066 0 
-0.000281155 0.00077474 0 
-0.000257843 0.00036864 0 
-0.000281155 0.00077474 0 
-0.00115243 -0.000867721 0 
-0.00161495 -0.00080547 0 
-0.00111715 -0.000502795 0 
-0.00161495 -0.00080547 0 
-0.000469009 0.000960576 0 
-0.000373777 0.000370905 0 
-0.000207845 0.000542974 0 
-0.000373777 0.000370905 0 
-0.000611715 0.000404724 0 
-0.000519427 0.000321695 0 
-0.000651647 0.000271847 0 
-0.000519427 0.000321695 0 
-0.00207834 -3.07529e-05 0 
-0.00164704 -0.00105177 0 
-0.00114579 -0.000277381 0 
-0.00164704 -0.00105177 0 
-0.000468591 0.000924734 0 
-0.00091159 0.00038293 0 
-0.000374806 0.000458962 0 
-0.00091159 0.00038293 0 
-0.000811213 -0.000603092 0 
-0.00032535 -0.000374414 0 
-0.000801337 -0.000102576 0 
-0.00032535 -0.000374414 0 
-0.000545849 -0.000480075 0 
-0.000834169 -0.000480305 0 
-0.000624849 -0.000740336 0 
-0.000834169 -0.000480305 0 
-0.00221547 -0.000427488 0 
-0.00127192 -0.000369195 0 
-0.00162693 0.000321142 0 
-0.00127192 -0.000369195 0 
-0.000348608 -0.000177266 0 
-0.000270519 0.000203702 0 
-0.000418955 4.42691e-05 0 
-0.000270519 0.000203702 0 
-0.00218169 -0.00131969 0 
-0.000202801 -0.000507913 0 
-0.00111136 -0.000176421 0 
-0.000202801 -0.000507913 0 
-0.000685035 0.000405632 0 
-0.000946031 0.000271258 0 
-0.000523665 0.000185353 0 
-0.000946031 0.000271258 0 
-0.00195393 0.000577355 0 
-0.00210553 1.39643e-05 0 
-0.00171824 0.000216263 0 
-0.00210553 1.39643e-05 0 
-0.00303406 -0.000698161 0 
-0.00236038 -0.00100162 0 
-0.0019409 -0.000444803 0 
-0.00236038 -0.00100162 0 
-0.00125231 0.000309603 0 
-0.000923413 -8.17102e-05 0 
-0.000739179 0.000235858 0 
-0.000923413 -8.17102e-05 0 
-9.52338e-05 0.000287203 0 
-0.000291659 0.000747866 0 
-0.000399734 0.00024431 0 
-0.000291659 0.000747866 0 
-5.71841e-05 -0.000407892 0 
6.8077e-05 0.00082283 0 
-0.000312195 0.000223909 0 
6.8077e-05 0.00082283 0 
0.000409527 0.000504326 0 
-0.0014344 0.00196924 0 
-0.000818007 0.00046557 0 
-0.0014344 0.00196924 0 
-0.00303409 0.000770207 0 
-0.00366684 -0.000477471 0 
-0.00130418 -0.000226392 0 
-0.00366684 -0.000477471 0 
-0.00124564 -0.00053091 0 
-0.000784197 -0.000694612 0 
-0.000943995 9.13292e-05 0 
-0.000784197 -0.000694612 0 
9.93807e-05 0.000468854 0 
0.000167644 0.000532003 0 
-0.000483167 0.000198117 0 
0.000167644 0.000532003 0 
-0.0010844 -0.000733967 0 
-0.000771591 -0.00132161 0 
-0.000547463 -0.000969417 0 
-0.000771591 -0.00132161 0 
-0.000877047 0.000412313 0 
-0.00087251 0.000408177 0 
-0.000865188 0.000391316 0 
-0.00087251 0.000408177 0 
-0.00102936 -0.00156569 0 
-0.000353817 -0.00015974 0 
-0.00111869 -0.000470707 0 
-0.000353817 -0.00015974 0 
-0.00177323 -0.00109379 0 
-0.000434253 -0.000700285 0 
-0.0010638 -0.00057007 0 
-0.000434253 -0.000700285 0 
-0.00120265 -0.00150268 0 
-0.000954824 -0.00119005 0 
-0.00129049 -0.00106915 0 
-0.000954824 -0.00119005 0 
-0.00181342 -0.000174571 0 
-0.00100497 -0.000488343 0 
-0.000758164 -1.40458e-05 0 
-0.00100497 -0.000488343 0 
-0.000569165 0.000304413 0 
-0.000922949 -0.000286023 0 
-0.00057855 -0.000220999 0 
-0.000922949 -0.000286023 0 
-0.000868605 0.0017322 0 
-0.0016519 0.000362251 0 
-0.000661481 0.00033085 0 
-0.0016519 0.000362251 0 
-0.00145584 -0.000511425 0 
-0.000948846 -0.000811221 0 
-0.000930809 -0.000365896 0 
-0.000948846 -0.000811221 0 
0.000141136 -0.000125378 0 
-0.000210553 0.000530062 0 
-0.000598808 0.000178902 0 
-0.000210553 0.000530062 0 
-0.00183471 5.24377e-05 0 
-0.00113991 5.85646e-05 0 
-0.00130532 0.000483909 0 
-0.00113991 5.85646e-05 0 
-0.00204161 -0.00104194 0 
-0.00163684 -0.00308657 0 
-0.000973374 -0.00107911 0 
-0.00163684 -0.00308657 0 
5.10836e-05 0.000140187 0 
-0.00043133 0.00104964 0 
-0.000492197 0.000496277 0 
-0.00043133 0.00104964 0 
-0.0023496 0.00199498 0 
-0.00339451 0.000630798 0 
-0.00195871 0.000584623 0 
-0.00339451 0.000630798 0 
-0.00137547 -0.000159052 0 
-0.000879384 0.000527049 0 
-0.00132862 0.000495322 0 
-0.000879384 0.000527049 0 
-0.000737174 0.000949825 0 
-0.00125563 0.000119309 0 
-0.000746123 0.000109249 0 
-0.00125563 0.000119309 0 
-0.000289201 -0.00031156 0 
-0.00152654 -0.00050655 0 
-0.000691775 -0.000654326 0 
-0.00152654 -0.00050655 0 
-0.000945284 -0.000813041 0 
-0.00145115 -0.000513819 0 
-0.00119006 -0.00100723 0 
-0.00145115 -0.000513819 0 
-0.000833398 -0.000320023 0 
-0.000723929 -0.000263799 0 
-0.000939135 -0.000235228 0 
-0.000723929 -0.000263799 0 
-0.000557782 0.000498195 0 
4.67609e-05 0.00073084 0 
-0.000673545 0.00114109 0 
4.67609e-05 0.00073084 0 
-0.00301834 -0.00190235 0 
-0.000889417 -0.00151723 0 
-0.00132049 -0.000282165 0 
-0.000889417 -0.00151723 0 
-0.000380598 -0.000681243 0 
-0.000477872 -0.00022756 0 
-0.000841788 -0.000248573 0 
-0.000477872 -0.00022756 0 
-0.00178501 -0.00074144 0 
-0.000614506 -0.000788373 0 
-0.000917874 8.00187e-06 0 
-0.000614506 -0.000788373 0 
-0.000758087 -0.000181842 0 
-0.000702656 -5.54327e-05 0 
-0.000741718 -0.000151367 0 
-0.000702656 -5.54327e-05 0 
-0.00107403 0.00224641 0 
-0.00155426 0.00127403 0 
-0.000852222 0.000859171 0 
-0.00155426 0.00127403 0 
-0.00193469 -0.00113774 0 
-0.00104242 -0.00142515 0 
-0.0012695 -0.000693543 0 
-0.00104242 -0.00142515 0 
-0.00170164 0.000752815 0 
-0.00170428 5.10764e-05 0 
-0.00140741 0.000279299 0 
-0.00170428 5.10764e-05 0 
-0.000735674 -0.000416025 0 
-0.000431861 7.62966e-05 0 
-0.000772722 -2.71467e-05 0 
-0.000431861 7.62966e-05 0 
-0.00113105 0.000334512 0 
-0.000875854 2.13393e-06 0 
-0.000894547 0.000253306 0 
-0.000875854 2.13393e-06 0 
-0.00143455 0.000151244 0 
-0.00174015 -0.000592815 0 
-0.00130928 -0.000213922 0 
-0.00174015 -0.000592815 0 
-0.00103284 0.00037589 0 
-0.00101623 0.000322333 0 
-0.000846585 0.000230066 0 
-0.00101623 0.000322333 0 
1.76326e-05 -0.000102607 0 
-0.000837895 0.000893614 0 
-0.000633777 0.000367482 0 
-0.000837895 0.000893614 0 
-0.00165191 0.00077197 0 
-0.00118107 -0.00013159 0 
-0.00119612 0.000270489 0 
-0.00118107 -0.00013159 0 
0.000131999 -0.000317952 0 
0.000232738 -0.000501815 0 
0.000224925 -0.000245631 0 
0.000232738 -0.000501815 0 
-0.000125554 -0.000746355 0 
-0.000481929 -0.000424558 0 
-0.000720249 -0.000672498 0 
-0.000481929 -0.000424558 0 
-0.00011108 -0.000232245 0 
-0.000300177 -0.000112649 0 
-0.000421833 -0.000195055 0 
-0.000300177 -0.000112649 0 
-0.000498101 -0.000338936 0 
-0.000274863 -0.000201959 0 
-0.000626301 -0.000131985 0 
-0.000274863 -0.000201959 0 
-0.00055978 -0.000894659 0 
-0.00067532 -0.000862312 0 
-0.000580788 -0.00103434 0 
-0.00067532 -0.000862312 0 
8.92288e-05 -0.000217679 0 
-0.000107591 -0.000293414 0 
-4.24888e-05 -0.000341359 0 
-0.000107591 -0.000293414 0 
-0.000859635 0.00106007 0 
-0.00149559 -0.000263973 0 
-0.000993442 0.000223837 0 
-0.00149559 -0.000263973 0 
-0.00116705 -0.000556346 0 
-0.00071525 -0.000261258 0 
-0.0013337 -0.000342697 0 
-0.00071525 -0.000261258 0 
-0.00131238 -0.00115708 0 
-8.50585e-05 0.000638409 0 
-0.00126293 0.000209995 0 
-8.50585e-05 0.000638409 0 
-0.000384698 -0.00119337 0 
-0.00024737 -0.000441566 0 
-0.000732843 -0.000853133 0 
-0.00024737 -0.000441566 0 
5.74138e-05 -0.000147163 0 
-0.000288902 0.000118923 0 
-0.000536213 -8.54642e-05 0 
-0.000288902 0.000118923 0 
-0.000362065 0.0012639 0 
-0.0038724 0.00269599 0 
-0.00220229 0.000835019 0 
-0.0038724 0.00269599 0 
-0.000482676 -0.000114797 0 
-0.000656699 -3.66541e-05 0 
-0.000598432 -0.000176188 0 
-0.000656699 -3.66541e-05 0 
-0.00118386 0.00054721 0 
-0.00176938 0.000731954 0 
-0.00151381 0.000372038 0 
-0.00176938 0.000731954 0 
-0.000779052 5.02137e-05 0 
-0.000668952 0.000557712 0 
-0.0013537 0.000816446 0 
-0.000668952 0.000557712 0 
-0.00131994 -0.000261815 0 
-0.000875627 -0.000887244 0 
-0.000684918 -0.00017315 0 
-0.000875627 -0.000887244 0 
-0.000636495 -0.000864853 0 
-0.000453109 -0.000670572 0 
-0.000642941 -0.000483749 0 
-0.000453109 -0.000670572 0 
-0.000896421 0.000378474 0 
-0.000197628 0.000135472 0 
-0.000651223 0.000549235 0 
-0.000197628 0.000135472 0 
-0.000446745 -0.00321888 0 
-0.000130842 -0.000646575 0 
-0.000540904 -0.000553564 0 
-0.000130842 -0.000646575 0 
-0.00100323 -0.000134753 0 
-0.000626337 -0.00107008 0 
-0.000612652 -0.000462898 0 
-0.000626337 -0.00107008 0 
-0.000365452 -0.000589833 0 
-0.000490767 -0.000353985 0 
-0.000535337 -0.000545848 0 
-0.000490767 -0.000353985 0 
-0.00234712 -0.00175366 0 
-0.00104457 -0.000760124 0 
-0.00136555 -0.000931747 0 
-0.00104457 -0.000760124 0 
-0.000640817 -0.000597612 0 
-8.86736e-07 0.000221237 0 
-0.000854887 8.56796e-05 0 
-8.86736e-07 0.000221237 0 
-4.68934e-05 -0.000201609 0 
-5.09733e-05 0.00022176 0 
-8.28455e-05 -5.04823e-05 0 
-5.09733e-05 0.00022176 0 
-0.000230721 0.000159085 0 
-5.13578e-05 0.000325295 0 
-0.000200459 0.000386187 0 
-5.13578e-05 0.000325295 0 
-0.000496379 0.000227361 0 
-0.000135842 0.00031359 0 
-0.000405967 0.000478692 0 
-0.000135842 0.00031359 0 
-0.0014592 0.000136833 0 
-0.000731722 -0.000237125 0 
-0.000893442 0.000239904 0 
-0.000731722 -0.000237125 0 
-7.71393e-05 -6.19042e-05 0 
6.97536e-05 0.000117252 0 
-7.71489e-05 1.14301e-05 0 
6.97536e-05 0.000117252 0 
-0.00174028 0.000198872 0 
-0.00116405 -0.000482995 0 
-0.00123456 -0.000159827 0 
-0.00116405 -0.000482995 0 
-0.000844293 0.000300225 0 
-0.00154876 0.000211781 0 
-0.00115241 -8.04264e-05 0 
-0.00154876 0.000211781 0 
-0.00119476 -0.000152643 0 
-0.00075368 0.00017458 0 
-0.00114661 0.000272447 0 
-0.00075368 0.00017458 0 
-0.000141341 -1.97759e-05 0 
-0.000184232 0.000247982 0 
-0.000351134 0.000158218 0 
-0.000184232 0.000247982 0 
-0.000256323 -0.000328695 0 
-0.000348973 -0.000428611 0 
-0.000137318 -0.000425737 0 
-0.000348973 -0.000428611 0 
-0.00121152 0.000307901 0 
-0.00132028 -4.29837e-05 0 
-0.001065 -1.42422e-05 0 
-0.00132028 -4.29837e-05 0 
-0.000437335 -0.000944683 0 
-0.000245604 -0.000425811 0 
-0.000715018 -0.000656928 0 
-0.000245604 -0.000425811 0 
-0.000375512 -0.000103958 0 
-3.67838e-05 2.23573e-05 0 
-0.000336235 4.06711e-05 0 
-3.67838e-05 2.23573e-05 0 
-0.00063301 0.00111007 0 
-0.00117077 0.00133455 0 
-0.000688324 0.000620352 0 
-0.00117077 0.00133455 0 
-0.000921491 0.000394546 0 
-0.000994564 0.000423764 0 
-0.000979032 0.000345299 0 
-0.000994564 0.000423764 0 
-0.00118492 8.61104e-05 0 
-0.00117688 -0.000542442 0 
-0.000923728 -0.000120515 0 
-0.00117688 -0.000542442 0 
-0.000115711 -0.00108864 0 
-7.30437e-05 -0.000313211 0 
-0.000319623 -0.000862545 0 
-7.30437e-05 -0.000313211 0 
-0.00219383 0.000220319 0 
-0.00246605 0.000467807 0 
-0.00196851 0.000217554 0 
-0.00246605 0.000467807 0 
0.000155792 -0.000972638 0 
0.000389306 -0.000263684 0 
0.00010419 -0.000384417 0 
0.000389306 -0.000263684 0 
-0.000151258 -0.000351003 0 
-0.000397807 0.000988357 0 
-0.000644909 0.000387681 0 
-0.000397807 0.000988357 0 
-0.000654204 -0.000214292 0 
-0.000754238 6.90016e-05 0 
-0.000907552 -0.000131902 0 
-0.000754238 6.90016e-05 0 
-0.000269461 -0.000342897 0 
-0.000282057 -0.000208475 0 
-0.000329954 -0.000292582 0 
-0.000282057 -0.000208475 0 
-0.00170247 0.000810088 0 
-0.00118824 0.000101381 0 
-0.000826581 0.000207875 0 
-0.00118824 0.000101381 0 
-0.000456896 -0.000682873 0 
-0.000652019 -0.000915284 0 
-0.000268623 -0.000748175 0 
-0.000652019 -0.000915284 0 
-0.000487927 -0.000107189 0 
-0.000207197 0.000276057 0 
-0.000470619 0.000318326 0 
-0.000207197 0.000276057 0 
-0.000606419 0.000595661 0 
-0.000465977 0.000212931 0 
-0.000329209 0.000453083 0 
-0.000465977 0.000212931 0 
-0.00413085 0.00215684 0 
-0.00379621 0.00192615 0 
-0.001951 0.00116992 0 
-0.00379621 0.00192615 0 
-0.000349466 -0.000363759 0 
-0.000144877 0.000183351 0 
-0.000836283 -8.71369e-05 0 
-0.000144877 0.000183351 0 
-0.000321044 0.000179659 0 
-2.12386e-05 0.000125442 0 
-0.00029119 0.000397839 0 
-2.12386e-05 0.000125442 0 
-0.00116354 0.000270524 0 
-0.00109308 0.000438144 0 
-0.00121039 0.000507072 0 
-0.00109308 0.000438144 0 
0.000339902 0.000872616 0 
2.10476e-05 0.000793257 0 
-0.000136592 0.000400036 0 
2.10476e-05 0.000793257 0 
-0.000504195 -0.000368001 0 
-0.000548492 -0.000425147 0 
-0.000505495 -0.000462986 0 
-0.000548492 -0.000425147 0 
-0.000515539 0.000941325 0 
-0.000826878 0.000455711 0 
-0.00056487 0.000565316 0 
-0.000826878 0.000455711 0 
-3.74343e-05 2.38218e-05 0 
-1.39368e-05 0.000505155 0 
-0.000681074 -6.28752e-05 0 
-1.39368e-05 0.000505155 0 
-0.000196651 -3.68374e-05 0 
-0.000562545 0.000274502 0 
-0.000573252 -0.000244937 0 
-0.000562545 0.000274502 0 
-0.00278271 0.000879335 0 
-0.00214193 6.80871e-05 0 
-0.00144879 0.000908662 0 
-0.00214193 6.80871e-05 0 
-0.000255136 -0.000401388 0 
-0.000183664 4.05179e-05 0 
-0.00043139 -0.000205065 0 
-0.000183664 4.05179e-05 0 
5.93513e-05 0.000155694 0 
-0.000890601 0.000734392 0 
-0.000353818 9.12918e-05 0 
-0.000890601 0.000734392 0 
-0.00074723 -0.000805163 0 
-0.000668112 -0.0012449 0 
-0.000554857 -0.00105495 0 
-0.000668112 -0.0012449 0 
0.000212333 -0.000859553 0 
-4.20739e-05 0.000219631 0 
-0.00219487 0.00139644 0 
-4.20739e-05 0.000219631 0 
-0.000832852 -0.000794939 0 
-0.000728572 -0.001033 0 
-0.000801314 -0.00081276 0 
-0.000728572 -0.001033 0 
-0.00171612 -0.000119267 0 
-0.00114542 -0.000193663 0 
-0.00151853 0.000223306 0 
-0.00114542 -0.000193663 0 
-0.000703847 -0.000452235 0 
-0.000463209 -0.000235741 0 
-0.000783326 -0.000108515 0 
-0.000463209 -0.000235741 0 
-0.000280818 -0.000338615 0 
3.32679e-05 3.0895e-05 0 
-0.000446155 -7.81947e-05 0 
3.32679e-05 3.0895e-05 0 
-0.000495504 -0.000331755 0 
-0.000269189 -0.000244187 0 
-0.000427066 -0.000104147 0 
-0.000269189 -0.000244187 0 
-0.000292699 -0.00131839 0 
-0.000191952 -0.000256476 0 
-0.000403431 -0.000596939 0 
-0.000191952 -0.000256476 0 
-0.00156624 -1.80813e-05 0 
-0.00235665 4.84788e-05 0 
-0.00149106 -0.00041339 0 
-0.00235665 4.84788e-05 0 
-0.000737655 0.000710438 0 
-0.00104777 0.000146688 0 
-0.000784721 8.78977e-05 0 
-0.00104777 0.000146688 0 
-0.00114931 7.56174e-05 0 
-0.00112598 -0.000455677 0 
-0.000983441 -0.000133879 0 
-0.00112598 -0.000455677 0 
-0.00110587 0.00124319 0 
-0.00161909 0.000808721 0 
-0.00121829 0.000658134 0 
-0.00161909 0.000808721 0 
6.76731e-05 0.000217144 0 
-0.000320727 0.000359199 0 
-0.00015129 0.000150835 0 
-0.000320727 0.000359199 0 
-0.000664858 5.11873e-05 0 
-0.000714077 -4.93087e-05 0 
-0.000648313 -6.52882e-05 0 
-0.000714077 -4.93087e-05 0 
0.000283319 -0.000381002 0 
6.83048e-05 -0.00024538 0 
9.56898e-05 -0.000444712 0 
6.83048e-05 -0.00024538 0 
-0.000342392 -0.000412241 0 
-0.000494497 -0.00015028 0 
-0.00059231 -0.000505515 0 
-0.000494497 -0.00015028 0 
-0.00118454 0.000651384 0 
-0.00122186 0.000276914 0 
-0.000719145 0.000328896 0 
-0.00122186 0.000276914 0 
-0.000860795 9.61439e-06 0 
-0.00076388 -0.000304599 0 
-0.000722579 -4.22157e-05 0 
-0.00076388 -0.000304599 0 
-0.000688697 0.000935355 0 
-0.00147245 0.00172788 0 
-0.00108587 0.00113153 0 
-0.00147245 0.00172788 0 
-0.000302385 0.000747946 0 
-0.00141643 0.00162492 0 
-0.0012182 0.0005422 0 
-0.00141643 0.00162492 0 
0.000382021 -0.000585106 0 
-0.000938505 0.00179309 0 
-0.000523217 0.000202797 0 
-0.000938505 0.00179309 0 
-0.000818708 0.00033158 0 
-0.00309747 0.000168721 0 
-0.00180695 -0.000513485 0 
-0.00309747 0.000168721 0 
-0.000175758 3.94872e-05 0 
-0.000217523 -7.95868e-05 0 
-0.000134352 2.97833e-05 0 
-0.000217523 -7.95868e-05 0 
-0.0015622 -0.000701098 0 
-0.000183303 -0.000408075 0 
-0.000527799 -0.000148547 0 
-0.000183303 -0.000408075 0 
-0.000205297 -0.000882747 0 
-0.000234303 0.000403452 0 
-0.000409198 -0.000417459 0 
-0.000234303 0.000403452 0 
-0.00245989 0.0011963 0 
-0.00230874 0.00109487 0 
-0.00151324 0.000879353 0 
-0.00230874 0.00109487 0 
-0.0006157 -0.00106921 0 
-0.000772246 -4.84194e-05 0 
-0.000888661 -0.000452767 0 
-0.000772246 -4.84194e-05 0 
-0.000300552 0.000134391 0 
-0.000227173 -7.32629e-05 0 
-0.000144871 6.08659e-05 0 
-0.000227173 -7.32629e-05 0 
-0.00049196 7.34159e-05 0 
-0.000549346 3.42031e-05 0 
-0.000589767 -6.28474e-05 0 
-0.000549346 3.42031e-05 0 
-0.000465224 0.000446831 0 
-0.00243 0.000846468 0 
-0.0012786 0.000249139 0 
-0.00243 0.000846468 0 
-0.000638187 0.00126748 0 
-0.00151593 0.00260803 0 
-0.00144647 0.00213387 0 
-0.00151593 0.00260803 0 
-0.00104145 0.000269306 0 
-0.000955536 0.000427927 0 
-0.00110096 0.000480625 0 
-0.000955536 0.000427927 0 
-0.000752767 -3.70084e-05 0 
-0.000471198 0.000937022 0 
-0.000916517 0.000603028 0 
-0.000471198 0.000937022 0 
-0.00221926 0.000490662 0 
-0.00218459 -0.00040034 0 
-0.00146076 -0.000485318 0 
-0.00218459 -0.00040034 0 
-0.000577765 -0.000154502 0 
-0.000605191 -0.000302533 0 
-0.000510998 -0.000294802 0 
-0.000605191 -0.000302533 0 
-0.000486547 -0.000328147 0 
-0.000464698 -8.99294e-05 0 
-0.000754859 4.19799e-06 0 
-0.000464698 -8.99294e-05 0 
-0.000622148 0.000378974 0 
-0.00220225 0.00116037 0 
-0.00119181 0.000227968 0 
-0.00220225 0.00116037 0 
-0.000439027 -0.000260341 0 
-0.000274665 -0.00045048 0 
-0.0003311 -0.000253983 0 
-0.000274665 -0.00045048 0 
-0.000512106 0.000462582 0 
-0.000190805 0.000191828 0 
-0.000382921 0.000424564 0 
-0.000190805 0.000191828 0 
-0.00180773 -0.000256613 0 
-0.00215466 0.000309439 0 
-0.00170409 -0.00012405 0 
-0.00215466 0.000309439 0 
-0.00111498 0.00038049 0 
-0.00036968 -0.000374788 0 
-0.00065835 0.000386217 0 
-0.00036968 -0.000374788 0 
-0.000107664 -0.000324141 0 
-0.000338669 -7.70158e-05 0 
-0.000250222 -0.00037865 0 
-0.000338669 -7.70158e-05 0 
-0.00066004 -0.000937258 0 
-0.000671371 -0.000706357 0 
-0.000841297 -0.000868619 0 
-0.000671371 -0.000706357 0 
-0.00147552 0.000107199 0 
-0.00146573 0.000113231 0 
-0.00161573 5.10839e-05 0 
-0.00146573 0.000113231 0 
-0.00121565 0.00013194 0 
-0.00132223 6.19622e-05 0 
-0.00116291 -1.97294e-05 0 
-0.00132223 6.19622e-05 0 
-6.09792e-05 0.000453095 0 
-0.00085927 0.00127661 0 
-0.000755995 0.000491254 0 
-0.00085927 0.00127661 0 
-0.00104384 0.000794329 0 
-0.00161355 0.000310003 0 
-0.000745477 0.000207528 0 
-0.00161355 0.000310003 0 
-0.000175446 -0.000434226 0 
-0.00103245 -0.000977474 0 
-0.000361494 -0.000828148 0 
-0.00103245 -0.000977474 0 
-0.000490464 4.25133e-05 0 
-0.000806575 -0.000336153 0 
-0.000610067 -0.000301201 0 
-0.000806575 -0.000336153 0 
2.28675e-05 0.000176474 0 
-0.000273526 0.00030907 0 
-0.000226861 7.47339e-05 0 
-0.000273526 0.00030907 0 
-0.000799709 -0.000112374 0 
-0.000613591 -0.000307055 0 
-0.000511058 -4.64631e-05 0 
-0.000613591 -0.000307055 0 
-0.000506796 -0.00037274 0 
-0.000570688 -0.000403631 0 
-0.000542946 -0.000415042 0 
-0.000570688 -0.000403631 0 
-0.000784749 -0.0012787 0 
0.000102587 -4.45833e-05 0 
-0.000387248 -0.00016468 0 
0.000102587 -4.45833e-05 0 
-0.000982988 9.40749e-05 0 
-0.000836141 0.000254838 0 
-0.00101711 0.000515393 0 
-0.000836141 0.000254838 0 
-7.37089e-06 4.17002e-05 0 
-8.41788e-05 0.000165671 0 
-8.47164e-05 8.99016e-05 0 
-8.41788e-05 0.000165671 0 
-0.000144143 0.00033098 0 
-0.000334431 -0.000263084 0 
-0.000137028 0.000165935 0 
-0.000334431 -0.000263084 0 
-0.000278727 -0.00138055 0 
-0.000101411 0.00132395 0 
-0.000487399 0.000287528 0 
-0.000101411 0.00132395 0 
2.37271e-05 -0.000145642 0 
-0.000222476 -4.00099e-05 0 
-0.000170274 -0.000187308 0 
-0.000222476 -4.00099e-05 0 
-0.00103102 0.000203814 0 
-0.000995741 2.39241e-06 0 
-0.0010718 0.000126795 0 
-0.000995741 2.39241e-06 0 
-0.00117182 -0.000644173 0 
-0.000676109 -0.00083615 0 
-0.00085364 -0.000447399 0 
-0.000676109 -0.00083615 0 
-0.00121125 0.000437386 0 
-0.000673251 0.000128159 0 
-0.000941014 0.000628405 0 
-0.000673251 0.000128159 0 
-0.000259126 0.000181909 0 
-0.000438943 0.000133817 0 
-0.00029417 -2.14068e-05 0 
-0.000438943 0.000133817 0 
-0.000792274 -0.000187243 0 
-0.00151093 0.000370495 0 
-0.000796377 -0.000291503 0 
-0.00151093 0.000370495 0 
-0.00103814 0.000398225 0 
-0.0016866 1.35127e-05 0 
-0.000985695 0.000291877 0 
-0.0016866 1.35127e-05 0 
-0.000225151 -0.000385643 0 
-0.000453015 -0.00062747 0 
-0.000252296 -0.000830485 0 
-0.000453015 -0.00062747 0 
-0.000853496 0.000478978 0 
-0.000992423 0.000604117 0 
-0.00096335 0.000427816 0 
-0.000992423 0.000604117 0 
-0.00177277 -2.69537e-05 0 
-0.00111244 -0.000154311 0 
-0.00131425 0.000181597 0 
-0.00111244 -0.000154311 0 
-0.000462442 8.52834e-05 0 
-0.000333793 0.000182071 0 
-0.000496588 0.000253796 0 
-0.000333793 0.000182071 0 
-0.000734429 0.000128225 0 
-0.00087457 -0.000107369 0 
-0.00074346 -0.000102281 0 
-0.00087457 -0.000107369 0 
1.07905e-06 6.0475e-05 0 
-0.000128038 0.000564894 0 
-0.000150618 0.000225384 0 
-0.000128038 0.000564894 0 
-0.00150411 -0.000537934 0 
-0.00114986 -0.000861523 0 
-0.00107391 -0.000473507 0 
-0.00114986 -0.000861523 0 
-0.000474303 0.000138005 0 
-0.000601523 0.000639725 0 
-0.000887093 0.000301795 0 
-0.000601523 0.000639725 0 
-0.000460634 -0.000565785 0 
-0.00081867 -0.000337554 0 
-0.000715438 -0.000625966 0 
-0.00081867 -0.000337554 0 
-0.00120272 -0.000386322 0 
-0.000857276 -0.000130117 0 
-0.00120569 -0.000128212 0 
-0.000857276 -0.000130117 0 
-0.00118848 -0.000137299 0 
-0.000791589 0.000376251 0 
-0.00123058 0.00030711 0 
-0.000791589 0.000376251 0 
-0.00049384 0.000219078 0 
-0.00077091 0.000210665 0 
-0.000690805 1.6988e-05 0 
-0.00077091 0.000210665 0 
-0.000873745 0.000494428 0 
-0.00211712 0.00073796 0 
-0.0016182 0.00015557 0 
-0.00211712 0.00073796 0 
-0.00196258 0.000411939 0 
-0.00126576 -0.000865404 0 
-0.00123885 0.0003607 0 
-0.00126576 -0.000865404 0 
-0.000394556 0.00103208 0 
-0.000967121 0.00119589 0 
-0.000757312 0.000772746 0 
-0.000967121 0.00119589 0 
-0.000677935 -2.50604e-05 0 
-0.00087085 4.3024e-05 0 
-0.000726014 -0.000185995 0 
-0.00087085 4.3024e-05 0 
-0.000456897 -0.00147337 0 
-0.000726626 -0.00106461 0 
-0.000552004 -0.00138339 0 
-0.000726626 -0.00106461 0 
-0.000255104 -0.000330182 0 
-0.000153087 -0.000406487 0 
-0.000183336 -0.000226373 0 
-0.000153087 -0.000406487 0 
-6.05729e-05 -0.000662338 0 
-0.000233383 -0.000354586 0 
-0.000325433 -0.000595517 0 
-0.000233383 -0.000354586 0 
-0.0016633 -0.00121548 0 
-0.000471341 -0.000992559 0 
-0.000788069 -0.000787898 0 
-0.000471341 -0.000992559 0 
-0.000270195 -0.000372606 0 
3.02743e-06 -0.00033565 0 
-0.000261105 -4.74361e-05 0 
3.02743e-06 -0.00033565 0 
-5.21824e-06 -0.000112548 0 
-0.0003054 2.9533e-05 0 
-9.84505e-05 -4.86745e-05 0 
-0.0003054 2.9533e-05 0 
-0.00069121 -0.000353198 0 
-0.000639337 -0.000142496 0 
-0.000809388 -0.000155725 0 
-0.000639337 -0.000142496 0 
-0.000483461 -2.65973e-17 0 
-0.000583397 2.53742e-17 0 
-0.000392011 -4.3749e-05 0 
-0.000583397 2.53742e-17 0 
-0.000707622 -0.000228711 0 
-0.000159643 -0.000386643 0 
-0.000791152 0.000258147 0 
-0.000159643 -0.000386643 0 
-0.000699894 0.00109295 0 
-0.00151572 0.00101737 0 
-0.000940369 0.00055838 0 
-0.00151572 0.00101737 0 
0.000324984 0.000392496 0 
1.03521e-05 0.00105998 0 
5.27338e-05 0.000560551 0 
1.03521e-05 0.00105998 0 
-0.000116899 1.73744e-05 0 
-0.000140188 0.000132227 0 
-0.000221841 0.00010334 0 
-0.000140188 0.000132227 0 
-0.00145589 0.000452347 0 
-0.00187338 0.000364645 0 
-0.00111918 0.000236761 0 
-0.00187338 0.000364645 0 
-0.000655209 -0.00136064 0 
-0.00017231 -0.000540732 0 
-0.000593604 -0.000744992 0 
-0.00017231 -0.000540732 0 
-0.000864963 0.000482013 0 
-0.00134205 -0.00026341 0 
-0.000486255 7.93927e-05 0 
-0.00134205 -0.00026341 0 
0.000169211 -0.000261276 0 
-4.33964e-05 -0.000343309 0 
3.96265e-05 -0.000440885 0 
-4.33964e-05 -0.000343309 0 
-0.000717108 -5.26906e-05 0 
-0.000672481 4.26805e-05 0 
-0.000755382 2.19341e-05 0 
-0.000672481 4.26805e-05 0 
-0.000774829 0.00221215 0 
-0.00141654 0.00159379 0 
-0.000673645 0.000499257 0 
-0.00141654 0.00159379 0 
-0.000125602 0.000244373 0 
-0.000709134 0.000343196 0 
-0.000612435 -0.000171693 0 
-0.000709134 0.000343196 0 
-0.000638825 0.000247502 0 
-0.000701186 0.000113276 0 
-0.000595065 0.000123774 0 
-0.000701186 0.000113276 0 
-0.00107295 0.000283768 0 
-0.00179727 -0.000637257 0 
-0.00114382 -0.00049719 0 
-0.00179727 -0.000637257 0 
-0.000537622 0.000458877 0 
-0.000561468 0.000352217 0 
-0.000479079 0.000391565 0 
-0.000561468 0.000352217 0 
-0.00241988 -0.000459534 0 
-0.00207802 -0.00104291 0 
-0.00162963 -0.000284539 0 
-0.00207802 -0.00104291 0 
-0.000960324 0.00013838 0 
-0.000924806 0.000117396 0 
-0.000941084 5.67745e-05 0 
-0.000924806 0.000117396 0 
-0.0016128 0.00051076 0 
-0.00137286 -0.000196242 0 
-0.00108753 0.000148361 0 
-0.00137286 -0.000196242 0 
-0.000709319 -0.000183202 0 
-0.000893462 3.92409e-05 0 
-0.00102865 -0.000189028 0 
-0.000893462 3.92409e-05 0 
-0.000157402 0.000108832 0 
-3.29043e-05 7.92567e-05 0 
-0.000102575 0.000188418 0 
-3.29043e-05 7.92567e-05 0 
-0.00157694 0.000680642 0 
-0.00116465 0.000146222 0 
-0.00105912 0.000221975 0 
-0.00116465 0.000146222 0 
-0.000611506 -0.000500104 0 
-0.000977344 -4.13216e-06 0 
-0.00123154 -0.000502108 0 
-0.000977344 -4.13216e-06 0 
-0.000826284 -6.91653e-05 0 
-0.000930108 -2.04071e-05 0 
-0.000966927 -0.000127911 0 
-0.000930108 -2.04071e-05 0 
-0.000182964 -0.00120034 0 
0.000172134 -5.57538e-05 0 
-0.000280905 -0.000390332 0 
0.000172134 -5.57538e-05 0 
-3.90554e-05 -2.93303e-05 0 
-0.000234785 9.42142e-05 0 
-0.000191882 -3.89818e-06 0 
-0.000234785 9.42142e-05 0 
-0.000399005 1.34944e-05 0 
-0.000139763 -7.80422e-05 0 
-0.000352018 0.000190842 0 
-0.000139763 -7.80422e-05 0 
3.07334e-05 -0.000246591 0 
-0.000531773 -5.33236e-05 0 
-0.000561628 -0.000475491 0 
-0.000531773 -5.33236e-05 0 
-0.000732132 -0.000244501 0 
-0.000982372 -0.000163791 0 
-0.000977386 -5.7665e-05 0 
-0.000982372 -0.000163791 0 
-0.000660587 -0.000153448 0 
-0.000898502 -0.000218165 0 
-0.000691332 -0.00027799 0 
-0.000898502 -0.000218165 0 
-0.00163571 -5.24724e-05 0 
-0.000995025 -0.000488237 0 
-0.000816748 9.12669e-05 0 
-0.000995025 -0.000488237 0 
-0.000613958 -0.000301588 0 
-0.000416792 -0.000177407 0 
-0.000511152 -4.50612e-05 0 
-0.000416792 -0.000177407 0 
-0.000879136 -8.67824e-05 0 
-0.000873443 -0.000499892 0 
-0.000663174 -0.000278436 0 
-0.000873443 -0.000499892 0 
-0.000636779 -0.000244647 0 
-0.00143523 -0.000555159 0 
-0.000379058 -0.000429531 0 
-0.00143523 -0.000555159 0 
-0.000789743 -0.000293699 0 
-0.000866536 -0.00025097 0 
-0.000881718 -0.000398695 0 
-0.000866536 -0.00025097 0 
-0.00224604 -0.00017944 0 
-0.00133476 -0.0010478 0 
-0.00110141 -0.000172934 0 
-0.00133476 -0.0010478 0 
0.000277209 -0.000302871 0 
-0.0004888 -4.30225e-06 0 
-0.00141861 -0.000705246 0 
-0.0004888 -4.30225e-06 0 
-0.000672449 5.58446e-05 0 
-0.000795144 0.000159366 0 
-0.000820794 6.6079e-05 0 
-0.000795144 0.000159366 0 
-0.00116066 0.00129331 0 
-0.00265036 0.00100055 0 
-0.00173816 -0.000308837 0 
-0.00265036 0.00100055 0 
-0.000745185 0.000694952 0 
-0.000254975 0.00102388 0 
-0.000829591 0.000963848 0 
-0.000254975 0.00102388 0 
-0.00030872 8.0996e-05 0 
-0.000239123 0.000243064 0 
-0.00184837 9.40464e-05 0 
-0.000239123 0.000243064 0 
-0.000678637 -0.000186773 0 
-0.00125553 -0.000736364 0 
-0.000699192 -0.000812489 0 
-0.00125553 -0.000736364 0 
-0.00080185 0.00047295 0 
-0.000392295 0.000464125 0 
-0.000520843 0.000595641 0 
-0.000392295 0.000464125 0 
-0.000739599 -0.000177443 0 
-0.000918997 0.000275936 0 
-0.000980796 -0.000177943 0 
-0.000918997 0.000275936 0 
-8.36046e-05 -0.00021449 0 
0.000207384 0.000612128 0 
-0.000241336 6.6984e-05 0 
0.000207384 0.000612128 0 
-0.000431843 0.000736124 0 
-0.0007281 0.00039619 0 
-0.000412034 0.000243279 0 
-0.0007281 0.00039619 0 
-0.000981369 0.000665684 0 
-0.000859777 0.000443993 0 
-0.000806021 0.000580099 0 
-0.000859777 0.000443993 0 
-0.000878543 -0.000432215 0 
-0.000352498 -0.000150351 0 
-0.000708388 -0.000137432 0 
-0.000352498 -0.000150351 0 
-0.00119984 -0.00095338 0 
-0.00100766 -0.000995573 0 
-0.00104269 -0.000872823 0 
-0.00100766 -0.000995573 0 
-0.000524046 -0.000222081 0 
-0.000862183 0.000135444 0 
-0.000937359 -0.00042701 0 
-0.000862183 0.000135444 0 
-0.00170126 0.00242786 0 
-0.000510551 0.000293851 0 
-0.000803922 0.00166133 0 
-0.000510551 0.000293851 0 
-0.000440335 -0.000193818 0 
-0.00017896 -0.000120752 0 
-0.000394315 1.86045e-05 0 
-0.00017896 -0.000120752 0 
-0.000757083 -0.000238714 0 
-0.000818484 -2.71078e-05 0 
-0.000987356 -8.47449e-05 0 
-0.000818484 -2.71078e-05 0 
-0.000831764 -0.00041845 0 
-0.000613945 -0.000333097 0 
-0.000922012 -0.000185025 0 
-0.000613945 -0.000333097 0 
-0.000729242 -0.000815088 0 
-0.000534621 -0.00117658 0 
-0.000397868 -0.000952586 0 
-0.000534621 -0.00117658 0 
-0.000280526 -0.00066349 0 
4.31385e-05 0.000110519 0 
-0.000358114 -8.47657e-05 0 
4.31385e-05 0.000110519 0 
-0.00106444 -7.05644e-05 0 
-0.000449837 -0.000437144 0 
-0.00061658 -3.64343e-05 0 
-0.000449837 -0.000437144 0 
0.000219969 0.000537933 0 
0.000206737 0.00102571 0 
-0.000331018 0.000523114 0 
0.000206737 0.00102571 0 
-0.000712855 5.23375e-05 0 
-0.000784315 6.92451e-05 0 
-0.000814422 1.30052e-05 0 
-0.000784315 6.92451e-05 0 
-0.00133489 0.000178415 0 
-0.000586755 -0.000376665 0 
-0.000678265 0.000107132 0 
-0.000586755 -0.000376665 0 
-0.000138822 0.000134426 0 
-0.000184523 0.000230675 0 
-0.000238236 7.69266e-05 0 
-0.000184523 0.000230675 0 
-0.000231976 -6.75233e-05 0 
-0.000112004 4.89299e-06 0 
-0.000147414 6.39039e-05 0 
-0.000112004 4.89299e-06 0 
-0.00084537 -0.000509952 0 
-0.000896462 -8.0573e-05 0 
-0.00109916 -0.000235912 0 
-0.000896462 -8.0573e-05 0 
-0.000673088 -0.000541542 0 
-0.000303594 -0.000657005 0 
-0.00050351 -0.000328893 0 
-0.000303594 -0.000657005 0 
-0.000353337 -0.000199401 0 
-9.78735e-05 3.80634e-05 0 
-0.000280312 0.000148428 0 
-9.78735e-05 3.80634e-05 0 
-5.03511e-05 2.52882e-05 0 
9.23175e-06 0.000130221 0 
-0.000226781 7.50078e-05 0 
9.23175e-06 0.000130221 0 
-0.000458609 -6.7737e-05 0 
-0.000602796 -9.24522e-05 0 
-0.000498391 -0.000210371 0 
-0.000602796 -9.24522e-05 0 
0.000217558 0.000427343 0 
-0.000347467 0.000824869 0 
-0.000598318 0.000566384 0 
-0.000347467 0.000824869 0 
-0.000487229 0.00112731 0 
-0.00182751 0.00105476 0 
-0.00111278 0.00026905 0 
-0.00182751 0.00105476 0 
-0.000379337 -0.000447175 0 
-0.000282802 0.000112557 0 
-0.000721249 0.000253233 0 
-0.000282802 0.000112557 0 
-0.000471814 0.000159971 0 
-7.92969e-05 6.98944e-05 0 
-0.000342927 0.000283536 0 
-7.92969e-05 6.98944e-05 0 
-0.0010978 0.000433445 0 
-0.00137591 -0.000378844 0 
-0.000886117 -0.000140538 0 
-0.00137591 -0.000378844 0 
-0.00328256 0.000387658 0 
-0.00253871 -0.00174184 0 
-0.00167117 -0.000674101 0 
-0.00253871 -0.00174184 0 
-0.000822769 -0.000164789 0 
-0.00136859 -7.62199e-05 0 
-0.000683534 -0.000411514 0 
-0.00136859 -7.62199e-05 0 
-0.000860911 0.00011122 0 
5.13888e-05 -3.75263e-07 0 
-0.000621337 0.000564703 0 
5.13888e-05 -3.75263e-07 0 
-0.000219015 1.07269e-05 0 
-5.00494e-05 -6.38756e-05 0 
-3.0274e-05 2.27054e-05 0 
-5.00494e-05 -6.38756e-05 0 
-0.000721117 -0.000417516 0 
-0.00125679 -0.00109541 0 
-0.000922126 -0.000853112 0 
-0.00125679 -0.00109541 0 
-0.00147874 0.000249903 0 
-0.00113368 -0.000419413 0 
-0.000524484 2.44955e-05 0 
-0.00113368 -0.000419413 0 
-0.000332839 -0.00193867 0 
0.000172674 -0.000185343 0 
-0.00056464 -0.000659876 0 
0.000172674 -0.000185343 0 
-0.000591972 0.000514823 0 
-0.00035305 0.000830023 0 
-0.000861123 0.00061642 0 
-0.00035305 0.000830023 0 
-0.000815069 0.000205799 0 
-0.00113736 0.000776358 0 
-0.00128286 0.000290423 0 
-0.00113736 0.000776358 0 
-0.000488168 0.000801129 0 
-0.000261533 0.000790747 0 
-0.000319061 0.000693508 0 
-0.000261533 0.000790747 0 
0.000261552 -5.08374e-05 0 
-0.00119467 0.00148502 0 
-0.000599285 2.36461e-05 0 
-0.00119467 0.00148502 0 
-0.00215396 0.000179083 0 
-0.00304936 -0.000130017 0 
-0.00123907 -0.000754297 0 
-0.00304936 -0.000130017 0 
-2.19412e-05 -2.12269e-05 0 
-1.80174e-05 1.14098e-05 0 
-5.32672e-05 6.38502e-06 0 
-1.80174e-05 1.14098e-05 0 
-0.000217262 -9.80817e-05 0 
-0.000485008 7.44486e-05 0 
-0.000640018 -7.0312e-05 0 
-0.000485008 7.44486e-05 0 
-0.00188242 -8.92017e-05 0 
-0.000998353 -0.000167955 0 
-0.00101906 0.000578035 0 
-0.000998353 -0.000167955 0 
-0.000822666 -0.000943018 0 
-0.00055072 -0.000445029 0 
-0.000844966 -0.000356883 0 
-0.00055072 -0.000445029 0 
-0.00081754 -0.000626542 0 
-0.000614819 -0.00104976 0 
-0.000599875 -0.000579103 0 
-0.000614819 -0.00104976 0 
-0.000770849 -5.93561e-05 0 
-0.000339305 -0.000399685 0 
-0.000197544 -3.46282e-05 0 
-0.000339305 -0.000399685 0 
-0.00126768 -0.000313771 0 
-0.000476886 -0.000736342 0 
-0.000730368 -0.000325036 0 
-0.000476886 -0.000736342 0 
-0.00152119 -0.000417736 0 
-0.00140877 -0.000148598 0 
-0.00135905 -0.000154046 0 
-0.00140877 -0.000148598 0 
0.000156477 -0.000119318 0 
-0.00144965 0.00160666 0 
-0.000835085 0.000181083 0 
-0.00144965 0.00160666 0 
-7.19202e-05 0.000135921 0 
-1.53421e-05 1.78186e-05 0 
-4.08832e-05 6.65128e-06 0 
-1.53421e-05 1.78186e-05 0 
-0.000761969 -0.000538289 0 
-0.000771945 -0.000306904 0 
-0.000945918 -0.000351064 0 
-0.000771945 -0.000306904 0 
-0.000877265 0.000443793 0 
-0.00114869 0.000611267 0 
-0.0010449 0.000309662 0 
-0.00114869 0.000611267 0 
-0.000906977 0.0011131 0 
-0.000788131 0.000570949 0 
-0.000668275 0.00092717 0 
-0.000788131 0.000570949 0 
-0.000746659 -0.00113515 0 
-0.000167095 -0.000487449 0 
-0.000496817 -0.000638867 0 
-0.000167095 -0.000487449 0 
-9.57087e-05 0.00027638 0 
-0.000593072 0.000191547 0 
-0.000394791 -5.39034e-05 0 
-0.000593072 0.000191547 0 
-0.00135315 0.000866015 0 
-0.00104055 0.000134045 0 
-0.00120509 0.00052923 0 
-0.00104055 0.000134045 0 
-0.00131697 0.00143964 0 
-0.00140396 7.26779e-05 0 
-0.00105283 0.000526256 0 
-0.00140396 7.26779e-05 0 
-0.000414067 0.000411803 0 
-0.000315617 0.000247916 0 
-0.000302168 0.00034135 0 
-0.000315617 0.000247916 0 
-0.000996376 0.000258093 0 
-0.000606631 0.000267431 0 
-0.000503818 0.000649059 0 
-0.000606631 0.000267431 0 
-0.000724113 -9.97655e-05 0 
-0.000749936 -0.00013783 0 
-0.000743936 -0.000163343 0 
-0.000749936 -0.00013783 0 
-0.000277501 -0.000109205 0 
-0.000820777 0.00011313 0 
-0.000714226 -0.000174485 0 
-0.000820777 0.00011313 0 
-2.30501e-05 0.000184435 0 
-0.00192365 0.00178273 0 
-0.00113189 0.000335499 0 
-0.00192365 0.00178273 0 
-0.000435798 -0.000183511 0 
-4.20937e-05 -0.000306052 0 
-0.000232766 -3.59585e-06 0 
-4.20937e-05 -0.000306052 0 
-0.000366936 9.45359e-05 0 
-0.000239927 0.000570596 0 
-0.000343452 0.000470109 0 
-0.000239927 0.000570596 0 
-0.000830161 -0.000117074 0 
-0.000991768 -0.00016 0 
-0.000821615 -0.000278534 0 
-0.000991768 -0.00016 0 
-0.00170601 0.00227003 0 
-0.00349425 0.00133784 0 
-0.000515418 0.00165255 0 
-0.00349425 0.00133784 0 
-0.000315362 -1.88222e-05 0 
-0.000324012 -0.000153755 0 
-0.000195662 -0.000118702 0 
-0.000324012 -0.000153755 0 
-0.00112428 0.000367335 0 
-0.00110862 0.000223432 0 
-0.00102882 0.000353076 0 
-0.00110862 0.000223432 0 
-0.000259593 -0.000115789 0 
-0.000781601 -0.000254624 0 
-0.000456699 -0.000418169 0 
-0.000781601 -0.000254624 0 
-0.000842375 0.000451328 0 
-0.000676529 0.000318832 0 
-0.000711786 0.000565661 0 
-0.000676529 0.000318832 0 
9.25008e-06 -0.000325032 0 
-3.59999e-05 0.00023335 0 
-0.000245424 1.08334e-06 0 
-3.59999e-05 0.00023335 0 
-0.000606205 -9.71931e-05 0 
-0.000448888 -7.59181e-05 0 
-0.00046098 0.000191823 0 
-0.000448888 -7.59181e-05 0 
-0.00223379 0.000471556 0 
-0.00301556 -0.00071914 0 
-0.00193785 -0.000448257 0 
-0.00301556 -0.00071914 0 
-0.000415736 0.000798568 0 
-0.000311344 0.000400572 0 
-0.000312054 0.000378238 0 
-0.000311344 0.000400572 0 
-0.00206 -0.000192667 0 
-5.90217e-05 -0.000339001 0 
-0.00113451 0.000386991 0 
-5.90217e-05 -0.000339001 0 
-0.000685109 -0.000576982 0 
-0.000793888 -0.00149476 0 
-0.000286315 -0.000742438 0 
-0.000793888 -0.00149476 0 
-0.000693727 0.000840277 0 
-0.00109999 0.000849726 0 
-0.000790024 0.000566156 0 
-0.00109999 0.000849726 0 
-0.000735494 -0.00109329 0 
-0.00161462 -0.000969357 0 
-0.00147432 -0.000970774 0 
-0.00161462 -0.000969357 0 
-0.00111503 0.000290219 0 
-0.000544577 -6.91838e-06 0 
-0.00064416 0.00030713 0 
-0.000544577 -6.91838e-06 0 
0.000135495 0.00028348 0 
-0.000380785 0.00168419 0 
-0.000405548 0.000657158 0 
-0.000380785 0.00168419 0 
-0.000780597 0.000445074 0 
-0.00147358 0.000356398 0 
-0.000899955 0.000222806 0 
-0.00147358 0.000356398 0 
-0.00182043 0.000374685 0 
-0.00190708 0.000587331 0 
-0.00132947 -1.65242e-05 0 
-0.00190708 0.000587331 0 
-0.000359074 -0.000223343 0 
-0.000275188 -0.0003697 0 
-0.000331361 -0.000299165 0 
-0.000275188 -0.0003697 0 
-0.000718427 -0.000498428 0 
-0.00049494 -0.000369916 0 
-0.000696174 -0.000236572 0 
-0.00049494 -0.000369916 0 
-0.000951683 -5.24356e-05 0 
-0.00061991 0.000220596 0 
-0.00102079 0.000237326 0 
-0.00061991 0.000220596 0 
-0.000188273 -0.000276904 0 
-5.63924e-05 5.67986e-05 0 
-0.000510157 9.71409e-05 0 
-5.63924e-05 5.67986e-05 0 
-0.000733698 0.000738281 0 
-0.00230217 0.000778363 0 
-0.00104637 -0.000123813 0 
-0.00230217 0.000778363 0 
-0.0012172 -0.000503458 0 
-0.000568624 -0.000151347 0 
-0.000805602 0.000137035 0 
-0.000568624 -0.000151347 0 
-0.000755318 -0.000832785 0 
-0.000475675 -0.00140615 0 
-0.000574538 -0.000199992 0 
-0.000475675 -0.00140615 0 
-0.00364456 0.000730805 0 
-0.00346373 -0.000275947 0 
-0.000867806 0.000180788 0 
-0.00346373 -0.000275947 0 
-0.000584993 -0.0021591 0 
-0.000335031 0.000868535 0 
-0.00111848 9.25677e-05 0 
-0.000335031 0.000868535 0 
-0.000534237 0.000294756 0 
4.16186e-05 5.6545e-06 0 
-0.000115794 0.000178292 0 
4.16186e-05 5.6545e-06 0 
-0.000255527 -0.000191015 0 
-0.00036125 -0.00012728 0 
-0.000440594 -0.000156799 0 
-0.00036125 -0.00012728 0 
-0.000192683 -0.000270289 0 
-0.000460934 0.000154612 0 
-0.00064413 -3.81889e-05 0 
-0.000460934 0.000154612 0 
-0.00187088 9.93727e-05 0 
-0.000794789 0.00101269 0 
-0.00171944 0.00180933 0 
-0.000794789 0.00101269 0 
-0.000787518 -0.00087647 0 
-0.000226739 -0.000910325 0 
-0.000527817 -0.000627449 0 
-0.000226739 -0.000910325 0 
-0.00103177 0.000776024 0 
-0.0011249 0.000295124 0 
-0.000752499 0.000663228 0 
-0.0011249 0.000295124 0 
-0.00150515 0.000214376 0 
-0.00118281 -0.000490757 0 
-0.00100633 -3.16091e-06 0 
-0.00118281 -0.000490757 0 
-0.000872865 -0.000340699 0 
-0.000948257 -2.89503e-05 0 
-0.00100119 -0.000346855 0 
-0.000948257 -2.89503e-05 0 
-0.000870523 -0.000248895 0 
-0.000966628 -0.000123584 0 
-0.000995243 -0.000241778 0 
-0.000966628 -0.000123584 0 
-0.000507531 -0.000264515 0 
-0.000824358 -0.000284671 0 
-0.000668873 -0.000486393 0 
-0.000824358 -0.000284671 0 
-0.00161176 0.000465186 0 
-0.00122658 -6.20193e-05 0 
-0.000800802 0.000654005 0 
-0.00122658 -6.20193e-05 0 
-6.36602e-05 -0.000136906 0 
-0.000673667 0.0011013 0 
-0.000444537 0.000437879 0 
-0.000673667 0.0011013 0 
-0.000617448 -0.000592846 0 
-0.000724969 0.000191264 0 
-0.00104413 -8.98672e-05 0 
-0.000724969 0.000191264 0 
-0.00132054 -5.59242e-05 0 
-0.000673144 -0.00040295 0 
-0.000996809 -6.62485e-05 0 
-0.000673144 -0.00040295 0 
-0.000711834 -0.00038079 0 
-0.000723222 0.000152175 0 
-0.000940009 -0.000226769 0 
-0.000723222 0.000152175 0 
-0.000970185 -0.00111714 0 
-0.000580999 -0.000279372 0 
-0.00118401 -0.000326557 0 
-0.000580999 -0.000279372 0 
-0.00108218 -0.000169794 0 
-0.000376061 -0.000144356 0 
-0.000491682 0.000251763 0 
-0.000376061 -0.000144356 0 
-0.00033988 -0.00108544 0 
-0.000563401 0.000106788 0 
-0.000652313 -0.000497231 0 
-0.000563401 0.000106788 0 
-0.000643568 -0.000185764 0 
-0.000626087 0.000338111 0 
-0.000971496 0.000344258 0 
-0.000626087 0.000338111 0 
-0.000789206 -0.00104038 0 
-0.000508307 -0.000571337 0 
-0.00107836 -0.000780329 0 
-0.000508307 -0.000571337 0 
-0.000571801 0.0010739 0 
-0.000645825 -6.85238e-06 0 
-5.28438e-05 -5.36822e-06 0 
-0.000645825 -6.85238e-06 0 
-0.00161888 0.000466932 0 
-0.00180374 -0.000823865 0 
-0.00109225 -0.000702272 0 
-0.00180374 -0.000823865 0 
-0.000675143 -0.000447658 0 
-0.00024189 -0.000225209 0 
-0.000476834 0.000125905 0 
-0.00024189 -0.000225209 0 
-0.000284026 -1.83893e-06 0 
-0.000210555 5.60233e-06 0 
-0.000251472 2.40118e-05 0 
-0.000210555 5.60233e-06 0 
-0.00160257 -0.00160226 0 
-0.00157666 -0.00103821 0 
-0.0018444 -0.000885632 0 
-0.00157666 -0.00103821 0 
-1.66524e-06 -3.75585e-06 0 
-2.77348e-05 -3.96493e-06 0 
-6.46049e-06 -1.01563e-05 0 
-2.77348e-05 -3.96493e-06 0 
-0.00111556 -4.11536e-05 0 
-0.00106815 6.98278e-05 0 
-0.00119464 4.07383e-06 0 
-0.00106815 6.98278e-05 0 
-0.00135329 -0.00129682 0 
-0.000536283 -0.000578778 0 
-0.000932311 -0.000412709 0 
-0.000536283 -0.000578778 0 
-0.000483835 -0.000212971 0 
-0.000146912 4.6058e-05 0 
-0.000532101 4.38991e-05 0 
-0.000146912 4.6058e-05 0 
-0.000228295 -8.61349e-05 0 
-0.000298914 0.00015317 0 
-0.000413484 -0.000109267 0 
-0.000298914 0.00015317 0 
-0.000462854 0.000441113 0 
-0.000501286 0.000498097 0 
-0.000565027 0.000434401 0 
-0.000501286 0.000498097 0 
2.57995e-05 -0.000559664 0 
-0.000591788 8.98754e-05 0 
-0.000813822 -0.000541752 0 
-0.000591788 8.98754e-05 0 
-0.00110054 0.00149108 0 
-0.0031778 0.000388091 0 
-0.0011798 0.000125955 0 
-0.0031778 0.000388091 0 
-0.000366043 -7.34297e-05 0 
-0.000378316 0.0001126 0 
-0.000268208 3.33054e-05 0 
-0.000378316 0.0001126 0 
-0.000603088 -9.17568e-05 0 
-0.000619186 -0.000250136 0 
-0.000495871 -0.000216385 0 
-0.000619186 -0.000250136 0 
-2.31587e-06 9.14216e-06 0 
-1.10192e-06 2.81111e-06 0 
3.74178e-06 3.71526e-06 0 
-1.10192e-06 2.81111e-06 0 
-0.000472543 -4.25111e-05 0 
-0.000583628 -0.000200621 0 
-0.000541191 -0.00047176 0 
-0.000583628 -0.000200621 0 
0.00012822 -0.000187432 0 
-0.000203002 0.000560589 0 
-0.000484352 9.63474e-06 0 
-0.000203002 0.000560589 0 
-0.000655224 0.000292149 0 
-0.000536911 0.000420919 0 
-0.000682006 0.00034821 0 
-0.000536911 0.000420919 0 
-0.000355883 0.000267231 0 
-0.00142481 0.000335798 0 
-0.000562055 -3.53452e-05 0 
-0.00142481 0.000335798 0 
-0.000229493 0.000396142 0 
-0.00180368 0.00160132 0 
-0.00070079 -0.000218298 0 
-0.00180368 0.00160132 0 
-0.00108321 -0.00105733 0 
-0.00111872 -0.000805062 0 
-0.00129936 -0.000850886 0 
-0.00111872 -0.000805062 0 
-0.000602905 0.000508909 0 
-0.000826702 0.000219369 0 
-0.000501117 0.000100075 0 
-0.000826702 0.000219369 0 
-0.00203338 -0.000190746 0 
-0.00189227 0.000697318 0 
-0.00248633 0.00010332 0 
-0.00189227 0.000697318 0 
-0.000295245 0.000464157 0 
-0.000401821 0.000601256 0 
-0.000530281 0.000446654 0 
-0.000401821 0.000601256 0 
-0.000602787 -0.000252222 0 
-0.000383659 -0.000122988 0 
-0.000592098 -8.03577e-05 0 
-0.000383659 -0.000122988 0 
-0.000836996 0.00027085 0 
-0.000623551 0.000107925 0 
-0.000691537 0.000241528 0 
-0.000623551 0.000107925 0 
-0.000467315 -0.000547582 0 
-0.000802641 0.000239802 0 
-0.00117027 -0.000185256 0 
-0.000802641 0.000239802 0 
-0.000372382 0.000233389 0 
-0.000724997 0.000533017 0 
-0.000855061 0.000200749 0 
-0.000724997 0.000533017 0 
-0.000884474 0.00016106 0 
-0.00124442 0.000325135 0 
-0.000675634 1.42839e-05 0 
-0.00124442 0.000325135 0 
0.000251423 -0.000761162 0 
0.000219062 -1.28842e-05 0 
1.95857e-05 -0.000540742 0 
0.000219062 -1.28842e-05 0 
8.72787e-05 -0.000398595 0 
0.000209154 -0.000266094 0 
-2.68433e-05 -0.000311773 0 
0.000209154 -0.000266094 0 
-0.00141751 0.000303978 0 
-0.00110616 0.000266544 0 
-0.00125316 0.000510038 0 
-0.00110616 0.000266544 0 
-0.000906721 0.000319779 0 
-0.000926543 0.000394488 0 
-0.000978463 0.000345306 0 
-0.000926543 0.000394488 0 
7.75412e-05 0.000954939 0 
-0.000864783 0.00253994 0 
-0.000945922 0.00072773 0 
-0.000864783 0.00253994 0 
6.09305e-05 -0.000314523 0 
3.33097e-05 -9.93511e-05 0 
-6.42936e-05 -0.000212469 0 
3.33097e-05 -9.93511e-05 0 
-0.00067711 0.000476246 0 
-0.000777263 0.000911536 0 
-0.00122969 0.000335834 0 
-0.000777263 0.000911536 0 
2.74185e-06 -1.65229e-05 0 
1.54902e-05 3.78858e-05 0 
-5.93616e-05 2.00663e-05 0 
1.54902e-05 3.78858e-05 0 
-0.000515503 0.00105603 0 
-0.00108908 0.000588152 0 
-0.000825129 0.000566344 0 
-0.00108908 0.000588152 0 
-0.000342738 0.000428294 0 
-0.000294499 0.000448054 0 
-0.000255449 0.000472272 0 
-0.000294499 0.000448054 0 
-0.00112252 -0.000487845 0 
-0.000983688 -0.00023785 0 
-0.0012164 -0.000166242 0 
-0.000983688 -0.00023785 0 
-0.00105602 0.00066907 0 
-0.00117232 -0.000238532 0 
-0.000467241 0.000270401 0 
-0.00117232 -0.000238532 0 
-0.000882049 -0.000267161 0 
-0.00100795 -0.000261913 0 
-0.00087488 -0.000358063 0 
-0.00100795 -0.000261913 0 
-0.000183405 0.000406392 0 
-0.000289627 0.000516829 0 
-0.000300778 0.000436299 0 
-0.000289627 0.000516829 0 
-0.000229511 0.000187432 0 
-0.000709046 0.000219781 0 
-0.000267369 -0.000416518 0 
-0.000709046 0.000219781 0 
-0.000751813 0.000663639 0 
-0.00104147 0.00034514 0 
-0.000825972 0.000303534 0 
-0.00104147 0.00034514 0 
-0.000100232 -5.65427e-05 0 
-0.00044116 -0.000136596 0 
-0.000184637 -0.00022509 0 
-0.00044116 -0.000136596 0 
-0.000826917 0.000441758 0 
-0.0009875 0.00029521 0 
-0.000681813 0.000305656 0 
-0.0009875 0.00029521 0 
-3.04476e-05 -0.000161228 0 
-9.00597e-05 -7.67848e-05 0 
-0.000156784 -0.00014981 0 
-9.00597e-05 -7.67848e-05 0 
-0.000915036 0.000153773 0 
-0.000963314 0.000253697 0 
-0.00102957 0.000177066 0 
-0.000963314 0.000253697 0 
-0.000838726 -0.00133396 0 
-0.000667966 -0.000638462 0 
-0.0011544 -0.000901679 0 
-0.000667966 -0.000638462 0 
-0.0007071 0.00129763 0 
-0.00104228 0.00195704 0 
-0.00292675 0.00211935 0 
-0.00104228 0.00195704 0 
-0.000817777 -0.00104023 0 
-0.000930386 -0.000731342 0 
-0.00109637 -0.00100578 0 
-0.000930386 -0.000731342 0 
-0.00138951 0.000211308 0 
-0.00165735 -2.84766e-05 0 
-0.00155183 -0.000169865 0 
-0.00165735 -2.84766e-05 0 
-0.000854426 0.00129331 0 
-0.00192327 -0.000308837 0 
-0.000822745 -9.29837e-05 0 
-0.00192327 -0.000308837 0 
-0.00226306 0.000226913 0 
-0.00280092 0.000181293 0 
-0.00108671 -0.000172697 0 
-0.00280092 0.000181293 0 
-0.000479801 -0.000650682 0 
-0.000483587 -0.000506905 0 
-0.000550981 -0.000552274 0 
-0.000483587 -0.000506905 0 
-0.000838075 0.000460058 0 
-0.00116278 0.000486611 0 
-0.000953649 7.6142e-05 0 
-0.00116278 0.000486611 0 
-4.21196e-05 0.000157998 0 
-0.00023889 0.000900311 0 
-0.000239676 0.000433263 0 
-0.00023889 0.000900311 0 
-0.000804227 0.000461256 0 
-0.000721272 0.00035546 0 
-0.000597777 0.000482119 0 
-0.000721272 0.00035546 0 
-0.000710857 -0.000192127 0 
-0.000840788 -0.00014482 0 
-0.000787701 -0.00029607 0 
-0.000840788 -0.00014482 0 
-0.00119822 -0.000346781 0 
-0.000937016 -0.000782393 0 
-0.000825233 -0.000394313 0 
-0.000937016 -0.000782393 0 
-0.000492934 0.000959898 0 
-0.0012358 0.00073139 0 
-0.00104539 0.000481823 0 
-0.0012358 0.00073139 0 
-0.00085348 2.12038e-05 0 
-0.000333097 -0.00021656 0 
-0.000617049 5.84163e-05 0 
-0.000333097 -0.00021656 0 
-0.000926076 0.000111026 0 
-0.00192973 0.000440628 0 
-0.00058722 -0.000219475 0 
-0.00192973 0.000440628 0 
-0.000325685 0.000171045 0 
-0.000356513 4.74995e-05 0 
-0.000245106 -1.06429e-06 0 
-0.000356513 4.74995e-05 0 
-0.00120876 -0.000714951 0 
-0.00050592 -0.000883957 0 
-0.000628749 -0.000478688 0 
-0.00050592 -0.000883957 0 
-0.000907011 -0.000706454 0 
-0.00122967 -0.00042638 0 
-0.00118985 -0.000752363 0 
-0.00122967 -0.00042638 0 
-0.000771284 -0.000171596 0 
-0.00102421 -0.000447574 0 
-0.000573638 -0.000241598 0 
-0.00102421 -0.000447574 0 
-1.99716e-05 1.22063e-07 0 
-2.00128e-06 2.04413e-05 0 
-1.41615e-05 3.215e-05 0 
-2.00128e-06 2.04413e-05 0 
-0.00246199 7.26364e-05 0 
-0.00174398 0.000277512 0 
-0.00179754 0.000388323 0 
-0.00174398 0.000277512 0 
-8.69862e-06 -6.03665e-05 0 
-3.51495e-05 -1.82677e-05 0 
-6.41458e-05 -2.19018e-05 0 
-3.51495e-05 -1.82677e-05 0 
-0.00036165 3.68787e-05 0 
-0.000327277 0.000167752 0 
-0.000464787 9.04374e-05 0 
-0.000327277 0.000167752 0 
-0.000936668 6.02521e-05 0 
-0.00118334 4.48839e-06 0 
-0.000923602 -0.000127024 0 
-0.00118334 4.48839e-06 0 
-0.000618102 -0.000122854 0 
-0.000877374 -0.000213689 0 
-0.000734368 -9.21557e-05 0 
-0.000877374 -0.000213689 0 
-0.000452647 -0.000242039 0 
-0.00108954 -0.000168045 0 
-0.000882369 -0.000575256 0 
-0.00108954 -0.000168045 0 
-0.00203993 0.000666664 0 
-0.00142872 -0.000119847 0 
-0.00115387 0.000390453 0 
-0.00142872 -0.000119847 0 
-0.00083942 -4.46698e-05 0 
-0.000718508 -5.25544e-05 0 
-0.000750661 2.14747e-05 0 
-0.000718508 -5.25544e-05 0 
-0.00112158 -1.90152e-05 0 
-0.000559143 -0.000781031 0 
-0.000709954 4.6276e-05 0 
-0.000559143 -0.000781031 0 
-0.000632364 3.64162e-05 0 
-0.000606897 0.000961087 0 
-0.00141087 0.000314239 0 
-0.000606897 0.000961087 0 
-0.00133974 0.000266202 0 
-0.00124695 -0.00069234 0 
-0.000879818 -0.000124272 0 
-0.00124695 -0.00069234 0 
-0.00106201 5.68365e-05 0 
-0.000824924 0.000202453 0 
-0.00109361 0.000254277 0 
-0.000824924 0.000202453 0 
-0.000899597 0.000302131 0 
-0.000896067 -7.61906e-07 0 
-0.000685993 0.00014017 0 
-0.000896067 -7.61906e-07 0 
0.000435644 -5.89817e-05 0 
-0.000580371 0.00197288 0 
-0.000410998 0.000733353 0 
-0.000580371 0.00197288 0 
-0.000939256 -0.000688085 0 
-0.000374604 -0.000484723 0 
-0.00060852 -0.00033224 0 
-0.000374604 -0.000484723 0 
-0.00049939 -4.54396e-05 0 
-0.000371806 -0.00012371 0 
-0.000318983 -1.96928e-05 0 
-0.000371806 -0.00012371 0 
-0.000627756 0.000485676 0 
-0.000207797 0.000899043 0 
-0.000762071 0.000739634 0 
-0.000207797 0.000899043 0 
3.43863e-05 2.17115e-05 0 
-0.000380636 0.000380464 0 
-0.000191254 -0.000282138 0 
-0.000380636 0.000380464 0 
-0.000351296 0.000453495 0 
-0.000259097 0.000718539 0 
-0.000620367 0.000511678 0 
-0.000259097 0.000718539 0 
-0.000279542 -0.000373667 0 
-0.000332758 -0.000199368 0 
-0.000536559 -0.000366241 0 
-0.000332758 -0.000199368 0 
-0.00130784 1.86384e-05 0 
-0.000883442 -9.61549e-05 0 
-0.000967509 0.000174324 0 
-0.000883442 -9.61549e-05 0 
-0.00199973 0.000415372 0 
-0.00150386 -9.98176e-05 0 
-0.000874338 0.000297207 0 
-0.00150386 -9.98176e-05 0 
-0.00176507 -0.000145719 0 
-0.00103715 -0.000209948 0 
-0.00138248 2.56158e-05 0 
-0.00103715 -0.000209948 0 
-0.000283287 -6.16851e-06 0 
-0.000378626 -0.000273454 0 
-8.8177e-05 -2.37428e-05 0 
-0.000378626 -0.000273454 0 
-0.000661434 -0.00107085 0 
-0.000672521 -0.000982239 0 
-0.000832796 -0.000817146 0 
-0.000672521 -0.000982239 0 
-0.000580907 -0.000460729 0 
-0.000554614 -0.000359123 0 
-0.000680769 -0.000343647 0 
-0.000554614 -0.000359123 0 
-0.00184249 -0.000110536 0 
-0.000919348 -0.000802962 0 
-0.00128616 -5.80459e-05 0 
-0.000919348 -0.000802962 0 
-0.00157784 -0.000388757 0 
-0.000800807 -0.000911135 0 
-0.000794408 -0.000461916 0 
-0.000800807 -0.000911135 0 
2.07738e-06 3.0993e-05 0 
-2.6282e-05 1.12561e-05 0 
2.45648e-05 -0.000113054 0 
-2.6282e-05 1.12561e-05 0 
-0.00070102 -0.000147774 0 
-0.00103923 0.000358469 0 
-0.00117391 6.38261e-05 0 
-0.00103923 0.000358469 0 
-0.00017226 -6.53612e-05 0 
-0.000788911 -0.000248035 0 
-0.000406444 -0.000368487 0 
-0.000788911 -0.000248035 0 
0.000379638 -0.000348928 0 
-0.000502865 0.00194462 0 
-0.000617318 0.000560435 0 
-0.000502865 0.00194462 0 
-0.000421206 0.000190759 0 
-0.000613012 0.000305568 0 
-0.000593982 0.000120389 0 
-0.000613012 0.000305568 0 
-0.000502709 0.00049852 0 
-0.000643906 0.000549592 0 
-0.000552718 0.000430737 0 
-0.000643906 0.000549592 0 
-0.000686626 0.00058913 0 
-0.000451944 0.000985946 0 
-0.000833888 0.000800049 0 
-0.000451944 0.000985946 0 
-0.000690554 3.98935e-05 0 
-0.00100628 0.000157776 0 
-0.000875104 -0.00013495 0 
-0.00100628 0.000157776 0 
-0.000909118 -0.000193104 0 
-0.000468693 -0.000541408 0 
-0.000706706 0.000268569 0 
-0.000468693 -0.000541408 0 
-0.000892008 0.000735781 0 
-0.000960804 0.000226773 0 
-0.000434867 0.000674101 0 
-0.000960804 0.000226773 0 
-0.000284848 -1.09967e-05 0 
-0.000240534 -4.31295e-05 0 
-0.000252351 2.2991e-05 0 
-0.000240534 -4.31295e-05 0 
-0.00044485 -0.000303868 0 
-0.000952051 -0.000328899 0 
-0.000497926 -0.000610062 0 
-0.000952051 -0.000328899 0 
-0.000484265 -6.19554e-05 0 
-0.000133454 -3.77235e-05 0 
-0.000458598 0.000186233 0 
-0.000133454 -3.77235e-05 0 
-0.000357231 -0.000176521 0 
-0.000626356 -0.000141345 0 
-0.000479938 -0.000302226 0 
-0.000626356 -0.000141345 0 
-0.00109843 0.000343521 0 
-0.00128746 0.000247693 0 
-0.000961293 8.91414e-05 0 
-0.00128746 0.000247693 0 
-0.000266647 0.00040465 0 
-0.000214344 0.000580716 0 
-0.000386026 0.000490221 0 
-0.000214344 0.000580716 0 
-0.0012138 0.00114179 0 
-0.00144148 0.000273467 0 
-0.0006448 0.000280836 0 
-0.00144148 0.000273467 0 
-0.00155982 0.000417454 0 
-0.00156972 -0.000307874 0 
-0.00117292 0.000211123 0 
-0.00156972 -0.000307874 0 
-0.000883041 -0.000436271 0 
-0.000423953 0.000123008 0 
-0.000636955 0.000145486 0 
-0.000423953 0.000123008 0 
-0.00143415 -0.000121189 0 
-0.00046549 -1.57456e-05 0 
-0.000682687 0.000540056 0 
-0.00046549 -1.57456e-05 0 
-2.0544e-05 -2.44556e-05 0 
-0.000356815 0.000937494 0 
-0.000550955 0.000432674 0 
-0.000356815 0.000937494 0 
-0.000208607 -0.000417213 0 
-0.000586372 -0.000212396 0 
4.32369e-05 -0.000873875 0 
-0.000586372 -0.000212396 0 
-0.000692214 -0.000625573 0 
-0.00112418 -0.000502328 0 
-0.00115354 -0.000902134 0 
-0.00112418 -0.000502328 0 
5.67927e-05 0.000674981 0 
-0.000570552 0.000569303 0 
-0.000241458 0.000405101 0 
-0.000570552 0.000569303 0 
-0.000863052 -0.000381354 0 
-0.000601047 -0.000368033 0 
-0.000721465 -0.000251923 0 
-0.000601047 -0.000368033 0 
-0.000496615 2.35287e-05 0 
-0.000547072 0.000174196 0 
-0.000718298 2.97505e-05 0 
-0.000547072 0.000174196 0 
-0.00126489 -0.00074379 0 
-0.000679463 -0.00106823 0 
-0.000742827 -0.000496191 0 
-0.000679463 -0.00106823 0 
-0.000895802 0.00053826 0 
-0.0016474 -1.09599e-05 0 
-0.000547269 -0.000554982 0 
-0.0016474 -1.09599e-05 0 
-0.00102168 -0.000232157 0 
-0.000954767 -0.00051298 0 
-0.000887307 -0.000331131 0 
-0.000954767 -0.00051298 0 
-0.00111932 -0.00103201 0 
-0.000547087 -0.00114122 0 
-0.000816087 -0.000871028 0 
-0.000547087 -0.00114122 0 
-0.000390731 -0.000158615 0 
-0.000471466 -6.33472e-05 0 
-0.000495528 -0.000211348 0 
-0.000471466 -6.33472e-05 0 
-0.000314006 -0.000150455 0 
0.000134261 -5.88055e-06 0 
-9.43939e-05 2.34448e-06 0 
0.000134261 -5.88055e-06 0 
-7.95542e-05 -6.30395e-05 0 
-5.19724e-05 8.3812e-05 0 
-0.000213292 -6.33707e-05 0 
-5.19724e-05 8.3812e-05 0 
-0.00103491 -0.00103432 0 
-0.000943569 -0.000725219 0 
-0.00119083 -0.000752864 0 
-0.000943569 -0.000725219 0 
-0.00104197 0.00029326 0 
-0.000980858 0.000344133 0 
-0.00104 0.000381956 0 
-0.000980858 0.000344133 0 
-0.00079686 0.000243586 0 
-0.00062193 0.000585464 0 
-0.000917309 0.000606269 0 
-0.00062193 0.000585464 0 
-0.000980101 -0.000932465 0 
-0.00117872 -0.000425066 0 
-0.00137715 -0.00112634 0 
-0.00117872 -0.000425066 0 
0.000114275 0.000242619 0 
-0.000332815 0.000261292 0 
-0.000365658 -9.72634e-05 0 
-0.000332815 0.000261292 0 
-0.00132695 -3.21043e-05 0 
-0.00134664 0.000448188 0 
-0.00157151 0.000294945 0 
-0.00134664 0.000448188 0 
-0.0011052 0.000489284 0 
-0.00149358 0.000683266 0 
-0.00142401 0.000405469 0 
-0.00149358 0.000683266 0 
-0.00141565 -8.59833e-05 0 
-0.000734203 -0.000311315 0 
-0.000748414 -1.58213e-05 0 
-0.000734203 -0.000311315 0 
-0.00136141 -0.00105 0 
-0.000319891 -0.000318658 0 
-0.000767732 -0.000487287 0 
-0.000319891 -0.000318658 0 
-8.26857e-05 0.000124029 0 
-3.43228e-05 -0.000415055 0 
0.000369345 -8.74779e-05 0 
-3.43228e-05 -0.000415055 0 
-0.000609996 0.000803669 0 
-0.00172766 -0.000472348 0 
-0.000618516 -0.000138862 0 
-0.00172766 -0.000472348 0 
-0.0009798 0.000346541 0 
-0.000994471 0.000423614 0 
-0.00104439 0.000371977 0 
-0.000994471 0.000423614 0 
-0.000839517 0.000285996 0 
-5.61521e-05 -6.2305e-05 0 
-0.00053464 0.000385992 0 
-5.61521e-05 -6.2305e-05 0 
-4.97633e-05 -2.10396e-05 0 
-0.000103429 1.63764e-06 0 
-8.11497e-05 -6.11344e-05 0 
-0.000103429 1.63764e-06 0 
-0.00141613 0.000380152 0 
-0.00140472 -3.11332e-05 0 
-0.00101729 0.000183061 0 
-0.00140472 -3.11332e-05 0 
-0.000718906 0.000143633 0 
-0.000744129 0.000268374 0 
-0.000811215 0.000124858 0 
-0.000744129 0.000268374 0 
-0.000946774 -0.000923232 0 
-0.000731771 -0.00150528 0 
-0.000283363 -0.00130551 0 
-0.000731771 -0.00150528 0 
-0.000263399 -0.00021193 0 
-0.000633619 -7.72305e-05 0 
-0.000487999 -0.00032662 0 
-0.000633619 -7.72305e-05 0 
-0.000700873 9.90752e-05 0 
-0.00099858 0.000174529 0 
-0.000898011 -8.70071e-05 0 
-0.00099858 0.000174529 0 
0.000205646 0.000192213 0 
0.000341147 0.00164965 0 
-0.000352537 0.000724785 0 
0.000341147 0.00164965 0 
-0.000968295 0.000430986 0 
-0.0010404 0.000269053 0 
-0.000860601 0.000291169 0 
-0.0010404 0.000269053 0 
-0.000866958 0.000283205 0 
-0.000590314 0.000629375 0 
-0.000978249 0.000743634 0 
-0.000590314 0.000629375 0 
-0.00101015 1.41348e-05 0 
-0.00106063 6.40388e-05 0 
-0.00104295 -2.83692e-05 0 
-0.00106063 6.40388e-05 0 
-0.000450882 -0.00106165 0 
0.000188111 -0.00082749 0 
-0.000427306 -0.000459812 0 
0.000188111 -0.00082749 0 
0.000630259 -0.000754704 0 
0.000179596 -6.21341e-05 0 
-1.33549e-05 -0.000815786 0 
0.000179596 -6.21341e-05 0 
-0.00166567 0.000639096 0 
-0.0015701 4.23487e-05 0 
-0.00149137 0.000481069 0 
-0.0015701 4.23487e-05 0 
-0.000551589 0.00020525 0 
-0.00034054 0.0002292 0 
-0.000511403 0.000354381 0 
-0.00034054 0.0002292 0 
-0.00204502 -0.00194661 0 
5.77215e-05 -0.00103009 0 
-0.000721397 -0.000813148 0 
5.77215e-05 -0.00103009 0 
3.25194e-05 -0.000148082 0 
-8.51244e-05 0.000176421 0 
-0.000221099 -4.03922e-05 0 
-8.51244e-05 0.000176421 0 
-0.00119811 -0.000196218 0 
-0.000479601 -0.000630368 0 
-0.000510465 -5.04403e-05 0 
-0.000479601 -0.000630368 0 
-4.09906e-06 -5.28698e-08 0 
1.849e-05 -9.68769e-06 0 
3.20647e-06 4.62997e-06 0 
1.849e-05 -9.68769e-06 0 
-0.00114506 -6.75833e-05 0 
-0.00118745 1.48045e-05 0 
-0.00119219 1.90554e-05 0 
-0.00118745 1.48045e-05 0 
-0.000851118 -0.00029277 0 
-0.000512381 -0.000364221 0 
-0.000511815 5.53534e-05 0 
-0.000512381 -0.000364221 0 
-0.0020454 -0.00206887 0 
-0.00026667 -0.000838463 0 
-0.00115524 -0.001062 0 
-0.00026667 -0.000838463 0 
-0.00137833 0.0013114 0 
-0.0018687 0.000999316 0 
-0.000863735 -0.0001017 0 
-0.0018687 0.000999316 0 
0.000196326 0.000133731 0 
-0.000791207 0.000815337 0 
-0.000265989 0.000172147 0 
-0.000791207 0.000815337 0 
-0.000740351 0.000205178 0 
-0.000384428 0.00062568 0 
-0.000930847 0.00051762 0 
-0.000384428 0.00062568 0 
0.000159015 -0.000353966 0 
-0.000158148 -0.000368512 0 
-0.000131275 -0.000702567 0 
-0.000158148 -0.000368512 0 
-0.000413117 0.00125451 0 
-0.00195044 0.000734848 0 
-0.000443149 7.30426e-05 0 
-0.00195044 0.000734848 0 
-0.00297475 -0.000907288 0 
-9.94027e-05 -0.000527349 0 
-0.00105633 1.75952e-05 0 
-9.94027e-05 -0.000527349 0 
-2.60735e-05 0.000144811 0 
0.000746335 0.00199507 0 
-0.000436658 0.000888256 0 
0.000746335 0.00199507 0 
0.000136844 -0.000475993 0 
8.34095e-05 -0.000618972 0 
0.000167228 -0.000338293 0 
8.34095e-05 -0.000618972 0 
-4.83687e-05 -0.000202148 0 
-0.000191762 -9.32715e-05 0 
-0.000194158 -0.000228911 0 
-0.000191762 -9.32715e-05 0 
-0.00079902 0.000621598 0 
-0.000690674 0.000212393 0 
-0.000516384 0.0005754 0 
-0.000690674 0.000212393 0 
-0.000928968 -0.000412469 0 
-0.000913034 4.732e-05 0 
-0.0011971 -5.32083e-05 0 
-0.000913034 4.732e-05 0 
-0.00118055 -0.000453905 0 
-0.000589551 -0.000614902 0 
-0.000900426 1.39677e-06 0 
-0.000589551 -0.000614902 0 
-0.000822349 0.000195497 0 
-0.00088331 0.000453105 0 
-0.00109557 0.000259565 0 
-0.00088331 0.000453105 0 
-0.00101589 -0.00138266 0 
-0.00101184 -0.00160962 0 
-0.00104655 -0.00145819 0 
-0.00101184 -0.00160962 0 
-0.000756682 -0.000436938 0 
-0.00091173 0.00014119 0 
-0.000907577 -0.00053082 0 
-0.00091173 0.00014119 0 
-0.000108411 0.000225006 0 
-0.0011423 0.000652609 0 
-0.000462166 -0.000178183 0 
-0.0011423 0.000652609 0 
-0.000981115 -8.87413e-05 0 
-0.000854297 -0.00028792 0 
-0.000856208 -7.26453e-05 0 
-0.000854297 -0.00028792 0 
-0.000958786 0.000420135 0 
-0.00100546 0.000626068 0 
-0.00111245 0.00045308 0 
-0.00100546 0.000626068 0 
-0.000584273 -0.000513523 0 
-0.000677645 -0.000294646 0 
-0.000791224 -0.00044292 0 
-0.000677645 -0.000294646 0 
-0.000141088 0.000128201 0 
5.83419e-06 0.000122496 0 
-5.27873e-05 0.000227076 0 
5.83419e-06 0.000122496 0 
-0.00123802 0.000546003 0 
-0.00150962 -0.000455068 0 
-0.000878535 -0.000421621 0 
-0.00150962 -0.000455068 0 
-0.00106462 0.000219252 0 
-0.00127491 0.000394252 0 
-0.00116833 2.30509e-05 0 
-0.00127491 0.000394252 0 
0.000163002 0.000636488 0 
-0.000261138 0.00154587 0 
-0.000666083 0.00113503 0 
-0.000261138 0.00154587 0 
-0.00185543 -7.55192e-05 0 
-0.00188173 -0.00173031 0 
-0.000604457 -0.0010816 0 
-0.00188173 -0.00173031 0 
-0.00150339 -0.000226851 0 
-0.000994019 5.11759e-05 0 
-0.00118117 0.000536229 0 
-0.000994019 5.11759e-05 0 
-0.00197941 0.00180288 0 
-0.00348319 0.00114762 0 
-0.00167671 -0.000372111 0 
-0.00348319 0.00114762 0 
-0.00056776 -0.000232757 0 
-0.000827789 0.000305082 0 
-0.00120866 -5.32392e-05 0 
-0.000827789 0.000305082 0 
-0.000460748 0.000261426 0 
-0.00139765 0.00157733 0 
-0.00102257 0.000888012 0 
-0.00139765 0.00157733 0 
-0.000500056 -0.000260673 0 
-0.000535429 -0.000325537 0 
-0.000350926 -0.000230647 0 
-0.000535429 -0.000325537 0 
-8.41166e-05 -8.71312e-06 0 
-2.10996e-05 5.49998e-05 0 
-1.63465e-06 4.2013e-05 0 
-2.10996e-05 5.49998e-05 0 
-0.000899246 -0.000164622 0 
-0.00141179 -3.61376e-05 0 
-0.0012702 -0.000422654 0 
-0.00141179 -3.61376e-05 0 
-2.15863e-05 -5.17896e-06 0 
1.20175e-05 -3.79745e-06 0 
9.43731e-08 -1.26268e-06 0 
1.20175e-05 -3.79745e-06 0 
-0.00100832 0.000679461 0 
-0.000882788 0.000527372 0 
-0.00180505 0.0010915 0 
-0.000882788 0.000527372 0 
-0.000330202 -0.000194695 0 
-0.00011239 -0.000121987 0 
-0.000271014 4.13256e-05 0 
-0.00011239 -0.000121987 0 
4.50129e-05 0.000252471 0 
6.14613e-05 0.000311042 0 
-0.000229377 0.000105813 0 
6.14613e-05 0.000311042 0 
-0.00156813 0.000465846 0 
-0.00214613 -0.000346853 0 
-0.00132157 -0.000159374 0 
-0.00214613 -0.000346853 0 
-0.00212915 0.000610845 0 
-0.00363737 0.00066816 0 
-0.00232216 -0.00043242 0 
-0.00363737 0.00066816 0 
-0.00118044 0.000790571 0 
-0.0024001 0.000430843 0 
-0.00128896 -3.92204e-06 0 
-0.0024001 0.000430843 0 
-0.0009975 0.000307432 0 
-0.00172818 -0.000850771 0 
-0.00136919 -0.00129289 0 
-0.00172818 -0.000850771 0 
-0.000569907 0.000281296 0 
-0.000327897 8.11064e-05 0 
-0.000287191 0.000445224 0 
-0.000327897 8.11064e-05 0 
-0.000190575 0.000310409 0 
-0.000460239 0.00019363 0 
-0.000247602 7.4399e-05 0 
-0.000460239 0.00019363 0 
-0.000409773 0.000675805 0 
-0.00194043 0.000160231 0 
-0.00121488 -0.000156029 0 
-0.00194043 0.000160231 0 
-0.00122273 -0.000496143 0 
-0.000555872 -0.000952215 0 
-0.000396671 -0.000215731 0 
-0.000555872 -0.000952215 0 
-0.00173593 -0.000646508 0 
-0.00143307 -0.000961742 0 
-0.0014263 -0.000348962 0 
-0.00143307 -0.000961742 0 
-0.000765488 -0.000181707 0 
-0.000824625 -6.68402e-05 0 
-0.000982137 -0.000149239 0 
-0.000824625 -6.68402e-05 0 
-0.00191972 -6.66333e-05 0 
-0.00160919 -0.00113879 0 
-0.00118718 -0.000602411 0 
-0.00160919 -0.00113879 0 
-0.000976369 0.000573735 0 
-0.00120393 -0.000340143 0 
-0.000597527 -0.000248872 0 
-0.00120393 -0.000340143 0 
-3.47771e-07 1.06427e-06 0 
-2.41756e-06 9.3777e-06 0 
-3.40107e-06 1.78209e-06 0 
-2.41756e-06 9.3777e-06 0 
-0.000161076 -0.000490514 0 
-0.00033719 -0.000396484 0 
-0.000348733 -0.000556955 0 
-0.00033719 -0.000396484 0 
-0.000873962 0.000985657 0 
-0.00120561 0.00116404 0 
-0.0011657 0.000699863 0 
-0.00120561 0.00116404 0 
-0.00132375 -0.000141403 0 
-0.00153751 -0.000171608 0 
-0.00148676 -0.000320633 0 
-0.00153751 -0.000171608 0 
-0.000274931 0.000193679 0 
-0.000547998 0.000579842 0 
-0.000733298 0.000303166 0 
-0.000547998 0.000579842 0 
-0.00110374 4.3163e-05 0 
-0.00146364 3.68433e-05 0 
-0.00130849 -0.000210785 0 
-0.00146364 3.68433e-05 0 
-0.000762747 -0.000320713 0 
-0.000771131 -0.000300499 0 
-0.000866773 -0.000305974 0 
-0.000771131 -0.000300499 0 
-0.00159978 -0.000377912 0 
-0.00072554 0.000150144 0 
-0.0013414 -3.89359e-05 0 
-0.00072554 0.000150144 0 
-0.00113679 -0.000376633 0 
-0.00121795 -0.00064981 0 
-0.00100569 -0.000499372 0 
-0.00121795 -0.00064981 0 
-0.00177395 -0.000985505 0 
-0.00123495 -0.000660815 0 
-0.00199275 -0.00022042 0 
-0.00123495 -0.000660815 0 
-0.00180016 -0.000772409 0 
-0.000854269 0.000664785 0 
-0.0023957 -0.000126152 0 
-0.000854269 0.000664785 0 
-0.000625918 -0.000235172 0 
-0.000719912 -0.000104703 0 
-0.000752031 -0.000153828 0 
-0.000719912 -0.000104703 0 
-0.000487472 0.000250917 0 
-0.000437644 -0.000131974 0 
-0.000234253 4.63183e-05 0 
-0.000437644 -0.000131974 0 
-0.000677117 5.09753e-05 0 
-0.000644809 -6.52276e-05 0 
-0.000531717 5.56999e-06 0 
-0.000644809 -6.52276e-05 0 
-0.000709544 -0.000223293 0 
-0.000206332 -0.000177364 0 
-0.000564433 0.00017363 0 
-0.000206332 -0.000177364 0 
-0.000866786 0.000246744 0 
-0.000909222 0.000323188 0 
-0.0009569 0.000253938 0 
-0.000909222 0.000323188 0 
-0.000947034 0.000130971 0 
-0.000700733 6.44035e-05 0 
-0.000846364 0.000390406 0 
-0.000700733 6.44035e-05 0 
-0.000591699 0.00049941 0 
-0.000726622 0.000340241 0 
-0.000569024 0.000292904 0 
-0.000726622 0.000340241 0 
-0.000712699 0.000352465 0 
-0.000135025 0.000268874 0 
-0.000298032 0.000361326 0 
-0.000135025 0.000268874 0 
-0.000382611 -0.000670425 0 
-0.000487052 -0.000784777 0 
-0.000318593 -0.000790036 0 
-0.000487052 -0.000784777 0 
-0.000819956 3.8611e-05 0 
-0.00130416 -2.8251e-05 0 
-0.000983993 3.56433e-05 0 
-0.00130416 -2.8251e-05 0 
-0.000406885 0.000375017 0 
-0.00174609 0.000822448 0 
-0.00139024 0.000250508 0 
-0.00174609 0.000822448 0 
-0.000107915 0.000101189 0 
-8.42025e-05 0.000214048 0 
-0.000486297 -0.00016726 0 
-8.42025e-05 0.000214048 0 
-0.000133515 -0.000231075 0 
-0.000243465 -0.000402976 0 
-5.36005e-05 -0.000263932 0 
-0.000243465 -0.000402976 0 
-0.000458912 0.000925886 0 
-0.00049388 0.000663673 0 
-0.0003007 0.000997585 0 
-0.00049388 0.000663673 0 
-0.000664474 -0.000143104 0 
-0.000249618 -0.000142431 0 
-0.000474936 3.73297e-06 0 
-0.000249618 -0.000142431 0 
-0.000176143 0.000617745 0 
-0.000295573 0.000376613 0 
-0.000111465 0.000385185 0 
-0.000295573 0.000376613 0 
-0.000603778 0.000350908 0 
-0.000836358 0.000251755 0 
-0.000990252 -9.036e-06 0 
-0.000836358 0.000251755 0 
0.000472774 -0.000628751 0 
5.09617e-05 -5.51793e-05 0 
7.31816e-05 -0.000335931 0 
5.09617e-05 -5.51793e-05 0 
-0.000364666 -3.88201e-05 0 
-0.000538376 0.00037556 0 
-0.000804564 0.000235074 0 
-0.000538376 0.00037556 0 
-8.0167e-05 0.000473989 0 
-0.00147552 0.00100643 0 
-0.00074059 0.000345145 0 
-0.00147552 0.00100643 0 
-0.00138552 -0.000306006 0 
-0.00134509 -0.000188096 0 
-0.00120745 -0.000322396 0 
-0.00134509 -0.000188096 0 
-0.00053658 -0.000249621 0 
-0.000363563 -0.000226823 0 
-0.000459341 -9.83376e-05 0 
-0.000363563 -0.000226823 0 
-0.000512087 -0.0012416 0 
0.000132425 -0.000495419 0 
-0.000320851 -0.000591554 0 
0.000132425 -0.000495419 0 
-0.00125979 0.00273772 0 
-0.00222168 0.00292412 0 
-0.00207054 0.000971859 0 
-0.00222168 0.00292412 0 
-0.00111178 0.000368699 0 
-0.00129036 0.00069395 0 
-0.00115817 0.000349003 0 
-0.00129036 0.00069395 0 
-0.000660353 0.000163741 0 
3.85635e-05 0.000261651 0 
-0.000542796 0.000617781 0 
3.85635e-05 0.000261651 0 
-9.29311e-05 6.38283e-05 0 
-0.00055331 -8.34271e-05 0 
-0.000144573 -0.000320971 0 
-0.00055331 -8.34271e-05 0 
-6.36837e-05 -1.73625e-05 0 
-0.00044177 -5.13657e-06 0 
-0.000523107 -0.000314526 0 
-0.00044177 -5.13657e-06 0 
0.000285544 2.32675e-05 0 
-0.000646666 0.00180557 0 
-0.000646863 0.00048165 0 
-0.000646666 0.00180557 0 
-0.00113617 -0.000276416 0 
-0.000243941 -0.000421452 0 
-0.000784155 0.000453017 0 
-0.000243941 -0.000421452 0 
-0.00104497 0.000575331 0 
-0.000568331 0.00104404 0 
-0.000764275 0.000708328 0 
-0.000568331 0.00104404 0 
-0.00160746 -0.000285005 0 
-0.00182372 -0.00135389 0 
-0.00177858 -0.000689322 0 
-0.00182372 -0.00135389 0 
-0.000937798 0.000405861 0 
-0.00166084 -0.000113229 0 
-0.00121621 -5.9083e-05 0 
-0.00166084 -0.000113229 0 
-0.000283721 -0.000268616 0 
-0.00095768 -0.000341059 0 
-0.000580928 -0.000312409 0 
-0.00095768 -0.000341059 0 
-0.000190727 0.000321013 0 
-0.000253913 0.00044888 0 
-0.000382943 0.00038907 0 
-0.000253913 0.00044888 0 
6.72455e-05 0.000139774 0 
-0.000864807 -0.000509543 0 
-0.000154801 -0.000338192 0 
-0.000864807 -0.000509543 0 
-0.000312712 0.000752494 0 
-0.00131213 0.000583573 0 
-0.000915364 0.00026689 0 
-0.00131213 0.000583573 0 
-0.00133126 -0.00127718 0 
-0.00138196 -0.00165445 0 
-0.00119801 -0.00130749 0 
-0.00138196 -0.00165445 0 
-5.03953e-05 -0.000375008 0 
-7.48327e-05 -0.000385756 0 
-5.70135e-05 -0.000393905 0 
-7.48327e-05 -0.000385756 0 
-0.00276991 0.000699874 0 
-0.00232643 5.89678e-05 0 
-0.000286824 0.000513726 0 
-0.00232643 5.89678e-05 0 
-0.00131885 -0.000358675 0 
-0.000538382 -0.00079946 0 
-0.000589203 -0.00027173 0 
-0.000538382 -0.00079946 0 
-0.000927088 0.000104112 0 
-0.000959748 0.000141739 0 
-0.000977452 2.82728e-05 0 
-0.000959748 0.000141739 0 
-0.000884472 -0.000878767 0 
-0.000461988 -0.00062589 0 
-0.000629527 -0.000226237 0 
-0.000461988 -0.00062589 0 
-0.000734933 -0.00039584 0 
-0.000562597 -0.000494813 0 
-0.000482571 -0.000343904 0 
-0.000562597 -0.000494813 0 
-0.00109079 0.000360132 0 
-0.00104855 0.000303886 0 
-0.00103248 0.000369807 0 
-0.00104855 0.000303886 0 
-0.000751552 -0.000474981 0 
-0.000165137 3.37249e-05 0 
-0.000564713 -5.65075e-05 0 
-0.000165137 3.37249e-05 0 
-0.00194088 -0.000108564 0 
-0.00242294 -0.00144444 0 
-0.00151354 -0.000949279 0 
-0.00242294 -0.00144444 0 
-0.000241324 -0.000375504 0 
-0.000521265 -0.00127312 0 
-0.000525364 -0.000717391 0 
-0.000521265 -0.00127312 0 
-0.00136369 -0.000186386 0 
-0.00111384 8.19489e-05 0 
-0.00150713 8.24991e-05 0 
-0.00111384 8.19489e-05 0 
-0.000727583 0.00232716 0 
-0.00119475 0.0019675 0 
-0.000610831 0.000799623 0 
-0.00119475 0.0019675 0 
-0.000811642 -0.000183185 0 
-0.000424453 -0.000251164 0 
-0.000554187 5.81043e-05 0 
-0.000424453 -0.000251164 0 
-0.000545041 -0.000317892 0 
-0.000641529 -0.00013822 0 
-0.000705072 -0.000283368 0 
-0.000641529 -0.00013822 0 
-0.000549345 0.000153142 0 
-0.000462527 8.51825e-05 0 
-0.000528811 0.000215657 0 
-0.000462527 8.51825e-05 0 
-0.00166346 -0.00239189 0 
-0.000164021 -0.00169234 0 
-0.000618903 -0.00107968 0 
-0.000164021 -0.00169234 0 
-0.00124559 -0.000602758 0 
-0.000790466 -3.92577e-05 0 
-0.00136288 0.000265662 0 
-0.000790466 -3.92577e-05 0 
-5.81137e-05 -0.000316433 0 
0.00025602 0.00130603 0 
-0.00035 0.000230784 0 
0.00025602 0.00130603 0 
-0.00125131 0.00101954 0 
-0.0033761 0.000961888 0 
-0.00068367 -0.000823766 0 
-0.0033761 0.000961888 0 
-0.00147728 -0.000715809 0 
-0.00160568 -0.00106271 0 
-0.00105344 -0.000903014 0 
-0.00160568 -0.00106271 0 
-0.000719301 -0.000514808 0 
-0.000490225 -0.00091648 0 
-0.000269577 -0.000676684 0 
-0.000490225 -0.00091648 0 
-8.18842e-05 1.34843e-05 0 
6.90839e-07 -5.2722e-06 0 
-1.55462e-05 3.25115e-05 0 
6.90839e-07 -5.2722e-06 0 
-0.000574591 -0.00122222 0 
-0.000344005 -0.00107832 0 
-0.000617427 -0.000956973 0 
-0.000344005 -0.00107832 0 
-0.00292591 0.00110749 0 
-0.00317959 1.52351e-05 0 
-0.000274765 -0.000527232 0 
-0.00317959 1.52351e-05 0 
-0.000194166 -4.76178e-05 0 
-0.000277443 7.21797e-05 0 
-0.000310556 -4.27126e-05 0 
-0.000277443 7.21797e-05 0 
-0.000392081 5.68602e-05 0 
-0.000222545 0.000179976 0 
-0.000409024 0.000257754 0 
-0.000222545 0.000179976 0 
-0.000843358 -0.000351833 0 
-0.000473913 -0.000464249 0 
-0.000597187 -0.00029571 0 
-0.000473913 -0.000464249 0 
-0.00139986 -0.00169813 0 
-0.000668207 -0.000915448 0 
-0.000950973 -0.000884478 0 
-0.000668207 -0.000915448 0 
-0.00104147 0.000561517 0 
-0.00151162 0.000306188 0 
-0.00113612 0.000286578 0 
-0.00151162 0.000306188 0 
-0.000116114 0.000347998 0 
-0.000310318 0.000444578 0 
-0.00041671 0.00041204 0 
-0.000310318 0.000444578 0 
-0.000567012 0.000856519 0 
-0.0012437 0.000916367 0 
-0.00093962 0.000583618 0 
-0.0012437 0.000916367 0 
-0.000719005 -0.000102557 0 
-0.000619212 -0.00021932 0 
-0.000590073 -8.44143e-05 0 
-0.000619212 -0.00021932 0 
-0.00065925 0.000585167 0 
-0.000693509 0.000244409 0 
-0.000561532 0.000451172 0 
-0.000693509 0.000244409 0 
-0.00042974 -0.000253818 0 
-0.00016793 0.000389187 0 
-0.00064515 0.000155266 0 
-0.00016793 0.000389187 0 
-0.000843002 -0.000266973 0 
-0.000775871 -0.000308276 0 
-0.000762054 -0.000188829 0 
-0.000775871 -0.000308276 0 
-0.000439876 -0.000446168 0 
-0.000405448 -0.000394249 0 
-0.000366794 -0.000345459 0 
-0.000405448 -0.000394249 0 
-0.000436848 -0.000341869 0 
-0.00112541 -0.000312397 0 
-0.000791798 -0.000492063 0 
-0.00112541 -0.000312397 0 
-0.000782044 0.000365836 0 
-0.00111248 0.000228739 0 
-0.000860656 2.90018e-05 0 
-0.00111248 0.000228739 0 
-0.000680479 4.70026e-05 0 
-0.000779856 -0.000131908 0 
-0.000514792 -4.27893e-05 0 
-0.000779856 -0.000131908 0 
-0.000895022 0.000259674 0 
-0.00134412 -0.000174046 0 
-0.000823925 -0.000195672 0 
-0.00134412 -0.000174046 0 
-0.000564319 0.000558761 0 
-0.00203323 0.000993563 0 
-0.000857122 6.43393e-08 0 
-0.00203323 0.000993563 0 
5.22253e-06 -2.28055e-06 0 
-1.4123e-05 1.00505e-05 0 
-1.32432e-08 -1.48228e-06 0 
-1.4123e-05 1.00505e-05 0 
-0.00217677 0.000277454 0 
-0.00358785 -0.00137162 0 
-0.00101999 -0.000562209 0 
-0.00358785 -0.00137162 0 
-0.0013557 -0.000751165 0 
-0.000761084 -0.000455604 0 
-0.00119308 -0.000295911 0 
-0.000761084 -0.000455604 0 
-0.000482085 -0.000892722 0 
-0.000459966 -0.000312247 0 
-0.000852185 -0.000536981 0 
-0.000459966 -0.000312247 0 
-0.000310562 0.000812834 0 
-0.000524632 0.000957892 0 
-0.000728491 0.000789184 0 
-0.000524632 0.000957892 0 
-0.000574352 0.000223102 0 
-0.000389853 0.000479572 0 
-0.000476337 0.000460184 0 
-0.000389853 0.000479572 0 
-0.000435771 0.000370848 0 
-0.000457979 0.000159669 0 
-0.000297268 0.00028254 0 
-0.000457979 0.000159669 0 
-0.000789406 0.000350379 0 
-0.0011009 0.000218742 0 
-0.000883657 2.99709e-05 0 
-0.0011009 0.000218742 0 
-0.00122909 0.0013481 0 
-0.00144276 0.0022625 0 
-0.00199393 0.00167276 0 
-0.00144276 0.0022625 0 
-0.000322876 -0.00035078 0 
-0.000655197 7.83332e-05 0 
-0.000640345 -0.000250475 0 
-0.000655197 7.83332e-05 0 
-0.000186749 -0.000260318 0 
-0.000270566 -6.06228e-05 0 
-0.000424707 -0.000194854 0 
-0.000270566 -6.06228e-05 0 
-0.00100688 -8.2521e-05 0 
-0.00101111 1.80698e-05 0 
-0.00105463 1.94783e-05 0 
-0.00101111 1.80698e-05 0 
-0.000631735 0.000238359 0 
-0.000744682 0.000529812 0 
-0.00088092 0.000243848 0 
-0.000744682 0.000529812 0 
-0.00148084 0.000148281 0 
-0.00116901 -0.000525079 0 
-0.000715403 -0.000118222 0 
-0.00116901 -0.000525079 0 
-0.00117663 -0.000244177 0 
-0.00072666 0.000407195 0 
-0.00135578 0.000308777 0 
-0.00072666 0.000407195 0 
-0.000535191 0.000502256 0 
-0.00076851 0.000767008 0 
-0.00081247 0.000427226 0 
-0.00076851 0.000767008 0 
-2.28016e-05 -0.00023489 0 
-0.000146871 3.79632e-05 0 
-0.000391555 -0.000218028 0 
-0.000146871 3.79632e-05 0 
-0.000555974 -0.00100719 0 
0.000297543 -0.000887906 0 
-0.000105475 -0.000445257 0 
0.000297543 -0.000887906 0 
-0.000738367 0.000364081 0 
-0.0015094 0.000717877 0 
-0.00137012 0.000183866 0 
-0.0015094 0.000717877 0 
-0.000541401 -0.00095183 0 
-0.000277555 -0.000590138 0 
-0.000486095 -0.000218107 0 
-0.000277555 -0.000590138 0 
-0.000900531 0.000175649 0 
-0.00120528 0.000406998 0 
-0.00119152 0.000105386 0 
-0.00120528 0.000406998 0 
-0.000434798 0.000155667 0 
-0.000512301 -3.21229e-05 0 
-0.000306475 -3.25934e-05 0 
-0.000512301 -3.21229e-05 0 
-0.00123684 0.000422754 0 
-0.000947103 -0.000432574 0 
-0.000655988 -0.000106893 0 
-0.000947103 -0.000432574 0 
-9.94959e-05 -4.81715e-05 0 
-7.11618e-05 -2.11612e-05 0 
-0.000122123 -4.00271e-06 0 
-7.11618e-05 -2.11612e-05 0 
-0.00115614 -0.000373066 0 
-0.000802841 -0.000147686 0 
-0.00103744 0.000147199 0 
-0.000802841 -0.000147686 0 
-0.000296979 0.000353922 0 
-0.000311838 0.000313621 0 
-0.000277267 0.00027238 0 
-0.000311838 0.000313621 0 
-0.00091469 0.000195854 0 
-0.000787567 0.000143177 0 
-0.000921033 0.00033607 0 
-0.000787567 0.000143177 0 
-0.00113589 -0.000281878 0 
-0.000353916 4.33904e-07 0 
-0.00115158 8.8844e-06 0 
-0.000353916 4.33904e-07 0 
1.23941e-05 -1.08101e-05 0 
-7.21567e-06 -5.68596e-06 0 
-1.56282e-05 -1.46094e-05 0 
-7.21567e-06 -5.68596e-06 0 
-0.000556694 -0.000308149 0 
-9.97706e-05 -0.00020045 0 
-0.000453494 -1.84431e-05 0 
-9.97706e-05 -0.00020045 0 
-0.000671924 -0.000435889 0 
-0.000504646 -0.000431979 0 
-0.000534222 -0.000337901 0 
-0.000504646 -0.000431979 0 
-0.00109935 9.15926e-05 0 
-0.00091085 -6.16196e-05 0 
-0.000916216 5.29582e-05 0 
-0.00091085 -6.16196e-05 0 
-0.00116282 0.000354709 0 
-0.000911401 0.00149708 0 
-0.00182295 0.000907603 0 
-0.000911401 0.00149708 0 
-0.000972488 0.000292698 0 
-0.000698464 0.000244306 0 
-0.00091581 0.000531667 0 
-0.000698464 0.000244306 0 
-4.55855e-05 0.000156641 0 
-0.000315866 0.000173023 0 
-0.000245707 -1.18541e-06 0 
-0.000315866 0.000173023 0 
-0.000839238 0.00112957 0 
-0.00177867 0.000724575 0 
-0.000870029 0.00102936 0 
-0.00177867 0.000724575 0 
-0.000858277 6.2187e-05 0 
-0.00124544 -3.67455e-05 0 
-0.000942402 -0.000228363 0 
-0.00124544 -3.67455e-05 0 
-0.000365482 -0.000321415 0 
-0.000191369 -0.000321164 0 
-0.000251997 -0.000217048 0 
-0.000191369 -0.000321164 0 
-0.00169788 -0.000946002 0 
-0.000200086 -0.000512763 0 
-0.000854773 -0.000187309 0 
-0.000200086 -0.000512763 0 
-8.99646e-05 0.000392025 0 
-0.00121847 0.000966862 0 
-0.000864704 0.000236932 0 
-0.00121847 0.000966862 0 
-0.000734749 0.00011822 0 
-0.000580992 0.000238984 0 
-0.000818838 0.000346857 0 
-0.000580992 0.000238984 0 
-0.0005677 -0.00152216 0 
0.000123 -0.00046947 0 
-0.000588357 -0.000525633 0 
0.000123 -0.00046947 0 
-0.0007464 0.000276852 0 
-0.000718395 0.000141725 0 
-0.000594214 0.000143572 0 
-0.000718395 0.000141725 0 
-0.000217537 6.84417e-05 0 
-0.000253203 -4.39341e-05 0 
-0.000194874 5.73237e-07 0 
-0.000253203 -4.39341e-05 0 
-0.00221071 -0.000731499 0 
-0.000658593 -0.000685822 0 
-0.00101476 -0.000187744 0 
-0.000658593 -0.000685822 0 
-0.00128943 0.00023167 0 
-0.00151172 -0.000262086 0 
-0.000669921 2.58424e-05 0 
-0.00151172 -0.000262086 0 
-0.000785483 -0.000777219 0 
-0.000287817 -0.00102669 0 
-0.000477878 -0.000470656 0 
-0.000287817 -0.00102669 0 
-0.000398104 0.000460546 0 
-0.000126271 0.0002915 0 
-0.000271818 0.000806883 0 
-0.000126271 0.0002915 0 
-0.000684268 0.000134004 0 
-0.000412839 -2.66364e-06 0 
-0.000543299 0.00038532 0 
-0.000412839 -2.66364e-06 0 
-0.00070585 0.000140686 0 
-0.000142703 0.000512605 0 
-0.000900999 0.000724904 0 
-0.000142703 0.000512605 0 
-0.000172945 -0.000166826 0 
-0.000548177 -0.000523722 0 
-0.000399756 -0.000250409 0 
-0.000548177 -0.000523722 0 
-0.000670154 -0.000211329 0 
-0.000513771 -0.000178008 0 
-0.000530822 -4.77296e-05 0 
-0.000513771 -0.000178008 0 
-0.000527136 -0.000939611 0 
-0.000334981 -0.000656049 0 
-0.000668712 -0.000665575 0 
-0.000334981 -0.000656049 0 
-0.00107737 0.000509571 0 
-0.000944513 0.000214857 0 
-0.000636929 0.000760028 0 
-0.000944513 0.000214857 0 
-0.000470637 -9.27293e-05 0 
-0.000279352 0.000228292 0 
-0.000740219 1.11001e-05 0 
-0.000279352 0.000228292 0 
-0.0034123 0.000488024 0 
-0.000812325 0.000565235 0 
-0.00201217 0.000625456 0 
-0.000812325 0.000565235 0 
-0.00135958 0.000199242 0 
-0.000611885 0.000140331 0 
-0.00122583 0.000354921 0 
-0.000611885 0.000140331 0 
-0.000690749 0.000174188 0 
-0.000885548 -9.10924e-06 0 
-0.00067069 -2.64143e-05 0 
-0.000885548 -9.10924e-06 0 
-0.000821807 0.000437064 0 
-0.000750792 0.000748338 0 
-0.000904991 0.000551605 0 
-0.000750792 0.000748338 0 
-0.000528814 0.000339651 0 
-0.0012242 0.000412844 0 
-0.000631453 -0.000126131 0 
-0.0012242 0.000412844 0 
-0.000134912 3.02315e-05 0 
-0.000159958 -0.000125632 0 
-0.000110388 -4.96839e-05 0 
-0.000159958 -0.000125632 0 
-0.00067889 -0.000173573 0 
-0.000351093 -0.000435867 0 
-0.000655408 -0.000126621 0 
-0.000351093 -0.000435867 0 
-0.000550347 -0.000537301 0 
-0.000557558 -0.000102514 0 
-0.000845118 -0.000319145 0 
-0.000557558 -0.000102514 0 
-0.00116419 -0.000285947 0 
-0.00127341 -0.000820279 0 
-0.000817268 -0.000384345 0 
-0.00127341 -0.000820279 0 
-0.00171076 0.000328138 0 
-0.00119909 -0.000375756 0 
-0.000808348 -0.000115011 0 
-0.00119909 -0.000375756 0 
-0.00177722 -0.000319531 0 
-0.000739477 0.000145596 0 
-0.00131169 0.000917703 0 
-0.000739477 0.000145596 0 
-0.000384238 -0.000459981 0 
-0.000337158 -0.000125886 0 
-0.000645286 -0.000249574 0 
-0.000337158 -0.000125886 0 
-0.000602624 0.000270197 0 
-0.000182091 -0.000238657 0 
-0.000166405 0.000388718 0 
-0.000182091 -0.000238657 0 
-0.00240239 0.000569948 0 
-0.00159873 -0.000132572 0 
-0.000681095 0.000673023 0 
-0.00159873 -0.000132572 0 
-0.000222505 -0.000444884 0 
-0.000250242 -1.14065e-05 0 
-0.000599954 -0.000232266 0 
-0.000250242 -1.14065e-05 0 
-0.00135444 0.000430834 0 
-0.00100725 6.18801e-05 0 
-0.00108603 0.000230676 0 
-0.00100725 6.18801e-05 0 
0.000244546 -3.16494e-05 0 
-0.000687442 0.000567717 0 
-0.000303792 -2.81312e-05 0 
-0.000687442 0.000567717 0 
0.0001186 -0.000528714 0 
8.72699e-05 -0.000314919 0 
-0.000104407 -0.000318226 0 
8.72699e-05 -0.000314919 0 
7.65766e-05 -0.000617828 0 
-0.000166026 0.000421263 0 
-0.000470081 -0.000272954 0 
-0.000166026 0.000421263 0 
-5.57134e-05 0.000342284 0 
-0.000330675 0.00104234 0 
-0.00111625 0.000314494 0 
-0.000330675 0.00104234 0 
-0.00128687 0.000492597 0 
-0.00221012 0.000113415 0 
-0.00146612 -0.00026429 0 
-0.00221012 0.000113415 0 
-0.000404759 -0.000259176 0 
-0.000802877 0.000153673 0 
-0.00106304 -0.000103998 0 
-0.000802877 0.000153673 0 
-0.000426056 -0.000607162 0 
0.00018521 -0.000678365 0 
-2.76964e-05 -0.000481617 0 
0.00018521 -0.000678365 0 
-0.000193082 0.000237671 0 
-0.000133935 0.000130432 0 
-3.87656e-05 0.00023145 0 
-0.000133935 0.000130432 0 
-0.00029913 0.000408255 0 
-0.000622238 0.000137604 0 
-0.000205024 2.87825e-05 0 
-0.000622238 0.000137604 0 
-0.00110865 6.09943e-05 0 
-0.000793759 0.000202645 0 
-0.00120459 0.000395092 0 
-0.000793759 0.000202645 0 
-0.00112734 -0.000861151 0 
-0.0015343 -0.000612036 0 
-0.00169507 -0.00119831 0 
-0.0015343 -0.000612036 0 
-0.000443935 0.00164774 0 
-0.00202203 0.0013102 0 
-0.00088811 0.000701122 0 
-0.00202203 0.0013102 0 
-0.00152666 0.00042713 0 
-0.00097637 0.000207726 0 
-0.000723579 0.000722471 0 
-0.00097637 0.000207726 0 
-0.000927735 0.000692458 0 
-0.0011312 0.000261994 0 
-0.000749081 0.000307299 0 
-0.0011312 0.000261994 0 
-0.000625621 -0.000162323 0 
-0.00106569 -0.000474281 0 
-0.000527692 -0.000484072 0 
-0.00106569 -0.000474281 0 
-0.00126424 0.000343014 0 
-1.24984e-05 1.89754e-05 0 
-0.000364984 0.000399821 0 
-1.24984e-05 1.89754e-05 0 
-0.000548316 0.000235705 0 
-0.000231647 0.000663841 0 
-0.000736259 0.000574115 0 
-0.000231647 0.000663841 0 
-0.000754584 0.000877263 0 
-0.0004778 0.000655103 0 
-0.000757467 0.000672967 0 
-0.0004778 0.000655103 0 
-2.3144e-05 -0.000781524 0 
0.000232883 -0.000248637 0 
-0.0001602 -0.000339965 0 
0.000232883 -0.000248637 0 
-0.0010292 -0.000167666 0 
-0.000451039 -0.000297872 0 
-0.000708534 6.21884e-06 0 
-0.000451039 -0.000297872 0 
-0.00121062 -0.000474938 0 
-0.00078218 -0.000623985 0 
-0.000828046 -0.000319343 0 
-0.00078218 -0.000623985 0 
-0.000137367 -0.00033125 0 
-0.000312529 -0.000232111 0 
-0.000373901 -0.000291151 0 
-0.000312529 -0.000232111 0 
-0.000736359 0.000357646 0 
-0.000681728 0.000214856 0 
-0.000569945 0.00029455 0 
-0.000681728 0.000214856 0 
-0.000883873 0.000441604 0 
-0.000879311 0.000418976 0 
-0.000826663 0.000331859 0 
-0.000879311 0.000418976 0 
-0.000605571 0.00038019 0 
-0.00200092 0.000361571 0 
-0.00133862 0.000153533 0 
-0.00200092 0.000361571 0 
-0.000289346 -0.000612786 0 
-8.27167e-05 -7.30707e-05 0 
-0.000420164 -1.242e-05 0 
-8.27167e-05 -7.30707e-05 0 
-0.000958947 -0.00215513 0 
-0.00109402 -0.000844494 0 
-0.00136821 -0.00166881 0 
-0.00109402 -0.000844494 0 
-0.00128023 -0.000162624 0 
-0.00142496 -0.000807031 0 
-0.00125282 -0.000435424 0 
-0.00142496 -0.000807031 0 
-0.000864127 0.00025171 0 
-0.000959792 0.000248536 0 
-0.000919584 0.000160437 0 
-0.000959792 0.000248536 0 
-6.03802e-05 0.000797867 0 
-0.00163508 0.00178837 0 
-0.0006319 0.000584534 0 
-0.00163508 0.00178837 0 
-0.000957564 -0.00375245 0 
-0.000340825 -0.000901259 0 
-0.00111872 -0.000936624 0 
-0.000340825 -0.000901259 0 
-0.00125409 0.000770858 0 
-0.00131456 -3.18218e-05 0 
-0.00110992 0.000167453 0 
-0.00131456 -3.18218e-05 0 
-0.000173496 0.00017142 0 
-7.60088e-05 -1.52814e-05 0 
9.24144e-06 8.72034e-07 0 
-7.60088e-05 -1.52814e-05 0 
-0.00158533 0.000130765 0 
-0.000814695 -0.000197135 0 
-0.00099273 -1.74356e-05 0 
-0.000814695 -0.000197135 0 
-0.00172631 -0.000127675 0 
-0.000445652 0.000157273 0 
-0.000882927 0.000248596 0 
-0.000445652 0.000157273 0 
-0.00126277 -0.000415129 0 
-0.00122239 -4.40919e-05 0 
-0.00130279 -0.000116971 0 
-0.00122239 -4.40919e-05 0 
-0.00106577 0.000558952 0 
-0.000768421 -1.66931e-07 0 
-0.000610143 0.000422986 0 
-0.000768421 -1.66931e-07 0 
-0.000798984 -0.000387 0 
-0.000494829 -0.000393865 0 
-0.000726363 -0.000174857 0 
-0.000494829 -0.000393865 0 
-0.000429634 -0.000531442 0 
-0.00062577 -0.000218852 0 
-0.000813907 -0.000350101 0 
-0.00062577 -0.000218852 0 
-0.00107031 4.91065e-05 0 
-0.00112152 -6.62134e-05 0 
-0.00102822 -5.65171e-06 0 
-0.00112152 -6.62134e-05 0 
-0.00138512 -0.000212913 0 
-0.0027692 -0.00120422 0 
-0.00172837 -0.00128741 0 
-0.0027692 -0.00120422 0 
2.83621e-05 2.98847e-05 0 
0.000265673 0.000397846 0 
-3.09632e-05 0.000223839 0 
0.000265673 0.000397846 0 
-0.00153085 0.000652125 0 
-0.00193038 0.000802044 0 
-0.00157205 0.000331765 0 
-0.00193038 0.000802044 0 
-0.00296128 0.000591804 0 
-0.00178933 0.000217792 0 
-0.00252702 -0.000195466 0 
-0.00178933 0.000217792 0 
0.000124278 -0.000875869 0 
-0.000403128 -0.000532842 0 
-0.000458025 -0.000833064 0 
-0.000403128 -0.000532842 0 
-0.00112705 0.000242726 0 
-0.000911726 0.000185963 0 
-0.00103739 0.00036205 0 
-0.000911726 0.000185963 0 
0.000314627 6.18768e-06 0 
-0.00107485 0.000885729 0 
-0.00043406 2.90815e-05 0 
-0.00107485 0.000885729 0 
-0.00107415 0.0001328 0 
-0.000919019 0.000391452 0 
-0.00102483 0.000369066 0 
-0.000919019 0.000391452 0 
-0.000158446 0.000110108 0 
-7.76383e-05 0.000143577 0 
-0.000326065 -0.000113576 0 
-7.76383e-05 0.000143577 0 
-0.000209836 -0.000496057 0 
-0.000513124 -0.000733709 0 
-0.000513341 -0.000311508 0 
-0.000513124 -0.000733709 0 
-0.00397959 0.00210953 0 
-0.00388714 0.00191314 0 
-0.00221501 0.000765429 0 
-0.00388714 0.00191314 0 
-2.05263e-05 -0.00049213 0 
-0.000124401 0.000386972 0 
-0.000411089 0.000141367 0 
-0.000124401 0.000386972 0 
-0.000900559 -0.0014278 0 
-0.000722044 -0.0013852 0 
-0.00100063 -0.00136626 0 
-0.000722044 -0.0013852 0 
-0.00094492 -5.63927e-06 0 
-0.000886242 -0.000350141 0 
-0.000655275 -0.000230637 0 
-0.000886242 -0.000350141 0 
0.000457758 -0.000405598 0 
-0.000429567 0.000157196 0 
-0.000274327 -0.000323521 0 
-0.000429567 0.000157196 0 
-0.000761724 0.000644015 0 
-0.000951734 0.000352447 0 
-0.00062667 0.000315433 0 
-0.000951734 0.000352447 0 
-0.000378872 -0.000119235 0 
-0.000513456 2.51017e-05 0 
-0.000598446 -8.53345e-05 0 
-0.000513456 2.51017e-05 0 
-0.00182801 -0.00128279 0 
-0.000724211 -0.00103015 0 
-0.00119823 -0.000556549 0 
-0.000724211 -0.00103015 0 
-0.000788649 0.000315323 0 
-0.000527466 0.000252342 0 
-0.000636348 0.000470779 0 
-0.000527466 0.000252342 0 
-0.00118742 -5.36984e-05 0 
-0.00111166 -0.000402383 0 
-0.000989528 -0.00028527 0 
-0.00111166 -0.000402383 0 
-0.000252431 0.00023836 0 
-0.000711624 0.00077092 0 
-0.00075787 0.000191502 0 
-0.000711624 0.00077092 0 
-0.00038882 -0.000158876 0 
-0.000324332 -0.000202414 0 
-0.000290413 -0.00010266 0 
-0.000324332 -0.000202414 0 
-0.000444131 -0.000686441 0 
-0.000641616 -0.00122872 0 
-0.000317402 -0.000787308 0 
-0.000641616 -0.00122872 0 
-0.000452883 0.000177757 0 
-2.51688e-05 -0.000273007 0 
-0.0002694 1.24484e-05 0 
-2.51688e-05 -0.000273007 0 
-0.000801829 0.000272478 0 
-0.000608125 0.000254003 0 
-0.000882788 0.000613786 0 
-0.000608125 0.000254003 0 
-0.000871032 -0.00148447 0 
-0.00101299 -0.00129788 0 
-0.00110549 -0.00151057 0 
-0.00101299 -0.00129788 0 
-0.000747281 -0.000387377 0 
-0.000902189 -0.000502415 0 
-0.000593209 -0.000314101 0 
-0.000902189 -0.000502415 0 
-0.00078757 0.000185111 0 
-0.00161139 0.000311152 0 
-0.000968691 -0.000407818 0 
-0.00161139 0.000311152 0 
0.000128721 -0.00122085 0 
-7.36655e-05 -0.000101674 0 
-0.000230074 -0.000668824 0 
-7.36655e-05 -0.000101674 0 
-0.000149994 -0.000581886 0 
-5.26563e-05 0.000451755 0 
-0.000253359 1.90909e-05 0 
-5.26563e-05 0.000451755 0 
-0.000695224 0.000412258 0 
-0.000854566 0.000321597 0 
-0.000709715 0.000355009 0 
-0.000854566 0.000321597 0 
-0.00198532 0.000271309 0 
-0.00173255 -0.000399523 0 
-0.00164437 8.84733e-05 0 
-0.00173255 -0.000399523 0 
-0.00139391 -0.000692102 0 
-0.00170679 -0.000601361 0 
-0.00121006 -0.000623058 0 
-0.00170679 -0.000601361 0 
-0.00131436 0.000820593 0 
-0.00225067 0.000447364 0 
-0.0013678 0.000807818 0 
-0.00225067 0.000447364 0 
-0.00121753 0.000500088 0 
-0.000772018 6.39811e-05 0 
-0.000833696 0.000678395 0 
-0.000772018 6.39811e-05 0 
7.34929e-05 -0.000614979 0 
-0.000499021 -0.000246219 0 
-0.000453831 -0.00062174 0 
-0.000499021 -0.000246219 0 
-0.0010007 -0.000149463 0 
-0.0010502 -0.000494797 0 
-0.000498352 -0.000407723 0 
-0.0010502 -0.000494797 0 
-0.001631 0.000900362 0 
-0.000869568 0.00142771 0 
-0.00107162 0.00120587 0 
-0.000869568 0.00142771 0 
-0.000681775 -0.000468132 0 
-0.00056826 -0.000433322 0 
-0.000645642 -0.000358838 0 
-0.00056826 -0.000433322 0 
-0.00065986 -0.000517977 0 
-0.000655857 0.000144651 0 
-0.000860844 -9.18959e-05 0 
-0.000655857 0.000144651 0 
-0.000886188 -0.000261157 0 
-0.000733257 -0.000192707 0 
-0.000879146 -0.000103658 0 
-0.000733257 -0.000192707 0 
-0.00157484 -8.02624e-05 0 
-0.000961997 -0.00107556 0 
-0.000613113 -0.000245303 0 
-0.000961997 -0.00107556 0 
-0.00085959 -0.000313948 0 
-0.000900352 -6.15696e-05 0 
-0.0010177 -0.000199348 0 
-0.000900352 -6.15696e-05 0 
-0.0013056 0.000265644 0 
-0.00243514 -0.000436548 0 
-0.0010869 -0.000287482 0 
-0.00243514 -0.000436548 0 
-0.000485156 -0.000246369 0 
-0.000420813 9.78964e-05 0 
-0.000707463 4.60188e-06 0 
-0.000420813 9.78964e-05 0 
-0.000270335 0.000332319 0 
-0.000700818 0.000163654 0 
-0.000586432 -4.25236e-06 0 
-0.000700818 0.000163654 0 
-0.00184527 -0.00037101 0 
-0.00078884 -0.000161855 0 
-0.00148489 0.000181767 0 
-0.00078884 -0.000161855 0 
-0.000669909 -0.00166619 0 
2.08054e-05 -0.00148261 0 
-0.000353383 -0.00112339 0 
2.08054e-05 -0.00148261 0 
-0.000159622 0.000889059 0 
-0.000393535 0.00103215 0 
-0.00060305 0.00101249 0 
-0.000393535 0.00103215 0 
-0.0001544 0.000500642 0 
-0.000916161 0.000377352 0 
-0.000833331 -0.000185478 0 
-0.000916161 0.000377352 0 
-0.000428336 -0.000184166 0 
-0.000808759 -0.000232927 0 
-0.000627194 -0.000455556 0 
-0.000808759 -0.000232927 0 
-7.70781e-05 7.09565e-05 0 
-0.000403428 0.000162725 0 
-0.000332933 -3.85458e-05 0 
-0.000403428 0.000162725 0 
-0.000925533 0.000871699 0 
-0.00176629 0.000144447 0 
-0.00104123 0.000379792 0 
-0.00176629 0.000144447 0 
-0.000409804 -0.000142192 0 
-0.000577865 5.33653e-05 0 
-0.000681669 -0.000288663 0 
-0.000577865 5.33653e-05 0 
-0.00127907 0.000198889 0 
-0.000678432 0.000107071 0 
-0.000572923 0.000686983 0 
-0.000678432 0.000107071 0 
-0.000906287 -0.000195148 0 
-0.000794284 0.000340225 0 
-0.0011771 0.000209876 0 
-0.000794284 0.000340225 0 
-0.00105773 0.000299125 0 
-0.00108709 0.000455223 0 
-0.0011698 0.000375747 0 
-0.00108709 0.000455223 0 
-0.00101053 0.000484887 0 
-0.000976123 0.000739445 0 
-0.000744929 0.000318002 0 
-0.000976123 0.000739445 0 
-0.000182735 -0.000203503 0 
-6.82331e-05 -2.76803e-05 0 
-0.000226662 -1.78751e-05 0 
-6.82331e-05 -2.76803e-05 0 
-0.000502832 -8.66726e-05 0 
-0.000468205 0.000315004 0 
-0.000688995 0.000178015 0 
-0.000468205 0.000315004 0 
-0.000592262 0.000157226 0 
-0.00061509 0.000190034 0 
-0.000615517 0.000173293 0 
-0.00061509 0.000190034 0 
-0.000626638 -0.000227307 0 
-0.000604291 -0.000179188 0 
-0.000587503 -0.000246847 0 
-0.000604291 -0.000179188 0 
-0.000549832 6.1182e-05 0 
-0.0015189 0.000903205 0 
-0.001406 -6.2316e-06 0 
-0.0015189 0.000903205 0 
-0.00045909 -0.000358673 0 
-0.000534794 -0.000469045 0 
-0.000424601 -0.000484132 0 
-0.000534794 -0.000469045 0 
-0.000446665 -5.65565e-06 0 
-0.000223838 0.000115845 0 
-0.000465249 0.000392223 0 
-0.000223838 0.000115845 0 
-0.000110771 -0.000278297 0 
-0.000602121 -0.000145049 0 
-0.000380167 -0.00055121 0 
-0.000602121 -0.000145049 0 
-0.000642185 0.000121899 0 
-0.000649324 0.000614184 0 
-0.00100826 0.000292812 0 
-0.000649324 0.000614184 0 
-0.000115034 -0.00183123 0 
-3.10803e-05 -0.00139582 0 
-0.00142465 0.000509813 0 
-3.10803e-05 -0.00139582 0 
-0.000470549 -0.000390023 0 
-0.000633777 -0.000451173 0 
-0.000646893 -0.000314649 0 
-0.000633777 -0.000451173 0 
-0.000108625 -0.000286927 0 
3.56721e-05 5.68736e-06 0 
-6.8116e-05 -2.78121e-05 0 
3.56721e-05 5.68736e-06 0 
-0.000431466 -0.000257125 0 
-0.000353243 -0.000272905 0 
-0.000437162 -0.000139868 0 
-0.000353243 -0.000272905 0 
-0.00019486 -0.000203752 0 
-0.000558813 -0.000366194 0 
-0.000277376 -0.000468812 0 
-0.000558813 -0.000366194 0 
-0.000418541 -3.10112e-05 0 
-0.000700414 5.93845e-05 0 
-0.000777488 -0.000116196 0 
-0.000700414 5.93845e-05 0 
-0.000353968 -0.000242313 0 
-0.00127406 -0.000496565 0 
-0.000470465 -0.000624807 0 
-0.00127406 -0.000496565 0 
4.23633e-05 -0.000462381 0 
-0.000474714 -0.000111478 0 
-0.00045171 -0.000373355 0 
-0.000474714 -0.000111478 0 
-0.00113535 3.76821e-05 0 
-0.000960093 4.40498e-05 0 
-0.0010231 0.000152939 0 
-0.000960093 4.40498e-05 0 
8.30538e-05 -0.000917749 0 
-0.000266538 0.000464797 0 
-0.000446847 -0.00026782 0 
-0.000266538 0.000464797 0 
-0.000148398 0.000370042 0 
-0.000551127 0.000558307 0 
-0.00054974 0.000162517 0 
-0.000551127 0.000558307 0 
-0.00105768 2.55744e-05 0 
-0.000875091 0.000420629 0 
-0.00127728 0.000242044 0 
-0.000875091 0.000420629 0 
-0.000826881 0.000224436 0 
-0.000602651 0.000501732 0 
-0.000854675 0.000555737 0 
-0.000602651 0.000501732 0 
-0.0018685 0.000760278 0 
-0.00103311 0.000464978 0 
-0.000573535 0.000841604 0 
-0.00103311 0.000464978 0 
-0.000477129 0.000201708 0 
-0.000753033 0.000562107 0 
-0.00124374 7.65204e-05 0 
-0.000753033 0.000562107 0 
-0.00167646 0.00074458 0 
-0.00143183 0.000287286 0 
-0.00120783 0.000562851 0 
-0.00143183 0.000287286 0 
-0.000825478 0.000473785 0 
-0.00102539 0.000291859 0 
-0.000787593 0.000179659 0 
-0.00102539 0.000291859 0 
-0.00115906 1.28463e-05 0 
-0.00146297 -0.000575793 0 
-0.00102756 -0.000115087 0 
-0.00146297 -0.000575793 0 
-0.000273759 -0.000249732 0 
-0.000247842 -0.000321415 0 
-0.000195204 -0.000240701 0 
-0.000247842 -0.000321415 0 
-0.000852119 -0.000359534 0 
-0.00104317 2.14082e-05 0 
-0.00100177 -0.000291643 0 
-0.00104317 2.14082e-05 0 
-0.000855903 2.18919e-05 0 
-0.000646499 -4.05758e-05 0 
-0.000689137 0.000176876 0 
-0.000646499 -4.05758e-05 0 
-0.000892181 -0.00147835 0 
-0.000908714 -0.00142385 0 
-0.000958988 -0.00138643 0 
-0.000908714 -0.00142385 0 
-0.000196083 -0.000560069 0 
0.000104859 -0.000418751 0 
-0.000148848 -0.000347255 0 
0.000104859 -0.000418751 0 
-0.00081381 0.000756136 0 
-0.00107206 0.000571063 0 
-0.000894279 0.000550279 0 
-0.00107206 0.000571063 0 
1.56257e-05 -0.000235 0 
-8.1089e-05 0.000223602 0 
-0.000136666 -3.41222e-05 0 
-8.1089e-05 0.000223602 0 
-0.00104247 0.000178168 0 
-0.00114396 6.57037e-05 0 
-0.000971472 4.33946e-05 0 
-0.00114396 6.57037e-05 0 
-0.000108437 -0.00015476 0 
-0.000228314 2.78937e-05 0 
-0.000380357 -0.000156918 0 
-0.000228314 2.78937e-05 0 
-0.00114118 0.000397064 0 
-0.000848293 0.00020095 0 
-0.000834717 0.000577628 0 
-0.000848293 0.00020095 0 
-0.000498285 0.000912708 0 
-0.00101275 0.000514915 0 
-0.000489727 0.000501328 0 
-0.00101275 0.000514915 0 
-0.00095171 -8.95065e-05 0 
-0.00107959 9.37817e-05 0 
-0.0011081 -5.67721e-05 0 
-0.00107959 9.37817e-05 0 
-0.000580739 -5.13497e-05 0 
-0.000729626 7.3959e-05 0 
-0.000743716 -9.9395e-05 0 
-0.000729626 7.3959e-05 0 
-0.00155426 0.00234935 0 
-0.00107403 0.00181184 0 
-0.00110369 0.00119484 0 
-0.00107403 0.00181184 0 
-0.000618998 6.7761e-05 0 
-0.000896908 -4.58476e-05 0 
-0.000654624 -0.000298128 0 
-0.000896908 -4.58476e-05 0 
0.000128139 9.96652e-05 0 
0.000365758 0.000455506 0 
-2.38561e-05 0.000489515 0 
0.000365758 0.000455506 0 
-0.00217948 0.000174297 0 
-0.00199628 -0.000485219 0 
-0.00127336 -2.20671e-05 0 
-0.00199628 -0.000485219 0 
-0.000422146 -0.000182825 0 
-0.000363132 -0.000124076 0 
-0.00051104 -4.49478e-05 0 
-0.000363132 -0.000124076 0 
-0.000213605 0.000241275 0 
-0.000348371 0.000865336 0 
-0.000590641 0.00052487 0 
-0.000348371 0.000865336 0 
-0.001019 -0.00206883 0 
5.51604e-06 -0.000360877 0 
-0.000907266 -0.000524873 0 
5.51604e-06 -0.000360877 0 
-0.00051636 0.000356856 0 
-0.000321185 0.000219533 0 
-0.000416135 0.000431362 0 
-0.000321185 0.000219533 0 
-0.00101162 -0.000426291 0 
-0.000768277 -0.000166512 0 
-0.000984889 -0.000134251 0 
-0.000768277 -0.000166512 0 
-0.000117982 -0.00101891 0 
-0.00055852 -0.000142695 0 
-0.000761832 -0.000835476 0 
-0.00055852 -0.000142695 0 
-0.000284285 0.000136015 0 
-0.000101502 2.67262e-05 0 
-5.51976e-05 8.66278e-05 0 
-0.000101502 2.67262e-05 0 
-0.00099346 0.000570181 0 
-0.00103218 0.000186102 0 
-0.000872379 0.00026702 0 
-0.00103218 0.000186102 0 
-0.000409569 -0.000432896 0 
-0.000960357 -0.000198768 0 
-0.000573426 -0.000697293 0 
-0.000960357 -0.000198768 0 
-0.00049784 -5.91332e-05 0 
-0.000515093 -2.634e-05 0 
-0.000481133 -0.000137141 0 
-0.000515093 -2.634e-05 0 
8.82111e-05 -0.000317929 0 
2.75051e-05 5.70618e-05 0 
-9.14455e-05 -0.000100871 0 
2.75051e-05 5.70618e-05 0 
-0.00118617 0.000709676 0 
-0.000774181 0.00108294 0 
-0.00110366 0.000924954 0 
-0.000774181 0.00108294 0 
-0.000439594 0.00022938 0 
-0.000706241 0.000272606 0 
-0.000784434 -1.48841e-05 0 
-0.000706241 0.000272606 0 
-0.00115625 0.00028935 0 
-0.000906286 -0.000334525 0 
-0.000666248 0.000170348 0 
-0.000906286 -0.000334525 0 
-1.80013e-05 3.44276e-06 0 
-2.12225e-06 -6.62091e-06 0 
-2.64065e-06 2.21125e-06 0 
-2.12225e-06 -6.62091e-06 0 
-0.000342832 0.000156903 0 
-0.000639555 -4.89138e-05 0 
-0.000331128 -4.52526e-05 0 
-0.000639555 -4.89138e-05 0 
-2.07073e-05 -0.00038589 0 
0.000143226 -0.000212511 0 
-2.26819e-05 -0.00021294 0 
0.000143226 -0.000212511 0 
-0.00153026 0.000944873 0 
-0.00201361 1.1052e-05 0 
-0.00126639 0.000492916 0 
-0.00201361 1.1052e-05 0 
-0.00212021 0.000523117 0 
-0.00146294 -0.000379196 0 
-0.00143505 0.000263292 0 
-0.00146294 -0.000379196 0 
-0.00119141 -0.000540934 0 
-0.000637661 -0.000568055 0 
-0.000925022 -0.000292909 0 
-0.000637661 -0.000568055 0 
-0.000647663 -0.000524996 0 
-0.000761857 -0.0005751 0 
-0.000670781 -0.000646228 0 
-0.000761857 -0.0005751 0 
-0.00013279 4.96155e-06 0 
-0.000607884 0.000655738 0 
-0.000749989 -3.52251e-05 0 
-0.000607884 0.000655738 0 
-0.000912471 -0.000371996 0 
-0.000773506 -0.000430136 0 
-0.000586725 -0.0001651 0 
-0.000773506 -0.000430136 0 
-0.000933339 0.000226738 0 
-0.00104678 0.000735976 0 
-0.00110629 0.000306967 0 
-0.00104678 0.000735976 0 
-7.32045e-06 7.60036e-07 0 
1.1037e-07 4.05612e-05 0 
-8.99963e-05 4.29522e-05 0 
1.1037e-07 4.05612e-05 0 
-0.000793113 0.000437962 0 
-0.000801617 0.000195182 0 
-0.000652043 0.000394395 0 
-0.000801617 0.000195182 0 
-0.000116388 0.000322483 0 
-0.000222239 0.000171229 0 
-0.000330452 0.000149481 0 
-0.000222239 0.000171229 0 
-1.06499e-05 -0.000104121 0 
-0.00013545 0.000815244 0 
-0.000569508 0.000202352 0 
-0.00013545 0.000815244 0 
-0.000595097 0.00205095 0 
-0.00317601 -0.000253337 0 
-0.00144472 0.000243523 0 
-0.00317601 -0.000253337 0 
-0.000786202 0.000325182 0 
-0.000926069 -0.000158329 0 
-0.000618153 4.41142e-05 0 
-0.000926069 -0.000158329 0 
-0.000258807 -0.000540741 0 
-0.000410657 0.000241257 0 
-0.00100259 -2.03081e-06 0 
-0.000410657 0.000241257 0 
-2.41679e-05 0.000503955 0 
-0.000497318 0.00132581 0 
-0.000377447 0.000598145 0 
-0.000497318 0.00132581 0 
0.00012721 9.59515e-05 0 
-8.18328e-06 0.000552206 0 
-0.000160996 0.000193829 0 
-8.18328e-06 0.000552206 0 
-0.000279013 -0.00039255 0 
-0.00146053 -0.00104396 0 
-0.000863843 -0.000779994 0 
-0.00146053 -0.00104396 0 
-0.00127349 0.000453979 0 
-0.000867135 0.000299993 0 
-0.000977973 0.000717467 0 
-0.000867135 0.000299993 0 
-0.000691388 -7.39825e-05 0 
-0.000762432 -0.000174689 0 
-0.000631205 -0.000221483 0 
-0.000762432 -0.000174689 0 
-0.00104574 -0.000584916 0 
-0.000993606 -0.000576546 0 
-0.000900432 -0.000748392 0 
-0.000993606 -0.000576546 0 
-0.00108439 5.16872e-06 0 
-0.00133512 -2.81295e-05 0 
-0.00119632 -0.000117045 0 
-0.00133512 -2.81295e-05 0 
-0.00177525 0.000268089 0 
-0.00289457 -0.00128813 0 
-0.00169737 -0.000523264 0 
-0.00289457 -0.00128813 0 
-0.000653986 -0.000141831 0 
-0.000191623 1.57383e-05 0 
-0.000694681 8.71066e-05 0 
-0.000191623 1.57383e-05 0 
-0.00217213 -0.00119401 0 
-0.00123328 -0.000488029 0 
-0.0020821 -0.000161049 0 
-0.00123328 -0.000488029 0 
-0.000795305 0.00031361 0 
-0.00142914 0.000131554 0 
-0.000656055 -7.39892e-05 0 
-0.00142914 0.000131554 0 
-0.000764865 -0.000123332 0 
-0.000595307 -0.000128481 0 
-0.000704627 1.86224e-05 0 
-0.000595307 -0.000128481 0 
-0.000436006 -0.000134461 0 
-0.000629095 -0.000208986 0 
-0.000544718 -0.000283264 0 
-0.000629095 -0.000208986 0 
-0.00243282 -0.000988956 0 
-0.00282072 -0.000735461 0 
-0.00289316 -0.00113294 0 
-0.00282072 -0.000735461 0 
-0.000215553 0.000173442 0 
-0.000641597 0.000294796 0 
-0.000442562 1.65632e-05 0 
-0.000641597 0.000294796 0 
-0.00032951 0.00113028 0 
-0.000668638 0.00215921 0 
-0.000677125 0.00106792 0 
-0.000668638 0.00215921 0 
-0.000533639 0.00020029 0 
-6.8936e-05 0.000525867 0 
-0.000431691 0.000688155 0 
-6.8936e-05 0.000525867 0 
-0.0016406 0.000320433 0 
-0.00172762 0.000168485 0 
-0.00149471 0.000255354 0 
-0.00172762 0.000168485 0 
0.000293755 0.000205962 0 
-0.00181898 0.00224598 0 
-0.000808629 0.000306646 0 
-0.00181898 0.00224598 0 
-0.000791757 6.01694e-05 0 
-0.000781781 0.000122072 0 
-0.000814681 1.26889e-05 0 
-0.000781781 0.000122072 0 
-0.000515257 0.000943222 0 
-0.000570648 0.00052644 0 
-0.000421228 0.00041288 0 
-0.000570648 0.00052644 0 
-0.000284117 -0.000163848 0 
-2.81077e-05 -5.99781e-05 0 
-9.95788e-05 -3.84226e-05 0 
-2.81077e-05 -5.99781e-05 0 
-0.00182741 -0.00150682 0 
-0.000977352 -0.00304971 0 
-0.00106174 -0.00168721 0 
-0.000977352 -0.00304971 0 
-0.00193367 -0.00163693 0 
-0.00296927 -0.0019517 0 
-0.00139827 -0.00173689 0 
-0.00296927 -0.0019517 0 
-0.000456455 0.00014773 0 
-0.000846213 -0.000591438 0 
-0.00048456 -0.000293579 0 
-0.000846213 -0.000591438 0 
-1.63719e-05 -0.000334985 0 
-0.000129627 -0.000346016 0 
-5.88822e-05 -0.000411926 0 
-0.000129627 -0.000346016 0 
-0.00195809 0.000275921 0 
-0.000946832 0.000966889 0 
-0.001785 0.00101801 0 
-0.000946832 0.000966889 0 
-0.000354593 -0.000128163 0 
-0.000453106 0.000367276 0 
-0.000613278 4.29105e-05 0 
-0.000453106 0.000367276 0 
-0.000622605 0.000215296 0 
6.94873e-05 -0.000140223 0 
-0.000299837 0.000418642 0 
6.94873e-05 -0.000140223 0 
-0.000482033 0.000231054 0 
-0.000790116 0.00031601 0 
-0.000690861 0.000154714 0 
-0.000790116 0.00031601 0 
-0.00159722 0.000481991 0 
-0.00123225 6.32842e-05 0 
-0.00130313 0.000545182 0 
-0.00123225 6.32842e-05 0 
-0.000668368 -0.0005005 0 
-0.000554424 -0.000435581 0 
-0.00063217 -0.000281547 0 
-0.000554424 -0.000435581 0 
-0.000572668 -7.04569e-05 0 
-0.000564912 6.87143e-05 0 
-0.00067696 2.9592e-05 0 
-0.000564912 6.87143e-05 0 
-3.85064e-05 0.000254193 0 
-0.00110454 0.000791867 0 
-0.000531488 4.23997e-05 0 
-0.00110454 0.000791867 0 
-0.00104156 0.000346577 0 
-0.000997484 0.000342041 0 
-0.000896184 0.000253214 0 
-0.000997484 0.000342041 0 
-0.00156777 -0.000131653 0 
-0.00170247 -0.000771894 0 
-0.00106067 -0.000490031 0 
-0.00170247 -0.000771894 0 
-0.000489698 -0.000715019 0 
-0.000480491 9.75604e-05 0 
-0.000732164 -0.000322046 0 
-0.000480491 9.75604e-05 0 
-0.000590971 -0.000100448 0 
-0.000832645 0.00146825 0 
-0.0014276 0.000285515 0 
-0.000832645 0.00146825 0 
-0.00130467 0.000360207 0 
-0.0015588 -0.000381587 0 
-0.00108295 -1.48754e-05 0 
-0.0015588 -0.000381587 0 
-0.000834781 1.52484e-05 0 
-0.000692081 -1.41671e-05 0 
-0.000716222 6.63296e-05 0 
-0.000692081 -1.41671e-05 0 
-0.00133402 -1.52726e-05 0 
-0.00118781 -8.28265e-05 0 
-0.00115497 3.23294e-05 0 
-0.00118781 -8.28265e-05 0 
-0.000407094 -0.000142699 0 
-0.000578359 -8.00003e-05 0 
-0.000649409 -0.000216981 0 
-0.000578359 -8.00003e-05 0 
-0.000197287 0.00103383 0 
-0.00122421 0.00100351 0 
-0.000620669 0.000574681 0 
-0.00122421 0.00100351 0 
-0.00166742 -0.000256325 0 
-0.000768458 0.000291883 0 
-0.00134957 0.000785818 0 
-0.000768458 0.000291883 0 
-0.000355082 -0.00102312 0 
-0.000500667 -0.000847269 0 
-0.00060784 -0.00100474 0 
-0.000500667 -0.000847269 0 
-0.000240746 -0.000157596 0 
-0.000506051 7.62922e-05 0 
-0.000588739 -0.000153609 0 
-0.000506051 7.62922e-05 0 
-0.000167138 0.000858347 0 
-0.00123326 0.00200231 0 
-0.000751883 0.00088578 0 
-0.00123326 0.00200231 0 
-0.00166655 -0.00103618 0 
-0.00469839 -0.00149917 0 
-0.00266859 -0.00103152 0 
-0.00469839 -0.00149917 0 
-0.000446846 0.0011333 0 
-0.00199557 0.00127129 0 
-0.00119553 0.00091082 0 
-0.00199557 0.00127129 0 
-0.000812346 5.19276e-05 0 
-0.000833038 -2.9129e-05 0 
-0.000752407 1.72221e-05 0 
-0.000833038 -2.9129e-05 0 
-0.0012953 0.000160126 0 
-0.00114585 -0.000116451 0 
-0.000954962 0.000159904 0 
-0.00114585 -0.000116451 0 
-0.000354068 -0.00228422 0 
-6.91141e-05 -0.000394607 0 
-0.000702333 -0.000560846 0 
-6.91141e-05 -0.000394607 0 
-0.000669238 0.000349601 0 
-0.00119703 -9.13119e-05 0 
-0.000584459 8.7813e-05 0 
-0.00119703 -9.13119e-05 0 
-0.000716129 -5.08257e-06 0 
-0.00100093 -0.000466499 0 
-0.000492515 -0.00061574 0 
-0.00100093 -0.000466499 0 
-0.000695072 0.000113318 0 
-0.000641397 0.00049012 0 
-0.000772814 0.000229982 0 
-0.000641397 0.00049012 0 
-0.00111602 -0.000107063 0 
-0.000812213 -0.000426668 0 
-0.000787919 -9.7946e-05 0 
-0.000812213 -0.000426668 0 
-0.00060962 -0.000492371 0 
-0.000498314 -0.00028121 0 
-0.000959093 -0.000377068 0 
-0.000498314 -0.00028121 0 
-0.00105493 0.000603879 0 
-0.00147879 0.00088856 0 
-0.00129099 0.000264429 0 
-0.00147879 0.00088856 0 
-0.00168475 0.000274666 0 
-0.00190355 -0.000398003 0 
-0.00139207 -0.000185305 0 
-0.00190355 -0.000398003 0 
-0.00126932 -0.000142525 0 
-0.00115956 9.3707e-05 0 
-0.0014486 0.000201403 0 
-0.00115956 9.3707e-05 0 
-0.000497018 0.000422462 0 
-0.000434472 0.00033308 0 
-0.000370028 0.000392085 0 
-0.000434472 0.00033308 0 
-0.000961596 0.000253848 0 
-0.000905135 0.000323266 0 
-0.000979012 0.000344097 0 
-0.000905135 0.000323266 0 
-0.00236492 -0.0011213 0 
-0.00163274 -0.0011094 0 
-0.00194028 -0.0004284 0 
-0.00163274 -0.0011094 0 
-0.000744414 -5.9104e-05 0 
-0.000714456 -0.000266373 0 
-0.00057073 -9.03447e-05 0 
-0.000714456 -0.000266373 0 
-0.000569733 -0.000419179 0 
-0.000487994 -0.000472827 0 
-0.000525185 -0.000321694 0 
-0.000487994 -0.000472827 0 
-0.00121788 -9.37508e-05 0 
-0.000843005 3.66823e-05 0 
-0.000521146 0.000369523 0 
-0.000843005 3.66823e-05 0 
-0.00156113 -0.00066511 0 
-0.00178104 -0.000669118 0 
-0.00166252 -0.00100015 0 
-0.00178104 -0.000669118 0 
-0.000221073 0.000229529 0 
-0.00059679 0.000189549 0 
-0.000416171 -0.000205086 0 
-0.00059679 0.000189549 0 
-0.00051348 -0.000317957 0 
-0.000905048 -0.000214095 0 
-0.000734303 -0.000566482 0 
-0.000905048 -0.000214095 0 
-0.00146928 -0.00143923 0 
-0.000152742 -0.000448255 0 
-0.000890565 -0.000369234 0 
-0.000152742 -0.000448255 0 
-0.000525219 -0.000816158 0 
-0.00057205 -0.00101119 0 
-0.000582327 -0.000924529 0 
-0.00057205 -0.00101119 0 
-0.000981172 -0.000692344 0 
-0.000533162 -0.000711593 0 
-0.000822234 -0.00040043 0 
-0.000533162 -0.000711593 0 
-0.00110858 0.0002175 0 
-0.00112446 0.000395369 0 
-0.00126903 0.000297414 0 
-0.00112446 0.000395369 0 
-0.00140331 -0.000207119 0 
-0.000929962 -1.82902e-05 0 
-0.00141431 0.000389169 0 
-0.000929962 -1.82902e-05 0 
-0.00119953 -0.000290539 0 
-0.000779431 -0.000440335 0 
-0.000583774 -9.36084e-05 0 
-0.000779431 -0.000440335 0 
-0.000221839 0.000178238 0 
-0.000397394 6.99334e-05 0 
-0.000264705 6.1344e-05 0 
-0.000397394 6.99334e-05 0 
-0.000796872 0.000537813 0 
-0.00169615 0.00107456 0 
-0.0013398 0.000493864 0 
-0.00169615 0.00107456 0 
-0.000641727 -0.000660184 0 
-0.000318753 -0.000422561 0 
-0.000614255 -0.000324274 0 
-0.000318753 -0.000422561 0 
-0.000620264 0.000183703 0 
-0.00106973 0.000174696 0 
-0.000764482 -0.000185867 0 
-0.00106973 0.000174696 0 
-0.000939952 0.000543627 0 
-0.00116569 0.0002078 0 
-0.000937869 0.000317388 0 
-0.00116569 0.0002078 0 
-0.00050453 -0.000764006 0 
7.58899e-05 0.000907508 0 
-0.000626766 0.000324701 0 
7.58899e-05 0.000907508 0 
-4.2855e-05 -0.000248664 0 
-0.000444792 0.000568644 0 
-0.000528286 8.65246e-05 0 
-0.000444792 0.000568644 0 
-0.000662197 -0.000186398 0 
-0.000664358 -0.000301631 0 
-0.000583408 -0.000246337 0 
-0.000664358 -0.000301631 0 
-0.000410424 0.000218935 0 
-0.000934976 0.000403947 0 
-0.000745815 -2.07536e-05 0 
-0.000934976 0.000403947 0 
-0.000110193 -0.000428339 0 
-0.000149229 0.000661307 0 
-0.000451209 8.63796e-05 0 
-0.000149229 0.000661307 0 
-0.000874578 0.00224245 0 
-0.00248637 0.00150651 0 
-0.00164783 1.49932e-05 0 
-0.00248637 0.00150651 0 
-0.00110176 0.000102172 0 
-0.00171458 -0.000524025 0 
-0.000586993 4.46698e-05 0 
-0.00171458 -0.000524025 0 
-0.000184477 -0.000240646 0 
-0.000361592 -0.000863707 0 
-0.000223139 -0.000455339 0 
-0.000361592 -0.000863707 0 
-0.000689442 0.0002167 0 
-0.000719751 0.000353675 0 
-0.000777004 0.000265505 0 
-0.000719751 0.000353675 0 
-0.00123175 -0.00145751 0 
0.000164329 1.12828e-05 0 
-0.000551419 -0.000180937 0 
0.000164329 1.12828e-05 0 
-0.00147125 -0.000197583 0 
-0.000464436 -0.000383589 0 
-0.000816741 0.000114802 0 
-0.000464436 -0.000383589 0 
-0.00135975 -0.000435772 0 
-0.000796168 -0.000620971 0 
-0.000940754 -0.000166528 0 
-0.000796168 -0.000620971 0 
-0.000501512 -0.000297893 0 
-4.52846e-05 1.38455e-05 0 
-0.000233143 -3.59332e-05 0 
-4.52846e-05 1.38455e-05 0 
-0.000556955 -0.000424594 0 
-0.000522163 -0.000391669 0 
-0.000622948 -0.000321579 0 
-0.000522163 -0.000391669 0 
-0.000149377 5.33695e-05 0 
-0.000344733 -5.39522e-05 0 
-0.000179656 -9.95586e-05 0 
-0.000344733 -5.39522e-05 0 
-8.48521e-05 -0.000112312 0 
-0.000531303 -0.000281295 0 
-0.000129214 -0.000500448 0 
-0.000531303 -0.000281295 0 
-0.000552266 -0.000380844 0 
-0.000269867 -0.000284208 0 
-0.000518378 -4.8788e-05 0 
-0.000269867 -0.000284208 0 
0.000416027 -0.00151467 0 
-0.000706622 -0.000299978 0 
-0.000779645 -0.0013289 0 
-0.000706622 -0.000299978 0 
-0.00108484 7.21404e-05 0 
-0.00120842 0.000120699 0 
-0.00117662 1.57847e-06 0 
-0.00120842 0.000120699 0 
-0.000839716 5.85737e-05 0 
-0.000889103 2.10695e-06 0 
-0.000832029 2.91634e-05 0 
-0.000889103 2.10695e-06 0 
-0.000308206 0.000121908 0 
-0.00161238 0.00120218 0 
-0.00096116 0.000268725 0 
-0.00161238 0.00120218 0 
-0.000796561 0.000332167 0 
-0.00154913 0.000848066 0 
-0.000920957 -4.12152e-05 0 
-0.00154913 0.000848066 0 
-0.000714722 0.000900572 0 
-0.00188167 0.000254085 0 
-0.00152745 -0.000107248 0 
-0.00188167 0.000254085 0 
-0.000331848 1.58121e-05 0 
-0.000433205 -3.90573e-06 0 
-0.00044329 -0.000152164 0 
-0.000433205 -3.90573e-06 0 
-0.000437696 -0.000965004 0 
-0.000683196 -0.00106706 0 
-0.000447471 -0.00121596 0 
-0.000683196 -0.00106706 0 
-0.000765633 0.000938128 0 
-0.0024284 0.000602179 0 
-0.00117665 3.14177e-05 0 
-0.0024284 0.000602179 0 
-0.00232306 -0.00129619 0 
-0.000228009 -0.00064396 0 
-0.000995246 5.41662e-05 0 
-0.000228009 -0.00064396 0 
-0.000507222 0.000415916 0 
-0.000487125 0.000426506 0 
-0.00053662 0.000451496 0 
-0.000487125 0.000426506 0 
-0.000532591 -0.000191102 0 
-0.000621899 -0.000177754 0 
-0.000588011 -0.000252156 0 
-0.000621899 -0.000177754 0 
-0.000102793 -0.000666041 0 
-0.00016925 -0.00038275 0 
-0.000219454 -0.000489734 0 
-0.00016925 -0.00038275 0 
-0.00166722 0.000738722 0 
2.7663e-05 -0.000306439 0 
4.67945e-06 0.00013531 0 
2.7663e-05 -0.000306439 0 
-0.00143365 -0.000421839 0 
-0.000666583 -0.000656843 0 
-0.000655496 -0.000262557 0 
-0.000666583 -0.000656843 0 
-0.000605535 0.000267506 0 
-0.000948681 0.000261344 0 
-0.000622007 -1.15407e-05 0 
-0.000948681 0.000261344 0 
-0.000440477 7.84252e-05 0 
-0.000546559 0.000152288 0 
-0.000683965 5.75261e-05 0 
-0.000546559 0.000152288 0 
1.98991e-05 5.99218e-05 0 
-0.00163069 0.00245137 0 
-0.00112188 0.000685592 0 
-0.00163069 0.00245137 0 
-0.00107389 0.000600453 0 
-0.00323674 -0.000104627 0 
-0.00189346 0.000342098 0 
-0.00323674 -0.000104627 0 
-0.0010154 -0.000642213 0 
-0.000419128 -0.000529004 0 
-0.00081626 -0.000350648 0 
-0.000419128 -0.000529004 0 
-0.00235744 -0.00125247 0 
-0.00233261 -0.00209286 0 
-0.00162003 -0.00130011 0 
-0.00233261 -0.00209286 0 
-0.00073838 -0.000312051 0 
-0.000728798 -0.000662556 0 
-0.000452426 -0.000354068 0 
-0.000728798 -0.000662556 0 
-0.00127571 1.56802e-05 0 
-0.00133415 -0.000195772 0 
-0.00119837 1.77361e-05 0 
-0.00133415 -0.000195772 0 
-0.000737058 -0.000133585 0 
-0.000565817 -0.000383807 0 
-0.000541887 -5.39275e-05 0 
-0.000565817 -0.000383807 0 
-0.000840284 -0.000223368 0 
-0.00029022 0.00040522 0 
-0.00079133 0.000324726 0 
-0.00029022 0.00040522 0 
-0.000502077 -0.000485715 0 
-0.000537851 -0.000310845 0 
-0.00060188 -0.000334805 0 
-0.000537851 -0.000310845 0 
-0.00125905 -0.000376493 0 
-0.00040681 -0.000879193 0 
-0.000673467 -0.000338917 0 
-0.00040681 -0.000879193 0 
5.6341e-05 0.000366077 0 
-0.000141648 0.000939974 0 
-0.00072314 0.000597717 0 
-0.000141648 0.000939974 0 
-0.000125501 0.000221826 0 
-0.00033081 0.000367012 0 
-0.000406613 0.000164895 0 
-0.00033081 0.000367012 0 
-0.000769193 0.000463281 0 
-0.00218886 0.000385467 0 
-0.00119745 0.000175524 0 
-0.00218886 0.000385467 0 
-0.000960205 8.08499e-05 0 
-0.00157492 -0.000289625 0 
-0.000810264 -0.000153876 0 
-0.00157492 -0.000289625 0 
-0.000836701 -0.000801498 0 
-0.00113277 -0.00110647 0 
-0.000968406 -0.000768105 0 
-0.00113277 -0.00110647 0 
-0.00137167 -0.000210424 0 
-0.00142702 -0.000336157 0 
-0.000997783 -0.000323859 0 
-0.00142702 -0.000336157 0 
-0.000756019 0.000161823 0 
-0.000696218 0.000236298 0 
-0.000789981 0.000251688 0 
-0.000696218 0.000236298 0 
-0.00147457 -0.000492315 0 
-0.000790854 -0.000695806 0 
-0.000883172 -0.000249037 0 
-0.000790854 -0.000695806 0 
-0.000911056 -0.000452226 0 
-0.00184115 -0.00115723 0 
-0.0020736 -0.00167146 0 
-0.00184115 -0.00115723 0 
-0.0026317 -0.000191613 0 
-0.00181612 -0.000954278 0 
-0.00190325 -0.000286696 0 
-0.00181612 -0.000954278 0 
-0.000552221 -0.000485064 0 
-0.000454409 -0.000384203 0 
-0.000576855 -0.000340255 0 
-0.000454409 -0.000384203 0 
-0.000397691 0.000626718 0 
-0.000391286 0.000486605 0 
-0.000282211 0.000506545 0 
-0.000391286 0.000486605 0 
-3.54538e-05 1.35491e-05 0 
-9.61407e-05 7.02519e-05 0 
-0.00010624 -8.03531e-05 0 
-9.61407e-05 7.02519e-05 0 
-0.000217321 -3.46672e-06 0 
-0.000122544 4.19858e-05 0 
-0.000216539 8.02256e-05 0 
-0.000122544 4.19858e-05 0 
-0.000710361 0.000446356 0 
-0.000285861 0.000931283 0 
-0.00074222 0.00064981 0 
-0.000285861 0.000931283 0 
-3.02143e-05 -0.000144299 0 
-0.000156708 -0.00014429 0 
-0.00012731 -0.000328224 0 
-0.000156708 -0.00014429 0 
-0.000187824 0.000233725 0 
-0.000241197 0.000434073 0 
-0.000324472 0.00016034 0 
-0.000241197 0.000434073 0 
-0.000843882 -0.000763597 0 
-0.000477965 -0.000710912 0 
-0.000659787 -0.000649833 0 
-0.000477965 -0.000710912 0 
-0.00123049 0.000603696 0 
-0.0018563 0.00049886 0 
-0.00136825 0.000117718 0 
-0.0018563 0.00049886 0 
0.000166621 0.00122325 0 
-0.00378124 0.0029345 0 
-0.00184615 0.000913494 0 
-0.00378124 0.0029345 0 
-0.000197489 0.000327145 0 
-0.000205395 0.000276712 0 
-0.000154263 0.000259546 0 
-0.000205395 0.000276712 0 
-0.000911375 -0.00033124 0 
-0.00050323 -9.25964e-05 0 
-0.000688544 0.000184738 0 
-0.00050323 -9.25964e-05 0 
-0.000948806 0.000261215 0 
-0.000907124 -0.00016103 0 
-0.000612924 -2.12994e-06 0 
-0.000907124 -0.00016103 0 
-0.000773476 0.00116924 0 
-0.00122045 0.000491695 0 
-0.000693878 0.000573948 0 
-0.00122045 0.000491695 0 
-0.00159732 0.000282854 0 
-0.00106604 -0.000430615 0 
-0.00107941 0.000263409 0 
-0.00106604 -0.000430615 0 
-0.000232765 0.00018676 0 
-0.000232157 0.00024745 0 
-0.000290721 0.000221326 0 
-0.000232157 0.00024745 0 
-0.00113526 -2.34145e-05 0 
-0.0014392 -0.000362062 0 
-0.00086069 -0.000500665 0 
-0.0014392 -0.000362062 0 
-0.000303364 -0.000173953 0 
-0.000269572 -0.000261324 0 
-0.000202601 -0.00022022 0 
-0.000269572 -0.000261324 0 
-0.000224726 6.67986e-05 0 
-0.000424414 -0.000103535 0 
-0.000235556 -0.000148324 0 
-0.000424414 -0.000103535 0 
-7.13812e-05 -0.000485721 0 
1.90124e-05 -0.0002417 0 
-8.41204e-05 -0.000189926 0 
1.90124e-05 -0.0002417 0 
-0.000679325 0.000661639 0 
-0.000908262 9.60939e-05 0 
-0.000779365 9.49946e-05 0 
-0.000908262 9.60939e-05 0 
-0.000564137 -0.000420034 0 
-0.000543893 -0.000397318 0 
-0.000529772 -0.000386838 0 
-0.000543893 -0.000397318 0 
-0.000140601 0.00116614 0 
-0.000518192 0.00103312 0 
-0.000225347 0.00085244 0 
-0.000518192 0.00103312 0 
-0.000347112 0.000668856 0 
-0.000669556 0.000924321 0 
-0.000671543 0.000581165 0 
-0.000669556 0.000924321 0 
-0.000211474 -0.000594369 0 
-0.000863924 -0.000681895 0 
-0.00068968 -0.00100943 0 
-0.000863924 -0.000681895 0 
-0.000500871 0.000664179 0 
-0.000753291 0.000482382 0 
-0.000409007 0.000362625 0 
-0.000753291 0.000482382 0 
-5.96879e-05 -2.23418e-05 0 
-0.000350716 0.000364605 0 
-0.000403664 0.000118291 0 
-0.000350716 0.000364605 0 
-0.00183324 -1.01681e-05 0 
-0.00150253 -9.91007e-05 0 
-0.00144211 0.000344323 0 
-0.00150253 -9.91007e-05 0 
-0.00100264 -0.00016813 0 
-0.00168934 -8.13548e-05 0 
-0.001255 -0.00051585 0 
-0.00168934 -8.13548e-05 0 
-0.0014513 -0.000547577 0 
-0.000887681 -0.000282232 0 
-0.00128786 -0.000483232 0 
-0.000887681 -0.000282232 0 
-0.00263931 -0.00038292 0 
-0.000854555 -0.00135379 0 
-0.00106294 -0.000293775 0 
-0.000854555 -0.00135379 0 
-0.000206464 -0.000632018 0 
-0.000173095 -0.000256674 0 
-0.000643592 -0.00036493 0 
-0.000173095 -0.000256674 0 
-0.000656621 7.97926e-05 0 
-0.000723979 -0.000203333 0 
-0.000515136 -5.00599e-05 0 
-0.000723979 -0.000203333 0 
-0.000155714 -0.000149326 0 
-8.66277e-05 -7.52309e-05 0 
-0.00014838 -6.57186e-05 0 
-8.66277e-05 -7.52309e-05 0 
-0.00049342 0.000127796 0 
-0.00084981 0.000321707 0 
-0.000735899 -5.79529e-05 0 
-0.00084981 0.000321707 0 
-0.000586821 0.000257618 0 
-0.000711133 0.000621644 0 
-0.000687327 0.000296352 0 
-0.000711133 0.000621644 0 
-0.000533139 0.000597047 0 
-0.000871168 5.4531e-05 0 
-0.000312024 0.000225949 0 
-0.000871168 5.4531e-05 0 
-0.00072718 -2.72778e-05 0 
-0.00073218 0.000121794 0 
-0.00077991 -0.000219052 0 
-0.00073218 0.000121794 0 
-0.000909667 -0.000117907 0 
-0.000213802 -0.000532859 0 
-0.00067733 -2.96232e-06 0 
-0.000213802 -0.000532859 0 
-0.00210438 -0.000570538 0 
-0.00112816 -0.000339186 0 
-0.00178145 1.68562e-05 0 
-0.00112816 -0.000339186 0 
-0.000746199 -0.000110477 0 
-0.000612379 0.000744992 0 
-0.00155508 -6.52507e-05 0 
-0.000612379 0.000744992 0 
-0.000168303 0.000104429 0 
-5.38629e-05 3.82635e-05 0 
-8.2202e-05 7.98458e-05 0 
-5.38629e-05 3.82635e-05 0 
-0.000961694 -0.000776643 0 
0.000110144 0.000422388 0 
-0.00089877 0.000419531 0 
0.000110144 0.000422388 0 
-2.13778e-05 1.37948e-05 0 
-3.17972e-05 0.00016267 0 
-0.000279233 -1.84377e-05 0 
-3.17972e-05 0.00016267 0 
-0.000877742 0.000178637 0 
-0.000761416 0.000176127 0 
-0.000746947 0.000182672 0 
-0.000761416 0.000176127 0 
-0.000253714 0.000953707 0 
-0.000539597 0.000687098 0 
-0.000158349 0.00052913 0 
-0.000539597 0.000687098 0 
-0.000462792 6.92457e-05 0 
-0.00025781 0.000242581 0 
-0.000690775 0.000231972 0 
-0.00025781 0.000242581 0 
-0.00148323 -0.000560004 0 
-0.000798134 -0.000616618 0 
-0.000990006 -0.00029289 0 
-0.000798134 -0.000616618 0 
-0.0020256 -0.000753782 0 
-0.000724418 -0.000998763 0 
-0.0012287 -0.000377864 0 
-0.000724418 -0.000998763 0 
-0.000301276 -0.00163679 0 
3.4219e-06 -0.000696585 0 
-0.000115455 -0.00104048 0 
3.4219e-06 -0.000696585 0 
-0.00084252 0.000423154 0 
-0.00087263 0.00103981 0 
-0.0011672 0.000638871 0 
-0.00087263 0.00103981 0 
-0.000719185 0.000143256 0 
-0.000805473 0.000132627 0 
-0.000719691 0.000122288 0 
-0.000805473 0.000132627 0 
-0.00137924 0.00186495 0 
-0.00140855 0.00217851 0 
-0.00169794 0.0020164 0 
-0.00140855 0.00217851 0 
-0.000307827 -0.00105283 0 
-0.000136656 -0.000722487 0 
-0.000545901 -0.000818834 0 
-0.000136656 -0.000722487 0 
-0.00105855 0.00104197 0 
-0.00211372 0.000523223 0 
-0.00147942 0.000262572 0 
-0.00211372 0.000523223 0 
-0.000137727 0.00017635 0 
-0.000119458 0.000136112 0 
-0.000129615 0.000168978 0 
-0.000119458 0.000136112 0 
-0.000494902 0.000410164 0 
-0.000537332 0.000431241 0 
-0.000479408 0.000422903 0 
-0.000537332 0.000431241 0 
-0.00020001 -0.000228504 0 
0.000159095 0.000342544 0 
-0.000142627 0.000375246 0 
0.000159095 0.000342544 0 
-0.00117809 7.15151e-05 0 
-0.0012807 -0.000172908 0 
-0.00103824 -0.000106678 0 
-0.0012807 -0.000172908 0 
-0.00149333 -0.00108232 0 
-0.00126825 -0.001615 0 
-0.000921472 -0.000499007 0 
-0.00126825 -0.001615 0 
-0.000972483 0.000284141 0 
-0.00118595 0.000303529 0 
-0.00102017 0.000126897 0 
-0.00118595 0.000303529 0 
-0.0012834 -0.000266317 0 
-0.00114536 -0.000455266 0 
-0.00107423 -0.000280825 0 
-0.00114536 -0.000455266 0 
-0.000861154 4.46611e-05 0 
-0.000831579 -2.85024e-05 0 
-0.000820364 4.8485e-05 0 
-0.000831579 -2.85024e-05 0 
-0.00156692 0.00119523 0 
-0.00123226 0.000958558 0 
-0.000653592 0.00112353 0 
-0.00123226 0.000958558 0 
0.000348804 0.000305453 0 
-0.000801105 0.00175184 0 
-0.000573127 0.000310617 0 
-0.000801105 0.00175184 0 
-0.000387123 0.00177744 0 
-8.67648e-05 0.00122912 0 
-0.000280835 0.000884515 0 
-8.67648e-05 0.00122912 0 
-0.000181804 -0.000376106 0 
-7.1512e-06 -0.000329667 0 
-2.04765e-05 -0.000203793 0 
-7.1512e-06 -0.000329667 0 
-0.000797728 0.000345857 0 
-0.00022722 -0.000289438 0 
-0.000253957 0.000337946 0 
-0.00022722 -0.000289438 0 
3.52008e-05 -6.46029e-05 0 
-0.000407402 -3.50166e-05 0 
-0.000206134 -0.000298436 0 
-0.000407402 -3.50166e-05 0 
-0.000142221 -0.000261169 0 
-6.8043e-05 -5.75764e-05 0 
-0.000388753 -4.95823e-05 0 
-6.8043e-05 -5.75764e-05 0 
-0.000761689 0.000660768 0 
-0.00100043 0.000262833 0 
-0.000908767 0.000478655 0 
-0.00100043 0.000262833 0 
-5.47321e-05 0.000190488 0 
4.94718e-05 9.36323e-05 0 
-3.60962e-05 0.000208338 0 
4.94718e-05 9.36323e-05 0 
-0.00110273 0.00065922 0 
-0.00119204 0.000383556 0 
-0.00103185 0.000472436 0 
-0.00119204 0.000383556 0 
-0.000864433 -0.000161154 0 
-0.000683627 0.000155785 0 
-0.000956236 8.18088e-05 0 
-0.000683627 0.000155785 0 
-0.000669482 0.00028695 0 
-0.00185901 0.000376891 0 
-0.000947716 -0.00065794 0 
-0.00185901 0.000376891 0 
-0.00136592 -0.000355896 0 
-0.00105996 -0.000122715 0 
-0.00129299 0.000239415 0 
-0.00105996 -0.000122715 0 
-0.00123244 -0.000192837 0 
-0.000748531 -0.000687926 0 
-0.000952869 -5.51914e-05 0 
-0.000748531 -0.000687926 0 
-0.00111076 0.000421538 0 
-0.00111864 0.000312711 0 
-0.00106053 0.000361383 0 
-0.00111864 0.000312711 0 
-0.00110947 -4.87462e-05 0 
-0.00111189 -0.000411518 0 
-0.00104428 -8.73563e-05 0 
-0.00111189 -0.000411518 0 
-0.000290727 0.000515035 0 
-0.000387298 0.000482629 0 
-0.000302358 0.000433721 0 
-0.000387298 0.000482629 0 
-0.000190364 0.000258583 0 
-4.15705e-05 0.000468884 0 
-0.000320937 0.000379416 0 
-4.15705e-05 0.000468884 0 
-0.000651529 -0.00158827 0 
-0.00050523 -0.000725199 0 
-0.00130729 -0.000955005 0 
-0.00050523 -0.000725199 0 
-0.0002595 0.000181927 0 
-0.000373268 0.000295282 0 
-0.00043959 0.000133847 0 
-0.000373268 0.000295282 0 
-0.000804201 0.000560112 0 
-0.00137994 3.70389e-06 0 
-0.00100882 0.00039259 0 
-0.00137994 3.70389e-06 0 
-0.00143983 -0.00109481 0 
-0.000886762 -0.000195926 0 
-0.00142824 -0.000387084 0 
-0.000886762 -0.000195926 0 
-0.00141679 0.000580178 0 
-0.00104375 -2.48452e-05 0 
-0.00104493 0.000473277 0 
-0.00104375 -2.48452e-05 0 
1.94854e-06 -1.13838e-05 0 
-1.91081e-05 4.73775e-06 0 
-1.81555e-05 -1.27211e-05 0 
-1.91081e-05 4.73775e-06 0 
-9.14824e-05 -9.28184e-05 0 
2.79247e-05 -3.45945e-05 0 
-6.94599e-05 2.7313e-05 0 
2.79247e-05 -3.45945e-05 0 
-0.000611256 0.000300827 0 
-0.000587434 0.000471877 0 
-0.000996716 0.000407657 0 
-0.000587434 0.000471877 0 
-0.0013717 0.000273321 0 
-0.00108667 -1.68346e-05 0 
-0.000942802 0.000257747 0 
-0.00108667 -1.68346e-05 0 
-0.000839161 0.000140896 0 
-0.000983619 -1.24681e-05 0 
-0.000796677 6.78196e-06 0 
-0.000983619 -1.24681e-05 0 
-0.00108113 0.000800406 0 
-0.00158421 0.000364053 0 
-0.00122746 9.1673e-05 0 
-0.00158421 0.000364053 0 
-0.000561296 7.5299e-05 0 
-0.000577188 -7.86879e-05 0 
-0.000422295 1.94796e-05 0 
-0.000577188 -7.86879e-05 0 
-0.000709015 -0.000601307 0 
-0.000749283 -0.00133081 0 
-0.000192684 -0.000532514 0 
-0.000749283 -0.00133081 0 
-0.000977552 0.00139953 0 
-0.00189837 0.00194903 0 
-0.00171665 0.00077526 0 
-0.00189837 0.00194903 0 
-0.00109407 -0.000164351 0 
-0.00102246 -1.94842e-05 0 
-0.00112742 3.49275e-05 0 
-0.00102246 -1.94842e-05 0 
-0.000654136 -0.000239423 0 
-0.000269567 -0.000391231 0 
-0.000525501 1.63918e-05 0 
-0.000269567 -0.000391231 0 
-0.000819145 0.00105236 0 
-0.00187728 0.000604202 0 
-0.00124057 0.000423748 0 
-0.00187728 0.000604202 0 
-0.000579507 -0.000539589 0 
-0.000575419 -0.000421838 0 
-0.000677757 -0.000474576 0 
-0.000575419 -0.000421838 0 
-0.000757519 0.000105322 0 
-0.000394777 -0.000415424 0 
-0.00049979 9.80401e-05 0 
-0.000394777 -0.000415424 0 
-0.00103958 -0.000541451 0 
-0.000894556 0.000142573 0 
-0.00129601 -0.00023161 0 
-0.000894556 0.000142573 0 
-0.000792036 9.11554e-05 0 
-0.000917949 0.000162856 0 
-0.000966379 4.21646e-05 0 
-0.000917949 0.000162856 0 
-0.000973057 0.000881668 0 
-0.00168942 0.000538442 0 
-0.00117083 0.000464176 0 
-0.00168942 0.000538442 0 
-0.000716562 -0.00169116 0 
6.05783e-05 -0.000513492 0 
-0.000744592 -0.000449844 0 
6.05783e-05 -0.000513492 0 
-0.000400429 0.000620121 0 
-0.000529941 0.000509693 0 
-0.000389116 0.000491835 0 
-0.000529941 0.000509693 0 
-0.0013126 -0.000144438 0 
-0.000326984 -3.98542e-05 0 
-0.000620787 0.00023003 0 
-0.000326984 -3.98542e-05 0 
-0.000737397 -0.000616213 0 
-0.000562282 -0.00053926 0 
-0.000685083 -0.000474716 0 
-0.000562282 -0.00053926 0 
-0.000297092 0.000398883 0 
-0.000184684 0.000233892 0 
-0.000111454 0.000385025 0 
-0.000184684 0.000233892 0 
-0.000376147 0.000400723 0 
-0.000343755 0.000428729 0 
-0.000396047 0.000427204 0 
-0.000343755 0.000428729 0 
-2.07456e-05 -4.92579e-05 0 
-0.000347768 0.0006338 0 
-0.000376823 0.000435281 0 
-0.000347768 0.0006338 0 
-0.000771454 -0.000410374 0 
-0.000591262 -0.00133263 0 
-0.000320606 -0.000461626 0 
-0.000591262 -0.00133263 0 
0.000311467 0.000633225 0 
0.000197794 0.000383521 0 
6.00497e-05 0.000238367 0 
0.000197794 0.000383521 0 
-0.00102534 0.000310372 0 
-0.00119007 -6.13226e-05 0 
-0.00111015 -2.23298e-05 0 
-0.00119007 -6.13226e-05 0 
-0.000219095 -0.000659156 0 
-0.000114897 0.000764665 0 
-0.000514171 -4.37513e-05 0 
-0.000114897 0.000764665 0 
-0.000563671 -0.000527621 0 
-0.000678203 -0.000843153 0 
-0.000306694 -0.000625513 0 
-0.000678203 -0.000843153 0 
4.5826e-05 0.000297144 0 
-1.41922e-05 0.000199844 0 
-3.33996e-06 0.000114513 0 
-1.41922e-05 0.000199844 0 
-0.00372058 -0.00164335 0 
-0.00337505 0.000395365 0 
-0.00272773 -0.000741762 0 
-0.00337505 0.000395365 0 
-0.000948484 0.000272289 0 
-0.00128842 6.6522e-05 0 
-0.000907833 -0.000185399 0 
-0.00128842 6.6522e-05 0 
-0.000590656 -0.000232148 0 
-0.00072055 0.000542975 0 
-0.000949061 0.000315885 0 
-0.00072055 0.000542975 0 
-0.000137955 -0.000855319 0 
0.000160015 -0.000406712 0 
-0.000215766 -0.000413007 0 
0.000160015 -0.000406712 0 
-4.52619e-05 5.831e-05 0 
-6.46572e-05 0.000143999 0 
-8.39161e-05 9.86942e-05 0 
-6.46572e-05 0.000143999 0 
-0.000770863 0.00165237 0 
-0.00129793 0.000677159 0 
-0.000715712 0.00082111 0 
-0.00129793 0.000677159 0 
-0.000270143 -0.00040246 0 
-0.000207329 -0.000558874 0 
-0.000143076 -0.000347868 0 
-0.000207329 -0.000558874 0 
-0.000334763 -0.000306473 0 
-0.000775229 -0.000535234 0 
-7.671e-05 -0.000507174 0 
-0.000775229 -0.000535234 0 
-0.000126287 -0.000154357 0 
-0.000441459 -0.000232448 0 
-0.00013446 -0.000325858 0 
-0.000441459 -0.000232448 0 
-0.000462107 -0.000459123 0 
-5.46138e-05 -1.38567e-05 0 
-0.000491347 -6.40994e-05 0 
-5.46138e-05 -1.38567e-05 0 
-0.00134236 -0.00196712 0 
-3.07271e-05 -0.000276172 0 
-0.00041302 -0.000188347 0 
-3.07271e-05 -0.000276172 0 
-2.93346e-05 -1.40742e-05 0 
-0.000242323 -0.000165384 0 
-5.60971e-05 -0.000205516 0 
-0.000242323 -0.000165384 0 
-0.000864885 0.000424123 0 
-0.000913182 0.000466278 0 
-0.000929262 0.000396102 0 
-0.000913182 0.000466278 0 
-0.000739088 0.000381692 0 
-0.000238236 -0.000588068 0 
-0.00039084 -6.03738e-05 0 
-0.000238236 -0.000588068 0 
-0.000500342 -0.00150653 0 
-0.00119864 -0.00162341 0 
-0.000886363 -0.00178621 0 
-0.00119864 -0.00162341 0 
-0.000959243 -0.00118487 0 
-0.00106612 -0.000984843 0 
-0.00128801 -0.00107206 0 
-0.00106612 -0.000984843 0 
-0.0014176 -0.000129721 0 
-0.00114583 -0.000299796 0 
-0.00104596 8.6557e-05 0 
-0.00114583 -0.000299796 0 
-0.00131552 -0.000116551 0 
-0.00103991 -0.00112545 0 
-0.000942253 -0.000247578 0 
-0.00103991 -0.00112545 0 
-0.000634334 0.000205694 0 
-0.00071816 0.000368062 0 
-0.000834165 0.000267085 0 
-0.00071816 0.000368062 0 
-0.000332373 -0.000342028 0 
-0.000203572 -7.57301e-05 0 
-0.000423056 -0.000113295 0 
-0.000203572 -7.57301e-05 0 
-0.000914308 0.000455661 0 
-0.000771603 0.000412326 0 
-0.000736856 0.000495588 0 
-0.000771603 0.000412326 0 
-0.000762973 0.000171189 0 
-0.000667589 0.000130917 0 
-0.000692925 0.000231862 0 
-0.000667589 0.000130917 0 
-0.000370444 0.000588107 0 
-0.000618024 0.00043106 0 
-0.000293454 0.00031922 0 
-0.000618024 0.00043106 0 
-0.000578345 -0.000223787 0 
-0.000429577 0.000208832 0 
-0.000770589 5.00552e-05 0 
-0.000429577 0.000208832 0 
-0.00227773 -0.000436995 0 
-0.00102824 -0.00118189 0 
-0.00127996 -0.000491343 0 
-0.00102824 -0.00118189 0 
-0.000897725 -0.00042928 0 
-0.000918671 0.000153706 0 
-0.0012025 1.98525e-05 0 
-0.000918671 0.000153706 0 
-0.00112979 0.000979922 0 
-0.000709566 0.000500535 0 
-0.000903401 0.000595349 0 
-0.000709566 0.000500535 0 
-0.000543869 -0.000331591 0 
-0.000439073 -0.000333144 0 
-0.00050169 -0.000212027 0 
-0.000439073 -0.000333144 0 
-0.000807223 0.000465103 0 
-0.000846321 0.000577487 0 
-0.000928071 0.000480924 0 
-0.000846321 0.000577487 0 
-0.00117082 -1.4363e-05 0 
-0.00119933 3.33849e-05 0 
-0.00119546 -4.84306e-05 0 
-0.00119933 3.33849e-05 0 
-0.00063801 0.000964124 0 
-0.0016403 0.00081276 0 
-0.000746137 0.000344463 0 
-0.0016403 0.00081276 0 
-0.000378676 0.000456003 0 
-0.000822808 0.000450794 0 
-0.000611027 0.000109661 0 
-0.000822808 0.000450794 0 
-0.000880841 5.8852e-06 0 
-0.000945456 0.000282111 0 
-0.00106851 7.51709e-05 0 
-0.000945456 0.000282111 0 
-0.0013412 0.000415174 0 
-0.00211147 1.71772e-06 0 
-0.00164417 -1.78798e-05 0 
-0.00211147 1.71772e-06 0 
-0.00142014 -0.000303511 0 
-0.000503823 -0.000318228 0 
-0.000989422 0.000206484 0 
-0.000503823 -0.000318228 0 
-0.00112962 -5.43697e-05 0 
-0.0011613 3.54276e-05 0 
-0.00120073 -7.599e-05 0 
-0.0011613 3.54276e-05 0 
-0.00147774 -0.00102544 0 
-0.000912486 -0.0012169 0 
-0.00119642 -0.000714572 0 
-0.000912486 -0.0012169 0 
-0.000167804 -0.000184137 0 
-0.000421273 0.000210637 0 
-0.000581135 -0.000166349 0 
-0.000421273 0.000210637 0 
-0.000586625 0.000509385 0 
-0.000708601 0.000248294 0 
-0.000694929 0.000337593 0 
-0.000708601 0.000248294 0 
-0.00148528 0.000731949 0 
-0.00101257 0.000248032 0 
-0.000888346 0.000752947 0 
-0.00101257 0.000248032 0 
-0.00074955 0.000177524 0 
-0.000801168 0.000224536 0 
-0.000807125 0.000175585 0 
-0.000801168 0.000224536 0 
-0.00111437 -0.00156774 0 
-0.0011329 -0.000795284 0 
-0.00129761 -0.000860111 0 
-0.0011329 -0.000795284 0 
-0.000365139 -0.000185251 0 
-0.00024238 -0.00058909 0 
-0.000157404 -0.000227783 0 
-0.00024238 -0.00058909 0 
-0.00184258 -0.000896456 0 
-0.000623884 -0.000650771 0 
-0.00106984 1.35852e-05 0 
-0.000623884 -0.000650771 0 
-0.00207197 -0.00349989 0 
-0.000430748 -0.000701125 0 
-0.00140718 -0.000884377 0 
-0.000430748 -0.000701125 0 
-0.000613568 0.000108889 0 
-0.000715846 0.000119559 0 
-0.000685995 5.37433e-05 0 
-0.000715846 0.000119559 0 
-0.000924314 0.000388834 0 
-0.00092125 0.000478128 0 
-0.000992696 0.000427542 0 
-0.00092125 0.000478128 0 
-0.000536114 0.000838229 0 
-0.000803354 0.000605042 0 
-0.000615471 0.000575292 0 
-0.000803354 0.000605042 0 
-0.000183009 8.51021e-05 0 
-0.000565275 0.000795243 0 
-0.00072442 0.000254105 0 
-0.000565275 0.000795243 0 
-0.000431458 -1.56058e-05 0 
-0.000500317 -6.14941e-05 0 
-0.000449968 -0.000107439 0 
-0.000500317 -6.14941e-05 0 
-0.001059 0.000169762 0 
-0.00117859 0.00011341 0 
-0.00109669 0.000124555 0 
-0.00117859 0.00011341 0 
-0.00200058 0.000654116 0 
-0.00157145 0.000196844 0 
-0.0011263 0.000417404 0 
-0.00157145 0.000196844 0 
-0.00185608 9.39203e-05 0 
-0.0018423 -2.40704e-05 0 
-0.00109364 -5.12767e-05 0 
-0.0018423 -2.40704e-05 0 
-0.000838993 0.00109859 0 
-0.00192936 0.000942198 0 
-0.00148343 0.000357231 0 
-0.00192936 0.000942198 0 
-0.000940594 -0.000175279 0 
-0.000897996 -0.000410289 0 
-0.000819911 -0.000110406 0 
-0.000897996 -0.000410289 0 
-0.000475054 -3.2047e-05 0 
-0.000577825 -6.63106e-06 0 
-0.000548472 -0.000127543 0 
-0.000577825 -6.63106e-06 0 
-0.000465404 -0.000136013 0 
-0.000829793 4.18441e-06 0 
-0.000728448 -0.000486787 0 
-0.000829793 4.18441e-06 0 
1.15326e-06 1.94959e-06 0 
1.50899e-06 -3.15944e-06 0 
4.12392e-06 4.12176e-06 0 
1.50899e-06 -3.15944e-06 0 
-0.000233107 0.000298411 0 
-0.000352139 0.000316385 0 
-0.00028943 0.000152032 0 
-0.000352139 0.000316385 0 
-0.000211657 -6.68213e-06 0 
-0.000245989 -4.40457e-05 0 
-0.000206306 -9.67655e-06 0 
-0.000245989 -4.40457e-05 0 
-0.000597425 -0.000532876 0 
-0.000310737 -0.00015352 0 
-0.000828472 -4.60187e-05 0 
-0.000310737 -0.00015352 0 
-0.000675183 -0.000512954 0 
-0.000474014 -0.00046814 0 
-0.00054975 -0.000427039 0 
-0.000474014 -0.00046814 0 
-0.000484251 -0.000104997 0 
-0.000385143 0.000396444 0 
-0.000802615 0.000480195 0 
-0.000385143 0.000396444 0 
-0.00152652 0.00186712 0 
-0.00199501 -0.000140694 0 
-0.00104596 0.000457815 0 
-0.00199501 -0.000140694 0 
-0.000189933 -0.000241074 0 
-0.000223746 -2.65781e-06 0 
-0.000306389 -4.90454e-05 0 
-0.000223746 -2.65781e-06 0 
0.000155429 -7.85868e-05 0 
-0.000380481 0.00035506 0 
-4.51019e-05 -3.51447e-05 0 
-0.000380481 0.00035506 0 
-0.00048277 -0.000447005 0 
-0.000822979 -0.00010819 0 
-0.000934133 -0.000408493 0 
-0.000822979 -0.00010819 0 
-0.000685916 0.000233037 0 
-0.000807642 0.000584194 0 
-0.000959014 0.000483361 0 
-0.000807642 0.000584194 0 
-0.000784864 0.000432629 0 
-0.000620578 0.000515829 0 
-0.000776349 0.00061344 0 
-0.000620578 0.000515829 0 
-0.00118037 -0.000275711 0 
-0.000932296 -8.79352e-05 0 
-0.00110823 -5.67831e-05 0 
-0.000932296 -8.79352e-05 0 
-7.00528e-05 -9.1516e-05 0 
-0.00023899 -0.00019248 0 
-0.000180803 -0.000493481 0 
-0.00023899 -0.00019248 0 
-0.00042677 0.000124075 0 
-0.000297137 0.000433172 0 
-0.000691015 0.000265485 0 
-0.000297137 0.000433172 0 
-0.000471271 -0.000948091 0 
-0.00128958 -0.000409121 0 
-0.0012477 -0.00106778 0 
-0.00128958 -0.000409121 0 
-0.000618022 -2.30187e-17 0 
-0.000528406 2.54812e-17 0 
-0.000681708 5.68319e-05 0 
-0.000528406 2.54812e-17 0 
-0.00134813 3.28297e-05 0 
-0.00123115 -0.000430809 0 
-0.000878789 -0.000169009 0 
-0.00123115 -0.000430809 0 
1.57725e-05 7.06911e-05 0 
-0.000104432 0.000457459 0 
-0.000207874 0.000301094 0 
-0.000104432 0.000457459 0 
-0.000454682 -0.000313295 0 
-0.000901293 -0.000177325 0 
-0.000836593 -0.000540074 0 
-0.000901293 -0.000177325 0 
-0.000570375 -0.000779189 0 
-1.90862e-05 0.000188221 0 
-0.000579121 0.000161997 0 
-1.90862e-05 0.000188221 0 
-0.000346342 0.000155207 0 
-0.000937234 0.000335709 0 
-0.000705708 5.95302e-06 0 
-0.000937234 0.000335709 0 
-3.1343e-05 -0.000321221 0 
-0.000273503 0.000713435 0 
-0.000274546 -0.000267805 0 
-0.000273503 0.000713435 0 
-0.000643309 -0.000594748 0 
3.26908e-05 -0.000583054 0 
-0.000451576 -0.00037168 0 
3.26908e-05 -0.000583054 0 
-0.000300158 1.89846e-07 0 
-0.000225804 3.59458e-06 0 
-0.000272673 5.0921e-05 0 
-0.000225804 3.59458e-06 0 
-9.28702e-05 0.0006267 0 
-0.000439956 0.00126926 0 
-0.000602913 0.000666067 0 
-0.000439956 0.00126926 0 
-0.00135246 -0.00128116 0 
-0.000931822 -0.000403494 0 
-0.00158758 -0.000338574 0 
-0.000931822 -0.000403494 0 
-0.00212454 0.00113161 0 
-0.00203454 0.000558778 0 
-0.00178883 0.00103218 0 
-0.00203454 0.000558778 0 
-0.000904915 -0.000457136 0 
-0.000713683 -0.000237836 0 
-0.000832752 -0.000102481 0 
-0.000713683 -0.000237836 0 
-0.00147978 -0.000142612 0 
-0.00504365 0.000105927 0 
-0.00278248 -0.000669376 0 
-0.00504365 0.000105927 0 
-0.000532114 -7.10731e-05 0 
-0.000545711 0.000328543 0 
-0.000806768 0.000437014 0 
-0.000545711 0.000328543 0 
-0.00037461 0.0010034 0 
-0.00210025 0.00135505 0 
-0.000737557 0.000702722 0 
-0.00210025 0.00135505 0 
3.69427e-05 7.03893e-05 0 
0.000609584 0.000853283 0 
-0.000131659 0.000399683 0 
0.000609584 0.000853283 0 
-0.000566838 2.12641e-05 0 
-5.34972e-05 -0.000341598 0 
-2.09179e-05 8.17271e-06 0 
-5.34972e-05 -0.000341598 0 
-0.00254775 0.000490973 0 
-0.00157068 -0.000381139 0 
-0.00149277 0.000469876 0 
-0.00157068 -0.000381139 0 
-0.000459845 0.000123247 0 
-0.00055598 0.000331313 0 
-0.000624906 0.000195675 0 
-0.00055598 0.000331313 0 
-0.00119381 0.000628565 0 
-0.00149892 0.000250198 0 
-0.00090619 0.000270378 0 
-0.00149892 0.000250198 0 
-0.000750478 -0.000125092 0 
-0.00128969 0.000855801 0 
-0.00147275 0.000193401 0 
-0.00128969 0.000855801 0 
-0.000157782 0.000181499 0 
-0.00064661 0.000606652 0 
-0.00086928 6.07771e-05 0 
-0.00064661 0.000606652 0 
-0.000988352 -0.000108197 0 
-0.000630428 -0.000511501 0 
-0.000558418 6.97128e-05 0 
-0.000630428 -0.000511501 0 
-0.000544637 0.000380248 0 
-0.000573228 0.000232953 0 
-0.000416897 0.000283129 0 
-0.000573228 0.000232953 0 
-0.000102714 -0.000100562 0 
-0.000340977 -0.000218553 0 
-0.000130719 -0.000264561 0 
-0.000340977 -0.000218553 0 
-0.000297906 -0.000595042 0 
-0.000269445 -0.000464347 0 
-0.000445385 -0.000421515 0 
-0.000269445 -0.000464347 0 
-0.000774554 -0.000297553 0 
-0.00075472 -0.000377378 0 
-0.000698079 -0.000283388 0 
-0.00075472 -0.000377378 0 
-0.000613551 0.000346361 0 
-0.000707894 0.000364636 0 
-0.000648237 0.000210334 0 
-0.000707894 0.000364636 0 
-0.00053835 -0.000463011 0 
-0.000507774 -0.000430777 0 
-0.000559294 -0.000441373 0 
-0.000507774 -0.000430777 0 
-0.00127391 -0.000556712 0 
-0.000858548 -0.000343666 0 
-0.00105275 0.000111731 0 
-0.000858548 -0.000343666 0 
-0.000837707 -0.000113456 0 
-0.00102455 -0.000530709 0 
-0.000742111 -0.000559343 0 
-0.00102455 -0.000530709 0 
-0.00134483 0.000769079 0 
-0.00126429 -6.95601e-07 0 
-0.00100811 0.00028006 0 
-0.00126429 -6.95601e-07 0 
-0.00118713 -6.14543e-05 0 
-0.00104855 0.000311412 0 
-0.00158302 0.000192401 0 
-0.00104855 0.000311412 0 
-1.61168e-05 -0.000145775 0 
-0.000287206 0.000931333 0 
-0.000470962 8.37263e-05 0 
-0.000287206 0.000931333 0 
-0.000825885 -0.00133643 0 
-0.000868479 -0.000638055 0 
-0.00150328 -0.00109407 0 
-0.000868479 -0.000638055 0 
-0.00133128 0.00015292 0 
-0.00188926 -0.0004098 0 
-0.00123649 -0.00046888 0 
-0.00188926 -0.0004098 0 
-0.000750407 -0.0006762 0 
-0.000274818 -0.000399137 0 
-0.000665377 -0.000256353 0 
-0.000274818 -0.000399137 0 
-0.000524029 3.73686e-05 0 
-0.000330965 -1.84512e-05 0 
-0.000373402 -0.00023305 0 
-0.000330965 -1.84512e-05 0 
-0.00219595 0.00103848 0 
-0.0023928 0.00116276 0 
-0.0019073 0.000770081 0 
-0.0023928 0.00116276 0 
-0.00179187 0.000531434 0 
-0.00309213 -0.000564446 0 
-0.00163712 -0.00112535 0 
-0.00309213 -0.000564446 0 
-0.000911351 0.000162217 0 
-0.00103422 0.000166409 0 
-0.000982035 5.84641e-05 0 
-0.00103422 0.000166409 0 
-0.000539334 0.000422825 0 
-0.000766971 0.000501823 0 
-0.000673643 0.00034163 0 
-0.000766971 0.000501823 0 
7.49969e-05 -0.000442087 0 
-3.84934e-05 -0.00032641 0 
-8.90604e-05 -0.000400229 0 
-3.84934e-05 -0.00032641 0 
-0.00101909 -0.000514527 0 
-0.00106491 -0.000526132 0 
-0.00118296 -0.000676878 0 
-0.00106491 -0.000526132 0 
-4.53354e-05 0.000127382 0 
-0.000178208 0.000273573 0 
-0.000315768 0.00014657 0 
-0.000178208 0.000273573 0 
-0.000499698 -0.000462356 0 
-0.000585456 -0.000441816 0 
-0.000568185 -0.000517051 0 
-0.000585456 -0.000441816 0 
-0.00116076 -0.000598275 0 
-0.000805032 -0.000166612 0 
-0.00119159 0.000215014 0 
-0.000805032 -0.000166612 0 
-9.53836e-05 -0.000115073 0 
-0.000242922 5.90112e-05 0 
-0.000238373 -0.00014953 0 
-0.000242922 5.90112e-05 0 
-0.000265593 -2.98661e-05 0 
-5.30855e-05 3.72767e-05 0 
-0.00019702 5.56907e-05 0 
-5.30855e-05 3.72767e-05 0 
-0.0002177 0.000232693 0 
-0.000325168 0.000326252 0 
-0.000317852 0.000173423 0 
-0.000325168 0.000326252 0 
-0.000729871 -0.000188569 0 
-0.000421217 -0.0002408 0 
-0.000776233 -1.78606e-05 0 
-0.000421217 -0.0002408 0 
-0.000412313 -0.000306219 0 
-8.70013e-05 -0.000173601 0 
-0.000296185 -3.13633e-05 0 
-8.70013e-05 -0.000173601 0 
-0.00032678 -0.000581593 0 
-0.000418077 -0.000363984 0 
-0.000580156 -0.00050061 0 
-0.000418077 -0.000363984 0 
-0.000879019 -0.00017096 0 
-0.000617375 -0.000346591 0 
-0.000644696 5.124e-05 0 
-0.000617375 -0.000346591 0 
-0.00103646 -0.000327533 0 
-0.00111159 -0.0011291 0 
-0.000631452 -0.000426121 0 
-0.00111159 -0.0011291 0 
-0.00189679 0.000754117 0 
-0.00197538 -0.000143209 0 
-0.0015609 0.000338208 0 
-0.00197538 -0.000143209 0 
-0.00057209 -0.000849091 0 
-0.00079133 -0.000204345 0 
-0.00108775 -0.000556109 0 
-0.00079133 -0.000204345 0 
-0.000630408 -0.000320059 0 
-0.000403195 -9.68184e-05 0 
-0.000630227 2.17864e-05 0 
-0.000403195 -9.68184e-05 0 
-0.000920623 0.00023331 0 
-0.000589147 0.000238771 0 
-0.000795093 0.000267071 0 
-0.000589147 0.000238771 0 
-5.09129e-05 1.13072e-05 0 
-0.000270766 -0.000468144 0 
5.74403e-05 -8.77034e-05 0 
-0.000270766 -0.000468144 0 
-0.000263598 2.00896e-05 0 
-0.000472995 0.000314742 0 
-0.000582708 -2.69669e-05 0 
-0.000472995 0.000314742 0 
-0.0008652 0.000378462 0 
-0.000923574 0.000390093 0 
-0.000909484 0.000323869 0 
-0.000923574 0.000390093 0 
-0.00146301 -0.000838704 0 
-0.00100277 -0.00108665 0 
-0.00119129 -0.000752113 0 
-0.00100277 -0.00108665 0 
-0.00122362 0.000176462 0 
-0.000690226 9.53442e-05 0 
-0.000538445 0.000503115 0 
-0.000690226 9.53442e-05 0 
-0.000659636 -0.00153762 0 
-0.000215251 -0.00154596 0 
-0.000608897 -0.00121288 0 
-0.000215251 -0.00154596 0 
-0.000234893 -0.000757408 0 
-0.000574129 -0.00108266 0 
-0.000378498 -0.00115648 0 
-0.000574129 -0.00108266 0 
-0.00036785 0.000345013 0 
-0.00191239 0.000677433 0 
-0.000733731 -3.7313e-06 0 
-0.00191239 0.000677433 0 
-0.00054243 -0.000317548 0 
-0.000465138 -0.000478322 0 
-0.00034191 -0.000283902 0 
-0.000465138 -0.000478322 0 
-0.00195263 -0.000448766 0 
-0.00101028 -0.000695651 0 
-0.00121204 -0.000455906 0 
-0.00101028 -0.000695651 0 
-0.000302534 0.000639702 0 
-0.000537412 0.000378471 0 
-0.000470044 0.000327425 0 
-0.000537412 0.000378471 0 
-0.000846709 0.000416878 0 
-0.000843347 0.000412499 0 
-0.000846308 0.000401868 0 
-0.000843347 0.000412499 0 
-0.000272134 -0.000295996 0 
-0.000554496 -0.000392439 0 
-0.000342915 -0.000430436 0 
-0.000554496 -0.000392439 0 
-0.000766057 -0.000677662 0 
-0.000645487 -0.000471862 0 
-0.000912028 -0.00040398 0 
-0.000645487 -0.000471862 0 
-0.00192124 -0.00106439 0 
-0.000343106 -0.00087534 0 
-0.00105837 -0.000559477 0 
-0.000343106 -0.00087534 0 
-0.000908889 -0.00149463 0 
-0.00099464 -0.00142116 0 
-0.00101951 -0.00150717 0 
-0.00099464 -0.00142116 0 
-0.0013069 0.000360761 0 
-0.000867104 -0.000116932 0 
-0.000751629 0.00011663 0 
-0.000867104 -0.000116932 0 
-0.000575122 0.00033607 0 
-0.000450443 0.000362136 0 
-0.000524314 0.000408965 0 
-0.000450443 0.000362136 0 
-2.70404e-05 0.000205809 0 
-0.00108421 0.00159004 0 
-0.000709833 0.000340285 0 
-0.00108421 0.00159004 0 
-1.6212e-05 2.50272e-05 0 
-0.000381828 0.000978675 0 
-0.000187979 -7.38797e-05 0 
-0.000381828 0.000978675 0 
-0.00101474 -0.000627387 0 
-0.000450249 -0.00040622 0 
-0.000577385 -0.00017042 0 
-0.000450249 -0.00040622 0 
-0.000170022 -0.000232384 0 
-0.000138804 -0.000648328 0 
-0.000108475 -0.000320116 0 
-0.000138804 -0.000648328 0 
-0.000844176 -0.000355723 0 
-0.000711702 -0.000144806 0 
-0.000873563 -0.000118256 0 
-0.000711702 -0.000144806 0 
-0.0010991 0.000353944 0 
-0.00101298 0.000424983 0 
-0.0011493 0.000451872 0 
-0.00101298 0.000424983 0 
-0.000509491 -0.00132006 0 
0.000172015 -0.000844549 0 
-0.000438348 -0.000820154 0 
0.000172015 -0.000844549 0 
-0.000104236 -0.000106689 0 
4.14333e-06 -2.90171e-05 0 
-5.9411e-05 1.71276e-05 0 
4.14333e-06 -2.90171e-05 0 
-6.11905e-05 -5.01294e-05 0 
-0.000580684 -0.000327015 0 
-3.98147e-05 -0.000264937 0 
-0.000580684 -0.000327015 0 
-0.00118483 -0.000123711 0 
-0.00132686 0.00014001 0 
-0.00146604 -0.000207748 0 
-0.00132686 0.00014001 0 
-0.00188559 0.000456175 0 
-0.000749969 0.000455033 0 
-0.00109795 0.000815471 0 
-0.000749969 0.000455033 0 
-9.81435e-05 -0.000249741 0 
-0.000176385 -0.000249822 0 
-0.000161435 -0.000312172 0 
-0.000176385 -0.000249822 0 
-0.000281328 -0.000446461 0 
-0.00024926 -0.000388883 0 
-0.000270077 -0.000335997 0 
-0.00024926 -0.000388883 0 
0.000489744 -0.000669422 0 
-7.19591e-05 0.000176728 0 
-0.000277199 -0.000156858 0 
-7.19591e-05 0.000176728 0 
-0.00105819 -0.000319724 0 
-0.00092976 -0.000943033 0 
-0.000319447 0.000174659 0 
-0.00092976 -0.000943033 0 
-0.000719404 0.000233698 0 
-0.000102566 0.000221622 0 
-0.000671151 0.000644977 0 
-0.000102566 0.000221622 0 
-0.000221764 0.000234722 0 
-0.000493034 3.15726e-05 0 
-0.000252441 2.02688e-05 0 
-0.000493034 3.15726e-05 0 
-1.40732e-05 0.000173545 0 
-2.24215e-05 0.000245105 0 
-7.46445e-05 0.000127047 0 
-2.24215e-05 0.000245105 0 
-0.00112008 -0.00049232 0 
-0.000668677 -0.000499484 0 
-0.000851251 -1.72625e-05 0 
-0.000668677 -0.000499484 0 
-0.000783791 0.000134725 0 
-0.000789569 4.63883e-05 0 
-0.000704654 2.47011e-06 0 
-0.000789569 4.63883e-05 0 
-0.000865407 0.000416573 0 
-0.000958502 0.000410009 0 
-0.000884242 0.00034181 0 
-0.000958502 0.000410009 0 
-0.000844042 0.000409981 0 
-0.00084588 0.000419878 0 
-0.000856592 0.00039626 0 
-0.00084588 0.000419878 0 
-0.000830726 0.000329291 0 
-0.00090629 0.000318804 0 
-0.000869585 0.000250929 0 
-0.00090629 0.000318804 0 
-0.000936756 9.54342e-05 0 
-0.000802376 0.000748783 0 
-0.001174 -0.000104294 0 
-0.000802376 0.000748783 0 
-0.000724845 5.56257e-05 0 
-0.00072433 9.84323e-05 0 
-0.000730722 0.000107037 0 
-0.00072433 9.84323e-05 0 
-0.00166168 0.000557705 0 
-0.00183963 -0.000257557 0 
-0.00109209 8.45216e-05 0 
-0.00183963 -0.000257557 0 
-2.03423e-05 0.00025508 0 
-0.00186749 0.00100432 0 
-0.0009797 -0.000167767 0 
-0.00186749 0.00100432 0 
-0.000135059 -0.000711958 0 
-0.000744576 -0.00140617 0 
-0.000575851 -0.00109543 0 
-0.000744576 -0.00140617 0 
-0.000709914 0.000120724 0 
-0.000724567 5.60558e-05 0 
-0.000669101 5.70595e-05 0 
-0.000724567 5.60558e-05 0 
-0.000977434 4.27056e-05 0 
-0.00128727 -0.000478103 0 
-0.000968204 -0.000780593 0 
-0.00128727 -0.000478103 0 
-0.000253641 -0.000724145 0 
-0.000119619 -0.000252515 0 
-0.000277102 -0.000442015 0 
-0.000119619 -0.000252515 0 
-0.0002164 -0.000543116 0 
-0.000254816 -0.000429086 0 
-0.000382046 -0.000457601 0 
-0.000254816 -0.000429086 0 
-0.000477533 -7.89861e-05 0 
-0.000232505 0.000311331 0 
-0.00068411 0.000300796 0 
-0.000232505 0.000311331 0 
-0.00185119 0.000402992 0 
-0.00124913 -0.00039083 0 
-0.00126494 -9.02594e-06 0 
-0.00124913 -0.00039083 0 
-0.000847299 -0.000696521 0 
-0.00100478 0.00057545 0 
-0.00140083 -0.000209624 0 
-0.00100478 0.00057545 0 
-0.000505511 0.000417135 0 
-0.00104924 -5.61333e-05 0 
-0.000168431 -3.87274e-06 0 
-0.00104924 -5.61333e-05 0 
-0.00103891 0.000176469 0 
-0.000958683 0.000253993 0 
-0.00104789 0.000292178 0 
-0.000958683 0.000253993 0 
-0.000888537 -0.000150553 0 
-0.00117109 -0.000605003 0 
-0.000746413 -0.000613086 0 
-0.00117109 -0.000605003 0 
-0.000749951 -0.00119207 0 
-0.000727457 -0.000544123 0 
-0.0009179 -0.000768727 0 
-0.000727457 -0.000544123 0 
-0.00020036 -0.00038875 0 
-0.00116565 -0.000298537 0 
-0.000993696 -0.000968088 0 
-0.00116565 -0.000298537 0 
-0.000645361 -0.000358827 0 
-0.000579854 -0.000433787 0 
-0.000530482 -0.00032934 0 
-0.000579854 -0.000433787 0 
-0.000211044 0.000477648 0 
-0.000343383 0.000738327 0 
-0.000595717 0.000381289 0 
-0.000343383 0.000738327 0 
-0.000910095 -0.000414866 0 
-0.00108794 -0.000551533 0 
-0.000931012 -0.000577991 0 
-0.00108794 -0.000551533 0 
-0.000430529 -0.000215758 0 
-0.000389176 7.35244e-05 0 
-0.000676069 -0.000143775 0 
-0.000389176 7.35244e-05 0 
-0.0013915 0.00195489 0 
-0.00151909 0.000397352 0 
-0.000741088 0.000791273 0 
-0.00151909 0.000397352 0 
-2.84342e-05 -0.000279497 0 
-7.87316e-05 -0.00010506 0 
-0.00012423 -0.00025885 0 
-7.87316e-05 -0.00010506 0 
-0.000807747 -0.000265808 0 
-0.000556058 0.000261636 0 
-0.00113153 9.06908e-05 0 
-0.000556058 0.000261636 0 
-0.000427724 -0.000385804 0 
-0.000384272 -0.000398272 0 
-0.00039437 -0.000362936 0 
-0.000384272 -0.000398272 0 
1.17987e-06 1.53545e-06 0 
-3.29359e-07 -7.12957e-07 0 
-1.9552e-07 -1.12003e-06 0 
-3.29359e-07 -7.12957e-07 0 
-0.000791815 4.51081e-05 0 
-0.000966545 7.67099e-05 0 
-0.000910891 -0.000134025 0 
-0.000966545 7.67099e-05 0 
-0.000307776 0.000442727 0 
-0.000333519 0.000415309 0 
-0.000336933 0.000482396 0 
-0.000333519 0.000415309 0 
-0.000745602 0.000435961 0 
-0.00102427 0.000456661 0 
-0.000897191 0.000246802 0 
-0.00102427 0.000456661 0 
-0.000633519 5.57127e-05 0 
-0.000262079 0.000155119 0 
-0.000528733 0.000264628 0 
-0.000262079 0.000155119 0 
-0.00037951 -4.6061e-05 0 
-0.000306075 3.15909e-05 0 
-0.000359706 2.56017e-05 0 
-0.000306075 3.15909e-05 0 
-0.000917702 -0.000155975 0 
-0.00145661 -0.000286373 0 
-0.00113965 -0.000664377 0 
-0.00145661 -0.000286373 0 
-0.000587763 -0.000382696 0 
-0.000538375 -0.00030907 0 
-0.000644046 -0.000317532 0 
-0.000538375 -0.00030907 0 
-0.000831566 -0.000540081 0 
-0.000744444 -0.000524903 0 
-0.000687503 -0.000623272 0 
-0.000744444 -0.000524903 0 
-0.000639113 0.000120538 0 
-0.000391102 5.85319e-05 0 
-0.000406583 0.000261926 0 
-0.000391102 5.85319e-05 0 
-0.00108266 -0.000177734 0 
-0.00115779 -3.65995e-05 0 
-0.00143763 -0.000232397 0 
-0.00115779 -3.65995e-05 0 
-0.000644974 0.00042061 0 
-0.000797982 0.000341347 0 
-0.000559433 0.000329263 0 
-0.000797982 0.000341347 0 
-0.000538636 -2.73379e-05 0 
-0.000514919 -8.36648e-05 0 
-0.000484766 -4.97266e-05 0 
-0.000514919 -8.36648e-05 0 
-0.000439535 0.000340188 0 
-0.000477235 4.75583e-05 0 
-0.000341752 0.000168507 0 
-0.000477235 4.75583e-05 0 
-8.67754e-05 -5.41274e-05 0 
-4.98306e-05 0.00022282 0 
-0.000402896 -4.69783e-05 0 
-4.98306e-05 0.00022282 0 
-0.00171035 0.00122985 0 
-0.00270725 0.000530739 0 
-0.00174276 0.000285992 0 
-0.00270725 0.000530739 0 
-0.000314122 0.000239129 0 
-0.000534645 0.000508292 0 
-0.000709817 0.000184348 0 
-0.000534645 0.000508292 0 
-0.00151273 0.00119314 0 
-0.00048822 0.000928672 0 
-0.000580214 0.000888386 0 
-0.00048822 0.000928672 0 
-0.000600656 -0.000143669 0 
-0.00048532 -0.000199806 0 
-0.000487676 -7.39593e-05 0 
-0.00048532 -0.000199806 0 
-0.00175379 0.00134106 0 
-0.00126427 0.000169855 0 
-0.00111357 0.000865943 0 
-0.00126427 0.000169855 0 
-0.000485737 -0.000656648 0 
-0.000102109 -0.000351675 0 
-0.000628232 -0.000377604 0 
-0.000102109 -0.000351675 0 
-0.000440445 0.000669052 0 
-0.000939331 0.00024621 0 
-0.000586016 0.000127554 0 
-0.000939331 0.00024621 0 
-0.00152698 0.00034303 0 
-0.0016036 0.000813459 0 
-0.00154558 0.000102982 0 
-0.0016036 0.000813459 0 
-0.000852668 0.000146848 0 
-0.000764526 5.53489e-05 0 
-0.00076047 0.000174927 0 
-0.000764526 5.53489e-05 0 
-0.000693741 0.000236105 0 
-0.000591124 0.000204745 0 
-0.000629052 0.000319485 0 
-0.000591124 0.000204745 0 
-0.000537029 0.000212973 0 
-0.000499445 1.26038e-05 0 
-0.000384246 -4.98721e-05 0 
-0.000499445 1.26038e-05 0 
-0.0010876 -0.000550473 0 
-0.000911389 -0.000418925 0 
-0.00116132 -0.00037247 0 
-0.000911389 -0.000418925 0 
-0.000576069 0.00114829 0 
-0.00126392 0.000571095 0 
-0.000516727 0.000417261 0 
-0.00126392 0.000571095 0 
-0.000715375 -0.000462732 0 
-0.000284206 -0.000450516 0 
-0.000424553 -0.000170599 0 
-0.000284206 -0.000450516 0 
-0.000381122 6.01164e-05 0 
-0.000640318 0.000120346 0 
-0.000520592 -6.36334e-05 0 
-0.000640318 0.000120346 0 
0.000229041 -0.000537429 0 
8.53215e-06 3.37043e-05 0 
-5.75189e-05 -7.17673e-05 0 
8.53215e-06 3.37043e-05 0 
-0.000891148 0.000283247 0 
-0.000874304 1.57853e-05 0 
-0.000588925 0.000171098 0 
-0.000874304 1.57853e-05 0 
-0.000998264 6.55636e-05 0 
-0.00071518 0.000226472 0 
-0.0011533 0.000441753 0 
-0.00071518 0.000226472 0 
-7.64187e-05 -3.11414e-05 0 
-0.000184016 7.65893e-05 0 
-0.000228522 -1.86618e-05 0 
-0.000184016 7.65893e-05 0 
-0.000781869 0.00164496 0 
-0.0017959 0.000463742 0 
-0.00064917 0.000478909 0 
-0.0017959 0.000463742 0 
-0.000314854 -7.53691e-05 0 
-0.000151515 2.53939e-05 0 
-0.000394941 7.18731e-05 0 
-0.000151515 2.53939e-05 0 
-0.00111885 0.00027802 0 
-0.000823519 0.000160559 0 
-0.00102694 0.000408983 0 
-0.000823519 0.000160559 0 
-8.29969e-05 0.000146692 0 
-0.000297057 0.000172878 0 
-0.000221199 -3.89896e-05 0 
-0.000297057 0.000172878 0 
-0.00190447 0.00176309 0 
-0.00248104 0.0014046 0 
-0.00171671 0.000773519 0 
-0.00248104 0.0014046 0 
-0.00148053 0.00150422 0 
-0.00104983 0.00048839 0 
-0.000746368 0.000909609 0 
-0.00104983 0.00048839 0 
-0.000449292 -0.000314569 0 
-0.000288638 -0.000567633 0 
-0.000134652 -0.000327877 0 
-0.000288638 -0.000567633 0 
-0.000618239 -0.00024833 0 
-0.000546693 -0.000332285 0 
-0.000492387 -0.000209743 0 
-0.000546693 -0.000332285 0 
6.22786e-05 9.44858e-05 0 
-0.000432495 0.000781116 0 
-0.000340578 0.00016847 0 
-0.000432495 0.000781116 0 
-0.000751126 -0.000558415 0 
-0.000720299 0.000124029 0 
-0.000911413 -0.000366567 0 
-0.000720299 0.000124029 0 
-0.000103946 -0.000408046 0 
-5.34534e-05 -0.000169683 0 
-0.000194612 -0.000226015 0 
-5.34534e-05 -0.000169683 0 
-0.000402983 9.3527e-05 0 
-0.000472004 -0.000249592 0 
-0.000309927 -0.00021531 0 
-0.000472004 -0.000249592 0 
-0.000887686 -0.00016748 0 
-0.000472715 -0.000326342 0 
-0.000626535 2.38631e-06 0 
-0.000472715 -0.000326342 0 
-0.000193391 -9.49084e-05 0 
-0.000287498 -9.38598e-05 0 
-0.000334947 -0.000230211 0 
-0.000287498 -9.38598e-05 0 
-0.000729534 0.000144857 0 
-0.000667306 5.71575e-05 0 
-0.000604632 0.000146501 0 
-0.000667306 5.71575e-05 0 
-0.000678785 3.55382e-05 0 
-0.000504164 0.000101917 0 
-0.00059817 0.000208542 0 
-0.000504164 0.000101917 0 
-0.00103525 -0.000319758 0 
-0.000768447 -0.000480824 0 
-0.000919127 -0.000332013 0 
-0.000768447 -0.000480824 0 
-0.000455659 -0.000514537 0 
0.000206714 0.000595021 0 
-0.000849556 0.00010679 0 
0.000206714 0.000595021 0 
-0.000797148 0.000490492 0 
-0.0011452 0.000612518 0 
-0.00120816 0.000134279 0 
-0.0011452 0.000612518 0 
-0.000209073 -3.42206e-05 0 
-0.000317241 -0.000261536 0 
-0.00017508 -0.000189383 0 
-0.000317241 -0.000261536 0 
-0.00109633 0.0003345 0 
-0.000980026 -0.000348802 0 
-0.000473397 -0.000100461 0 
-0.000980026 -0.000348802 0 
-0.000947714 0.000624831 0 
-0.00156508 0.000169934 0 
-0.000742969 0.000118763 0 
-0.00156508 0.000169934 0 
-0.00174887 -0.000185997 0 
-0.00104875 0.000514191 0 
-0.00190222 0.000796771 0 
-0.00104875 0.000514191 0 
-0.000616474 -0.000244867 0 
-0.000471386 0.000212979 0 
-0.000860435 2.98673e-05 0 
-0.000471386 0.000212979 0 
-0.00109367 0.000758331 0 
-0.000913098 0.000355128 0 
-0.000656156 0.000641333 0 
-0.000913098 0.000355128 0 
-0.00116714 -0.000519489 0 
-0.000556744 -0.000276063 0 
-0.000938955 -8.39346e-05 0 
-0.000556744 -0.000276063 0 
-0.000568083 0.000917617 0 
-0.00189646 0.00139555 0 
-0.00129744 0.000739157 0 
-0.00189646 0.00139555 0 
-0.00157914 -0.00174803 0 
-0.00099281 -0.00175418 0 
-0.00118671 -0.00147621 0 
-0.00099281 -0.00175418 0 
0.000681845 0.000378525 0 
-0.00188753 0.00284205 0 
-0.000929039 0.00103236 0 
-0.00188753 0.00284205 0 
-0.000436829 0.00012062 0 
-0.000381945 0.000336852 0 
-0.000582135 0.000271433 0 
-0.000381945 0.000336852 0 
-0.000748535 -0.000531049 0 
-0.000651176 -0.000770774 0 
-0.00050161 -0.000332757 0 
-0.000651176 -0.000770774 0 
-0.000738786 9.66775e-05 0 
-0.000363741 -8.42699e-05 0 
-0.000616329 0.000366643 0 
-0.000363741 -8.42699e-05 0 
-0.000675567 -0.000314111 0 
-0.000443448 -0.000241142 0 
-0.000623912 -0.00012071 0 
-0.000443448 -0.000241142 0 
-0.0025509 0.00147446 0 
-0.00195707 0.00181569 0 
-0.00199914 0.00166734 0 
-0.00195707 0.00181569 0 
-0.00254432 -0.000133818 0 
-0.00143534 -0.000283822 0 
-0.0016398 -5.09156e-05 0 
-0.00143534 -0.000283822 0 
-0.000686275 -0.000311556 0 
-0.000294584 -0.000162232 0 
-0.000430918 -0.000144588 0 
-0.000294584 -0.000162232 0 
-0.00119475 0.00237427 0 
-0.000727583 0.002505 0 
-0.000849589 0.00165771 0 
-0.000727583 0.002505 0 
-0.000324222 0.000422554 0 
-0.000935086 1.69813e-06 0 
-0.000691969 -7.65965e-05 0 
-0.000935086 1.69813e-06 0 
-0.00211177 0.000296623 0 
-0.000765962 0.00024968 0 
-0.000735558 0.000886438 0 
-0.000765962 0.00024968 0 
-0.000745967 0.000607107 0 
-0.000529846 0.000953161 0 
-0.000840314 0.000887613 0 
-0.000529846 0.000953161 0 
-0.00117213 0.000408324 0 
-0.00133559 9.95382e-05 0 
-0.000937666 0.000264718 0 
-0.00133559 9.95382e-05 0 
-0.000905044 -0.000346914 0 
-0.000853922 -0.000278973 0 
-0.000886289 -0.000353272 0 
-0.000853922 -0.000278973 0 
-0.00250085 0.000731257 0 
-0.00202137 -0.000704902 0 
-0.00241839 0.000516686 0 
-0.00202137 -0.000704902 0 
-0.000398887 -0.000531676 0 
-0.000569429 -0.000540337 0 
-0.000598084 -0.000709723 0 
-0.000569429 -0.000540337 0 
-0.000653069 0.00139761 0 
-0.00196529 0.00151267 0 
-0.000781686 0.000665722 0 
-0.00196529 0.00151267 0 
-0.000592004 -0.00011549 0 
-0.000496807 -0.000103699 0 
-0.000558004 -5.91381e-06 0 
-0.000496807 -0.000103699 0 
-0.00069078 0.000236583 0 
-0.000669151 0.000127479 0 
-0.000595267 0.000204077 0 
-0.000669151 0.000127479 0 
-0.000843527 9.51884e-05 0 
-0.0010528 -3.74971e-05 0 
-0.000890037 -2.37416e-06 0 
-0.0010528 -3.74971e-05 0 
-0.000728013 -0.000524193 0 
-0.00106175 -0.00062347 0 
-0.000670148 -0.000622522 0 
-0.00106175 -0.00062347 0 
-0.000429626 -0.000249389 0 
-0.000535598 -0.000353754 0 
-0.000543569 -0.000378228 0 
-0.000535598 -0.000353754 0 
-0.000498802 0.000180727 0 
-0.000579737 0.000571298 0 
-0.000737705 0.000514656 0 
-0.000579737 0.000571298 0 
-0.00153535 -0.000641414 0 
-0.000930933 -0.00126952 0 
-0.000716145 -0.000728426 0 
-0.000930933 -0.00126952 0 
-0.00087721 -0.000437367 0 
-0.000553009 0.000313899 0 
-0.00139006 0.000250583 0 
-0.000553009 0.000313899 0 
-0.00086303 0.00085891 0 
-0.00236328 0.000256948 0 
-0.000889427 -6.16522e-06 0 
-0.00236328 0.000256948 0 
-0.000928606 7.95468e-05 0 
-0.000755098 0.00025748 0 
-0.000945581 0.000286439 0 
-0.000755098 0.00025748 0 
-0.00161679 0.00032887 0 
-0.000405771 0.000451686 0 
-0.000843426 0.000964324 0 
-0.000405771 0.000451686 0 
-0.000564687 0.000174065 0 
-0.000944345 0.000503797 0 
-0.00112471 0.000159954 0 
-0.000944345 0.000503797 0 
-0.00324138 0.000853091 0 
-0.00170129 -0.000421629 0 
-0.00191113 0.000768683 0 
-0.00170129 -0.000421629 0 
-0.000485819 -0.000609347 0 
-0.000209587 -0.000400788 0 
-0.000376528 -2.42463e-05 0 
-0.000209587 -0.000400788 0 
-0.000499199 0.000345796 0 
-0.00116991 0.000348385 0 
-0.00111953 -6.73027e-05 0 
-0.00116991 0.000348385 0 
-0.000454724 0.000374014 0 
-0.000345151 0.000348214 0 
-0.000483489 0.000305343 0 
-0.000345151 0.000348214 0 
0.000367335 0.0003444 0 
9.00965e-05 0.00171322 0 
-0.000211313 0.000527496 0 
9.00965e-05 0.00171322 0 
-0.00109215 0.000209465 0 
-0.000992317 5.72077e-05 0 
-0.000903146 0.000186716 0 
-0.000992317 5.72077e-05 0 
-0.000363036 -9.77237e-05 0 
-0.000317472 0.000258599 0 
-0.000542075 0.000117445 0 
-0.000317472 0.000258599 0 
-0.00058411 0.000313308 0 
-0.000311067 0.000142684 0 
-0.00021947 0.000432125 0 
-0.000311067 0.000142684 0 
-0.00153985 -0.000640085 0 
-0.000941046 -0.00062983 0 
-0.00135735 -0.000202578 0 
-0.000941046 -0.00062983 0 
-0.000788527 -0.000242872 0 
-5.95121e-05 3.35214e-05 0 
-0.000584237 0.000125464 0 
-5.95121e-05 3.35214e-05 0 
-0.000396157 0.000480956 0 
-0.000484981 0.000418397 0 
-0.000381294 0.000395889 0 
-0.000484981 0.000418397 0 
-0.000535338 -3.14923e-07 0 
-0.000487165 -6.93866e-05 0 
-0.000447251 -6.12835e-06 0 
-0.000487165 -6.93866e-05 0 
-0.0010811 0.000301509 0 
-0.00086158 -0.000146894 0 
-0.000843093 7.68515e-05 0 
-0.00086158 -0.000146894 0 
-0.000143154 -0.000501425 0 
-0.000220778 -0.000593441 0 
-0.000138666 -0.000329704 0 
-0.000220778 -0.000593441 0 
-0.000625461 6.13367e-05 0 
-0.000796655 -5.12349e-05 0 
-0.000455054 -0.000260834 0 
-0.000796655 -5.12349e-05 0 
-0.000802883 -0.000146806 0 
-0.000687955 0.00043741 0 
-0.0011625 -3.95849e-05 0 
-0.000687955 0.00043741 0 
-0.000412485 -0.000110468 0 
-0.000306466 0.000162246 0 
-0.000609737 5.18942e-05 0 
-0.000306466 0.000162246 0 
-0.000860046 0.000434274 0 
-0.000776149 0.000353276 0 
-0.000631634 0.000411918 0 
-0.000776149 0.000353276 0 
-0.00102808 6.23917e-05 0 
-0.00117902 -0.000502197 0 
-0.000853532 -0.000138847 0 
-0.00117902 -0.000502197 0 
-0.000813196 0.000177715 0 
-0.000904813 6.45054e-05 0 
-0.000789188 3.39544e-05 0 
-0.000904813 6.45054e-05 0 
-0.000692585 8.40169e-05 0 
-0.000201191 2.9839e-05 0 
-0.000552983 0.000433283 0 
-0.000201191 2.9839e-05 0 
-0.000468361 -0.00028133 0 
-0.000271515 -4.2318e-05 0 
-0.000629155 -2.47013e-05 0 
-0.000271515 -4.2318e-05 0 
-0.00125488 -0.000194839 0 
-0.00148293 -0.000237281 0 
-0.00150171 -0.000389889 0 
-0.00148293 -0.000237281 0 
-0.00105625 0.000146995 0 
-0.000628809 0.000201259 0 
-0.00083813 0.000322674 0 
-0.000628809 0.000201259 0 
-0.000305004 -6.12046e-05 0 
-0.000436417 0.000143094 0 
-0.00059864 -7.49158e-06 0 
-0.000436417 0.000143094 0 
-0.000140048 -0.00084199 0 
-4.87959e-05 0.000668527 0 
-0.000628126 -0.000258342 0 
-4.87959e-05 0.000668527 0 
-0.00112599 2.96768e-05 0 
-0.000994206 6.42637e-05 0 
-0.00108633 0.000187732 0 
-0.000994206 6.42637e-05 0 
-0.00129975 -0.000410629 0 
-0.00110769 -0.000645367 0 
-0.00116813 -0.000358828 0 
-0.00110769 -0.000645367 0 
-0.000474838 0.000309099 0 
-0.000456193 1.60309e-05 0 
-0.000210555 0.000273548 0 
-0.000456193 1.60309e-05 0 
-0.00266166 -0.00212083 0 
-0.000648188 -0.000985026 0 
-0.00160726 -0.000477126 0 
-0.000648188 -0.000985026 0 
-0.00182646 -0.000870336 0 
-0.00094352 -0.00135207 0 
-0.00100207 -0.000517835 0 
-0.00094352 -0.00135207 0 
-0.00078468 0.000263993 0 
-0.000838577 0.00041094 0 
-0.00102098 0.00014631 0 
-0.000838577 0.00041094 0 
-0.00153044 2.39572e-05 0 
-0.0011172 4.05663e-05 0 
-0.00118696 0.000437229 0 
-0.0011172 4.05663e-05 0 
-0.000477627 0.000127014 0 
-0.000632425 0.000111201 0 
-0.000590545 -1.50017e-05 0 
-0.000632425 0.000111201 0 
-0.000846473 0.000648522 0 
-0.00104202 0.000149036 0 
-0.000794072 0.000142759 0 
-0.00104202 0.000149036 0 
-0.000931475 0.000665521 0 
-9.91393e-05 0.000597492 0 
-0.000604012 0.00101713 0 
-9.91393e-05 0.000597492 0 
-0.000572714 0.000233007 0 
-0.000628345 0.000111756 0 
-0.000488024 0.000125599 0 
-0.000628345 0.000111756 0 
-0.00105131 -5.7001e-05 0 
-0.000789817 0.000173357 0 
-0.000953865 0.000259374 0 
-0.000789817 0.000173357 0 
-0.00186331 0.000647976 0 
-0.00211657 -0.000244596 0 
-0.00119808 5.61082e-05 0 
-0.00211657 -0.000244596 0 
-0.000889147 -2.29424e-05 0 
-0.00044168 2.16413e-05 0 
-0.000523738 0.000246935 0 
-0.00044168 2.16413e-05 0 
-0.00124025 -0.000630786 0 
-0.00147406 0.00017951 0 
-0.00196435 -0.000381033 0 
-0.00147406 0.00017951 0 
-0.00112592 2.9745e-05 0 
-0.0010166 -3.97915e-05 0 
-0.00100231 5.65546e-05 0 
-0.0010166 -3.97915e-05 0 
0.000284444 -0.000336882 0 
-0.000108404 9.25558e-05 0 
-0.000178232 -0.000258478 0 
-0.000108404 9.25558e-05 0 
-0.000910199 0.000385604 0 
-0.00183333 8.05468e-05 0 
-0.00126163 -0.000196985 0 
-0.00183333 8.05468e-05 0 
-0.000291772 0.000303035 0 
-0.000423722 0.000279698 0 
-0.000337593 0.000187147 0 
-0.000423722 0.000279698 0 
-0.000127468 0.000256689 0 
-0.000273046 0.000368805 0 
-0.000190747 0.00026892 0 
-0.000273046 0.000368805 0 
-0.000419977 -0.000279414 0 
-0.00161994 -0.000546001 0 
-0.000577085 -0.000754045 0 
-0.00161994 -0.000546001 0 
-0.000223769 0.000698417 0 
-0.000544567 0.0006341 0 
-0.0003805 0.000421207 0 
-0.000544567 0.0006341 0 
-0.0002039 2.48342e-05 0 
-0.000401345 0.000943684 0 
-0.000380733 0.000204287 0 
-0.000401345 0.000943684 0 
-0.00119792 0.000290545 0 
-0.00119731 4.99093e-05 0 
-0.00100031 0.000148442 0 
-0.00119731 4.99093e-05 0 
-0.000821626 -0.0021531 0 
-3.79609e-05 -0.000590908 0 
-0.00126376 -0.000178649 0 
-3.79609e-05 -0.000590908 0 
-0.000757361 0.00128102 0 
-0.000717275 0.000864088 0 
-0.000400591 0.000977855 0 
-0.000717275 0.000864088 0 
-0.00036064 -0.000410816 0 
-0.000554573 -0.000180629 0 
-0.000698048 -0.000620622 0 
-0.000554573 -0.000180629 0 
-0.000909437 -0.000507536 0 
-0.000625835 -0.00107084 0 
-0.000535068 -0.000858419 0 
-0.000625835 -0.00107084 0 
-0.000603655 0.000470461 0 
-0.000512519 0.000793686 0 
-0.000909172 0.000629264 0 
-0.000512519 0.000793686 0 
-0.000328898 0.000286847 0 
-0.000289968 0.000307493 0 
-0.000296596 0.000325017 0 
-0.000289968 0.000307493 0 
-0.000163841 0.00120263 0 
-0.000769844 0.000141039 0 
-0.000140513 0.000408717 0 
-0.000769844 0.000141039 0 
-0.000319376 0.000198641 0 
-0.00031312 8.05731e-05 0 
-0.000222269 8.12977e-05 0 
-0.00031312 8.05731e-05 0 
-1.61337e-06 -6.66302e-06 0 
5.36671e-07 5.39976e-06 0 
-3.30235e-06 2.266e-06 0 
5.36671e-07 5.39976e-06 0 
-0.000805928 0.000572475 0 
-0.000518613 0.000209839 0 
-0.000454387 0.000673732 0 
-0.000518613 0.000209839 0 
-0.000891911 -0.00107671 0 
-0.00132971 -0.000375471 0 
-0.00170923 -0.000515483 0 
-0.00132971 -0.000375471 0 
-0.000232943 0.000297964 0 
-0.000156539 0.000406505 0 
-0.000273414 0.000487286 0 
-0.000156539 0.000406505 0 
4.05586e-05 -0.000333594 0 
-6.46192e-05 -0.00026001 0 
-1.15501e-05 -0.000411291 0 
-6.46192e-05 -0.00026001 0 
-0.000933134 -0.000387202 0 
6.94799e-05 0.000219182 0 
-0.00065635 0.000232804 0 
6.94799e-05 0.000219182 0 
-0.000544494 -8.60278e-06 0 
-0.000816382 -0.000109449 0 
-0.000475427 -0.000448407 0 
-0.000816382 -0.000109449 0 
-0.000697256 -0.00049211 0 
-0.00041533 -0.000487179 0 
-0.000527002 -0.000359548 0 
-0.00041533 -0.000487179 0 
-0.000554704 0.000399463 0 
-0.00062449 0.000416144 0 
-0.000626572 0.000314097 0 
-0.00062449 0.000416144 0 
-0.00103512 0.000148917 0 
-0.000814203 -0.000156102 0 
-0.000593268 6.79519e-05 0 
-0.000814203 -0.000156102 0 
-0.000583329 0.000409439 0 
-0.00104379 0.000101733 0 
-0.000514167 0.00023922 0 
-0.00104379 0.000101733 0 
-0.00102923 0.000617797 0 
-0.00183784 9.32728e-06 0 
-0.00139487 -0.000220156 0 
-0.00183784 9.32728e-06 0 
-0.00109674 -0.000492069 0 
-0.000726748 -0.000638486 0 
-0.000842671 -0.000279983 0 
-0.000726748 -0.000638486 0 
-0.000579297 -0.000165756 0 
-0.000416061 6.37838e-05 0 
-0.000660745 -2.27705e-05 0 
-0.000416061 6.37838e-05 0 
-0.000869244 0.000115516 0 
-0.00101136 0.000156192 0 
-0.000981174 -6.2114e-06 0 
-0.00101136 0.000156192 0 
-0.000264289 0.000320964 0 
-0.000274037 0.000209342 0 
-0.000186555 0.000246016 0 
-0.000274037 0.000209342 0 
5.79442e-05 -0.000265137 0 
-0.000499751 0.000664194 0 
-0.000529862 -5.46262e-05 0 
-0.000499751 0.000664194 0 
-0.000755143 -0.000387874 0 
-0.000646429 -0.000357964 0 
-0.000697979 -0.000280893 0 
-0.000646429 -0.000357964 0 
-0.0016509 -0.00154205 0 
0.000516058 0.000204982 0 
-0.000656018 -6.25686e-06 0 
0.000516058 0.000204982 0 
-0.000357988 5.32746e-05 0 
-0.000345221 0.00011377 0 
-0.000527167 9.67354e-05 0 
-0.000345221 0.00011377 0 
-0.000344977 -0.00145323 0 
1.50333e-06 -0.000302932 0 
-0.000533964 -0.000422167 0 
1.50333e-06 -0.000302932 0 
-0.000567638 0.00016329 0 
-0.000717331 9.00143e-05 0 
-0.000584966 4.78436e-05 0 
-0.000717331 9.00143e-05 0 
-0.000870949 -0.000139193 0 
-0.000877758 0.000230505 0 
-0.00117423 -8.97352e-05 0 
-0.000877758 0.000230505 0 
-0.000997139 0.000423598 0 
-0.00108776 0.00043112 0 
-0.00103406 0.000372039 0 
-0.00108776 0.00043112 0 
-0.00069624 0.000336442 0 
-0.000646255 5.76975e-05 0 
-0.000611368 7.55213e-05 0 
-0.000646255 5.76975e-05 0 
-0.000398831 -0.000180051 0 
-0.000490029 1.29892e-05 0 
-0.000572372 -0.000136764 0 
-0.000490029 1.29892e-05 0 
-0.000845518 -0.000574479 0 
-0.000409679 -0.000634965 0 
-0.000659379 -0.000229957 0 
-0.000409679 -0.000634965 0 
-0.000835209 -0.00015265 0 
-0.000568435 -5.37751e-05 0 
-0.000710463 7.922e-05 0 
-0.000568435 -5.37751e-05 0 
-0.000198733 -0.00062997 0 
2.22929e-05 0.000440156 0 
-0.000451112 9.91581e-05 0 
2.22929e-05 0.000440156 0 
-0.000280823 0.000436369 0 
-0.000395796 0.000481584 0 
-0.000376942 0.000403465 0 
-0.000395796 0.000481584 0 
-0.000446216 -0.000623854 0 
-8.07648e-05 -0.000353307 0 
-0.000345882 -0.000237086 0 
-8.07648e-05 -0.000353307 0 
-0.00102816 -0.000279876 0 
-0.00122765 -0.00045696 0 
-0.000950704 -0.000450761 0 
-0.00122765 -0.00045696 0 
-0.000373178 0.000310738 0 
-0.000459565 0.000367542 0 
-0.000473957 0.000253597 0 
-0.000459565 0.000367542 0 
-0.00148248 0.000490044 0 
-0.00157998 -0.000290836 0 
-0.00116138 -1.11312e-06 0 
-0.00157998 -0.000290836 0 
-0.00194056 -0.00161034 0 
-0.000899826 -0.00172178 0 
-0.00174049 -0.000982725 0 
-0.000899826 -0.00172178 0 
0.00050733 -0.00125429 0 
0.000136277 -0.000178034 0 
-0.000137171 -0.000656947 0 
0.000136277 -0.000178034 0 
-0.000547374 -0.000426857 0 
-0.000534008 -0.000472734 0 
-0.000522278 -0.000437307 0 
-0.000534008 -0.000472734 0 
-0.000830878 0.000608483 0 
-0.000923976 0.000537481 0 
-0.000919732 0.0004423 0 
-0.000923976 0.000537481 0 
-0.00113237 0.000741189 0 
-0.000802377 0.00118464 0 
-0.0009028 0.000841222 0 
-0.000802377 0.00118464 0 
-0.0014012 -0.00294958 0 
8.50696e-05 -0.000964206 0 
-0.000756697 -0.000695321 0 
8.50696e-05 -0.000964206 0 
-0.000275337 -0.000347033 0 
-0.000521071 -0.000277836 0 
-0.000427453 -0.000444008 0 
-0.000521071 -0.000277836 0 
-0.00160198 -0.000935775 0 
-0.00104788 -0.00112473 0 
-0.0013378 -0.000506263 0 
-0.00104788 -0.00112473 0 
-0.000636191 0.000203022 0 
-0.000830328 0.000502465 0 
-0.000833426 0.000321551 0 
-0.000830328 0.000502465 0 
0.000562638 -0.000442299 0 
-0.000902088 0.000405615 0 
-0.000106783 -0.00036683 0 
-0.000902088 0.000405615 0 
-0.00129857 -2.73214e-05 0 
-0.0017007 9.86046e-05 0 
-0.00156911 -0.00034565 0 
-0.0017007 9.86046e-05 0 
-0.0010311 -0.000190133 0 
-0.00180715 -0.000534643 0 
-0.00106482 -0.000553295 0 
-0.00180715 -0.000534643 0 
-0.000425401 0.00031147 0 
-0.000707851 0.000340618 0 
-0.000542691 5.08224e-05 0 
-0.000707851 0.000340618 0 
-0.000287747 -0.00112466 0 
-0.000243605 -0.000576278 0 
-0.000287028 -0.000812485 0 
-0.000243605 -0.000576278 0 
-0.0009248 -0.000947265 0 
-0.000963719 -0.000760351 0 
-0.00117004 -0.00106445 0 
-0.000963719 -0.000760351 0 
-0.000127971 8.91397e-05 0 
-0.000277387 0.000204496 0 
-0.000279457 -3.9605e-05 0 
-0.000277387 0.000204496 0 
-9.87932e-05 3.4782e-05 0 
-2.19327e-05 4.79832e-05 0 
-7.85289e-05 8.72319e-05 0 
-2.19327e-05 4.79832e-05 0 
-0.000934479 0.000335897 0 
-0.00136012 0.000100178 0 
-0.00106982 6.87861e-05 0 
-0.00136012 0.000100178 0 
-2.46814e-05 -0.000112156 0 
-2.41729e-05 8.98771e-05 0 
-9.81185e-05 2.2165e-05 0 
-2.41729e-05 8.98771e-05 0 
-0.000319309 0.000421543 0 
-0.000535036 0.000404842 0 
-0.000420029 0.000275105 0 
-0.000535036 0.000404842 0 
-0.000612509 -0.00023066 0 
-0.000756728 -0.000155409 0 
-0.000824918 -0.000340295 0 
-0.000756728 -0.000155409 0 
-0.00108888 7.25789e-05 0 
-0.00094221 -6.78128e-05 0 
-0.000898544 0.000132148 0 
-0.00094221 -6.78128e-05 0 
-0.00134154 0.000126584 0 
-0.00118779 -3.49608e-05 0 
-0.00107484 0.000171478 0 
-0.00118779 -3.49608e-05 0 
-0.000245858 0.000410604 0 
-0.000606241 0.000505932 0 
-0.000507446 9.44255e-05 0 
-0.000606241 0.000505932 0 
-0.000706839 -0.000260821 0 
-0.000427674 0.000253169 0 
-0.00077943 0.000192887 0 
-0.000427674 0.000253169 0 
-0.00123096 0.000333044 0 
-0.000175163 0.00015126 0 
-0.000640095 0.000322574 0 
-0.000175163 0.00015126 0 
-0.000893353 -1.58057e-05 0 
-0.00112692 1.94026e-05 0 
-0.000984921 -0.000130163 0 
-0.00112692 1.94026e-05 0 
-0.00138561 0.00034065 0 
-0.00123781 0.000116762 0 
-0.00102264 0.000134949 0 
-0.00123781 0.000116762 0 
-0.000227059 -0.000425696 0 
-8.29346e-06 -0.000375363 0 
-0.00016232 -0.000280213 0 
-8.29346e-06 -0.000375363 0 
-0.000541273 0.000131227 0 
-0.00105317 0.000325593 0 
-0.000926488 -7.00009e-05 0 
-0.00105317 0.000325593 0 
-0.000679573 -0.00032401 0 
-0.00130689 -0.000641985 0 
-0.000717759 -0.000626192 0 
-0.00130689 -0.000641985 0 
-0.000444906 -0.000375351 0 
-0.00049231 -6.87896e-05 0 
-0.000734534 -0.000177887 0 
-0.00049231 -6.87896e-05 0 
-0.000693241 9.43846e-05 0 
-0.00134061 0.000139221 0 
-0.000666517 -0.000298869 0 
-0.00134061 0.000139221 0 
-0.000593118 2.74123e-05 0 
-0.000646512 -0.000215625 0 
-0.000455831 -0.000142018 0 
-0.000646512 -0.000215625 0 
-0.000231585 -0.001485 0 
-0.000307189 -0.00104403 0 
-0.000600043 -0.00124593 0 
-0.000307189 -0.00104403 0 
-0.0018958 -0.000253339 0 
-0.000703587 -0.000337872 0 
-0.00116538 0.000114107 0 
-0.000703587 -0.000337872 0 
-0.000151288 -0.000271332 0 
-0.000354489 -0.000555625 0 
-4.63883e-05 -0.000495078 0 
-0.000354489 -0.000555625 0 
-0.000134412 -0.00126159 0 
-0.000351878 0.00131467 0 
-0.000943895 -0.000114708 0 
-0.000351878 0.00131467 0 
-0.000796023 -0.00104466 0 
-0.000597386 -0.00121308 0 
-0.000574559 -0.000974169 0 
-0.000597386 -0.00121308 0 
-0.000300562 -0.000425923 0 
-0.000281691 -0.000433386 0 
-0.000327794 -0.000461352 0 
-0.000281691 -0.000433386 0 
-0.000276835 0.000103197 0 
-0.000495898 -9.77116e-05 0 
-0.000211182 -4.42038e-05 0 
-0.000495898 -9.77116e-05 0 
-0.00193557 0.000803932 0 
-0.00161796 0.000683802 0 
-0.0012906 0.000842602 0 
-0.00161796 0.000683802 0 
-0.000627708 -4.05018e-05 0 
-0.000311864 0.000450964 0 
-0.000807103 0.000221632 0 
-0.000311864 0.000450964 0 
-0.000914601 0.000304237 0 
-0.0010226 -0.000161652 0 
-0.000706942 7.66888e-06 0 
-0.0010226 -0.000161652 0 
-0.00041805 -3.25538e-05 0 
-0.000518476 -0.000403315 0 
-0.000248905 -0.000288543 0 
-0.000518476 -0.000403315 0 
-0.000218716 -3.70889e-05 0 
-0.000304868 0.0001669 0 
-0.000424579 2.15708e-05 0 
-0.000304868 0.0001669 0 
-0.00246623 -0.000805073 0 
-0.00159419 -0.00101787 0 
-0.00107613 -7.43877e-05 0 
-0.00159419 -0.00101787 0 
-0.00110787 0.000250647 0 
-0.000878986 7.59385e-06 0 
-0.000738208 0.000333289 0 
-0.000878986 7.59385e-06 0 
-0.000459752 0.000368745 0 
-0.00057593 0.000336644 0 
-0.000475133 0.000261157 0 
-0.00057593 0.000336644 0 
-0.000344258 0.000148288 0 
-0.000688936 -3.50794e-05 0 
-0.000435899 -0.000264747 0 
-0.000688936 -3.50794e-05 0 
-0.000199228 -0.000908975 0 
-0.000374386 -0.00117396 0 
-0.000113116 -0.00103803 0 
-0.000374386 -0.00117396 0 
-0.000839577 0.000393236 0 
-0.0011208 0.000587583 0 
-0.0011251 0.000243042 0 
-0.0011208 0.000587583 0 
-0.00107845 -7.75842e-05 0 
-0.000991167 -0.000376261 0 
-0.000762649 -0.000197226 0 
-0.000991167 -0.000376261 0 
-0.000734791 -0.000431774 0 
-0.000658734 -0.00110432 0 
-0.000307528 -0.00064991 0 
-0.000658734 -0.00110432 0 
-0.00160844 -0.000225864 0 
-0.000625371 4.39271e-05 0 
-0.00114933 0.000262805 0 
-0.000625371 4.39271e-05 0 
-0.0012192 0.000253749 0 
-0.000800099 -0.000287659 0 
-0.000426097 6.39403e-05 0 
-0.000800099 -0.000287659 0 
-0.000617011 0.000156261 0 
-0.000645485 -4.08658e-05 0 
-0.000572924 2.08441e-05 0 
-0.000645485 -4.08658e-05 0 
-0.000402974 3.96226e-06 0 
-0.000486383 0.000136289 0 
-0.000573556 -3.29982e-05 0 
-0.000486383 0.000136289 0 
-0.00266653 -0.00101803 0 
-0.000621075 -0.000903063 0 
-0.000906583 -8.6033e-05 0 
-0.000621075 -0.000903063 0 
-0.00119646 -0.000397311 0 
-0.000862381 -8.78475e-05 0 
-0.00128976 -6.21954e-05 0 
-0.000862381 -8.78475e-05 0 
-0.000779726 6.6877e-05 0 
-0.000182041 -1.16968e-05 0 
-0.000268847 0.000410136 0 
-0.000182041 -1.16968e-05 0 
-0.000857525 -0.00132929 0 
-0.000910611 -0.00141679 0 
-0.000887134 -0.00149714 0 
-0.000910611 -0.00141679 0 
-0.000716867 -0.000193232 0 
-0.000592977 0.000233875 0 
-0.00097869 7.53717e-05 0 
-0.000592977 0.000233875 0 
-0.000140004 -0.000846542 0 
-0.000223686 -0.000379087 0 
-0.000472605 -0.00065836 0 
-0.000223686 -0.000379087 0 
-0.000353108 0.000654417 0 
-0.000811095 0.000319147 0 
-0.000528809 0.000264443 0 
-0.000811095 0.000319147 0 
-0.00124682 0.000247293 0 
-0.00059944 0.000143448 0 
-0.000612402 0.000561073 0 
-0.00059944 0.000143448 0 
-0.000665675 -0.00048009 0 
-0.000489616 -0.000325506 0 
-0.000855391 -0.000300037 0 
-0.000489616 -0.000325506 0 
-0.00145433 0.00102763 0 
-0.00154226 0.000622743 0 
-0.00109484 0.000764192 0 
-0.00154226 0.000622743 0 
-0.000510081 0.000609685 0 
-0.000565178 0.000398784 0 
-0.000261698 0.000433121 0 
-0.000565178 0.000398784 0 
-0.00133205 0.000567661 0 
-0.00180159 0.000367738 0 
-0.0011631 0.000107417 0 
-0.00180159 0.000367738 0 
-0.00196404 0.00132352 0 
-0.00215145 0.000258206 0 
-0.0012924 0.000887926 0 
-0.00215145 0.000258206 0 
-9.61974e-05 -7.04011e-05 0 
-0.000123836 7.5414e-06 0 
-0.000198229 -7.50771e-05 0 
-0.000123836 7.5414e-06 0 
-0.000114024 -0.000417685 0 
-0.000970226 3.62286e-05 0 
-0.000920293 -0.000823647 0 
-0.000970226 3.62286e-05 0 
0.000307554 -0.00060802 0 
0.00032533 -0.000969733 0 
0.000226421 -0.000542877 0 
0.00032533 -0.000969733 0 
-0.000761884 0.000171333 0 
-0.000758736 7.00702e-05 0 
-0.000670434 0.000130542 0 
-0.000758736 7.00702e-05 0 
-0.000831954 -0.000429215 0 
-0.00152654 0.000414304 0 
-0.00147589 -0.000332813 0 
-0.00152654 0.000414304 0 
-0.00100971 -0.000511717 0 
-0.000157979 -0.00027401 0 
-0.000585559 8.99392e-05 0 
-0.000157979 -0.00027401 0 
-0.000289686 0.000399592 0 
-0.000425594 0.000279228 0 
-0.000314437 0.000297345 0 
-0.000425594 0.000279228 0 
-0.0010721 -0.00179146 0 
-0.000922326 -0.00249604 0 
-0.000597023 -0.00188971 0 
-0.000922326 -0.00249604 0 
-0.000545379 -0.000856259 0 
-0.00013693 -0.000702889 0 
-0.000398614 -0.000532936 0 
-0.00013693 -0.000702889 0 
-0.000491914 -7.70733e-05 0 
-0.000735869 -0.000321134 0 
-0.000481161 -0.000456433 0 
-0.000735869 -0.000321134 0 
-0.001644 -0.000308389 0 
-0.00189387 -0.000817993 0 
-0.00122872 -0.000703248 0 
-0.00189387 -0.000817993 0 
-0.00036214 0.000556113 0 
-0.00073589 0.000638867 0 
-0.000502175 0.000364691 0 
-0.00073589 0.000638867 0 
-0.000349004 -0.000569355 0 
-0.000419769 -0.000394405 0 
-0.000561169 -0.000454031 0 
-0.000419769 -0.000394405 0 
-0.000462692 -0.000459746 0 
-0.000340263 -0.000293054 0 
-0.000550482 -0.000319174 0 
-0.000340263 -0.000293054 0 
-1.47311e-05 -2.47805e-05 0 
3.54007e-05 9.06349e-05 0 
-5.28043e-05 1.09725e-05 0 
3.54007e-05 9.06349e-05 0 
-0.000342759 0.000143367 0 
-0.00102258 -0.000319458 0 
-0.000663521 -0.000298396 0 
-0.00102258 -0.000319458 0 
-0.00114102 -0.00241073 0 
-0.000439859 -0.00108507 0 
-0.000853125 -0.00137735 0 
-0.000439859 -0.00108507 0 
0.000102775 0.000275585 0 
-0.000400303 0.000409835 0 
-9.71928e-05 2.97607e-05 0 
-0.000400303 0.000409835 0 
-0.00195195 0.00171976 0 
-0.00186884 0.000209563 0 
-0.00111052 0.000711461 0 
-0.00186884 0.000209563 0 
-0.00152248 0.000539328 0 
-0.00113627 0.000231124 0 
-0.00112816 0.000368993 0 
-0.00113627 0.000231124 0 
-0.00133812 -0.00155527 0 
-0.00316653 -0.000602594 0 
-0.00182627 -0.00146512 0 
-0.00316653 -0.000602594 0 
-4.96295e-05 7.81052e-05 0 
-0.000167379 0.000113128 0 
-0.000174985 -9.07258e-05 0 
-0.000167379 0.000113128 0 
-0.000511689 -0.000245303 0 
-0.000617182 0.000173369 0 
-0.000856263 -5.14884e-05 0 
-0.000617182 0.000173369 0 
-0.00116907 -0.000497194 0 
-0.000765386 -0.000414163 0 
-0.00101518 -0.000164533 0 
-0.000765386 -0.000414163 0 
-0.00114562 -0.000746907 0 
-0.000102243 -0.000395192 0 
-0.000365553 -4.87751e-05 0 
-0.000102243 -0.000395192 0 
9.02222e-05 0.000383978 0 
-0.000568838 0.000433318 0 
-0.000243054 1.51965e-05 0 
-0.000568838 0.000433318 0 
-0.000303675 0.000815911 0 
-0.000684524 0.000842579 0 
-0.000520324 0.00055043 0 
-0.000684524 0.000842579 0 
-0.000424402 -0.000397723 0 
-0.000369988 -0.000416799 0 
-0.000361834 -0.000363381 0 
-0.000369988 -0.000416799 0 
-0.000404014 -0.000629373 0 
-0.000474585 -0.000249963 0 
-0.000620393 -0.000506557 0 
-0.000474585 -0.000249963 0 
-0.000953896 0.000528604 0 
-0.000672703 0.000692254 0 
-0.000921148 0.000793668 0 
-0.000672703 0.000692254 0 
-0.000441433 -0.00111798 0 
-0.000609926 -0.00133275 0 
-0.000438513 -0.00148768 0 
-0.000609926 -0.00133275 0 
-0.000486488 -0.000177376 0 
-0.000143233 -9.66446e-05 0 
-0.000396307 0.000124834 0 
-0.000143233 -9.66446e-05 0 
-0.000344629 -0.000576429 0 
-0.000245686 -0.000342353 0 
-0.000462464 -0.000449534 0 
-0.000245686 -0.000342353 0 
-0.00446218 0.000453295 0 
-0.00448992 0.000776888 0 
-0.00235537 -0.000692869 0 
-0.00448992 0.000776888 0 
-0.000864652 -0.00187243 0 
0.000196474 0.000139107 0 
-0.000415815 0.000162386 0 
0.000196474 0.000139107 0 
-0.000433954 0.00016129 0 
-0.000718932 4.41297e-05 0 
-0.000513893 -4.27221e-05 0 
-0.000718932 4.41297e-05 0 
-0.000485849 -0.00100437 0 
-2.54305e-05 -0.000437412 0 
-0.00035846 -0.000560763 0 
-2.54305e-05 -0.000437412 0 
-0.000794432 0.000247472 0 
-0.000715479 0.000324391 0 
-0.000855909 0.000381577 0 
-0.000715479 0.000324391 0 
-0.000648622 -0.000344239 0 
-0.000580172 -0.000257054 0 
-0.000625538 -0.000119155 0 
-0.000580172 -0.000257054 0 
-0.000674417 0.00050516 0 
-0.000755182 0.000698417 0 
-0.000863843 0.000521875 0 
-0.000755182 0.000698417 0 
-0.000796879 0.000250972 0 
-0.000692613 0.000236672 0 
-0.00072398 0.000336551 0 
-0.000692613 0.000236672 0 
-0.00110061 0.000498789 0 
-0.000716062 0.000225516 0 
-0.000643359 0.000576938 0 
-0.000716062 0.000225516 0 
-0.00144318 0.000694134 0 
-0.00121557 0.000423249 0 
-0.000870651 0.0006282 0 
-0.00121557 0.000423249 0 
-0.00016171 0.00067738 0 
-0.00039976 0.000626278 0 
-0.000301038 0.000502542 0 
-0.00039976 0.000626278 0 
-0.000111715 9.71479e-05 0 
-0.00100186 0.00128806 0 
-0.000589963 0.000279819 0 
-0.00100186 0.00128806 0 
-0.000922221 0.000342559 0 
-0.000945303 0.000157771 0 
-0.000786685 0.00022763 0 
-0.000945303 0.000157771 0 
-0.00137798 -0.000864071 0 
-0.00054709 -0.000569277 0 
-0.000776554 0.000132847 0 
-0.00054709 -0.000569277 0 
-0.000432005 -0.000155491 0 
-0.000542616 -0.000331457 0 
-0.000509702 -0.000268619 0 
-0.000542616 -0.000331457 0 
-0.000914895 -0.000523332 0 
-0.00216641 0.000435099 0 
-0.00306472 -9.37503e-05 0 
-0.00216641 0.000435099 0 
-0.000517611 -0.000396633 0 
-0.000455107 -0.000227377 0 
-0.000604138 -0.00029405 0 
-0.000455107 -0.000227377 0 
-0.000440139 0.000668498 0 
-0.000625409 0.000581343 0 
-0.000510206 0.000485651 0 
-0.000625409 0.000581343 0 
-0.000672888 -0.000345117 0 
-0.000420221 -0.000735806 0 
-0.000326123 -0.00011513 0 
-0.000420221 -0.000735806 0 
-0.000943067 0.000281315 0 
-0.000730029 -0.000238537 0 
-0.000585782 0.000125349 0 
-0.000730029 -0.000238537 0 
-0.00073517 -0.00112994 0 
-0.000545458 -0.000626103 0 
-0.000921105 -0.000757847 0 
-0.000545458 -0.000626103 0 
-0.000915094 0.000460568 0 
-0.000868118 0.00061168 0 
-0.00100811 0.000550389 0 
-0.000868118 0.00061168 0 
-0.000834224 0.000463822 0 
-0.000905329 0.000482003 0 
-0.0008699 0.00041408 0 
-0.000905329 0.000482003 0 
3.72655e-05 -0.000273883 0 
-5.77917e-05 0.000112001 0 
-0.000202244 0.00016783 0 
-5.77917e-05 0.000112001 0 
-4.70094e-05 0.000215442 0 
-0.000232884 0.00016103 0 
-9.12281e-05 6.90932e-05 0 
-0.000232884 0.00016103 0 
-0.000972452 0.000176386 0 
-0.000899813 -8.93248e-05 0 
-0.000804069 0.000148051 0 
-0.000899813 -8.93248e-05 0 
-0.000529969 -0.000304117 0 
-0.00037082 -0.000525528 0 
-0.000239698 -0.000368016 0 
-0.00037082 -0.000525528 0 
-0.000546404 0.000382116 0 
-0.000683614 0.000314645 0 
-0.000572322 0.000231996 0 
-0.000683614 0.000314645 0 
-0.00127226 0.000514507 0 
-0.000996782 0.000217444 0 
-0.000973703 0.00017054 0 
-0.000996782 0.000217444 0 
-0.000687168 0.000466915 0 
-0.000816933 0.000633181 0 
-0.000821374 0.000438285 0 
-0.000816933 0.000633181 0 
-0.000718957 5.64379e-05 0 
-0.000810381 0.000342608 0 
-0.000981179 0.000192895 0 
-0.000810381 0.000342608 0 
-0.00175906 0.000686217 0 
-0.00163882 -0.000325964 0 
-0.00109291 0.000195518 0 
-0.00163882 -0.000325964 0 
-0.000377954 -0.00026067 0 
-5.52128e-05 -0.000334517 0 
-0.000270745 -0.000101457 0 
-5.52128e-05 -0.000334517 0 
9.29063e-05 0.000484632 0 
-0.00090978 0.00158912 0 
-0.000380039 0.000220624 0 
-0.00090978 0.00158912 0 
-0.000757088 0.000146619 0 
-0.000746802 9.55983e-05 0 
-0.000714972 0.000125706 0 
-0.000746802 9.55983e-05 0 
-0.000362315 -0.000267605 0 
-0.000238013 -0.00011597 0 
-0.000389108 -0.000104653 0 
-0.000238013 -0.00011597 0 
-0.00220352 -0.000514825 0 
-0.00226141 0.000162592 0 
-0.00208337 -0.000149038 0 
-0.00226141 0.000162592 0 
-0.000484669 -0.000450267 0 
-0.000466064 -0.000396683 0 
-0.000510938 -0.000411501 0 
-0.000466064 -0.000396683 0 
-0.00125408 3.02292e-05 0 
-0.000778186 0.000213937 0 
-0.00099547 0.00031837 0 
-0.000778186 0.000213937 0 
-0.000699473 0.00023781 0 
-0.000288399 0.000394332 0 
-0.000610031 0.000397509 0 
-0.000288399 0.000394332 0 
-0.000200423 0.000651106 0 
-0.000630319 0.000490626 0 
-0.000414166 0.000434089 0 
-0.000630319 0.000490626 0 
-0.000412626 -0.000706035 0 
-0.000528213 -0.00038323 0 
-0.000627563 -0.000470975 0 
-0.000528213 -0.00038323 0 
-0.00084825 0.000423576 0 
-0.000874826 0.000415366 0 
-0.000858934 0.000399915 0 
-0.000874826 0.000415366 0 
-0.0014764 -0.000417041 0 
-0.000514924 -0.000336144 0 
-0.000796653 -0.000145577 0 
-0.000514924 -0.000336144 0 
-0.00286566 -0.000512764 0 
-0.0028541 -0.00111902 0 
-0.000171716 0.000558551 0 
-0.0028541 -0.00111902 0 
-0.00229196 0.000464479 0 
-0.00137058 -0.00022506 0 
-0.00122982 0.000288021 0 
-0.00137058 -0.00022506 0 
-0.000991061 -0.000145382 0 
-0.000878409 -0.000163541 0 
-0.00113693 6.71134e-05 0 
-0.000878409 -0.000163541 0 
-0.00040468 -0.000387579 0 
-0.000358608 -0.000329652 0 
-0.000441263 -0.000330532 0 
-0.000358608 -0.000329652 0 
-0.00109673 -0.00119682 0 
-0.000547289 -0.00111126 0 
-0.000734759 -0.000720264 0 
-0.000547289 -0.00111126 0 
-0.000880344 0.000605788 0 
-0.000765893 0.000350506 0 
-0.000408579 0.00052409 0 
-0.000765893 0.000350506 0 
-0.000783989 0.000186776 0 
-0.00102746 0.000212608 0 
-0.000914369 6.15405e-05 0 
-0.00102746 0.000212608 0 
-0.000699306 -0.000174802 0 
-0.000738015 -0.000411229 0 
-0.000495976 -0.000421116 0 
-0.000738015 -0.000411229 0 
-0.000610662 0.000374692 0 
-0.00076475 -1.71558e-05 0 
-0.000263506 4.41041e-06 0 
-0.00076475 -1.71558e-05 0 
-0.000726373 0.000109177 0 
-0.000702317 2.44618e-05 0 
-0.000734018 0.000124368 0 
-0.000702317 2.44618e-05 0 
-0.000619637 0.00010287 0 
-0.000684267 0.00025848 0 
-0.000746392 3.61328e-05 0 
-0.000684267 0.00025848 0 
-0.00116574 -0.00228402 0 
0.0003217 -0.000181706 0 
-0.000940601 -0.000834645 0 
0.0003217 -0.000181706 0 
-0.00163903 -0.00108904 0 
-0.000651995 -0.000236142 0 
-0.00108693 -0.000403655 0 
-0.000651995 -0.000236142 0 
-0.000866402 -0.00031724 0 
-0.00067218 -0.000630017 0 
-0.000756481 -0.000319104 0 
-0.00067218 -0.000630017 0 
-0.000646586 0.000406674 0 
-0.00165994 0.000933766 0 
-0.00134975 0.000308738 0 
-0.00165994 0.000933766 0 
-0.000167645 -0.000497084 0 
0.000286953 -0.000896734 0 
0.000224681 -0.000567267 0 
0.000286953 -0.000896734 0 
-7.31835e-05 -0.00150731 0 
-0.000123776 -0.000323742 0 
-0.000391988 -0.000893352 0 
-0.000123776 -0.000323742 0 
-0.000922319 0.000192877 0 
-0.000999174 5.94114e-05 0 
-0.000861463 5.53744e-05 0 
-0.000999174 5.94114e-05 0 
-0.00217142 -4.94008e-05 0 
-0.00203586 -0.000320208 0 
-0.000607082 0.000140078 0 
-0.00203586 -0.000320208 0 
-0.00140875 -0.000441667 0 
-0.000906241 -0.00188647 0 
-0.00078301 -0.000651275 0 
-0.000906241 -0.00188647 0 
-0.000326467 -0.000634985 0 
-0.000580391 -0.000460491 0 
-0.000604686 -0.000751768 0 
-0.000580391 -0.000460491 0 
-0.00149726 2.5086e-05 0 
-0.00156771 -0.000391264 0 
-0.00120377 -0.000232549 0 
-0.00156771 -0.000391264 0 
-0.000623733 -0.00012669 0 
-0.000623914 2.61008e-05 0 
-0.000672627 1.66062e-05 0 
-0.000623914 2.61008e-05 0 
-0.00138197 0.000912758 0 
-0.00193083 0.000386091 0 
-0.00113101 0.000272881 0 
-0.00193083 0.000386091 0 
-0.000483151 -7.59066e-18 0 
-0.000654974 1.51032e-17 0 
-0.00059188 -9.99235e-05 0 
-0.000654974 1.51032e-17 0 
-9.34691e-05 -0.000786242 0 
-0.000109928 -0.000123353 0 
-0.000267399 -0.000473378 0 
-0.000109928 -0.000123353 0 
-0.00125007 -0.000740899 0 
-0.000817534 -0.000510766 0 
-0.00108817 -6.80813e-05 0 
-0.000817534 -0.000510766 0 
-0.000845954 -0.000120657 0 
-0.000493728 -0.000299785 0 
-0.000592828 -8.49363e-06 0 
-0.000493728 -0.000299785 0 
-0.000538389 -9.68313e-06 0 
-0.000644595 0.000154731 0 
-0.000681989 -2.1651e-05 0 
-0.000644595 0.000154731 0 
6.25503e-05 0.000257122 0 
0.00021859 0.000539488 0 
4.29849e-05 0.00057402 0 
0.00021859 0.000539488 0 
-0.00100135 0.000281345 0 
-0.00087354 8.45505e-05 0 
-0.000506533 0.000309461 0 
-0.00087354 8.45505e-05 0 
-0.000154268 -0.000215276 0 
-0.000367126 4.33867e-05 0 
-0.000468307 -0.00013261 0 
-0.000367126 4.33867e-05 0 
-0.00123977 0.000435509 0 
-0.00112707 -0.000265055 0 
-0.000907677 -8.10819e-05 0 
-0.00112707 -0.000265055 0 
-0.000262282 -6.29959e-05 0 
-0.000164311 -0.00014343 0 
-0.000144602 -6.83099e-05 0 
-0.000164311 -0.00014343 0 
-0.000395412 -8.91123e-05 0 
-0.000281581 -1.48828e-05 0 
-0.000395063 4.7209e-05 0 
-0.000281581 -1.48828e-05 0 
-0.000702498 0.000146525 0 
-0.000523636 7.55712e-05 0 
-0.000546606 0.000269349 0 
-0.000523636 7.55712e-05 0 
-0.000869945 0.000251167 0 
-0.00091256 0.000161093 0 
-0.000801137 0.0001679 0 
-0.00091256 0.000161093 0 
-0.000565636 0.000916673 0 
-0.00069787 0.000655565 0 
-0.000703986 0.00073198 0 
-0.00069787 0.000655565 0 
-0.000969652 0.000415267 0 
-0.00157605 0.000575224 0 
-0.00142679 0.000158779 0 
-0.00157605 0.000575224 0 
-0.000276407 0.000220833 0 
-0.000218162 0.000164676 0 
-0.000273923 0.000309345 0 
-0.000218162 0.000164676 0 
-0.00118564 0.00030057 0 
-0.000644436 0.000817891 0 
-0.00136949 0.000532423 0 
-0.000644436 0.000817891 0 
-1.62558e-05 -0.000234273 0 
-6.41117e-05 6.35928e-05 0 
-0.000565603 0.000396964 0 
-6.41117e-05 6.35928e-05 0 
-0.000892763 -0.000356524 0 
-0.00103048 -0.000831331 0 
-0.000729068 -0.000648598 0 
-0.00103048 -0.000831331 0 
-0.000756219 -0.00069835 0 
-0.000988299 -0.000754042 0 
-0.00076057 -0.000876238 0 
-0.000988299 -0.000754042 0 
-0.000378458 0.000519062 0 
-0.000429743 0.000375818 0 
-0.000360768 0.000443597 0 
-0.000429743 0.000375818 0 
-0.000353418 -0.000196214 0 
-0.000244184 4.30809e-05 0 
-0.000604421 -5.26815e-05 0 
-0.000244184 4.30809e-05 0 
-6.82314e-05 -8.37923e-05 0 
2.20488e-05 9.62688e-05 0 
-0.000132569 2.01785e-05 0 
2.20488e-05 9.62688e-05 0 
-0.000191198 -0.00018732 0 
-0.000361342 -0.000201047 0 
-0.000361438 -0.000342251 0 
-0.000361342 -0.000201047 0 
-0.000577687 0.000453097 0 
-0.00052519 0.00042313 0 
-0.000516841 0.000344655 0 
-0.00052519 0.00042313 0 
-0.00134078 -0.00170126 0 
-0.000810223 -0.00152971 0 
-0.0011989 -0.00121846 0 
-0.000810223 -0.00152971 0 
-0.00134093 0.000357522 0 
-0.0012702 0.000318358 0 
-0.00123973 0.000373519 0 
-0.0012702 0.000318358 0 
-0.000679987 3.99877e-05 0 
-0.000579752 0.000251766 0 
-0.000746413 0.00011575 0 
-0.000579752 0.000251766 0 
-0.000782409 -0.00024907 0 
-0.00121615 -0.000258218 0 
-0.00109084 -0.000540646 0 
-0.00121615 -0.000258218 0 
-0.000402643 9.69956e-05 0 
-9.04557e-05 0.00020864 0 
-0.000472995 0.00048699 0 
-9.04557e-05 0.00020864 0 
-0.000312075 -0.000420516 0 
-0.000456805 -0.000419118 0 
-0.000382985 -0.00052418 0 
-0.000456805 -0.000419118 0 
-0.000632023 0.000111784 0 
-0.000692245 0.000186614 0 
-0.000724193 0.00012052 0 
-0.000692245 0.000186614 0 
-0.000551056 7.43823e-05 0 
-0.00172888 -8.91759e-06 0 
-0.0011893 -0.00025573 0 
-0.00172888 -8.91759e-06 0 
-0.00308926 -0.000824176 0 
-0.0017493 -0.0019473 0 
-0.00136499 -0.000689307 0 
-0.0017493 -0.0019473 0 
-0.000156982 8.50989e-05 0 
-0.00044456 0.000526439 0 
-0.000540966 0.000257728 0 
-0.00044456 0.000526439 0 
-0.000244016 -0.000204472 0 
-0.00054565 -0.00015688 0 
-0.000372403 -0.000442123 0 
-0.00054565 -0.00015688 0 
-0.00163553 0.000832466 0 
-0.000823522 0.000344026 0 
-0.00117261 0.000806831 0 
-0.000823522 0.000344026 0 
-0.0010563 -0.00176053 0 
-0.00104536 -0.00146084 0 
-0.00119049 -0.00147659 0 
-0.00104536 -0.00146084 0 
-0.000928621 -0.000311228 0 
-0.000665867 -0.000728434 0 
-0.000579278 -0.000177853 0 
-0.000665867 -0.000728434 0 
-0.00212573 -0.000803265 0 
-0.00113326 -0.000330694 0 
-0.00138494 0.000212221 0 
-0.00113326 -0.000330694 0 
-0.00123314 0.00050227 0 
-0.00093957 0.000365222 0 
-0.000736956 0.000670028 0 
-0.00093957 0.000365222 0 
-0.0004389 -0.00019178 0 
-0.00032395 -0.000285915 0 
-0.000335825 -0.000143592 0 
-0.00032395 -0.000285915 0 
-0.000500997 -6.21435e-05 0 
-0.000675681 -1.23039e-05 0 
-0.000725767 -0.000184595 0 
-0.000675681 -1.23039e-05 0 
-0.000524674 -0.000430607 0 
-0.00055225 -0.000537306 0 
-0.000438981 -0.000538751 0 
-0.00055225 -0.000537306 0 
-0.000594555 0.000496547 0 
-0.000673113 0.000153894 0 
-0.000389143 0.000244817 0 
-0.000673113 0.000153894 0 
-0.000859759 0.0005641 0 
-0.000643771 0.000966777 0 
-0.00104403 0.000729518 0 
-0.000643771 0.000966777 0 
-0.00108813 -0.00116434 0 
-0.000805215 -0.00134198 0 
-0.000803893 -0.00103767 0 
-0.000805215 -0.00134198 0 
-0.000832804 2.77906e-05 0 
-0.000908407 5.1983e-05 0 
-0.000912215 -3.18351e-05 0 
-0.000908407 5.1983e-05 0 
-0.000203079 -0.000761332 0 
-0.000270297 0.000853531 0 
-0.000327946 -3.23956e-05 0 
-0.000270297 0.000853531 0 
-0.00035613 -0.00020467 0 
-0.000256013 -0.000267177 0 
-0.000262696 -0.000257321 0 
-0.000256013 -0.000267177 0 
-0.000957597 7.08623e-05 0 
-0.000929125 0.00012108 0 
-0.00102338 0.000149998 0 
-0.000929125 0.00012108 0 
-0.00118046 -0.000501335 0 
-0.000366955 -0.000549175 0 
-0.000850837 -0.000140451 0 
-0.000366955 -0.000549175 0 
-0.000548104 -0.000164608 0 
-0.000570757 -0.000210807 0 
-0.000551177 -0.000148184 0 
-0.000570757 -0.000210807 0 
-0.000217192 0.000421036 0 
-0.000619863 0.000699274 0 
-0.000333499 9.52809e-05 0 
-0.000619863 0.000699274 0 
-0.000580401 -0.000362285 0 
-0.00102965 0.000622793 0 
-0.00139347 -0.000236702 0 
-0.00102965 0.000622793 0 
-0.000930075 0.000505055 0 
-0.000919599 0.000563864 0 
-0.000910797 0.000489802 0 
-0.000919599 0.000563864 0 
-0.00077007 -0.000126643 0 
-0.000672795 3.88697e-05 0 
-0.000799025 -1.14028e-05 0 
-0.000672795 3.88697e-05 0 
-0.000379612 -9.79321e-05 0 
-0.000259012 -0.000130832 0 
-0.000302612 -3.14336e-06 0 
-0.000259012 -0.000130832 0 
0.000101104 -0.000384507 0 
1.22312e-05 9.30457e-05 0 
-0.000138763 -6.99328e-06 0 
1.22312e-05 9.30457e-05 0 
-0.000513936 7.17348e-05 0 
-0.000744556 -0.000242813 0 
-0.000378543 -0.000178959 0 
-0.000744556 -0.000242813 0 
-0.00124564 2.3756e-05 0 
-0.00121529 -0.00021091 0 
-0.000995383 -6.69518e-05 0 
-0.00121529 -0.00021091 0 
-0.000867983 0.000282804 0 
-0.000899257 5.79539e-05 0 
-0.000718772 -2.12924e-05 0 
-0.000899257 5.79539e-05 0 
-0.00074881 0.000148615 0 
-0.000815695 0.00012835 0 
-0.000755904 9.34035e-05 0 
-0.000815695 0.00012835 0 
-0.000268149 -0.000330799 0 
-0.000316993 2.45606e-05 0 
-0.000543632 -0.000328793 0 
-0.000316993 2.45606e-05 0 
-0.000824532 0.000104934 0 
-0.000433094 0.000146662 0 
-0.000691168 0.000155243 0 
-0.000433094 0.000146662 0 
-0.0013202 -0.000394481 0 
-0.0007754 -0.000609289 0 
-0.00111947 -0.000207082 0 
-0.0007754 -0.000609289 0 
-0.00110802 4.23776e-05 0 
-0.00108748 -0.000187157 0 
-0.000949608 -6.37731e-05 0 
-0.00108748 -0.000187157 0 
-0.00102788 0.000180298 0 
-0.00116755 0.000246589 0 
-0.00117426 6.12797e-05 0 
-0.00116755 0.000246589 0 
-0.000710407 0.000154875 0 
-0.000748316 8.5924e-05 0 
-0.000676722 5.22259e-05 0 
-0.000748316 8.5924e-05 0 
-0.00121088 -0.000249744 0 
-0.00129088 -0.000152774 0 
-0.00138811 -0.00038042 0 
-0.00129088 -0.000152774 0 
-0.000408166 -7.23453e-06 0 
-0.000602392 0.000180116 0 
-0.000561079 -9.3422e-05 0 
-0.000602392 0.000180116 0 
5.20385e-08 1.81145e-07 0 
-9.14822e-07 1.7062e-07 0 
-3.01017e-07 -1.36735e-06 0 
-9.14822e-07 1.7062e-07 0 
-0.00142984 0.0002123 0 
-0.00160096 -0.0001878 0 
-0.00115131 -0.000259521 0 
-0.00160096 -0.0001878 0 
-0.000252448 -0.000676423 0 
-0.000457398 -0.00026023 0 
-0.000474305 -0.000625473 0 
-0.000457398 -0.00026023 0 
-0.00109066 0.000288036 0 
-0.00136211 0.000226794 0 
-0.00106669 0.000131752 0 
-0.00136211 0.000226794 0 
-0.000576622 0.000358244 0 
-0.000777999 0.000307657 0 
-0.000628287 0.00012167 0 
-0.000777999 0.000307657 0 
-0.000948109 -0.00119796 0 
-0.000178396 -0.000173752 0 
-0.000553312 -0.000287535 0 
-0.000178396 -0.000173752 0 
-0.00020142 0.000171041 0 
-0.000242826 0.0003689 0 
-0.000421785 0.000263151 0 
-0.000242826 0.0003689 0 
-0.00106102 -0.000487796 0 
-0.000874151 -0.000306349 0 
-0.00102108 -0.000232061 0 
-0.000874151 -0.000306349 0 
-0.000771675 0.000273725 0 
-0.00097442 0.000196321 0 
-0.000801595 0.000122989 0 
-0.00097442 0.000196321 0 
0.000177088 -0.00110932 0 
-8.77355e-05 -0.000678648 0 
-0.000349197 -0.0010899 0 
-8.77355e-05 -0.000678648 0 
-0.000875321 0.000423834 0 
-0.000920194 0.000396354 0 
-0.000868425 0.000372489 0 
-0.000920194 0.000396354 0 
-0.00159421 -0.00106361 0 
-0.00155646 -0.00153552 0 
-0.000898557 -0.000915187 0 
-0.00155646 -0.00153552 0 
-0.00081482 -0.00134131 0 
-0.000918922 -0.00148819 0 
-0.000656747 -0.00153085 0 
-0.000918922 -0.00148819 0 
-0.000721428 -0.000251929 0 
-0.000563813 -0.000374395 0 
-0.000712253 -0.000172063 0 
-0.000563813 -0.000374395 0 
-0.00124924 0.000262606 0 
-0.00104349 0.00027501 0 
-0.00115437 0.000461058 0 
-0.00104349 0.00027501 0 
-0.000482974 0.000282791 0 
-0.000591793 0.000129384 0 
-0.000416567 0.000103047 0 
-0.000591793 0.000129384 0 
-0.00113003 -0.00155823 0 
-0.00128995 -0.00194186 0 
-0.000911347 -0.00180995 0 
-0.00128995 -0.00194186 0 
-0.000439069 0.000480226 0 
-0.00072978 0.000331927 0 
-0.000537311 0.000226971 0 
-0.00072978 0.000331927 0 
-0.000302853 0.000317591 0 
-0.000493616 0.000251681 0 
-0.000409419 0.000123944 0 
-0.000493616 0.000251681 0 
-0.000508382 -9.05058e-05 0 
-0.00100969 -7.11628e-05 0 
-0.000740645 -0.000325029 0 
-0.00100969 -7.11628e-05 0 
-0.00112121 -0.000467301 0 
-0.000187257 -9.311e-05 0 
-0.00097907 0.000398754 0 
-0.000187257 -9.311e-05 0 
-0.000255494 -1.61902e-05 0 
-0.000360738 -0.000183159 0 
-0.000169743 -0.000180892 0 
-0.000360738 -0.000183159 0 
-0.000548888 0.000216888 0 
-0.00051276 3.39616e-05 0 
-0.00034597 8.80474e-05 0 
-0.00051276 3.39616e-05 0 
4.36537e-05 -3.13998e-05 0 
0.000262936 0.00114833 0 
-0.000354822 0.000175901 0 
0.000262936 0.00114833 0 
-0.000320279 0.00163269 0 
-0.00106786 0.000722994 0 
-0.00049107 0.000962694 0 
-0.00106786 0.000722994 0 
-0.00199707 -0.00065429 0 
-0.00137062 -0.000309558 0 
-0.00195769 0.000188391 0 
-0.00137062 -0.000309558 0 
-0.00134932 0.000392113 0 
-0.00077071 -0.000220754 0 
-0.000649825 0.000332001 0 
-0.00077071 -0.000220754 0 
-0.000573062 0.000233352 0 
-0.000691057 0.000189739 0 
-0.000631025 0.000114408 0 
-0.000691057 0.000189739 0 
-0.000719229 4.81502e-05 0 
-0.000481063 6.99193e-05 0 
-0.000635729 0.000229942 0 
-0.000481063 6.99193e-05 0 
-0.000640588 -0.000280082 0 
-0.000645873 -0.00051001 0 
-0.000550552 -0.000331598 0 
-0.000645873 -0.00051001 0 
-0.000801523 -0.00076977 0 
-0.00122588 -0.000526342 0 
-0.00153912 -0.00102355 0 
-0.00122588 -0.000526342 0 
-0.000799484 -0.000252058 0 
-0.000740443 -0.000947032 0 
-0.000563436 -0.000527228 0 
-0.000740443 -0.000947032 0 
-3.55171e-05 0.000220493 0 
-0.000184872 9.08432e-05 0 
3.11918e-05 9.57738e-06 0 
-0.000184872 9.08432e-05 0 
-0.000469951 -0.000587263 0 
-0.000190434 -0.000245507 0 
-0.000966231 -0.000621741 0 
-0.000190434 -0.000245507 0 
-0.00156254 0.000777711 0 
-0.00134994 -9.3963e-06 0 
-0.001174 0.000394142 0 
-0.00134994 -9.3963e-06 0 
-0.000720221 0.000317181 0 
-0.000940904 0.000486457 0 
-0.000793328 0.000102309 0 
-0.000940904 0.000486457 0 
-0.000549017 -0.000291543 0 
-0.000462573 -0.000227716 0 
-0.000702747 -0.000185108 0 
-0.000462573 -0.000227716 0 
-0.000502739 0.000133105 0 
-0.000573848 0.000251557 0 
-0.000616702 0.000120766 0 
-0.000573848 0.000251557 0 
3.512e-05 6.8343e-06 0 
-0.00111023 0.000518053 0 
-0.000545095 -5.91417e-05 0 
-0.00111023 0.000518053 0 
-0.00106537 -0.00124936 0 
-0.000985879 -0.00148907 0 
-0.000818614 -0.00129192 0 
-0.000985879 -0.00148907 0 
-0.000317771 0.000723855 0 
-0.00127768 0.000808283 0 
-0.000519135 0.000268077 0 
-0.00127768 0.000808283 0 
-0.000288776 0.000491148 0 
-0.00125195 0.000574827 0 
-0.00064732 0.0002728 0 
-0.00125195 0.000574827 0 
-0.000576935 0.000685616 0 
-0.000714265 0.000364167 0 
-0.000552376 0.000384244 0 
-0.000714265 0.000364167 0 
-0.00120215 -0.000168608 0 
-0.00113214 0.000303683 0 
-0.00142407 0.000313367 0 
-0.00113214 0.000303683 0 
-0.000623081 -8.68798e-05 0 
-0.000545073 8.31486e-05 0 
-0.000707055 8.12846e-05 0 
-0.000545073 8.31486e-05 0 
-0.000953128 -0.000351777 0 
-0.000746584 -0.00067979 0 
-0.00067136 -0.000250734 0 
-0.000746584 -0.00067979 0 
-0.000566091 0.000585076 0 
-0.00090288 0.00041986 0 
-0.000878913 0.000272084 0 
-0.00090288 0.00041986 0 
-0.000515114 -0.000768968 0 
-0.000227703 -0.000343179 0 
-0.000541689 -0.000475032 0 
-0.000227703 -0.000343179 0 
-0.00055372 0.000380334 0 
-0.000679746 0.000464604 0 
-0.000689698 0.000313163 0 
-0.000679746 0.000464604 0 
-0.000916286 8.94886e-05 0 
-0.00102788 2.50929e-05 0 
-0.000902256 -7.92458e-05 0 
-0.00102788 2.50929e-05 0 
-0.00102976 -0.00160185 0 
0.000108953 -0.000102148 0 
-0.000672517 -0.000191528 0 
0.000108953 -0.000102148 0 
-0.000633476 -0.000353651 0 
-0.000490301 0.000128405 0 
-0.00093285 0.00022194 0 
-0.000490301 0.000128405 0 
-0.000194497 -0.000702221 0 
-7.06407e-05 0.000324739 0 
-0.000380255 -2.58613e-05 0 
-7.06407e-05 0.000324739 0 
-0.00107946 1.00448e-05 0 
-0.000978541 -3.1022e-05 0 
-0.000957707 4.09935e-05 0 
-0.000978541 -3.1022e-05 0 
-0.000296069 -0.000631467 0 
-0.000681856 -0.00114153 0 
-6.09066e-05 -0.00111147 0 
-0.000681856 -0.00114153 0 
-0.00119271 0.000165814 0 
-0.0015729 -0.000417229 0 
-0.00088859 -0.000189599 0 
-0.0015729 -0.000417229 0 
-0.000201518 -0.0011779 0 
9.17174e-05 -9.28531e-05 0 
-0.000343167 -0.000127607 0 
9.17174e-05 -9.28531e-05 0 
-0.000501306 -6.22146e-05 0 
-0.000613782 9.33634e-05 0 
-0.000675799 -1.23309e-05 0 
-0.000613782 9.33634e-05 0 
-0.00189965 -0.00115531 0 
-0.00161277 -0.00169827 0 
-0.00156884 -0.000920987 0 
-0.00161277 -0.00169827 0 
-0.00119171 -6.39819e-05 0 
-0.00092917 7.95956e-05 0 
-0.00109071 9.29932e-06 0 
-0.00092917 7.95956e-05 0 
0.000360364 -0.000374289 0 
0.000140394 -0.000274269 0 
0.000100904 -0.000396975 0 
0.000140394 -0.000274269 0 
-0.00040187 0.000490614 0 
-0.000495408 0.000512999 0 
-0.000477082 0.000405042 0 
-0.000495408 0.000512999 0 
-0.000939549 -0.000411252 0 
-0.000753722 -3.89157e-05 0 
-0.00118975 -8.75809e-05 0 
-0.000753722 -3.89157e-05 0 
-0.000841973 -0.00013987 0 
-0.00117118 0.000182261 0 
-0.000970147 -0.000251909 0 
-0.00117118 0.000182261 0 
-0.000902377 -0.000155145 0 
-0.00120418 -0.000446659 0 
-0.000837051 -0.000530708 0 
-0.00120418 -0.000446659 0 
-0.00123209 -0.000976234 0 
-0.000936535 -0.0012433 0 
-0.000748248 -0.00068474 0 
-0.000936535 -0.0012433 0 
-0.000417172 -0.000190463 0 
-0.000365225 -0.000145374 0 
-0.000374285 -0.000106948 0 
-0.000365225 -0.000145374 0 
-0.00131194 -0.0007558 0 
-0.000282559 -0.000440194 0 
-0.000682706 -0.000321722 0 
-0.000282559 -0.000440194 0 
-0.000479973 8.67631e-05 0 
-0.00101787 0.000112077 0 
-0.000605914 -0.000310293 0 
-0.00101787 0.000112077 0 
-0.000424022 -0.000583887 0 
-0.000619762 -0.000507993 0 
-0.00058331 -0.000610102 0 
-0.000619762 -0.000507993 0 
-0.00147049 0.000185429 0 
-0.00113631 -0.000249602 0 
-0.000870204 0.000220865 0 
-0.00113631 -0.000249602 0 
-0.00058081 0.000362774 0 
-0.000338178 0.00098113 0 
-0.000853892 0.000959008 0 
-0.000338178 0.00098113 0 
-0.00108998 0.000453332 0 
-0.0010525 0.00062554 0 
-0.00123115 0.000535599 0 
-0.0010525 0.00062554 0 
-0.000619555 0.00024578 0 
-0.000853308 0.000138004 0 
-0.000675267 -8.48688e-06 0 
-0.000853308 0.000138004 0 
-0.00077233 0.000641679 0 
-0.000694304 0.000676324 0 
-0.00065147 0.000532781 0 
-0.000694304 0.000676324 0 
-0.000958575 -0.00108673 0 
-8.78101e-05 -0.000341327 0 
-0.000533428 -0.000181119 0 
-8.78101e-05 -0.000341327 0 
-4.61964e-05 0.000254083 0 
5.75292e-05 0.000446058 0 
-0.000143608 0.000432345 0 
5.75292e-05 0.000446058 0 
-0.000711067 0.000378248 0 
-0.00106656 0.000557779 0 
-0.000940492 0.000466001 0 
-0.00106656 0.000557779 0 
-0.000395059 -0.000109176 0 
-0.000845057 -0.000531273 0 
-0.000317814 -0.00045704 0 
-0.000845057 -0.000531273 0 
-0.000313195 -0.000200088 0 
-0.000430745 -0.00037735 0 
-0.000248708 -0.000430993 0 
-0.000430745 -0.00037735 0 
-0.000508582 0.000419957 0 
-0.000398355 0.000468966 0 
-0.000534336 0.000472982 0 
-0.000398355 0.000468966 0 
-0.000514826 0.000432753 0 
-0.000695835 0.000423373 0 
-0.000618669 0.000421004 0 
-0.000695835 0.000423373 0 
-0.00155804 -4.53555e-05 0 
-0.0024057 9.5582e-05 0 
-0.00153493 -0.000917967 0 
-0.0024057 9.5582e-05 0 
-0.0011767 -0.000602663 0 
-0.00029943 -0.000316148 0 
-0.000875066 -0.000118205 0 
-0.00029943 -0.000316148 0 
-0.00087241 0.000302523 0 
-0.00113902 6.75612e-05 0 
-0.0009003 6.26011e-05 0 
-0.00113902 6.75612e-05 0 
-0.00292224 0.00165228 0 
-0.00230472 6.86792e-05 0 
-0.00157069 0.00105348 0 
-0.00230472 6.86792e-05 0 
-0.0010527 -0.000220956 0 
-0.00112267 5.6876e-05 0 
-0.00128062 -0.00023097 0 
-0.00112267 5.6876e-05 0 
-0.00139413 0.000522177 0 
-0.00309348 -0.000483547 0 
-0.00125332 -0.000527749 0 
-0.00309348 -0.000483547 0 
-0.00068318 -0.000471797 0 
-0.000645671 -0.000358915 0 
-0.000760847 -0.000380714 0 
-0.000645671 -0.000358915 0 
-0.000833776 -0.000483259 0 
-0.000617613 -0.000549643 0 
-0.000666125 -0.000279674 0 
-0.000617613 -0.000549643 0 
-0.000499969 -0.00100094 0 
-0.0004406 -0.000282894 0 
-0.000584016 -0.000755215 0 
-0.0004406 -0.000282894 0 
-0.000696598 -0.000486868 0 
-0.000323402 -0.000861952 0 
-0.000524602 -0.000406518 0 
-0.000323402 -0.000861952 0 
-0.000930593 0.000482163 0 
-0.000648596 0.000287523 0 
-0.000503219 0.000506706 0 
-0.000648596 0.000287523 0 
-0.000872162 0.000378385 0 
-0.000903463 0.000323935 0 
-0.000833864 0.000323593 0 
-0.000903463 0.000323935 0 
-0.000575191 6.02681e-05 0 
-0.000497682 -0.000310714 0 
-0.0002589 5.0299e-05 0 
-0.000497682 -0.000310714 0 
-0.000375188 -0.000554611 0 
-0.000710232 -0.000826913 0 
-0.000457184 -0.000833719 0 
-0.000710232 -0.000826913 0 
-0.000754591 0.000574104 0 
-0.000750981 0.000818379 0 
-0.000912663 0.000789004 0 
-0.000750981 0.000818379 0 
0.000277555 0.000163799 0 
-0.00094458 0.00164466 0 
-0.000645432 0.000279657 0 
-0.00094458 0.00164466 0 
-0.000807855 5.5598e-05 0 
-0.000817724 0.000127131 0 
-0.000902794 8.06896e-05 0 
-0.000817724 0.000127131 0 
-0.00138359 0.000330493 0 
-0.00199197 -0.000386681 0 
-0.00113122 -0.000296713 0 
-0.00199197 -0.000386681 0 
-0.0012332 -0.000152908 0 
-0.000651602 -0.000909313 0 
-0.000794384 -0.000169874 0 
-0.000651602 -0.000909313 0 
-0.00152238 0.000942224 0 
-0.00130929 0.000871041 0 
-0.00116608 0.000807603 0 
-0.00130929 0.000871041 0 
-0.000440147 -0.000324512 0 
-0.000357901 -0.000325837 0 
-0.000389114 -0.000251942 0 
-0.000357901 -0.000325837 0 
-0.00031271 0.000625892 0 
-0.000990669 0.00102202 0 
-0.00073033 0.000262119 0 
-0.000990669 0.00102202 0 
-0.000741163 -0.00026547 0 
-0.000362254 -1.78609e-05 0 
-0.00072913 1.20037e-05 0 
-0.000362254 -1.78609e-05 0 
-0.0020446 -6.79182e-05 0 
-0.00160078 -0.000791967 0 
-0.00137628 -0.000213211 0 
-0.00160078 -0.000791967 0 
-0.000907771 -0.000928565 0 
-7.31513e-05 -0.00120848 0 
-0.000762366 -0.000833215 0 
-7.31513e-05 -0.00120848 0 
-0.000686789 0.000984869 0 
-0.00100326 0.000860527 0 
-0.000779817 0.000602061 0 
-0.00100326 0.000860527 0 
-0.000445522 0.000362935 0 
-0.000493404 0.000442197 0 
-0.000523756 0.000409055 0 
-0.000493404 0.000442197 0 
-0.000112729 -0.000109172 0 
-5.49622e-05 3.84717e-05 0 
-0.00021825 5.0618e-05 0 
-5.49622e-05 3.84717e-05 0 
-0.000835689 -0.000885665 0 
-0.000178738 -0.000419856 0 
-0.0008311 -0.000342593 0 
-0.000178738 -0.000419856 0 
-0.000690429 0.000184924 0 
-0.000690819 0.000315063 0 
-0.000783035 0.000231654 0 
-0.000690819 0.000315063 0 
-0.000642361 0.000420125 0 
-0.000593865 0.000335655 0 
-0.000581608 0.000447689 0 
-0.000593865 0.000335655 0 
-0.0009704 0.000119794 0 
-0.00094494 0.000311237 0 
-0.00122652 0.000137528 0 
-0.00094494 0.000311237 0 
-0.000647113 0.000164242 0 
-0.000537016 -1.48703e-05 0 
-0.000470118 8.07814e-05 0 
-0.000537016 -1.48703e-05 0 
-0.000749935 0.000143264 0 
-0.000790802 0.000225087 0 
-0.000815703 0.000128312 0 
-0.000790802 0.000225087 0 
-0.000125639 3.32732e-06 0 
-0.000478216 6.03924e-05 0 
-0.000456586 -0.00013837 0 
-0.000478216 6.03924e-05 0 
-0.00157448 -0.00112566 0 
-0.000486718 -0.000389303 0 
-0.000822336 -0.000284172 0 
-0.000486718 -0.000389303 0 
-0.000186606 0.000311588 0 
-0.000570988 5.77075e-05 0 
-0.00038206 -3.31883e-05 0 
-0.000570988 5.77075e-05 0 
-0.000613893 0.000216932 0 
-0.000705846 -0.000187041 0 
-0.000432171 -0.000136618 0 
-0.000705846 -0.000187041 0 
-0.000881548 0.000320716 0 
-0.00101944 -0.000327048 0 
-0.000727325 -0.000186672 0 
-0.00101944 -0.000327048 0 
-0.000695735 0.000190495 0 
-0.000746079 0.00015044 0 
-0.000720877 0.000116831 0 
-0.000746079 0.00015044 0 
-0.000363386 -0.000258529 0 
-0.000389609 -0.00010041 0 
-0.000521187 -0.0001918 0 
-0.000389609 -0.00010041 0 
-0.000996844 0.000424129 0 
-0.00102414 0.000540693 0 
-0.00109297 0.00042173 0 
-0.00102414 0.000540693 0 
-0.00116909 0.000308282 0 
-0.00105546 0.000404523 0 
-0.00101756 0.000359159 0 
-0.00105546 0.000404523 0 
-0.000170488 -7.18988e-05 0 
-0.0015177 0.000201875 0 
-0.00134296 -0.000578164 0 
-0.0015177 0.000201875 0 
-0.001625 0.000439521 0 
-0.00132221 5.97532e-05 0 
-0.00108809 0.000537403 0 
-0.00132221 5.97532e-05 0 
-0.00159858 -0.00196672 0 
-0.00111372 -0.00113075 0 
-0.00158112 -0.000661463 0 
-0.00111372 -0.00113075 0 
-0.00139069 -0.000252454 0 
-0.00100956 -0.000203244 0 
-0.00114283 4.86499e-05 0 
-0.00100956 -0.000203244 0 
-0.00179014 0.000193885 0 
-0.00235033 -0.00124894 0 
-0.00140636 -0.000288168 0 
-0.00235033 -0.00124894 0 
-0.00131741 -0.000487223 0 
-0.000996056 -0.000250651 0 
-0.0013803 -8.09406e-05 0 
-0.000996056 -0.000250651 0 
-0.000602859 1.84895e-05 0 
-0.000875737 -0.000196508 0 
-0.000552233 -0.000341209 0 
-0.000875737 -0.000196508 0 
-0.000751737 8.99201e-05 0 
-0.00081546 0.000128154 0 
-0.00081627 5.17981e-05 0 
-0.00081546 0.000128154 0 
-0.00117005 5.80087e-05 0 
-0.00122189 0.000443644 0 
-0.00142522 0.000281021 0 
-0.00122189 0.000443644 0 
-8.43667e-05 -0.00048023 0 
-0.000196969 0.00101735 0 
-0.000474106 0.000370424 0 
-0.000196969 0.00101735 0 
-0.00039998 -0.00042903 0 
-0.000306835 -0.000458158 0 
-0.000269779 -0.000395595 0 
-0.000306835 -0.000458158 0 
-0.00033437 0.000755904 0 
-0.00189372 0.000671264 0 
-0.00101751 0.000151022 0 
-0.00189372 0.000671264 0 
-0.000742695 -0.000107511 0 
-0.000960365 0.000339327 0 
-0.00107246 4.68989e-05 0 
-0.000960365 0.000339327 0 
-0.000438459 0.000139286 0 
-0.000478814 0.00028031 0 
-0.000560184 0.000200276 0 
-0.000478814 0.00028031 0 
-0.00055039 0.000224346 0 
-0.000714426 3.64816e-06 0 
-0.000511704 2.87113e-05 0 
-0.000714426 3.64816e-06 0 
-0.000938853 0.0001946 0 
-0.000846144 -0.000118071 0 
-0.000724873 0.000148832 0 
-0.000846144 -0.000118071 0 
-0.000596164 -7.29207e-05 0 
-0.000658248 3.15541e-05 0 
-0.000717398 -5.61148e-05 0 
-0.000658248 3.15541e-05 0 
-0.00148317 0.000240513 0 
-0.00118359 -0.000212234 0 
-0.000898867 0.000265876 0 
-0.00118359 -0.000212234 0 
-0.000257459 -0.000721089 0 
-2.83488e-05 -0.000485198 0 
-0.000268473 -0.000397339 0 
-2.83488e-05 -0.000485198 0 
-0.000947595 -5.01066e-06 0 
-0.000915836 -3.12234e-05 0 
-0.000887314 8.43152e-06 0 
-0.000915836 -3.12234e-05 0 
-0.0010684 0.000358319 0 
-0.00104707 0.000370988 0 
-0.00106397 0.000384522 0 
-0.00104707 0.000370988 0 
-0.000330675 0.000920731 0 
-5.57134e-05 0.000696141 0 
8.18132e-05 0.000572425 0 
-5.57134e-05 0.000696141 0 
-0.000191626 -0.000139301 0 
-0.000410416 5.26955e-05 0 
-0.000629873 -0.000134674 0 
-0.000410416 5.26955e-05 0 
-0.00206696 -0.000178365 0 
-0.000377764 -0.000316606 0 
-0.000953174 8.08308e-05 0 
-0.000377764 -0.000316606 0 
-0.000503407 -5.15099e-05 0 
-0.000492316 -8.15025e-05 0 
-0.000491043 -5.92715e-05 0 
-0.000492316 -8.15025e-05 0 
-0.00135611 8.94011e-05 0 
-0.00173597 -8.14511e-05 0 
-0.0014984 -0.00041048 0 
-0.00173597 -8.14511e-05 0 
-0.000937987 0.000247421 0 
-7.85604e-05 0.000108619 0 
-0.000448235 0.000409227 0 
-7.85604e-05 0.000108619 0 
-0.00133054 -5.33549e-05 0 
-0.000518994 -0.000623838 0 
-0.000848299 0.00013259 0 
-0.000518994 -0.000623838 0 
-0.000716915 -0.000283943 0 
-0.00105192 -0.00023146 0 
-0.000899112 -0.000524777 0 
-0.00105192 -0.00023146 0 
-0.00109921 -0.000112812 0 
-0.00157377 -5.0393e-06 0 
-0.00161346 -0.000716682 0 
-0.00157377 -5.0393e-06 0 
-0.00104102 -0.000107816 0 
-0.00101866 -0.000711629 0 
-0.000720072 -0.000260371 0 
-0.00101866 -0.000711629 0 
-0.000525745 -0.00033041 0 
-0.00038466 -0.000272887 0 
-0.000508393 -0.000183165 0 
-0.00038466 -0.000272887 0 
0.000166426 3.38292e-05 0 
-0.000315655 0.00102149 0 
-0.00021406 0.000193452 0 
-0.000315655 0.00102149 0 
-0.00101639 -0.000182585 0 
-0.00130055 -0.00054366 0 
-0.000921395 -0.000555425 0 
-0.00130055 -0.00054366 0 
-0.000693621 -0.0010854 0 
-0.000117634 -0.000943551 0 
-0.000544155 -0.000786003 0 
-0.000117634 -0.000943551 0 
-0.00197148 0.0014476 0 
-0.00231345 0.000424809 0 
-0.00189519 0.000480884 0 
-0.00231345 0.000424809 0 
-0.00230585 0.000475989 0 
-0.00176725 0.000751086 0 
-0.00189806 0.000461544 0 
-0.00176725 0.000751086 0 
-0.000920988 0.000135393 0 
-0.000842203 -5.14291e-05 0 
-0.000742491 5.90433e-05 0 
-0.000842203 -5.14291e-05 0 
-0.000496457 -4.67561e-05 0 
-0.000439889 0.00016291 0 
-0.000615861 8.67375e-05 0 
-0.000439889 0.00016291 0 
-0.00116723 -0.00022923 0 
-0.0011117 -6.90483e-05 0 
-0.00122361 -5.72408e-05 0 
-0.0011117 -6.90483e-05 0 
-0.00102764 0.000372158 0 
-0.00108907 0.00039007 0 
-0.00105367 0.000368701 0 
-0.00108907 0.00039007 0 
-0.000790401 0.00062504 0 
-0.00109897 0.000690366 0 
-0.000954018 0.000525192 0 
-0.00109897 0.000690366 0 
-0.00143859 -0.00048073 0 
-0.00111528 -0.000489683 0 
-0.0012846 -0.000264945 0 
-0.00111528 -0.000489683 0 
-0.000108293 -0.00015388 0 
-0.00110816 -0.000667663 0 
-0.000473664 -0.000683071 0 
-0.00110816 -0.000667663 0 
-0.000527265 0.0004589 0 
-0.000409628 0.000491416 0 
-0.000542078 0.000654697 0 
-0.000409628 0.000491416 0 
-0.000644341 -0.000360974 0 
-0.000532167 -0.000325795 0 
-0.000613225 -0.000225137 0 
-0.000532167 -0.000325795 0 
-0.000768875 0.000124729 0 
-0.000833041 0.000266915 0 
-0.000893342 0.000138599 0 
-0.000833041 0.000266915 0 
-0.000760606 -0.00204299 0 
-0.00124535 -0.000696786 0 
-0.00166584 -0.00123902 0 
-0.00124535 -0.000696786 0 
-0.000262057 0.000229589 0 
-0.000225778 0.000422257 0 
-0.000392976 0.000269679 0 
-0.000225778 0.000422257 0 
0.000150828 0.000141312 0 
-9.68386e-05 1.07199e-05 0 
-0.000176836 -9.33682e-05 0 
-9.68386e-05 1.07199e-05 0 
-0.000951326 8.43243e-05 0 
-0.00131591 0.000172964 0 
-0.00106165 3.09708e-06 0 
-0.00131591 0.000172964 0 
-0.00160116 0.00123588 0 
-0.00133292 0.000705411 0 
-0.000810155 0.000739327 0 
-0.00133292 0.000705411 0 
-3.54465e-05 0.000319702 0 
-0.000575372 0.00133491 0 
-0.000655675 0.000747715 0 
-0.000575372 0.00133491 0 
-0.000571789 0.000233577 0 
-0.000685352 0.000309487 0 
-0.000694545 0.000189122 0 
-0.000685352 0.000309487 0 
-0.000189475 -0.000308196 0 
-0.000117055 -0.000434172 0 
-3.06329e-05 -0.000365366 0 
-0.000117055 -0.000434172 0 
-0.000784059 0.000151131 0 
-0.00146658 -0.000431394 0 
-0.000694488 -0.000316303 0 
-0.00146658 -0.000431394 0 
-0.000132792 0.000292266 0 
-0.00100766 0.000805364 0 
-0.000504657 0.000153673 0 
-0.00100766 0.000805364 0 
1.89571e-05 0.000154367 0 
4.29855e-05 0.000655934 0 
-0.000220266 0.000434336 0 
4.29855e-05 0.000655934 0 
-0.00164016 0.00101239 0 
-0.00141805 -0.000397155 0 
-0.000990032 0.000233756 0 
-0.00141805 -0.000397155 0 
-0.000826697 -0.000437163 0 
-0.000756816 -3.26752e-05 0 
-0.00107491 -0.000174587 0 
-0.000756816 -3.26752e-05 0 
-0.00126778 -0.00213552 0 
4.34057e-05 -2.97662e-05 0 
-0.00119334 -0.00021088 0 
4.34057e-05 -2.97662e-05 0 
-0.000647236 -0.000332948 0 
-0.000551441 -0.000435712 0 
-0.000526642 -0.000339661 0 
-0.000551441 -0.000435712 0 
-0.000688524 0.000192182 0 
-0.000785928 0.000220632 0 
-0.000755402 0.000148259 0 
-0.000785928 0.000220632 0 
-0.000260263 -0.000324575 0 
-0.000313555 -0.000266153 0 
-0.000360404 -0.000327518 0 
-0.000313555 -0.000266153 0 
-0.000719532 0.000724332 0 
-0.000774182 0.000645205 0 
-0.000473701 0.000300816 0 
-0.000774182 0.000645205 0 
-0.000515155 -0.000351666 0 
-0.000417972 -0.000248199 0 
-0.000692933 -0.000239498 0 
-0.000417972 -0.000248199 0 
-0.000385651 -0.00015596 0 
-0.000296199 -0.000107984 0 
-0.000397948 -5.55063e-05 0 
-0.000296199 -0.000107984 0 
-0.000357356 -0.000326251 0 
-0.000310852 -0.000265029 0 
-0.000386148 -0.000254199 0 
-0.000310852 -0.000265029 0 
-0.00146191 -0.000894204 0 
-0.0012438 -0.000317165 0 
-0.00152782 -0.000101648 0 
-0.0012438 -0.000317165 0 
-0.000673607 5.05201e-05 0 
-0.000756089 9.01812e-05 0 
-0.000755064 1.9718e-05 0 
-0.000756089 9.01812e-05 0 
-0.002721 -0.00119413 0 
-0.000744359 -0.00125463 0 
-0.00124269 -0.00016261 0 
-0.000744359 -0.00125463 0 
-0.000940929 0.000515356 0 
-0.00114041 0.00072151 0 
-0.00104754 0.000299686 0 
-0.00114041 0.00072151 0 
-0.000228846 -8.71144e-06 0 
-0.000249415 0.000279241 0 
-0.000334 0.000165859 0 
-0.000249415 0.000279241 0 
0.000460983 8.84906e-05 0 
-0.000569192 9.12708e-05 0 
-0.00133074 -0.00116201 0 
-0.000569192 9.12708e-05 0 
-2.80113e-05 0.000221431 0 
-0.000560552 0.000895286 0 
-0.000394232 0.000403975 0 
-0.000560552 0.000895286 0 
-0.000873441 0.000280075 0 
-0.0012431 -0.000228164 0 
-0.000849054 -7.22759e-05 0 
-0.0012431 -0.000228164 0 
-0.00123078 -0.000376534 0 
-0.000930701 -0.000866642 0 
-0.000937594 -0.000390974 0 
-0.000930701 -0.000866642 0 
-0.00152612 -0.000910331 0 
-0.000668073 -0.000841321 0 
-0.000743284 -0.000470131 0 
-0.000668073 -0.000841321 0 
-0.000820021 -0.000619636 0 
-0.000569807 -0.000662793 0 
-0.000674066 -0.000495733 0 
-0.000569807 -0.000662793 0 
-0.000343554 0.000192243 0 
-7.46061e-05 0.000136691 0 
-0.00018104 0.000247373 0 
-7.46061e-05 0.000136691 0 
-0.00044931 -0.000411686 0 
-0.000494662 -0.000316889 0 
-0.000529601 -0.000451207 0 
-0.000494662 -0.000316889 0 
-0.000650206 -0.000503981 0 
-0.000626709 -0.000643122 0 
-0.000524839 -0.000529697 0 
-0.000626709 -0.000643122 0 
-0.00101426 0.000292305 0 
-0.000822725 0.000473895 0 
-0.00103187 0.000472214 0 
-0.000822725 0.000473895 0 
-0.00130495 -0.000159774 0 
-0.00119238 -0.000245366 0 
-0.00121298 -5.04228e-05 0 
-0.00119238 -0.000245366 0 
-0.000805947 0.000380083 0 
-0.000739701 0.000325115 0 
-0.00072531 0.000414237 0 
-0.000739701 0.000325115 0 
-0.000374829 -6.95058e-05 0 
-0.000361962 3.69e-05 0 
-0.000488121 9.20242e-05 0 
-0.000361962 3.69e-05 0 
-7.38042e-05 -0.000177659 0 
-0.000116291 0.000130702 0 
-0.000407944 2.15354e-05 0 
-0.000116291 0.000130702 0 
-0.000602638 -1.18174e-05 0 
-0.000552631 -0.000286668 0 
-0.000387739 -0.000135186 0 
-0.000552631 -0.000286668 0 
-0.000390763 -0.00040642 0 
-0.000721003 -0.000617272 0 
-0.000303249 -0.000761446 0 
-0.000721003 -0.000617272 0 
-0.0006838 0.000306133 0 
-0.000695351 0.000483207 0 
-0.000819156 0.000370181 0 
-0.000695351 0.000483207 0 
-0.00225482 -0.000658933 0 
-0.00174032 4.10207e-05 0 
-0.00200604 0.000541387 0 
-0.00174032 4.10207e-05 0 
-0.00029722 -0.000218287 0 
-0.000218492 -5.45658e-05 0 
-0.000410759 -0.000135453 0 
-0.000218492 -5.45658e-05 0 
-0.000658249 -0.000313971 0 
-0.000533055 -0.000310403 0 
-0.000588638 -0.000235773 0 
-0.000533055 -0.000310403 0 
-0.00068428 0.000835674 0 
-0.000845091 0.00059299 0 
-0.000521102 0.000572471 0 
-0.000845091 0.00059299 0 
-0.000313977 1.53543e-05 0 
-0.000577794 5.28546e-05 0 
-0.000412871 -0.000119929 0 
-0.000577794 5.28546e-05 0 
-0.000851242 -7.27842e-05 0 
-0.00119272 -0.00021646 0 
-0.000697114 -0.000386898 0 
-0.00119272 -0.00021646 0 
-0.000565209 -9.36374e-05 0 
-0.000474301 6.06243e-05 0 
-0.000716864 4.4899e-05 0 
-0.000474301 6.06243e-05 0 
-0.000980188 -2.14095e-05 0 
-0.000103463 -0.000356579 0 
-0.00031326 0.000225089 0 
-0.000103463 -0.000356579 0 
-0.00183359 -0.000904161 0 
-0.00192499 -0.000904138 0 
-0.00130505 -0.00046197 0 
-0.00192499 -0.000904138 0 
-0.000635486 0.00030887 0 
-0.000823887 -0.000134969 0 
-0.000445633 9.49015e-06 0 
-0.000823887 -0.000134969 0 
-0.000441508 0.00016246 0 
-0.000680878 0.000254163 0 
-0.000608562 8.87625e-05 0 
-0.000680878 0.000254163 0 
-0.000781459 0.000630608 0 
-0.00102822 -0.000146966 0 
-0.0006994 -0.000115074 0 
-0.00102822 -0.000146966 0 
0.00046897 0.00083883 0 
-0.0014436 0.0020053 0 
-0.000383647 0.00056062 0 
-0.0014436 0.0020053 0 
-0.000893214 0.00046216 0 
-0.00094351 7.33461e-05 0 
-0.000548963 0.000296382 0 
-0.00094351 7.33461e-05 0 
4.55269e-05 -7.77418e-05 0 
-7.57293e-05 -3.19946e-05 0 
7.63719e-06 -0.000174604 0 
-7.57293e-05 -3.19946e-05 0 
-0.000203627 -0.000526109 0 
-0.000243573 0.00114782 0 
-0.000834599 3.15658e-05 0 
-0.000243573 0.00114782 0 
-0.00128792 -0.000330956 0 
-0.00275142 -0.000340331 0 
-0.00103586 -0.00142047 0 
-0.00275142 -0.000340331 0 
-0.000292647 -4.78905e-05 0 
-0.000247356 4.1967e-05 0 
-0.000256757 1.76982e-05 0 
-0.000247356 4.1967e-05 0 
-0.00101962 0.000518214 0 
-0.00219202 0.00117517 0 
-0.00148339 0.00020669 0 
-0.00219202 0.00117517 0 
-0.000718558 -0.000327597 0 
-0.000599449 -0.000113036 0 
-0.000739604 -8.84005e-05 0 
-0.000599449 -0.000113036 0 
-0.00083412 -0.000575133 0 
-0.000979422 -0.000239585 0 
-0.00129001 -0.000606994 0 
-0.000979422 -0.000239585 0 
-0.000833692 -0.00128793 0 
2.31608e-05 -0.00151086 0 
-0.000749616 -0.000859776 0 
2.31608e-05 -0.00151086 0 
-0.000775827 -0.00031786 0 
-0.000471511 -0.000346129 0 
-0.000435423 -5.37069e-05 0 
-0.000471511 -0.000346129 0 
-0.000248753 3.5307e-05 0 
-5.48669e-05 -3.79586e-06 0 
-0.000135057 0.000195 0 
-5.48669e-05 -3.79586e-06 0 
-0.00045808 0.000816376 0 
-0.000728438 0.000667006 0 
-0.000655573 0.000525899 0 
-0.000728438 0.000667006 0 
8.76236e-05 0.0015125 0 
-0.000790422 0.00112208 0 
-0.000386204 0.000692422 0 
-0.000790422 0.00112208 0 
-0.0014743 -0.000986475 0 
-0.000890472 -0.000377544 0 
-0.00147693 -0.000331897 0 
-0.000890472 -0.000377544 0 
-0.000726561 0.000330847 0 
-0.000693226 0.000235318 0 
-0.000628804 0.000319107 0 
-0.000693226 0.000235318 0 
-0.00072255 4.51365e-05 0 
-0.000849586 -0.000116634 0 
-0.000578346 -2.45345e-05 0 
-0.000849586 -0.000116634 0 
-0.000260733 -0.000825154 0 
-0.000426065 -0.000507901 0 
-0.000615517 -0.000694472 0 
-0.000426065 -0.000507901 0 
-0.00210655 -0.000327895 0 
-0.0014759 -0.000988167 0 
-0.00147601 -0.000330926 0 
-0.0014759 -0.000988167 0 
-1.43399e-05 1.81631e-05 0 
-0.000287684 0.000291703 0 
-0.000369167 9.73073e-05 0 
-0.000287684 0.000291703 0 
-0.00104732 -0.000514539 0 
-0.000530719 -0.000443164 0 
-0.000849156 -0.000199185 0 
-0.000530719 -0.000443164 0 
-0.000467021 0.00011869 0 
-0.00077119 0.00014439 0 
-0.000715458 -5.81674e-06 0 
-0.00077119 0.00014439 0 
-0.000592788 0.000200103 0 
-0.000671971 0.000132 0 
-0.000561122 7.72682e-05 0 
-0.000671971 0.000132 0 
-0.00076587 0.000162872 0 
-0.00100893 -0.000366583 0 
-0.000683121 -0.000253854 0 
-0.00100893 -0.000366583 0 
-0.000916008 6.29982e-05 0 
-0.00100801 0.000195306 0 
-0.00105393 2.61357e-05 0 
-0.00100801 0.000195306 0 
-0.000243242 0.00040614 0 
-0.000512204 0.000535315 0 
-0.000421411 0.000229626 0 
-0.000512204 0.000535315 0 
-0.000537844 -0.000527103 0 
-0.000364164 -0.000626665 0 
-0.00044964 -0.000416556 0 
-0.000364164 -0.000626665 0 
-0.00139165 0.000507536 0 
-0.00122813 -0.000344303 0 
-0.000971266 -3.46474e-05 0 
-0.00122813 -0.000344303 0 
-0.00121763 -0.000461942 0 
-0.00195984 -0.000435766 0 
-0.00127795 -0.000961603 0 
-0.00195984 -0.000435766 0 
-0.00112293 0.000459103 0 
-0.00114622 0.000450993 0 
-0.00116934 0.000375696 0 
-0.00114622 0.000450993 0 
7.13206e-06 -0.000480625 0 
-0.000627598 0.00068372 0 
-0.00132719 -0.000333787 0 
-0.000627598 0.00068372 0 
-0.00111776 -0.000906361 0 
-0.000665224 -0.000766262 0 
-0.00110542 -0.000429503 0 
-0.000665224 -0.000766262 0 
-0.000761746 -3.8145e-05 0 
-0.000740867 0.00019799 0 
-0.000945422 0.00014984 0 
-0.000740867 0.00019799 0 
-0.00319738 -0.00192924 0 
-0.00136288 -0.00244723 0 
-0.00182501 -0.00141109 0 
-0.00136288 -0.00244723 0 
-0.00122969 0.000480676 0 
-0.00211047 0.00054808 0 
-0.00192787 -7.63976e-05 0 
-0.00211047 0.00054808 0 
-0.000473855 -0.000417052 0 
-0.000261247 -0.000386625 0 
-0.000495219 -0.000353584 0 
-0.000261247 -0.000386625 0 
-0.000118604 -3.33682e-06 0 
-6.08733e-05 -1.92141e-05 0 
-6.69522e-05 3.81913e-05 0 
-6.08733e-05 -1.92141e-05 0 
-0.000868321 -0.00150371 0 
-0.00107172 -0.00149549 0 
-0.000999923 -0.00168645 0 
-0.00107172 -0.00149549 0 
-0.000632761 0.000185359 0 
-0.000831611 0.000125774 0 
-0.000670348 2.35041e-05 0 
-0.000831611 0.000125774 0 
-0.00104768 0.00133106 0 
-0.00107703 0.000536013 0 
-0.000733504 0.000732801 0 
-0.00107703 0.000536013 0 
-0.000820106 -0.000394114 0 
-0.000449513 -0.000226555 0 
-0.000915937 -6.94821e-05 0 
-0.000449513 -0.000226555 0 
-0.000686748 0.000136131 0 
-0.000630153 -0.000132216 0 
-0.000430355 1.23545e-05 0 
-0.000630153 -0.000132216 0 
-0.00118517 0.000185687 0 
-0.000799021 -0.00019407 0 
-0.000709668 0.000143588 0 
-0.000799021 -0.00019407 0 
-0.00123807 0.000104986 0 
-0.00125077 -0.00022177 0 
-0.00105213 5.4227e-05 0 
-0.00125077 -0.00022177 0 
-0.000527117 -0.00025665 0 
-0.000644227 -0.000432729 0 
-0.000409336 -0.000387106 0 
-0.000644227 -0.000432729 0 
-0.000535155 -0.00102964 0 
-0.000845685 -0.000520212 0 
-0.00108781 -0.000764583 0 
-0.000845685 -0.000520212 0 
-0.00117725 -0.000264404 0 
-0.00165785 -0.00104731 0 
-0.000985439 -0.000992386 0 
-0.00165785 -0.00104731 0 
-0.00035271 -0.000337033 0 
-7.14499e-05 4.41665e-05 0 
-0.000516384 6.71169e-05 0 
-7.14499e-05 4.41665e-05 0 
-0.00129717 0.000102676 0 
-0.00110923 -9.62042e-05 0 
-0.00107824 6.84521e-05 0 
-0.00110923 -9.62042e-05 0 
-0.000687816 1.08987e-05 0 
-0.000636528 5.96281e-05 0 
-0.000670451 8.70942e-05 0 
-0.000636528 5.96281e-05 0 
-9.17679e-05 0.000175866 0 
-0.000225058 0.000279202 0 
-0.000173139 0.000131995 0 
-0.000225058 0.000279202 0 
-0.00062709 -0.000204957 0 
-0.000582113 -5.10365e-05 0 
-0.000751393 -9.76445e-05 0 
-0.000582113 -5.10365e-05 0 
-0.000128027 -0.000737507 0 
-0.000274823 -0.000462908 0 
-0.000606393 -0.000518793 0 
-0.000274823 -0.000462908 0 
-0.000208394 -0.00026681 0 
-0.000602946 -0.000105648 0 
-0.000495342 -0.000353862 0 
-0.000602946 -0.000105648 0 
-1.93552e-05 0.000644721 0 
-0.00050257 0.000395358 0 
-0.000326313 0.000336864 0 
-0.00050257 0.000395358 0 
-0.000186784 -1.55813e-05 0 
-0.000237754 -4.65366e-05 0 
-0.000154827 -7.51717e-05 0 
-0.000237754 -4.65366e-05 0 
-0.000299948 0.00044111 0 
-0.0002835 0.000331118 0 
-0.000253774 0.000474407 0 
-0.0002835 0.000331118 0 
-0.000799903 0.000227178 0 
-0.000679931 0.000317952 0 
-0.000822454 0.000360107 0 
-0.000679931 0.000317952 0 
-0.000666265 0.000433131 0 
-0.000833794 0.000458359 0 
-0.000825454 0.000377678 0 
-0.000833794 0.000458359 0 
-0.000176404 7.29006e-05 0 
-4.14268e-05 0.000589457 0 
-0.000530061 0.0004509 0 
-4.14268e-05 0.000589457 0 
-0.000750059 -0.000626054 0 
-0.00096237 -0.00026809 0 
-0.00139256 -0.00091002 0 
-0.00096237 -0.00026809 0 
-0.000897187 0.000160175 0 
-0.00128683 0.000358787 0 
-0.00117323 -8.61242e-05 0 
-0.00128683 0.000358787 0 
-0.000614466 0.000579627 0 
-0.000736382 0.000656624 0 
-0.000701812 0.000566056 0 
-0.000736382 0.000656624 0 
-0.000394487 -0.000104703 0 
-0.000396545 7.21911e-05 0 
-0.000524054 -6.09232e-05 0 
-0.000396545 7.21911e-05 0 
-0.000155878 0.000349201 0 
-0.00049404 0.000374957 0 
-0.00047979 0.000305255 0 
-0.00049404 0.000374957 0 
-0.000479297 0.000446307 0 
-0.000677162 0.000265776 0 
-0.000447959 0.000142298 0 
-0.000677162 0.000265776 0 
-0.000427998 0.000776226 0 
-0.00139868 0.00103171 0 
-0.00100654 0.000232436 0 
-0.00139868 0.00103171 0 
-0.00221089 0.000112985 0 
-0.000415203 0.000256843 0 
-0.000942939 0.000879998 0 
-0.000415203 0.000256843 0 
-0.00093031 -0.000569092 0 
-0.00061153 -0.000372263 0 
-0.000883283 -0.000126082 0 
-0.00061153 -0.000372263 0 
-0.000171439 0.000658493 0 
-0.00119317 0.00134417 0 
-0.000774748 0.000474984 0 
-0.00119317 0.00134417 0 
-0.000379 -0.00037267 0 
-0.000427342 -0.000156757 0 
-0.000486032 -0.000305851 0 
-0.000427342 -0.000156757 0 
-0.00107687 -0.000144554 0 
-0.000896322 -5.20479e-05 0 
-0.00104201 -4.19913e-05 0 
-0.000896322 -5.20479e-05 0 
-0.00158201 -0.00107258 0 
-0.00133605 -0.000518312 0 
-0.00196152 -0.000443818 0 
-0.00133605 -0.000518312 0 
-0.000718838 -0.000613807 0 
-3.98701e-05 -0.000813992 0 
-0.00015808 -0.00033585 0 
-3.98701e-05 -0.000813992 0 
-0.000664109 0.00058688 0 
-0.000619635 0.000554049 0 
-0.000749044 0.00064171 0 
-0.000619635 0.000554049 0 
-0.00052997 -0.00275292 0 
0.000167867 -0.000484568 0 
-0.000521511 -0.00157396 0 
0.000167867 -0.000484568 0 
-0.000514865 -8.12349e-05 0 
-0.000451155 -0.000190664 0 
-0.000413685 -8.75324e-05 0 
-0.000451155 -0.000190664 0 
-6.47545e-05 -3.41542e-07 0 
-0.000572181 0.000207479 0 
-0.000472536 -0.000127471 0 
-0.000572181 0.000207479 0 
-0.000668241 0.000127698 0 
-0.000755829 6.63016e-05 0 
-0.000663083 2.66321e-05 0 
-0.000755829 6.63016e-05 0 
-0.00136397 0.000372082 0 
-0.00134016 -4.25387e-06 0 
-0.00114428 0.00019108 0 
-0.00134016 -4.25387e-06 0 
-0.000317484 -0.000264967 0 
-0.000268161 -0.000234146 0 
-0.000322249 -0.00020558 0 
-0.000268161 -0.000234146 0 
-0.000470619 -0.000208245 0 
-0.000364789 -0.000203224 0 
-0.000385523 -0.000132722 0 
-0.000364789 -0.000203224 0 
-0.00103537 0.000208048 0 
-0.00110791 0.0002067 0 
-0.00108223 8.32905e-05 0 
-0.00110791 0.0002067 0 
-0.00141716 0.000203658 0 
-0.000965085 -0.000469918 0 
-0.000977193 -0.0001534 0 
-0.000965085 -0.000469918 0 
-0.00110648 0.000186609 0 
-0.00127596 0.00018316 0 
-0.00117657 0.000130082 0 
-0.00127596 0.00018316 0 
-0.000821315 0.000167895 0 
-0.000673844 0.000908957 0 
-0.00137206 0.000733047 0 
-0.000673844 0.000908957 0 
-0.000617206 0.000244467 0 
-0.000640376 0.00056192 0 
-0.00090573 0.000452033 0 
-0.000640376 0.00056192 0 
-9.01852e-05 -0.000202278 0 
-0.000193955 -0.000409283 0 
-0.000159396 -0.000299833 0 
-0.000193955 -0.000409283 0 
-0.000359189 -0.000764926 0 
-5.67857e-06 -0.000275469 0 
-0.000211602 -0.000308161 0 
-5.67857e-06 -0.000275469 0 
-0.000962284 3.68013e-05 0 
-0.000964486 0.000180497 0 
-0.00103088 0.00011473 0 
-0.000964486 0.000180497 0 
-2.09662e-05 -6.48032e-05 0 
-5.17713e-05 -2.15853e-05 0 
-9.11736e-05 -6.38588e-05 0 
-5.17713e-05 -2.15853e-05 0 
-0.000476129 0.000179814 0 
-0.000436444 0.000300794 0 
-0.000539222 0.000287062 0 
-0.000436444 0.000300794 0 
-0.00104732 0.000293441 0 
-0.000959888 0.000251333 0 
-0.000978995 0.00034407 0 
-0.000959888 0.000251333 0 
-0.0011317 -0.000223905 0 
-0.000802979 -8.74076e-05 0 
-0.00105033 3.95177e-05 0 
-0.000802979 -8.74076e-05 0 
-0.000323651 0.000316314 0 
-0.000564543 0.000507074 0 
-0.000577933 0.00029039 0 
-0.000564543 0.000507074 0 
-0.000785343 -0.000611166 0 
-0.000502659 0.000326006 0 
-0.00124659 9.04082e-05 0 
-0.000502659 0.000326006 0 
-0.000815895 0.000445974 0 
-0.000729412 0.00113094 0 
-0.00117307 0.000800715 0 
-0.000729412 0.00113094 0 
-0.000690534 0.000331158 0 
-0.000989993 0.000221054 0 
-0.000878071 0.000207124 0 
-0.000989993 0.000221054 0 
-0.00142389 -8.64954e-05 0 
-0.00112751 -0.000511011 0 
-0.000971091 -0.000147349 0 
-0.00112751 -0.000511011 0 
-0.00112567 -0.000774175 0 
-0.000909718 -0.000843077 0 
-0.000864671 -0.000538899 0 
-0.000909718 -0.000843077 0 
-0.000335389 -0.000400929 0 
-0.000352297 -0.0003272 0 
-0.000414869 -0.000391538 0 
-0.000352297 -0.0003272 0 
-0.000823399 0.000182146 0 
-0.0015438 -8.66358e-05 0 
-0.00103576 -0.000203519 0 
-0.0015438 -8.66358e-05 0 
-0.000627133 -0.00104752 0 
-0.00039098 -0.000696432 0 
-0.000693106 -0.000633528 0 
-0.00039098 -0.000696432 0 
-0.00039364 -0.000435288 0 
-0.000345119 -7.2957e-05 0 
-0.000654917 -0.000236519 0 
-0.000345119 -7.2957e-05 0 
-0.000999516 0.000238828 0 
-0.000668624 0.00034557 0 
-0.00100275 0.000519056 0 
-0.000668624 0.00034557 0 
-0.00093445 -0.000459312 0 
-0.000721767 -0.000262472 0 
-0.000896704 -0.000355952 0 
-0.000721767 -0.000262472 0 
-0.00155255 0.00125147 0 
-0.00119314 0.000988206 0 
-0.00050715 0.000772273 0 
-0.00119314 0.000988206 0 
-0.00052715 -6.90466e-05 0 
-0.000213392 0.000541488 0 
-0.000924111 0.000285473 0 
-0.000213392 0.000541488 0 
-0.00215955 0.000354346 0 
-0.00104887 -0.000471192 0 
-0.00121525 7.67968e-05 0 
-0.00104887 -0.000471192 0 
-0.000575088 1.21857e-05 0 
-0.000268814 -0.000122249 0 
-0.000223226 0.000136859 0 
-0.000268814 -0.000122249 0 
-0.00331456 -0.00192599 0 
-0.00166535 -0.000231368 0 
-0.00267403 -0.000617506 0 
-0.00166535 -0.000231368 0 
0.000130215 -0.000317666 0 
-0.00013057 -0.00017722 0 
-9.65749e-05 -0.000454109 0 
-0.00013057 -0.00017722 0 
-0.000469823 0.000288217 0 
-0.000265883 3.92036e-05 0 
-0.000119206 0.000191394 0 
-0.000265883 3.92036e-05 0 
-0.000430514 -0.000363556 0 
-0.000558149 -0.000484012 0 
-0.000408512 -0.000578127 0 
-0.000558149 -0.000484012 0 
-0.00034919 -0.000204602 0 
-0.000294433 -8.13916e-05 0 
-0.000443501 -7.38479e-05 0 
-0.000294433 -8.13916e-05 0 
-0.00153211 -0.000109345 0 
-0.00124643 -0.000505177 0 
-0.00117587 -8.46959e-05 0 
-0.00124643 -0.000505177 0 
-0.00114402 -0.000518592 0 
-0.000579992 -0.00135013 0 
-0.000692766 -0.000593687 0 
-0.000579992 -0.00135013 0 
-0.00150443 -0.000468731 0 
-0.00089302 -0.000155655 0 
-0.00115851 0.000265204 0 
-0.00089302 -0.000155655 0 
-0.00212793 -0.00133325 0 
-0.00042495 -0.00152174 0 
-0.00120057 -0.00108938 0 
-0.00042495 -0.00152174 0 
-0.000864112 -0.000356717 0 
-0.000530932 -0.000627203 0 
-0.000640617 -0.000289998 0 
-0.000530932 -0.000627203 0 
-0.000505497 -0.000254237 0 
-0.000425282 -0.000445807 0 
-0.000357641 -0.000248809 0 
-0.000425282 -0.000445807 0 
-0.000532348 -0.000128776 0 
-0.000548874 5.74348e-05 0 
-0.000612892 -1.79484e-05 0 
-0.000548874 5.74348e-05 0 
-0.00129699 0.000288738 0 
-0.00133939 0.000548993 0 
-0.00156622 0.000318079 0 
-0.00133939 0.000548993 0 
-0.00119145 0.000675002 0 
-0.00126848 0.000455476 0 
-0.00125545 0.000297357 0 
-0.00126848 0.000455476 0 
-0.000148816 0.000231238 0 
-0.000641024 0.000210145 0 
-0.000426257 9.81775e-06 0 
-0.000641024 0.000210145 0 
-0.000306324 -0.000406789 0 
-0.000433019 -8.85245e-05 0 
-0.000614434 -0.000324501 0 
-0.000433019 -8.85245e-05 0 
-0.00126922 -0.000291231 0 
-0.00125602 -0.000398103 0 
-0.00116686 -0.000587938 0 
-0.00125602 -0.000398103 0 
-0.000830625 -0.000323837 0 
-0.000303572 -0.000299636 0 
-0.000626162 -7.5717e-06 0 
-0.000303572 -0.000299636 0 
-0.00102703 0.00041765 0 
-0.00109804 0.000121214 0 
-0.000816997 0.000202573 0 
-0.00109804 0.000121214 0 
-0.000934869 -1.90552e-05 0 
-0.00111617 -0.000274197 0 
-0.00078663 -0.00017791 0 
-0.00111617 -0.000274197 0 
1.27066e-05 1.13297e-05 0 
-0.000486434 0.000158908 0 
-0.000430565 -0.000211518 0 
-0.000486434 0.000158908 0 
-0.000427953 -0.00119019 0 
-0.000911864 -0.000958394 0 
-0.00115764 -0.00106567 0 
-0.000911864 -0.000958394 0 
-0.000158226 -0.000220441 0 
-0.000696077 -0.000582727 0 
-0.000459481 -0.000643431 0 
-0.000696077 -0.000582727 0 
-0.000528837 0.000101622 0 
-0.000435776 0.000321782 0 
-0.000685685 0.000287894 0 
-0.000435776 0.000321782 0 
0.000195629 -0.00120919 0 
-0.000363057 -0.00101525 0 
-0.000187577 -0.00150767 0 
-0.000363057 -0.00101525 0 
-0.000879864 -0.000146259 0 
-0.000838587 0.000147724 0 
-0.00105512 6.09665e-05 0 
-0.000838587 0.000147724 0 
-0.000367591 -0.000116918 0 
-0.000255081 -0.000191746 0 
-0.000318108 -1.82829e-05 0 
-0.000255081 -0.000191746 0 
-0.000311355 -0.000269186 0 
-0.000327759 -0.000201787 0 
-0.00038576 -0.000250993 0 
-0.000327759 -0.000201787 0 
-0.00111019 0.000528495 0 
-0.000321801 0.000315945 0 
-0.000608286 0.000395394 0 
-0.000321801 0.000315945 0 
-0.00075262 -0.00190989 0 
-0.000641245 -0.000712289 0 
-0.00103285 -0.00122651 0 
-0.000641245 -0.000712289 0 
0.000223761 -0.000184534 0 
0.00013547 -0.000301861 0 
0.000200687 -0.000358022 0 
0.00013547 -0.000301861 0 
-0.00158801 -0.000337482 0 
-0.000880158 -0.000327913 0 
-0.00127291 -0.000121199 0 
-0.000880158 -0.000327913 0 
-0.00027711 -0.000250204 0 
-0.00171107 -0.000386168 0 
-0.00108001 -0.000782612 0 
-0.00171107 -0.000386168 0 
-0.000841721 -0.00142107 0 
-0.000685958 -0.000576376 0 
-0.00148081 -0.000605393 0 
-0.000685958 -0.000576376 0 
-0.000620419 0.000161311 0 
-0.000672214 0.000236463 0 
-0.000682621 4.98867e-05 0 
-0.000672214 0.000236463 0 
-0.000688897 -0.000823487 0 
-0.000375533 -0.000554666 0 
-0.000823116 -0.000477624 0 
-0.000375533 -0.000554666 0 
-0.000463322 -0.000802444 0 
-0.00026102 -0.000631394 0 
-0.000475015 -0.000621741 0 
-0.00026102 -0.000631394 0 
-0.00089505 0.000228825 0 
-0.000879354 0.000533596 0 
-0.00104871 0.00033296 0 
-0.000879354 0.000533596 0 
-0.000779644 -3.34558e-05 0 
-0.00114104 -0.000371763 0 
-0.000693186 -0.000339708 0 
-0.00114104 -0.000371763 0 
-0.00064157 0.000537803 0 
-0.000704647 0.000975085 0 
-0.000921723 0.000595557 0 
-0.000704647 0.000975085 0 
-0.000787434 1.14446e-05 0 
-0.000684093 -3.5879e-05 0 
-0.000692503 -6.93772e-05 0 
-0.000684093 -3.5879e-05 0 
-0.000837482 0.000422907 0 
-0.000872425 0.000460534 0 
-0.000882729 0.000415857 0 
-0.000872425 0.000460534 0 
-0.000291581 0.000395666 0 
-0.000322788 0.00019654 0 
-0.000192334 0.000238358 0 
-0.000322788 0.00019654 0 
-0.000714033 -0.000375543 0 
-0.000895698 -0.000273418 0 
-0.000896733 -0.000407405 0 
-0.000895698 -0.000273418 0 
-0.000865842 -0.000260485 0 
-0.000938538 0.000205381 0 
-0.00116247 4.09514e-05 0 
-0.000938538 0.000205381 0 
-0.000979887 3.63649e-05 0 
-0.000937311 -2.24179e-05 0 
-0.0009881 2.81562e-05 0 
-0.000937311 -2.24179e-05 0 
-0.00051547 0.000328844 0 
-0.000582916 0.000503831 0 
-0.000638929 0.000330248 0 
-0.000582916 0.000503831 0 
-0.000968712 0.000284356 0 
-0.00107618 0.000411814 0 
-0.001179 0.000303925 0 
-0.00107618 0.000411814 0 
-0.000784305 -0.00022834 0 
-0.000672162 -0.000379576 0 
-0.000611166 -0.000235635 0 
-0.000672162 -0.000379576 0 
-0.000796005 0.000849055 0 
-0.00176792 0.000423008 0 
-0.00105782 0.000165168 0 
-0.00176792 0.000423008 0 
-0.00066708 -0.000859713 0 
-0.00016824 -0.000308753 0 
-0.000631443 -0.000342665 0 
-0.00016824 -0.000308753 0 
-0.00081087 -0.00021992 0 
-0.000569073 -0.000658778 0 
-0.000293058 -9.44644e-05 0 
-0.000569073 -0.000658778 0 
0.000336822 0.000545658 0 
-0.000226991 0.000630909 0 
-0.00014328 0.000393421 0 
-0.000226991 0.000630909 0 
-0.000899934 -0.000212099 0 
-0.000884288 -0.000522597 0 
-0.00060441 -0.000321091 0 
-0.000884288 -0.000522597 0 
-0.000749766 0.000137676 0 
-0.000729598 0.000143571 0 
-0.000719304 0.000122276 0 
-0.000729598 0.000143571 0 
-0.0019937 0.000120027 0 
-0.00200905 -0.000830163 0 
-0.00107776 -0.000286515 0 
-0.00200905 -0.000830163 0 
-0.00169796 -0.000269433 0 
-0.0011946 -0.000386289 0 
-0.00154671 -0.000206959 0 
-0.0011946 -0.000386289 0 
-0.000435372 -0.000717134 0 
-0.000628492 -0.000471429 0 
-0.000811555 -0.000654762 0 
-0.000628492 -0.000471429 0 
-0.00231653 -0.00241562 0 
-0.000990531 -0.00217875 0 
-0.0016243 -0.00121449 0 
-0.000990531 -0.00217875 0 
-0.000474163 5.91553e-05 0 
-0.000627935 0.000149836 0 
-0.000677305 9.41724e-05 0 
-0.000627935 0.000149836 0 
-0.000641018 -0.00148526 0 
-4.71498e-05 0.000558827 0 
-0.000757838 -3.20031e-05 0 
-4.71498e-05 0.000558827 0 
-0.000594848 -0.000416313 0 
-0.000498468 -0.000453455 0 
-0.000455135 -0.000351637 0 
-0.000498468 -0.000453455 0 
-0.000965845 3.9577e-05 0 
-0.00116442 8.29922e-05 0 
-0.00104434 -0.000136012 0 
-0.00116442 8.29922e-05 0 
-0.00101602 -2.95592e-05 0 
-0.00165266 0.000186878 0 
-0.00154809 2.06607e-05 0 
-0.00165266 0.000186878 0 
-0.000513934 7.17365e-05 0 
-0.000412554 -0.000204676 0 
-0.000248693 -3.63006e-05 0 
-0.000412554 -0.000204676 0 
-0.00114274 6.85848e-05 0 
-0.000866242 0.000300827 0 
-0.001292 0.000436704 0 
-0.000866242 0.000300827 0 
-0.000283148 0.000329855 0 
-0.000302684 0.000450931 0 
-0.000376979 0.000403489 0 
-0.000302684 0.000450931 0 
-0.00106756 -0.00014669 0 
-0.00096579 -0.000715671 0 
-0.000536495 -0.000343835 0 
-0.00096579 -0.000715671 0 
-0.000214166 0.000664738 0 
-0.000744813 0.00106293 0 
-0.000543053 0.000404066 0 
-0.000744813 0.00106293 0 
-0.000840009 0.000355672 0 
-0.00137429 0.000208694 0 
-0.00111141 1.40186e-06 0 
-0.00137429 0.000208694 0 
-0.000859931 1.04538e-05 0 
-0.000820931 6.43489e-05 0 
-0.000883595 6.78409e-05 0 
-0.000820931 6.43489e-05 0 
-0.000520834 -0.000650337 0 
-0.000360954 -0.000580034 0 
-0.000533419 -0.00054167 0 
-0.000360954 -0.000580034 0 
-0.0014496 -0.000169287 0 
-0.00115549 -4.87689e-05 0 
-0.00139886 0.000151087 0 
-0.00115549 -4.87689e-05 0 
-0.00107345 2.62546e-05 0 
-0.000959557 3.60034e-05 0 
-0.00100738 0.000190863 0 
-0.000959557 3.60034e-05 0 
-0.00011539 -0.00025308 0 
-9.52464e-05 -0.000115841 0 
-0.000235484 -0.000165711 0 
-9.52464e-05 -0.000115841 0 
-0.00178918 -1.51251e-05 0 
-0.00124076 -0.000623552 0 
-0.0012558 -7.73526e-05 0 
-0.00124076 -0.000623552 0 
-0.00133538 -0.000282801 0 
-0.000855529 -0.000488626 0 
-0.000889354 -8.85873e-05 0 
-0.000855529 -0.000488626 0 
-0.000998995 0.000427419 0 
-0.000905332 0.000478439 0 
-0.00101829 0.000531754 0 
-0.000905332 0.000478439 0 
-0.000970157 0.00028262 0 
-0.000912553 0.000517591 0 
-0.00109219 0.000392587 0 
-0.000912553 0.000517591 0 
-0.000986866 5.2422e-05 0 
-0.00103699 -3.43337e-05 0 
-0.000964166 -2.95104e-05 0 
-0.00103699 -3.43337e-05 0 
-0.00026187 -0.000248369 0 
-0.000310488 -0.000269489 0 
-0.000261705 -0.000323005 0 
-0.000310488 -0.000269489 0 
-0.00219307 0.000326736 0 
-0.00206821 -0.000434177 0 
-0.00130938 0.000196764 0 
-0.00206821 -0.000434177 0 
-0.000742802 0.000137874 0 
-0.000684379 0.000237806 0 
-0.00077273 0.00023096 0 
-0.000684379 0.000237806 0 
-0.0007709 0.000428099 0 
-0.00140855 0.000271753 0 
-0.000956754 -8.73212e-05 0 
-0.00140855 0.000271753 0 
-0.0011509 2.6702e-05 0 
-0.00117923 0.000263884 0 
-0.00144798 0.000170687 0 
-0.00117923 0.000263884 0 
9.11573e-05 0.000303488 0 
-0.000219241 0.00113308 0 
-0.000366884 0.000329571 0 
-0.000219241 0.00113308 0 
-0.000321577 0.00072515 0 
-0.000566853 0.000284309 0 
-0.000360325 0.000373077 0 
-0.000566853 0.000284309 0 
-0.000939121 0.000523824 0 
-0.00103985 0.000335711 0 
-0.000822559 0.000438386 0 
-0.00103985 0.000335711 0 
-0.000261597 -0.000330223 0 
-0.000358716 -0.000320374 0 
-0.000317835 -0.000419593 0 
-0.000358716 -0.000320374 0 
-0.000528252 -0.000306552 0 
-0.000506373 -0.000202386 0 
-0.000601716 -0.000246257 0 
-0.000506373 -0.000202386 0 
-0.000810483 -0.000636374 0 
-0.000515066 -0.000931083 0 
-0.000585463 -0.000748519 0 
-0.000515066 -0.000931083 0 
-0.000646971 -8.04288e-05 0 
-0.000368481 -8.7391e-05 0 
-0.000537147 0.000108095 0 
-0.000368481 -8.7391e-05 0 
-0.000951587 -6.31123e-05 0 
-0.00108209 -2.46499e-05 0 
-0.00101875 -0.000189762 0 
-0.00108209 -2.46499e-05 0 
-0.000218211 -0.00033412 0 
-0.000125992 -0.000250529 0 
-0.000262607 -0.000159186 0 
-0.000125992 -0.000250529 0 
-0.00032422 0.000202553 0 
-0.000470853 0.000283228 0 
-0.000437414 0.000139669 0 
-0.000470853 0.000283228 0 
-0.000708008 -0.000423564 0 
-0.000576013 -0.000503647 0 
-0.000524779 -0.000395957 0 
-0.000576013 -0.000503647 0 
-0.00046623 -0.000444992 0 
-0.000509485 -0.000411607 0 
-0.000498879 -0.000430287 0 
-0.000509485 -0.000411607 0 
-0.000562826 -0.000232842 0 
-0.000728367 0.0001843 0 
-0.000861942 -9.36683e-05 0 
-0.000728367 0.0001843 0 
-0.000814722 0.000394527 0 
-0.000786572 0.000441023 0 
-0.000854417 0.000425753 0 
-0.000786572 0.000441023 0 
-0.00115897 -1.38951e-05 0 
-0.00102009 -0.000817264 0 
-0.000801047 -0.000102279 0 
-0.00102009 -0.000817264 0 
-0.0003839 9.0003e-06 0 
-0.000675557 -2.05561e-05 0 
-0.000635645 -0.000236468 0 
-0.000675557 -2.05561e-05 0 
-9.83144e-05 -0.000323771 0 
-6.28517e-05 -0.000557776 0 
-6.29266e-05 -0.000378297 0 
-6.28517e-05 -0.000557776 0 
-0.000511979 -0.000314825 0 
-0.000583069 -0.000207094 0 
-0.000558971 -0.000403615 0 
-0.000583069 -0.000207094 0 
-0.00171975 -0.000605682 0 
-0.00131929 -0.000667229 0 
-0.00117733 -0.000259615 0 
-0.00131929 -0.000667229 0 
-0.00169935 0.000113933 0 
-0.00153107 -0.000630542 0 
-0.000902216 -0.000107718 0 
-0.00153107 -0.000630542 0 
-0.00074022 3.79775e-05 0 
-0.000719232 0.00024803 0 
-0.000894718 0.000158903 0 
-0.000719232 0.00024803 0 
-0.00061199 -0.000118035 0 
-0.000534152 -2.87746e-06 0 
-0.000678854 -1.66149e-05 0 
-0.000534152 -2.87746e-06 0 
-0.000569638 0.000448216 0 
-0.000686071 0.00038811 0 
-0.000501849 0.000336194 0 
-0.000686071 0.00038811 0 
-0.00204756 0.000402008 0 
-0.00115889 -0.000451023 0 
-0.0007758 0.000310951 0 
-0.00115889 -0.000451023 0 
-0.000577174 -0.000326959 0 
-0.000333737 -0.00035665 0 
-0.000435158 -0.00016474 0 
-0.000333737 -0.00035665 0 
-0.00083187 -0.000216386 0 
-0.000907619 -0.000353136 0 
-0.000888772 -0.000359272 0 
-0.000907619 -0.000353136 0 
-0.00132644 -0.000585856 0 
-0.000636097 -0.00101001 0 
-0.000974571 -0.000517718 0 
-0.000636097 -0.00101001 0 
-0.000283874 -0.000590556 0 
6.52546e-05 0.000285316 0 
-0.000297042 9.64977e-05 0 
6.52546e-05 0.000285316 0 
-0.00067853 -9.50787e-06 0 
-0.000604899 8.41799e-05 0 
-0.000679339 5.22536e-05 0 
-0.000604899 8.41799e-05 0 
-8.79284e-05 -3.36214e-05 0 
-7.3024e-05 0.000509725 0 
-0.000521292 0.000249041 0 
-7.3024e-05 0.000509725 0 
-0.000780781 6.71563e-05 0 
-0.000908288 5.07783e-05 0 
-0.00083605 -3.08515e-05 0 
-0.000908288 5.07783e-05 0 
-0.00240494 -0.000242433 0 
-0.000810875 -0.000600764 0 
-0.00126164 9.65382e-05 0 
-0.000810875 -0.000600764 0 
-0.000544985 0.0001144 0 
-0.000315956 0.000260185 0 
-0.000579824 0.000304183 0 
-0.000315956 0.000260185 0 
-0.000674132 1.79084e-06 0 
-0.000883239 0.000152617 0 
-0.00107006 6.77494e-06 0 
-0.000883239 0.000152617 0 
-0.000725371 0.000135235 0 
-0.000534602 -3.08183e-05 0 
-0.000573517 0.000266184 0 
-0.000534602 -3.08183e-05 0 
-0.000825799 0.000396631 0 
-0.000837933 0.000422623 0 
-0.000848899 0.000400172 0 
-0.000837933 0.000422623 0 
-0.00102549 0.000611335 0 
-0.00212393 0.000108524 0 
-0.000789223 -0.000128091 0 
-0.00212393 0.000108524 0 
-0.000436833 -0.000739111 0 
-7.23135e-05 -0.000163066 0 
-0.000472834 -0.000235754 0 
-7.23135e-05 -0.000163066 0 
-0.00061841 -0.000122014 0 
-0.000829803 -9.13577e-05 0 
-0.000766729 -0.000326588 0 
-0.000829803 -9.13577e-05 0 
-0.000873468 -0.000444424 0 
-0.000537399 -0.000869908 0 
-0.000393867 -0.000258419 0 
-0.000537399 -0.000869908 0 
-0.00112552 -0.000303117 0 
-0.000849806 -0.000363277 0 
-0.000999973 -0.000294548 0 
-0.000849806 -0.000363277 0 
-0.000460633 -5.73169e-06 0 
-0.000317336 0.000151637 0 
-0.000521778 0.000249766 0 
-0.000317336 0.000151637 0 
-0.000607805 0.000283708 0 
-0.000341786 0.000317649 0 
-0.000498884 0.000580654 0 
-0.000341786 0.000317649 0 
-0.000871714 -8.27183e-05 0 
-0.000733962 -0.000279268 0 
-0.000724255 -7.85026e-05 0 
-0.000733962 -0.000279268 0 
-0.000618701 -0.000334564 0 
-0.000453818 -0.000502809 0 
-0.000488106 -0.000219497 0 
-0.000453818 -0.000502809 0 
-0.000814647 0.000287076 0 
-0.000813742 0.0014351 0 
-0.00155376 0.00100933 0 
-0.000813742 0.0014351 0 
-0.00111333 0.000247868 0 
-0.00116597 0.000117946 0 
-0.000973473 8.86889e-05 0 
-0.00116597 0.000117946 0 
-0.000676767 0.000316036 0 
-0.000551688 0.000205172 0 
-0.000504863 0.000359541 0 
-0.000551688 0.000205172 0 
-0.000820576 -0.000184024 0 
-0.00111692 -0.000301102 0 
-0.00105399 -0.0003072 0 
-0.00111692 -0.000301102 0 
-0.00220304 -0.00129189 0 
-0.00113398 -0.0011668 0 
-0.00167592 -0.00100194 0 
-0.00113398 -0.0011668 0 
-0.000373363 -0.000432925 0 
-0.000339088 -0.000706854 0 
-0.000211324 -0.000407305 0 
-0.000339088 -0.000706854 0 
-0.00111645 -0.000672264 0 
-0.000308483 -0.00033703 0 
-0.000588531 -0.000111814 0 
-0.000308483 -0.00033703 0 
-0.00128494 0.000275812 0 
-0.000907019 0.00022147 0 
-0.00105167 0.000528237 0 
-0.000907019 0.00022147 0 
-0.000999181 -3.24916e-05 0 
-0.0010308 0.000145434 0 
-0.00114468 6.13937e-05 0 
-0.0010308 0.000145434 0 
-7.09259e-05 -0.000189755 0 
-0.000334574 -6.84388e-05 0 
-0.000263244 -0.000167022 0 
-0.000334574 -6.84388e-05 0 
-0.000577483 3.15237e-06 0 
-0.000859585 0.000231996 0 
-0.000865856 -0.00020248 0 
-0.000859585 0.000231996 0 
-0.000971189 -0.000144991 0 
-0.00112936 -0.000466504 0 
-0.00083348 -0.000287187 0 
-0.00112936 -0.000466504 0 
-0.000820914 -0.00131743 0 
-0.000654504 -0.00153964 0 
-0.000584476 -0.00122253 0 
-0.000654504 -0.00153964 0 
-0.000299105 0.000915833 0 
-0.000197574 0.00141908 0 
-0.000798189 0.0016782 0 
-0.000197574 0.00141908 0 
-0.000413668 -0.000464332 0 
-0.000306354 0.000133962 0 
-0.000558281 -0.000162732 0 
-0.000306354 0.000133962 0 
-0.000628787 8.02451e-05 0 
-0.00072938 7.81965e-05 0 
-0.00065174 5.67997e-05 0 
-0.00072938 7.81965e-05 0 
-0.000506411 0.000484802 0 
-0.000584727 0.000601725 0 
-0.000663466 0.000479576 0 
-0.000584727 0.000601725 0 
-0.000854121 -0.00019247 0 
-0.000869927 -0.000423897 0 
-0.000603456 -0.000446938 0 
-0.000869927 -0.000423897 0 
-0.000299701 -2.63598e-05 0 
-0.000261967 -0.000107258 0 
-0.000229159 -3.13644e-05 0 
-0.000261967 -0.000107258 0 
-0.000655368 0.000533586 0 
-0.000835304 0.000150117 0 
-0.000481608 0.000267591 0 
-0.000835304 0.000150117 0 
-0.000389158 -0.000252912 0 
-0.000324833 -0.000200135 0 
-0.00038922 -0.000157059 0 
-0.000324833 -0.000200135 0 
-0.000408402 0.000259237 0 
-0.000315879 0.000415351 0 
-0.000552925 0.000393094 0 
-0.000315879 0.000415351 0 
-0.000628378 0.000324368 0 
-0.000624404 0.000415651 0 
-0.00069175 0.000396238 0 
-0.000624404 0.000415651 0 
-0.000576254 -0.000245775 0 
-0.000670254 -0.000239709 0 
-0.000565654 -0.000402005 0 
-0.000670254 -0.000239709 0 
-0.000679432 -0.00155367 0 
-0.00088534 -0.0014544 0 
-0.000964767 -0.00178831 0 
-0.00088534 -0.0014544 0 
-0.00144976 0.000509523 0 
-0.000855597 6.93749e-05 0 
-0.00102828 0.000164764 0 
-0.000855597 6.93749e-05 0 
-0.000242949 0.000120667 0 
-0.000247933 -6.31507e-05 0 
-0.000213983 -2.95363e-05 0 
-0.000247933 -6.31507e-05 0 
-0.000982797 -0.000138596 0 
-0.00103148 -0.000294501 0 
-0.000942782 -9.21997e-05 0 
-0.00103148 -0.000294501 0 
-0.000189434 4.891e-05 0 
-0.000605698 0.000702979 0 
-0.000851249 9.16583e-05 0 
-0.000605698 0.000702979 0 
-0.000869898 -0.000320406 0 
-0.000950745 -0.000328871 0 
-0.000934066 -0.000330402 0 
-0.000950745 -0.000328871 0 
-0.000627652 0.000411005 0 
-0.000628113 0.000684793 0 
-0.000905078 0.000546357 0 
-0.000628113 0.000684793 0 
-2.62404e-05 -0.000161179 0 
3.15511e-05 -3.20965e-05 0 
-5.72643e-05 -0.000205171 0 
3.15511e-05 -3.20965e-05 0 
-0.000667914 -7.91748e-05 0 
-0.000410017 0.000105096 0 
-0.000679486 0.000260297 0 
-0.000410017 0.000105096 0 
-5.7949e-05 -0.000372799 0 
1.10696e-05 -0.00022213 0 
-0.000129441 -0.000281912 0 
1.10696e-05 -0.00022213 0 
-0.000982127 -0.000385342 0 
-0.000590728 6.62563e-05 0 
-0.00109468 0.000255171 0 
-0.000590728 6.62563e-05 0 
-0.000137399 -3.58309e-05 0 
-0.000128628 0.000112816 0 
-0.000234774 -1.92174e-05 0 
-0.000128628 0.000112816 0 
-0.000301806 0.000432947 0 
-0.000217673 0.000428129 0 
-0.000568352 0.00015581 0 
-0.000217673 0.000428129 0 
-0.000213928 0.000733773 0 
-0.000669641 0.000570772 0 
-0.00032845 0.000381798 0 
-0.000669641 0.000570772 0 
-0.000970709 0.000722101 0 
-0.00145893 0.000710899 0 
-0.00126413 0.000496661 0 
-0.00145893 0.000710899 0 
-0.000821001 -0.000516569 0 
-0.00068077 -0.000608286 0 
-0.000615832 -0.000322178 0 
-0.00068077 -0.000608286 0 
-0.00048044 -6.94017e-05 0 
-0.000299034 -8.08378e-05 0 
-0.000229539 0.000109759 0 
-0.000299034 -8.08378e-05 0 
-0.000232043 -3.336e-05 0 
-0.000420651 2.04719e-05 0 
-0.000414527 -0.000129558 0 
-0.000420651 2.04719e-05 0 
-0.000227216 0.000354251 0 
-0.000759998 0.000377485 0 
-0.000835696 -2.43744e-05 0 
-0.000759998 0.000377485 0 
4.44945e-05 -0.000223169 0 
-0.00294425 -0.0011913 0 
-0.000499368 -0.00130024 0 
-0.00294425 -0.0011913 0 
-0.000866994 0.000246748 0 
-0.000803852 0.000171965 0 
-0.000773973 0.000269257 0 
-0.000803852 0.000171965 0 
-0.00105177 3.04829e-05 0 
-0.00127785 0.000241573 0 
-0.00118782 2.92384e-05 0 
-0.00127785 0.000241573 0 
-1.40366e-05 -0.000346257 0 
-0.000129967 -0.000232248 0 
-0.000174352 -0.000305072 0 
-0.000129967 -0.000232248 0 
-0.00318422 -0.00085246 0 
-0.00142732 -0.00196032 0 
-0.00161158 -0.000923956 0 
-0.00142732 -0.00196032 0 
-0.000728441 -1.00124e-05 0 
-0.000827356 -6.96613e-05 0 
-0.000620812 -0.000143318 0 
-0.000827356 -6.96613e-05 0 
-0.000753524 7.23212e-05 0 
-0.000827093 -6.96132e-05 0 
-0.000712564 -7.11581e-06 0 
-0.000827093 -6.96132e-05 0 
-3.0697e-05 0.000223871 0 
0.000214234 0.000391686 0 
-0.000117934 0.000425255 0 
0.000214234 0.000391686 0 
0.000374939 -0.00135689 0 
0.0003153 -0.000267607 0 
4.11048e-05 -0.000821254 0 
0.0003153 -0.000267607 0 
-0.000721535 -0.0012516 0 
-0.000937487 -0.000315477 0 
-0.00149962 -0.000196671 0 
-0.000937487 -0.000315477 0 
-4.84512e-05 8.34897e-05 0 
-0.0001023 0.000499835 0 
-0.00017158 0.000228129 0 
-0.0001023 0.000499835 0 
-0.00094379 -0.000226664 0 
-0.00127452 -1.14868e-06 0 
-0.00117646 -0.000365442 0 
-0.00127452 -1.14868e-06 0 
-0.00128263 0.000613875 0 
-0.000891755 0.000444655 0 
-0.00099478 0.000893141 0 
-0.000891755 0.000444655 0 
-0.00101643 -0.000229829 0 
-0.000738993 -0.000284957 0 
-0.000855862 -0.00010038 0 
-0.000738993 -0.000284957 0 
-0.000790461 3.65342e-05 0 
-0.000996369 -7.35045e-05 0 
-0.000802226 -0.000106142 0 
-0.000996369 -7.35045e-05 0 
-0.000638587 -0.000435786 0 
-0.000642381 -0.000874266 0 
-0.000142398 -0.000631525 0 
-0.000642381 -0.000874266 0 
-0.000966426 -0.000715433 0 
-0.000626087 -0.000813285 0 
-0.000487607 -0.000362126 0 
-0.000626087 -0.000813285 0 
-0.0008252 0.00045075 0 
-0.000875871 0.00042273 0 
-0.000840544 0.000414318 0 
-0.000875871 0.00042273 0 
-0.000486658 0.000485071 0 
-0.00126638 0.000813121 0 
-0.00124696 0.000554755 0 
-0.00126638 0.000813121 0 
-0.000756155 0.000139772 0 
-0.000708394 -0.000206186 0 
-0.000314913 -9.73933e-05 0 
-0.000708394 -0.000206186 0 
-0.000196931 0.00067269 0 
-0.000904618 0.000547312 0 
-0.000607651 8.63218e-05 0 
-0.000904618 0.000547312 0 
-0.000860973 0.000224855 0 
-0.00111603 0.000635257 0 
-0.0011843 0.000259866 0 
-0.00111603 0.000635257 0 
-0.00155677 0.000385145 0 
-0.00152128 -0.000404138 0 
-0.000780124 1.59611e-05 0 
-0.00152128 -0.000404138 0 
-0.000276393 -0.000447841 0 
-0.000320522 -0.000321892 0 
-0.000339747 -0.000428741 0 
-0.000320522 -0.000321892 0 
-0.000894859 0.000124667 0 
-0.000964522 0.000261115 0 
-0.001028 0.000149514 0 
-0.000964522 0.000261115 0 
-0.000638508 0.000125972 0 
-0.000484035 -0.000183842 0 
-0.000388811 0.000105074 0 
-0.000484035 -0.000183842 0 
-0.0012592 0.000314833 0 
-0.00189033 -0.000288077 0 
-0.00146257 -0.000198805 0 
-0.00189033 -0.000288077 0 
-0.000945304 -7.91772e-05 0 
-0.00104975 1.69591e-05 0 
-0.00118981 -0.000137401 0 
-0.00104975 1.69591e-05 0 
0.000325361 9.79762e-06 0 
-0.000749175 0.00152374 0 
-0.000275345 0.000158286 0 
-0.000749175 0.00152374 0 
-3.62163e-05 -0.000615139 0 
-0.000400045 0.00118384 0 
-0.0005462 1.00781e-05 0 
-0.000400045 0.00118384 0 
-0.000674556 3.42156e-05 0 
-0.000813775 8.03736e-05 0 
-0.000798753 -1.0684e-05 0 
-0.000813775 8.03736e-05 0 
-0.000105253 0.000741514 0 
-0.00055619 0.000620726 0 
-0.000310714 0.000224604 0 
-0.00055619 0.000620726 0 
-0.000858315 -0.000310386 0 
-0.000529172 -7.04917e-05 0 
-0.00105293 8.63879e-05 0 
-0.000529172 -7.04917e-05 0 
-8.56505e-05 -7.26195e-05 0 
-0.000146886 -5.37217e-05 0 
-0.000147247 -6.26888e-05 0 
-0.000146886 -5.37217e-05 0 
-0.000123089 2.21315e-05 0 
-6.22523e-06 9.04444e-05 0 
-0.000139711 0.00013186 0 
-6.22523e-06 9.04444e-05 0 
-0.000751962 -0.000138957 0 
-0.000962697 -0.000104346 0 
-0.000831109 -0.000361667 0 
-0.000962697 -0.000104346 0 
-0.00265113 -0.00205208 0 
-0.00242778 -0.00101723 0 
-0.00292351 -0.000962668 0 
-0.00242778 -0.00101723 0 
-0.000658476 0.000248411 0 
-0.000398441 9.85472e-05 0 
-0.000511823 0.00047265 0 
-0.000398441 9.85472e-05 0 
-0.00134855 0.001203 0 
-0.0013654 0.000593641 0 
-0.000909223 0.000914056 0 
-0.0013654 0.000593641 0 
-0.000978293 0.000165139 0 
-0.00114766 0.000111315 0 
-0.000974637 2.472e-05 0 
-0.00114766 0.000111315 0 
-0.0006857 1.91519e-06 0 
-0.00072753 -0.000106233 0 
-0.000588303 -8.3651e-05 0 
-0.00072753 -0.000106233 0 
-0.00116381 -0.000514079 0 
-0.000880259 1.12535e-05 0 
-0.00141833 -0.000150115 0 
-0.000880259 1.12535e-05 0 
-0.00113573 0.000401622 0 
-0.00127534 0.000193339 0 
-0.00101343 0.000133691 0 
-0.00127534 0.000193339 0 
-0.00089272 5.75232e-05 0 
-0.00073512 0.000263385 0 
-0.000949863 0.000300196 0 
-0.00073512 0.000263385 0 
-0.000799568 0.000497322 0 
-0.00112214 0.000681458 0 
-0.00103175 0.000472326 0 
-0.00112214 0.000681458 0 
-0.000709213 8.65362e-06 0 
-0.000706063 0.00014492 0 
-0.000827766 8.12247e-06 0 
-0.000706063 0.00014492 0 
-0.00123185 9.56451e-05 0 
-0.000975108 0.000166623 0 
-0.00120212 0.00022368 0 
-0.000975108 0.000166623 0 
-0.000287045 0.000800015 0 
-0.000660628 0.00108318 0 
-0.000665001 0.000566568 0 
-0.000660628 0.00108318 0 
-0.000722518 4.21718e-05 0 
-0.000641116 0.00022015 0 
-0.000816849 0.000230179 0 
-0.000641116 0.00022015 0 
-0.000520306 -0.000426149 0 
-0.000447481 -0.000367626 0 
-0.000543539 -0.000385477 0 
-0.000447481 -0.000367626 0 
-0.000600129 0.000290554 0 
-0.000780923 0.000165164 0 
-0.000559479 7.09847e-05 0 
-0.000780923 0.000165164 0 
-0.00034729 -0.00043299 0 
-0.00040693 -0.000370151 0 
-0.000413299 -0.000403707 0 
-0.00040693 -0.000370151 0 
-0.000578978 3.30037e-05 0 
-0.000877905 -0.000113755 0 
-0.000674544 -6.92291e-05 0 
-0.000877905 -0.000113755 0 
-0.000345348 6.18309e-05 0 
-0.000605254 0.000740515 0 
-0.000814292 0.000108869 0 
-0.000605254 0.000740515 0 
-1.72993e-05 -0.000112761 0 
-0.000461149 -7.87621e-05 0 
-0.000311424 -0.000459981 0 
-0.000461149 -7.87621e-05 0 
-0.000743806 0.000185917 0 
-0.000942447 1.87418e-05 0 
-0.000600649 7.89645e-05 0 
-0.000942447 1.87418e-05 0 
-0.000715666 -0.000539714 0 
-0.000323177 -0.000306459 0 
-0.000543428 -0.0002311 0 
-0.000323177 -0.000306459 0 
-0.000214418 0.000171402 0 
-0.000360298 0.000382061 0 
-0.000335869 0.000171616 0 
-0.000360298 0.000382061 0 
-0.000940941 0.000202906 0 
-0.000719637 0.000128007 0 
-0.000758335 0.000224829 0 
-0.000719637 0.000128007 0 
-0.000580349 -0.000257476 0 
-0.00063972 -0.000322966 0 
-0.000538252 -0.00026315 0 
-0.00063972 -0.000322966 0 
-0.0003791 -0.000618719 0 
-2.64259e-05 -0.000237531 0 
-0.000388472 -0.000215781 0 
-2.64259e-05 -0.000237531 0 
-0.000946359 0.000675017 0 
-0.00148505 -0.000807422 0 
-0.000930403 -0.000297792 0 
-0.00148505 -0.000807422 0 
-0.000287338 -0.000368087 0 
-0.000435275 -0.000134734 0 
-0.00057891 -0.000270483 0 
-0.000435275 -0.000134734 0 
-0.00132929 0.000242007 0 
-0.0010821 -1.0791e-05 0 
-0.000995935 0.000287248 0 
-0.0010821 -1.0791e-05 0 
-0.000624956 -0.000491117 0 
-0.000538562 -0.000868778 0 
-0.000353965 -0.000572326 0 
-0.000538562 -0.000868778 0 
-0.000240784 -0.000547628 0 
5.45107e-06 0.000348176 0 
-0.000426036 -0.000170368 0 
5.45107e-06 0.000348176 0 
-0.00162143 -0.000812642 0 
-0.000809692 -0.00159302 0 
-0.000556689 -0.000781795 0 
-0.000809692 -0.00159302 0 
-0.000910302 -0.000420708 0 
-0.000944879 -0.000229897 0 
-0.0011726 -0.000353973 0 
-0.000944879 -0.000229897 0 
-0.00127031 -0.000686054 0 
-0.000635661 -0.000331843 0 
-0.00113499 -0.000191776 0 
-0.000635661 -0.000331843 0 
-0.000829192 -2.26163e-05 0 
-0.000714465 -0.00025659 0 
-0.000708244 1.89511e-05 0 
-0.000714465 -0.00025659 0 
-0.00197042 8.5341e-05 0 
-0.000203627 0.000154228 0 
-0.00102082 0.000642954 0 
-0.000203627 0.000154228 0 
-0.000486554 -0.000242746 0 
-0.000589233 -0.00041736 0 
-0.000405434 -0.000417332 0 
-0.000589233 -0.00041736 0 
0.000242909 -0.000426323 0 
-0.000310201 -0.000628456 0 
3.99601e-05 -0.000823764 0 
-0.000310201 -0.000628456 0 
-0.000318521 0.000700459 0 
-0.00197641 0.000861251 0 
-0.00115131 -0.000324262 0 
-0.00197641 0.000861251 0 
-0.00103368 0.00016796 0 
-0.00104789 0.000292186 0 
-0.00116232 0.000257709 0 
-0.00104789 0.000292186 0 
-0.00137929 0.000217024 0 
-0.000961172 0.000135103 0 
-0.00114791 0.000458809 0 
-0.000961172 0.000135103 0 
-0.000554012 -0.000528035 0 
-0.000249934 -0.000558395 0 
-0.000260771 -0.000238516 0 
-0.000249934 -0.000558395 0 
-0.000344375 0.00067962 0 
-0.000945776 0.000144831 0 
-0.000621298 -4.11575e-05 0 
-0.000945776 0.000144831 0 
-0.000652007 9.03717e-05 0 
-0.00063077 0.000150262 0 
-0.00061884 0.000117965 0 
-0.00063077 0.000150262 0 
-0.000572667 -0.000176033 0 
-0.000484712 0.000283178 0 
-0.000914123 -0.000100924 0 
-0.000484712 0.000283178 0 
-0.00124575 -0.000239295 0 
-0.00078171 -0.000249517 0 
-0.000975572 -8.9961e-06 0 
-0.00078171 -0.000249517 0 
-0.00130667 0.000640915 0 
-0.00105266 2.07717e-05 0 
-0.000731247 0.000239389 0 
-0.00105266 2.07717e-05 0 
-0.00179072 -0.0002306 0 
-0.00145208 -0.00111284 0 
-0.000791544 -0.000268176 0 
-0.00145208 -0.00111284 0 
-0.00101408 -1.02723e-05 0 
-0.00102448 -4.36331e-05 0 
-0.000985515 -5.19326e-05 0 
-0.00102448 -4.36331e-05 0 
-0.000726394 0.000136738 0 
-0.000638423 -0.000190842 0 
-0.000583978 4.27458e-05 0 
-0.000638423 -0.000190842 0 
-0.000737518 -0.000616619 0 
-0.000683847 -0.000470587 0 
-0.000798657 -0.000500569 0 
-0.000683847 -0.000470587 0 
-0.00111951 0.000278714 0 
-0.000997798 0.000378332 0 
-0.00106038 0.000367313 0 
-0.000997798 0.000378332 0 
-0.000302972 -0.000632747 0 
-0.000182742 -0.00113407 0 
4.24643e-05 -0.00082525 0 
-0.000182742 -0.00113407 0 
-0.000712389 -0.000272494 0 
-0.000703989 -0.000190864 0 
-0.000739548 -0.000287217 0 
-0.000703989 -0.000190864 0 
-0.000670425 -0.000798003 0 
-0.000843131 -0.000777139 0 
-0.000758286 -0.000887271 0 
-0.000843131 -0.000777139 0 
-0.000648148 0.00051392 0 
-0.00133822 0.000875055 0 
-0.00124938 0.000462052 0 
-0.00133822 0.000875055 0 
-0.000897663 1.50769e-05 0 
-0.000696397 -0.00031859 0 
-0.000479608 4.10234e-06 0 
-0.000696397 -0.00031859 0 
-0.00115666 0.00025777 0 
-0.00105284 0.000292133 0 
-0.00108221 0.000383602 0 
-0.00105284 0.000292133 0 
-0.00120995 0.000460994 0 
-0.000429722 -0.000463578 0 
-0.000268308 0.000196645 0 
-0.000429722 -0.000463578 0 
-0.000827955 0.000392397 0 
-0.000832664 0.00032858 0 
-0.000731057 0.000347055 0 
-0.000832664 0.00032858 0 
-0.00130408 -0.000774343 0 
-0.000647475 -0.00121242 0 
-0.000717706 -0.000628678 0 
-0.000647475 -0.00121242 0 
-0.000833337 0.000159198 0 
-0.00106587 0.000206616 0 
-0.00094603 -0.000125224 0 
-0.00106587 0.000206616 0 
-0.000687861 1.15507e-05 0 
-0.000361613 0.000180412 0 
-0.000661785 0.000296966 0 
-0.000361613 0.000180412 0 
-0.00166547 2.39899e-05 0 
-0.000666437 -0.000183962 0 
-0.000493407 0.000552019 0 
-0.000666437 -0.000183962 0 
-0.00122345 -0.000412986 0 
-0.00119149 -0.000109951 0 
-0.00148062 -0.000177633 0 
-0.00119149 -0.000109951 0 
-0.0011792 0.000123676 0 
-0.00130623 6.12306e-05 0 
-0.00112691 0.000122649 0 
-0.00130623 6.12306e-05 0 
-0.000974523 7.82619e-05 0 
-0.00052928 0.000374381 0 
-0.000968872 0.000399937 0 
-0.00052928 0.000374381 0 
-0.000728171 0.000147803 0 
-0.000573704 0.000267026 0 
-0.000748796 0.000194095 0 
-0.000573704 0.000267026 0 
-0.000264754 -0.000148099 0 
-7.28453e-05 -0.000197229 0 
-0.000123534 -3.97287e-05 0 
-7.28453e-05 -0.000197229 0 
-0.00188155 0.000546474 0 
-0.000370432 0.00057016 0 
-0.000589265 0.00117346 0 
-0.000370432 0.00057016 0 
-0.000799075 0.000172676 0 
-0.000915693 0.000153838 0 
-0.000847184 5.75269e-05 0 
-0.000915693 0.000153838 0 
-0.000705839 0.00038464 0 
-0.000817959 -0.00019129 0 
-0.000358351 -6.36279e-05 0 
-0.000817959 -0.00019129 0 
-0.00086164 -0.000660358 0 
-0.000664003 -0.000485886 0 
-0.000867893 -0.000256689 0 
-0.000664003 -0.000485886 0 
-0.000335484 -0.000429754 0 
-0.000599719 0.000131198 0 
-0.000914485 4.19018e-05 0 
-0.000599719 0.000131198 0 
-0.000793371 0.00120555 0 
-0.0023467 0.000862996 0 
-0.00100884 0.000198708 0 
-0.0023467 0.000862996 0 
-0.000874655 4.32429e-05 0 
-0.000990974 6.69517e-05 0 
-0.000956398 -5.69828e-05 0 
-0.000990974 6.69517e-05 0 
-0.00123087 -0.000195492 0 
-0.00106377 -0.000553267 0 
-0.00100269 -0.000343463 0 
-0.00106377 -0.000553267 0 
-0.000741063 0.000233171 0 
-0.00101949 7.10584e-05 0 
-0.000833408 2.23484e-05 0 
-0.00101949 7.10584e-05 0 
-0.00108493 6.13536e-05 0 
-0.00128869 3.56264e-05 0 
-0.00120098 -8.77835e-05 0 
-0.00128869 3.56264e-05 0 
-0.00179437 0.000338454 0 
-0.0018378 -0.00015608 0 
-0.00116493 0.000114855 0 
-0.0018378 -0.00015608 0 
-0.00057004 7.62079e-05 0 
-0.000666059 0.000132703 0 
-0.000667696 1.60532e-05 0 
-0.000666059 0.000132703 0 
-0.000823622 0.000135011 0 
-0.000616097 0.000770896 0 
-0.00128898 0.000262776 0 
-0.000616097 0.000770896 0 
-0.000789844 -0.000123763 0 
-0.00101223 -5.09378e-05 0 
-0.000921721 -0.000294344 0 
-0.00101223 -5.09378e-05 0 
-0.000420409 0.00028254 0 
-0.000572704 0.000233041 0 
-0.000486054 0.000132327 0 
-0.000572704 0.000233041 0 
-0.000516713 -0.000325662 0 
-0.000508698 -0.000178083 0 
-0.000623158 -0.000225223 0 
-0.000508698 -0.000178083 0 
-0.00062009 -0.000670988 0 
-0.000880385 -0.00031233 0 
-0.00102702 -0.000575869 0 
-0.000880385 -0.00031233 0 
-0.00155463 0.000689034 0 
-0.00200351 0.000175947 0 
-0.0016473 7.31206e-05 0 
-0.00200351 0.000175947 0 
-0.00146198 -0.00110773 0 
-0.0008839 -0.00139878 0 
-0.00115933 -0.000908758 0 
-0.0008839 -0.00139878 0 
-0.00160162 -0.000751887 0 
-0.00084794 -0.000250102 0 
-0.00138447 0.000286356 0 
-0.00084794 -0.000250102 0 
-0.000949 0.000519323 0 
-0.00082157 0.000438837 0 
-0.00090484 0.000552737 0 
-0.00082157 0.000438837 0 
-0.000265066 9.48465e-05 0 
-0.000645556 0.000414617 0 
-0.000931027 0.000193348 0 
-0.000645556 0.000414617 0 
4.00587e-05 -8.40708e-06 0 
4.16546e-05 1.4815e-06 0 
-0.00014052 -5.88373e-07 0 
4.16546e-05 1.4815e-06 0 
4.85116e-05 -0.000152352 0 
1.38076e-06 1.04298e-05 0 
-3.10105e-05 1.50563e-05 0 
1.38076e-06 1.04298e-05 0 
-0.000439187 1.24063e-06 0 
-0.000365599 5.13425e-05 0 
-0.00047715 8.62477e-05 0 
-0.000365599 5.13425e-05 0 
-0.00100167 0.000196188 0 
-0.00112255 0.000332801 0 
-0.00121357 0.000169574 0 
-0.00112255 0.000332801 0 
-0.000247846 -0.000431958 0 
-0.000184001 -0.000280258 0 
-0.000403545 -0.000402797 0 
-0.000184001 -0.000280258 0 
-0.00148453 -0.000491194 0 
-0.00129333 -0.000266933 0 
-0.00143329 -3.11742e-05 0 
-0.00129333 -0.000266933 0 
-0.000397379 -0.000446368 0 
-0.000398575 -0.000369842 0 
-0.00045547 -0.000410654 0 
-0.000398575 -0.000369842 0 
0.000103347 0.000356719 0 
-0.000314624 0.00119541 0 
-0.000525075 0.000342428 0 
-0.000314624 0.00119541 0 
-0.000713319 -2.79611e-05 0 
-0.000624117 -0.000139395 0 
-0.000659678 8.99613e-05 0 
-0.000624117 -0.000139395 0 
-0.000777073 0.00019733 0 
-0.000415841 0.000275471 0 
-0.000731334 0.000387456 0 
-0.000415841 0.000275471 0 
-0.000604019 -0.000523844 0 
-0.000347867 -0.000459082 0 
-0.000462225 -0.00040892 0 
-0.000347867 -0.000459082 0 
-0.0032196 0.00110849 0 
-0.00192429 -8.90818e-05 0 
-0.00165697 0.000797469 0 
-0.00192429 -8.90818e-05 0 
-0.000730555 6.25681e-05 0 
-0.000678846 -1.06939e-05 0 
-0.000676039 6.46037e-05 0 
-0.000678846 -1.06939e-05 0 
0.00019987 -0.000225628 0 
-3.61306e-05 -0.000101437 0 
-0.000156628 -0.000342455 0 
-3.61306e-05 -0.000101437 0 
-0.00101733 -0.000248259 0 
-0.000831104 -0.00116762 0 
-0.000547126 -0.00029362 0 
-0.000831104 -0.00116762 0 
-0.000925865 -0.000316185 0 
-0.00058891 -0.000323938 0 
-0.000660387 -0.000131003 0 
-0.00058891 -0.000323938 0 
-0.000980428 -0.000767532 0 
-0.00083367 -0.00112073 0 
-0.000792151 -0.000822113 0 
-0.00083367 -0.00112073 0 
-0.000263616 -0.000256652 0 
-0.000288134 -0.000243831 0 
-0.00030863 -0.000260673 0 
-0.000288134 -0.000243831 0 
-0.000720863 0.00033816 0 
-0.000720578 0.000113291 0 
-0.000541913 0.000200267 0 
-0.000720578 0.000113291 0 
-0.0014309 0.000242922 0 
-0.00150005 -0.000197381 0 
-0.00112608 4.02119e-05 0 
-0.00150005 -0.000197381 0 
-0.000812939 0.000129135 0 
-0.000783612 0.000227227 0 
-0.000930705 0.000206749 0 
-0.000783612 0.000227227 0 
-0.000627845 0.000322523 0 
-0.000592544 0.000201172 0 
-0.000541079 0.000289307 0 
-0.000592544 0.000201172 0 
-0.000741969 0.000157837 0 
-0.00131705 -0.000147141 0 
-0.000859938 -1.46688e-05 0 
-0.00131705 -0.000147141 0 
-9.72636e-06 -0.000558198 0 
-0.00012547 0.000225304 0 
-0.000230629 -0.000545686 0 
-0.00012547 0.000225304 0 
-0.000916152 0.000141908 0 
-0.000929736 0.000227714 0 
-0.00101251 0.000207267 0 
-0.000929736 0.000227714 0 
-0.00095741 0.000345398 0 
-0.000925559 0.000622924 0 
-0.00122296 0.000557368 0 
-0.000925559 0.000622924 0 
-0.00121113 0.000139707 0 
-0.00227827 -0.000549869 0 
-0.0013103 -0.000457791 0 
-0.00227827 -0.000549869 0 
-0.000800837 -0.000623645 0 
-0.00312771 -0.0013012 0 
-0.0014422 -0.00172454 0 
-0.00312771 -0.0013012 0 
-0.00184967 0.000395863 0 
-0.00121407 0.00085623 0 
-0.00117226 0.000771198 0 
-0.00121407 0.00085623 0 
-0.000630365 -5.09042e-05 0 
-0.000630619 -0.000341442 0 
-0.000387062 -0.000120428 0 
-0.000630619 -0.000341442 0 
-0.000912447 0.000558943 0 
-0.00197257 0.000439745 0 
-0.00101921 0.000260543 0 
-0.00197257 0.000439745 0 
-0.000267117 4.26406e-05 0 
-0.000759749 0.000249759 0 
-0.000676049 -0.000131434 0 
-0.000759749 0.000249759 0 
-0.00106926 0.000158742 0 
-0.00102223 0.000187296 0 
-0.00108351 0.000242201 0 
-0.00102223 0.000187296 0 
-0.00178229 0.000231858 0 
-0.000951113 -0.000472769 0 
-0.00104138 -1.2261e-05 0 
-0.000951113 -0.000472769 0 
-0.000159114 3.21127e-05 0 
-0.00039942 8.12664e-05 0 
-0.000366454 9.0837e-06 0 
-0.00039942 8.12664e-05 0 
-0.000200633 0.000282236 0 
-0.000228591 0.00040879 0 
-0.000379622 0.000330074 0 
-0.000228591 0.00040879 0 
-0.000798586 -0.000460523 0 
-0.000726393 -0.000169303 0 
-0.00101274 -0.000201977 0 
-0.000726393 -0.000169303 0 
-0.000374037 6.06713e-05 0 
-0.000298568 -2.57589e-05 0 
-0.000273527 6.48421e-05 0 
-0.000298568 -2.57589e-05 0 
-0.000913852 0.00222187 0 
-0.00199402 0.00125819 0 
-0.000568187 0.00104008 0 
-0.00199402 0.00125819 0 
-0.00100538 3.15019e-06 0 
-0.00103106 2.37629e-05 0 
-0.00097227 -8.89959e-05 0 
-0.00103106 2.37629e-05 0 
-0.000424827 -0.000562058 0 
-0.000203671 -0.000332674 0 
-0.000538417 -8.53002e-05 0 
-0.000203671 -0.000332674 0 
-0.000826903 -6.7033e-05 0 
-0.000857893 7.95606e-05 0 
-0.000924464 -3.98218e-05 0 
-0.000857893 7.95606e-05 0 
-0.000332724 -0.00185158 0 
0.000125885 -0.00105938 0 
-0.000383678 -0.000811208 0 
0.000125885 -0.00105938 0 
-0.000537746 0.000285507 0 
-0.000539342 0.0010621 0 
-0.000708918 0.000359295 0 
-0.000539342 0.0010621 0 
-0.000651883 -5.21122e-05 0 
-0.000813229 7.6128e-05 0 
-0.000730131 -5.04137e-05 0 
-0.000813229 7.6128e-05 0 
-0.00130352 0.000320276 0 
-0.00110798 0.000411773 0 
-0.00124667 0.000472783 0 
-0.00110798 0.000411773 0 
-0.000591653 -0.000623401 0 
-0.000528769 -0.000643765 0 
-0.000538558 -0.000537414 0 
-0.000528769 -0.000643765 0 
-0.000530519 -0.00107301 0 
-0.000345869 -0.00120903 0 
-0.000453283 -0.00105144 0 
-0.000345869 -0.00120903 0 
-5.5883e-05 1.27153e-05 0 
7.70487e-05 6.70601e-05 0 
-0.000135876 0.000208297 0 
7.70487e-05 6.70601e-05 0 
-0.000852255 -7.03635e-05 0 
-0.000751767 -0.000215625 0 
-0.000673354 -4.60284e-05 0 
-0.000751767 -0.000215625 0 
-0.000823684 -8.52841e-06 0 
-0.000891328 0.000123975 0 
-0.000988446 2.21664e-05 0 
-0.000891328 0.000123975 0 
-0.00188148 0.00109359 0 
-0.00246586 -0.00018817 0 
-0.00143518 0.000509815 0 
-0.00246586 -0.00018817 0 
-0.000978448 0.000200054 0 
-0.00100115 0.000242839 0 
-0.000924016 0.000176232 0 
-0.00100115 0.000242839 0 
-0.000666253 0.000558707 0 
-0.000656006 0.0011122 0 
-0.00126163 0.00085038 0 
-0.000656006 0.0011122 0 
-0.000567484 -0.000398214 0 
-0.00054406 -0.000501959 0 
-0.000512617 -0.000426285 0 
-0.00054406 -0.000501959 0 
-0.00014309 -0.000317526 0 
-0.000296142 -1.10582e-05 0 
-0.000361946 -0.000284774 0 
-0.000296142 -1.10582e-05 0 
-0.000819561 -0.000304284 0 
-0.000769921 -0.000300593 0 
-0.000773251 -0.0003199 0 
-0.000769921 -0.000300593 0 
-0.000947754 0.000132611 0 
-0.000841049 -0.000214863 0 
-0.000529482 8.4718e-05 0 
-0.000841049 -0.000214863 0 
-0.00041961 -0.000440251 0 
-0.00072296 -0.000153479 0 
-0.000959241 -0.000403087 0 
-0.00072296 -0.000153479 0 
-0.000752131 0.0004293 0 
-0.000693109 2.23111e-06 0 
-0.000419194 0.000253144 0 
-0.000693109 2.23111e-06 0 
-0.000821039 0.000458929 0 
-0.000840975 0.00041347 0 
-0.000809722 0.000378381 0 
-0.000840975 0.00041347 0 
-0.000755782 6.63087e-05 0 
-0.000716583 -1.78152e-05 0 
-0.000676085 2.46513e-05 0 
-0.000716583 -1.78152e-05 0 
-0.000797297 -0.00104001 0 
-0.000836406 -0.00133094 0 
-0.000592814 -0.0012298 0 
-0.000836406 -0.00133094 0 
-0.000143179 0.0002263 0 
-0.000307613 -0.000100115 0 
-0.000233716 -2.74665e-05 0 
-0.000307613 -0.000100115 0 
-0.000797272 -0.000831609 0 
-0.000474884 -0.000456843 0 
-0.000946336 -0.000393269 0 
-0.000474884 -0.000456843 0 
-0.00120283 -0.000158153 0 
-0.000842327 0.00012769 0 
-0.001234 0.000284297 0 
-0.000842327 0.00012769 0 
-0.000893711 -5.08119e-05 0 
-0.000706795 -0.000103829 0 
-0.000668122 -1.32955e-05 0 
-0.000706795 -0.000103829 0 
-0.00108812 0.000100093 0 
-0.00101545 -0.00014136 0 
-0.000829485 -3.16903e-05 0 
-0.00101545 -0.00014136 0 
-0.000375219 4.78024e-05 0 
-0.000357747 0.000179443 0 
-0.00048739 8.24793e-05 0 
-0.000357747 0.000179443 0 
-0.000249059 -3.46302e-05 0 
-0.000418236 -0.000178743 0 
-0.000231806 -0.000309914 0 
-0.000418236 -0.000178743 0 
-7.39827e-05 -0.000261532 0 
-0.000152618 -0.000324622 0 
-5.59173e-05 -0.000354097 0 
-0.000152618 -0.000324622 0 
-0.0013856 -7.97571e-05 0 
-0.00140724 -0.000130588 0 
-0.00129935 -6.72485e-05 0 
-0.00140724 -0.000130588 0 
-0.000783657 0.00072672 0 
-0.000819168 0.000295755 0 
-0.000658904 0.000390634 0 
-0.000819168 0.000295755 0 
-0.000832117 -0.000408388 0 
-0.000801454 -0.000150206 0 
-0.00098321 -0.000253271 0 
-0.000801454 -0.000150206 0 
-0.000776098 -0.000556308 0 
-0.000797036 -0.000679764 0 
-0.000663294 -0.000656107 0 
-0.000797036 -0.000679764 0 
-0.000817452 -0.000321531 0 
-0.00016924 -0.000405199 0 
-0.000704192 -2.27541e-05 0 
-0.00016924 -0.000405199 0 
-0.000774509 -0.000696355 0 
-0.000314637 -0.000637511 0 
-0.000499669 -0.00020136 0 
-0.000314637 -0.000637511 0 
-0.0017163 0.000827531 0 
-0.00143725 0.000271023 0 
-0.0012353 0.000529187 0 
-0.00143725 0.000271023 0 
-0.000219161 0.000450545 0 
-0.000796719 0.000678587 0 
-0.00082504 0.000303224 0 
-0.000796719 0.000678587 0 
-0.00118917 -3.66474e-05 0 
-0.000899857 7.39495e-05 0 
-0.00109887 0.000142162 0 
-0.000899857 7.39495e-05 0 
-0.000289253 -0.000102669 0 
-0.000327017 -0.000202395 0 
-0.000261026 -0.000168698 0 
-0.000327017 -0.000202395 0 
-0.000656567 0.000544802 0 
-0.000755769 0.000679232 0 
-0.000763702 0.000429449 0 
-0.000755769 0.000679232 0 
-0.00126398 0.000938632 0 
-0.00129578 0.00023675 0 
-0.000967192 0.000613889 0 
-0.00129578 0.00023675 0 
-0.000690797 -9.21712e-05 0 
-0.000798587 0.000185138 0 
-0.000881799 -0.000150941 0 
-0.000798587 0.000185138 0 
-0.00200358 -0.000580705 0 
-0.00169203 -0.00156032 0 
-0.00124752 -0.000860754 0 
-0.00169203 -0.00156032 0 
-0.000250683 -0.000323847 0 
-0.000108894 -0.000114233 0 
-0.000314691 -0.000167407 0 
-0.000108894 -0.000114233 0 
-0.000773923 -0.000157124 0 
-0.00061386 3.32327e-05 0 
-0.000843089 4.17269e-06 0 
-0.00061386 3.32327e-05 0 
-0.000637064 0.000129506 0 
-0.000419295 0.000741065 0 
-0.000808645 0.000366758 0 
-0.000419295 0.000741065 0 
-0.000529873 -0.00087259 0 
-0.000683619 -0.000913213 0 
-0.00055785 -0.000961401 0 
-0.000683619 -0.000913213 0 
-0.000557747 -9.45877e-05 0 
-0.000731 4.66994e-05 0 
-0.000799394 -0.00022788 0 
-0.000731 4.66994e-05 0 
-0.000814736 -7.56169e-05 0 
-0.000991983 4.86835e-05 0 
-0.00102974 -0.000141098 0 
-0.000991983 4.86835e-05 0 
-0.000312568 8.08172e-05 0 
-0.000437626 0.000140282 0 
-0.000415892 1.89044e-05 0 
-0.000437626 0.000140282 0 
-0.00075898 0.00090461 0 
-0.0024241 0.00117439 0 
-0.00085427 0.000193623 0 
-0.0024241 0.00117439 0 
-0.0012434 1.81689e-05 0 
-0.000996608 -6.3894e-05 0 
-0.00106763 0.000273708 0 
-0.000996608 -6.3894e-05 0 
-0.000923562 0.000380739 0 
-0.000760543 2.07034e-05 0 
-0.000637409 0.00029303 0 
-0.000760543 2.07034e-05 0 
-0.000330279 0.000199436 0 
-0.000555373 0.000216227 0 
-0.000455545 0.000147132 0 
-0.000555373 0.000216227 0 
-0.000372699 3.61874e-05 0 
-0.00037727 -0.00013256 0 
-0.000258172 -2.57124e-05 0 
-0.00037727 -0.00013256 0 
-0.000801466 0.000170269 0 
-0.000711979 7.23262e-05 0 
-0.00068562 0.000211222 0 
-0.000711979 7.23262e-05 0 
2.3528e-06 -3.9295e-05 0 
-5.57882e-05 -5.8184e-05 0 
-1.14136e-05 -5.888e-05 0 
-5.57882e-05 -5.8184e-05 0 
-0.000282967 0.000346685 0 
-0.000664383 0.000433966 0 
-0.000557402 0.000139067 0 
-0.000664383 0.000433966 0 
-0.00152565 0.000694507 0 
-0.00109958 0.000101935 0 
-0.00059033 4.50329e-05 0 
-0.00109958 0.000101935 0 
-0.000178451 -0.000194014 0 
-0.00130372 -0.000639462 0 
-0.000783241 -0.00055574 0 
-0.00130372 -0.000639462 0 
8.61424e-05 -0.000381948 0 
9.86518e-05 -0.000224501 0 
-4.07276e-05 -0.000342634 0 
9.86518e-05 -0.000224501 0 
-0.000116998 -5.137e-06 0 
-6.4941e-05 3.59368e-05 0 
-0.000147153 6.44272e-05 0 
-6.4941e-05 3.59368e-05 0 
-0.000736418 0.000878463 0 
-0.00107233 -3.44114e-05 0 
-0.000490113 5.94895e-05 0 
-0.00107233 -3.44114e-05 0 
-0.000798862 -1.00822e-06 0 
-0.000356031 -0.000196888 0 
-0.0003381 0.000202346 0 
-0.000356031 -0.000196888 0 
-0.000808169 -0.000358378 0 
-0.00103091 -0.000114124 0 
-0.00113834 -0.000339712 0 
-0.00103091 -0.000114124 0 
-0.00251736 -0.00193051 0 
-0.00130119 -0.00125785 0 
-0.00248375 -0.00106809 0 
-0.00130119 -0.00125785 0 
-0.000995991 -5.17008e-05 0 
-0.000990959 0.000120686 0 
-0.00108175 0.000147438 0 
-0.000990959 0.000120686 0 
-0.000551558 -0.000969374 0 
-0.000631779 -0.000857567 0 
-0.000632247 -0.000929762 0 
-0.000631779 -0.000857567 0 
-0.000444265 -0.000215736 0 
-0.000193527 0.000360311 0 
-0.00104155 0.000121179 0 
-0.000193527 0.000360311 0 
-0.000288326 0.000150143 0 
-0.000120476 0.000126383 0 
-0.000175575 0.000329716 0 
-0.000120476 0.000126383 0 
-0.00085666 -0.000505076 0 
-0.000670571 -0.000842091 0 
-0.000746198 -0.000522456 0 
-0.000670571 -0.000842091 0 
-0.00123737 -0.000370817 0 
-0.000787902 -0.000350226 0 
-0.000857137 -0.000116652 0 
-0.000787902 -0.000350226 0 
-0.0010516 0.000215077 0 
-0.00107193 7.88282e-05 0 
-0.000912282 0.000127084 0 
-0.00107193 7.88282e-05 0 
-0.000395196 -0.000476973 0 
-0.00038088 -0.000282643 0 
-0.000552216 -0.000372329 0 
-0.00038088 -0.000282643 0 
-0.000679205 -5.28448e-05 0 
-0.000999433 -5.82518e-05 0 
-0.000742044 -0.000151403 0 
-0.000999433 -5.82518e-05 0 
-0.000225666 0.000109192 0 
-0.000440515 1.6728e-05 0 
-0.0003262 -5.38958e-05 0 
-0.000440515 1.6728e-05 0 
-0.000360579 0.00030838 0 
-0.00104468 0.000329131 0 
-0.000551559 0.000226064 0 
-0.00104468 0.000329131 0 
-0.00171586 -0.000925725 0 
-0.000950028 -0.00167691 0 
-0.0012301 -0.000516689 0 
-0.000950028 -0.00167691 0 
-0.0015898 0.000354672 0 
-0.00210024 -0.000333306 0 
-0.0014749 -0.000331879 0 
-0.00210024 -0.000333306 0 
-0.00105921 -5.42306e-05 0 
-0.000617533 -4.88417e-05 0 
-0.000674198 0.000263481 0 
-0.000617533 -4.88417e-05 0 
-0.000257755 -0.000190952 0 
-6.44366e-05 -4.17668e-05 0 
-0.000335794 -1.30318e-05 0 
-6.44366e-05 -4.17668e-05 0 
-0.000982747 -5.09546e-05 0 
-0.00126563 -0.000274645 0 
-0.000927498 -0.000294341 0 
-0.00126563 -0.000274645 0 
-0.000682356 3.21536e-05 0 
-0.000842675 7.70432e-05 0 
-0.000838085 -6.51835e-05 0 
-0.000842675 7.70432e-05 0 
-0.000704993 1.21615e-05 0 
-0.000819731 -4.8975e-05 0 
-0.000706597 -0.000117351 0 
-0.000819731 -4.8975e-05 0 
-0.000880283 1.17336e-05 0 
-0.000463349 9.74797e-07 0 
-0.000737699 0.000331664 0 
-0.000463349 9.74797e-07 0 
-0.000799967 -0.00102379 0 
-0.000609371 -0.000802221 0 
-0.000964407 -0.000714097 0 
-0.000609371 -0.000802221 0 
-0.00086801 0.000371844 0 
-0.000836777 0.000328181 0 
-0.000815728 0.000393583 0 
-0.000836777 0.000328181 0 
-0.000674281 0.000236568 0 
-0.00110395 9.15858e-05 0 
-0.000556135 4.34666e-05 0 
-0.00110395 9.15858e-05 0 
-0.000446821 -0.000327726 0 
-0.000385204 -0.000250059 0 
-0.000492367 -0.000218546 0 
-0.000385204 -0.000250059 0 
-0.000515628 2.5987e-05 0 
-0.000684065 2.47242e-05 0 
-0.000588708 -8.93041e-05 0 
-0.000684065 2.47242e-05 0 
-0.00113463 -0.000513634 0 
-0.000622827 -0.000644148 0 
-0.000746692 -0.000261607 0 
-0.000622827 -0.000644148 0 
-0.000397819 -0.000134578 0 
-0.000669958 -0.000281223 0 
-0.000449498 -0.00037402 0 
-0.000669958 -0.000281223 0 
-0.00359757 0.000707346 0 
-0.00190271 -0.000784935 0 
-0.00123138 0.000314499 0 
-0.00190271 -0.000784935 0 
-0.00225526 -0.000100935 0 
-0.000777388 -0.000791977 0 
-0.00126703 -0.000259301 0 
-0.000777388 -0.000791977 0 
-0.0010323 0.000550279 0 
-0.000826866 0.000611868 0 
-0.00104025 0.000735012 0 
-0.000826866 0.000611868 0 
-0.0015174 0.00073342 0 
-0.00132013 0.000199182 0 
-0.00124444 0.000489076 0 
-0.00132013 0.000199182 0 
-0.000392028 0.000301326 0 
-0.00068577 0.000158981 0 
-0.000519308 6.52442e-05 0 
-0.00068577 0.000158981 0 
-0.000840622 4.96442e-05 0 
-0.000921269 0.000160538 0 
-0.000969878 6.05222e-05 0 
-0.000921269 0.000160538 0 
-0.000554023 -0.000420846 0 
-0.000513116 -0.000425446 0 
-0.000528555 -0.000384012 0 
-0.000513116 -0.000425446 0 
-0.000623793 -0.000243422 0 
-0.000641489 -0.000360661 0 
-0.000550521 -0.000328903 0 
-0.000641489 -0.000360661 0 
-0.000306266 -0.000643547 0 
0.000229775 -0.000375952 0 
-0.000262714 -0.000318176 0 
0.000229775 -0.000375952 0 
-0.000898389 -1.19925e-05 0 
-0.000666897 -0.000143702 0 
-0.000686834 0.000136104 0 
-0.000666897 -0.000143702 0 
-0.000970653 -0.000122147 0 
-0.000972263 -0.000132131 0 
-0.00103424 -0.000227861 0 
-0.000972263 -0.000132131 0 
-0.000484055 -0.000186396 0 
-0.00020476 -0.000429423 0 
-0.000338311 -0.000120129 0 
-0.00020476 -0.000429423 0 
-0.0011207 -0.00118968 0 
-0.00079753 -0.00103272 0 
-0.000964571 -0.000713494 0 
-0.00079753 -0.00103272 0 
-0.00100078 -4.95194e-05 0 
-0.000955818 -4.11855e-05 0 
-0.00104283 1.05048e-05 0 
-0.000955818 -4.11855e-05 0 
-0.000683963 -0.000524587 0 
-0.000324069 -0.000619706 0 
-0.000397423 -0.000359567 0 
-0.000324069 -0.000619706 0 
-0.000736735 0.000137537 0 
-0.00082157 -9.46706e-05 0 
-0.000536856 -3.03617e-05 0 
-0.00082157 -9.46706e-05 0 
-0.000575776 0.000350852 0 
-0.000524252 0.000407555 0 
-0.000592596 0.000438458 0 
-0.000524252 0.000407555 0 
-0.000836098 0.000328811 0 
-0.0008648 0.000251357 0 
-0.000775292 0.000266486 0 
-0.0008648 0.000251357 0 
-0.000594746 0.000138091 0 
-0.00113469 0.000119355 0 
-0.00088667 -2.66714e-05 0 
-0.00113469 0.000119355 0 
-0.00212048 -0.00190199 0 
2.06209e-05 -0.000609441 0 
-0.000865823 -0.00045803 0 
2.06209e-05 -0.000609441 0 
-0.000721338 -0.000427104 0 
-0.000703572 -0.000451887 0 
-0.000903718 -0.00038239 0 
-0.000703572 -0.000451887 0 
-0.000116424 3.7848e-05 0 
3.62131e-05 -0.000369473 0 
-9.36562e-06 -6.21235e-05 0 
3.62131e-05 -0.000369473 0 
-0.00128454 -0.000270311 0 
-0.00106215 -0.000238413 0 
-0.00119222 -0.000134693 0 
-0.00106215 -0.000238413 0 
-0.0013195 0.000396791 0 
-0.00179653 0.000686046 0 
-0.00152879 0.000214042 0 
-0.00179653 0.000686046 0 
-0.000504022 -0.000117373 0 
-0.000486 -0.000232836 0 
-0.000428963 -0.000204812 0 
-0.000486 -0.000232836 0 
-0.00047873 0.000433656 0 
-0.00050916 0.000812471 0 
-0.000729767 0.000779548 0 
-0.00050916 0.000812471 0 
-0.000106328 -0.000147551 0 
-0.00032936 0.000120734 0 
-0.000315312 -0.000159347 0 
-0.00032936 0.000120734 0 
-0.000828986 0.000724753 0 
-0.00104781 0.000458255 0 
-0.00075772 0.00042573 0 
-0.00104781 0.000458255 0 
-0.000525552 0.000145084 0 
-0.000717055 0.00033577 0 
-0.000784793 0.000152417 0 
-0.000717055 0.00033577 0 
-0.00082293 0.00043071 0 
-0.000908921 0.000286577 0 
-0.000837484 0.00036091 0 
-0.000908921 0.000286577 0 
-0.00102927 8.01466e-05 0 
-0.00104916 -0.000278906 0 
-0.000904265 7.74257e-06 0 
-0.00104916 -0.000278906 0 
-0.00191191 -0.000553987 0 
-0.00184388 -0.00168122 0 
-0.00116005 -0.00134023 0 
-0.00184388 -0.00168122 0 
-0.000160923 -0.000156805 0 
-4.59041e-05 0.000384074 0 
-0.000624873 -0.000421814 0 
-4.59041e-05 0.000384074 0 
-0.000862749 -0.000503743 0 
-0.000103622 -0.000210103 0 
-0.000435841 -0.000129294 0 
-0.000103622 -0.000210103 0 
-0.000953873 -3.06122e-05 0 
-0.0010159 -0.000230298 0 
-0.000855904 -0.000100342 0 
-0.0010159 -0.000230298 0 
-0.000687363 0.000233159 0 
-0.000662077 0.000185175 0 
-0.000622462 0.000183535 0 
-0.000662077 0.000185175 0 
-0.000305705 -0.000206342 0 
-0.000462033 -0.000228411 0 
-0.000301435 -0.000295154 0 
-0.000462033 -0.000228411 0 
-0.000317042 0.000276362 0 
-0.000224833 0.000276493 0 
-0.000271587 0.000353774 0 
-0.000224833 0.000276493 0 
-0.00136714 0.00053372 0 
-0.00146556 -0.000618522 0 
-0.000932435 -0.000383812 0 
-0.00146556 -0.000618522 0 
-0.000121291 0.000377109 0 
-0.00023598 0.000405008 0 
-0.000213178 0.000275816 0 
-0.00023598 0.000405008 0 
-0.00114252 6.90944e-06 0 
-0.000431847 -0.000709366 0 
-0.000687639 2.60608e-06 0 
-0.000431847 -0.000709366 0 
-6.08562e-05 3.59644e-05 0 
-4.99147e-05 0.000124012 0 
-0.000154117 6.43801e-05 0 
-4.99147e-05 0.000124012 0 
-0.000360856 7.95738e-05 0 
-0.000381593 3.15091e-05 0 
-0.000367324 9.12188e-06 0 
-0.000381593 3.15091e-05 0 
-0.0010036 0.000315846 0 
-0.00120519 0.000697686 0 
-0.00144734 0.000337886 0 
-0.00120519 0.000697686 0 
-0.000178411 -9.22846e-05 0 
-0.000320095 0.00120233 0 
-0.000637819 0.000397908 0 
-0.000320095 0.00120233 0 
-0.00109189 -0.000309654 0 
-0.000788886 -0.000277566 0 
-0.000585238 -0.000163963 0 
-0.000788886 -0.000277566 0 
-0.000917822 5.49523e-05 0 
-0.00104962 4.52587e-05 0 
-0.000954515 -5.57543e-05 0 
-0.00104962 4.52587e-05 0 
-0.00171491 0.000841821 0 
-0.00202344 -1.31903e-05 0 
-0.00143463 0.000298022 0 
-0.00202344 -1.31903e-05 0 
-0.000498989 -9.70618e-05 0 
-0.000424965 -7.62877e-05 0 
-0.000483376 -4.13967e-05 0 
-0.000424965 -7.62877e-05 0 
-0.00105432 0.000226858 0 
-0.00121201 -0.000142333 0 
-0.000795821 -0.000132129 0 
-0.00121201 -0.000142333 0 
-0.000549027 -0.000463324 0 
-0.000580808 -0.000244524 0 
-0.000686226 -0.000322027 0 
-0.000580808 -0.000244524 0 
-0.000923381 -0.000412036 0 
-0.00118249 -5.20768e-05 0 
-0.00153371 -0.000393086 0 
-0.00118249 -5.20768e-05 0 
-0.00292901 -0.000208659 0 
-0.00106921 -0.00138876 0 
-0.000948686 5.38711e-06 0 
-0.00106921 -0.00138876 0 
-0.00177834 -0.000942556 0 
-0.00066664 -0.000802579 0 
-0.000629483 4.56912e-05 0 
-0.00066664 -0.000802579 0 
-0.000874826 0.000401012 0 
-0.000881058 0.00047675 0 
-0.000946919 0.000429145 0 
-0.000881058 0.00047675 0 
-0.00092087 0.000381451 0 
-0.00140579 -7.13826e-05 0 
-0.00063083 5.50456e-05 0 
-0.00140579 -7.13826e-05 0 
-0.000846088 0.000408282 0 
-0.000797112 0.00046313 0 
-0.000862707 0.00047705 0 
-0.000797112 0.00046313 0 
-0.000795518 -0.000175922 0 
-0.000763416 -0.000527797 0 
-0.000523001 -0.000328082 0 
-0.000763416 -0.000527797 0 
-0.00135963 2.95314e-05 0 
-0.00129328 0.000291502 0 
-0.00158701 0.000302586 0 
-0.00129328 0.000291502 0 
-0.00178734 -0.000291357 0 
-0.00147464 0.000490063 0 
-0.00195031 0.000438945 0 
-0.00147464 0.000490063 0 
-0.000171362 -0.000137185 0 
-0.000295559 -0.000499386 0 
-0.00016079 -0.000297716 0 
-0.000295559 -0.000499386 0 
-0.000959512 9.9359e-05 0 
-0.000984078 0.000235164 0 
-0.00107488 0.000131946 0 
-0.000984078 0.000235164 0 
-0.000785595 -0.000274286 0 
-0.000493985 -0.000641282 0 
-0.000629171 -0.000183667 0 
-0.000493985 -0.000641282 0 
-0.00278959 -0.00146509 0 
-0.00146636 -0.00171926 0 
-0.0010163 -0.000843962 0 
-0.00146636 -0.00171926 0 
-0.00143756 0.00038304 0 
-0.00115247 0.000284688 0 
-0.00119109 0.0006135 0 
-0.00115247 0.000284688 0 
-0.000602439 0.000658942 0 
-0.000358897 0.000487849 0 
-0.000347884 0.000753912 0 
-0.000358897 0.000487849 0 
-0.000548732 -0.000509721 0 
-0.000433313 -0.00044262 0 
-0.000515759 -0.000431504 0 
-0.000433313 -0.00044262 0 
-0.00045437 -0.000408369 0 
-0.000341878 -3.41336e-05 0 
-0.000658683 -0.000212821 0 
-0.000341878 -3.41336e-05 0 
-0.000666836 0.000224872 0 
-0.000620376 0.000161219 0 
-0.000563612 0.000165921 0 
-0.000620376 0.000161219 0 
-0.00149368 0.000614922 0 
-0.000787491 -0.000166174 0 
-0.000225927 0.000218611 0 
-0.000787491 -0.000166174 0 
-0.00105383 0.000371386 0 
-0.000725952 -0.000517059 0 
-0.000443929 -1.97352e-05 0 
-0.000725952 -0.000517059 0 
-0.000888113 -1.02757e-05 0 
-0.00115476 -0.000172444 0 
-0.000734154 -0.000329773 0 
-0.00115476 -0.000172444 0 
-0.000791784 0.000184612 0 
-0.000676495 0.000416558 0 
-0.000810361 0.00040213 0 
-0.000676495 0.000416558 0 
-0.00108401 0.00135695 0 
-0.000912673 0.000715518 0 
-0.000596176 0.000581814 0 
-0.000912673 0.000715518 0 
-1.31536e-05 -0.000241776 0 
-8.36271e-05 0.000562097 0 
-0.00045911 -0.000142203 0 
-8.36271e-05 0.000562097 0 
-0.000341504 3.56788e-05 0 
-0.000369399 -3.46633e-06 0 
-0.000261283 1.16765e-05 0 
-0.000369399 -3.46633e-06 0 
-0.00134731 -0.000760105 0 
-0.00067039 -0.00054838 0 
-0.00125591 -0.000437291 0 
-0.00067039 -0.00054838 0 
-0.000708092 -6.77695e-05 0 
-0.000674415 -6.56083e-05 0 
-0.000653938 -4.79375e-05 0 
-0.000674415 -6.56083e-05 0 
-0.00113362 5.0207e-05 0 
-0.00164204 -0.000366143 0 
-0.00125663 -0.000479574 0 
-0.00164204 -0.000366143 0 
-0.000562212 -0.000482647 0 
-9.09848e-05 5.54565e-06 0 
-0.000853489 -0.000300615 0 
-9.09848e-05 5.54565e-06 0 
-0.000602001 0.000625196 0 
-0.000440801 0.00130715 0 
-0.00103121 0.000724696 0 
-0.000440801 0.00130715 0 
-0.00108064 7.84853e-05 0 
-0.0011172 0.00023489 0 
-0.00120128 0.000131472 0 
-0.0011172 0.00023489 0 
-0.00283182 0.000510159 0 
-0.00183535 0.00210732 0 
-0.00187591 0.000893127 0 
-0.00183535 0.00210732 0 
-0.00118 0.000210659 0 
-0.000792999 0.000339878 0 
-0.00103022 0.000503381 0 
-0.000792999 0.000339878 0 
-0.00149553 0.000472005 0 
-0.00152651 -0.00041514 0 
-0.00103686 0.000228782 0 
-0.00152651 -0.00041514 0 
-0.00111767 6.71123e-05 0 
-0.00108284 0.000134418 0 
-0.00112282 0.000144415 0 
-0.00108284 0.000134418 0 
-0.000446573 0.000371591 0 
-0.00086068 0.000196327 0 
-0.000561191 7.545e-05 0 
-0.00086068 0.000196327 0 
-0.00276848 0.000781616 0 
-0.00193021 -0.000526666 0 
-0.000849593 0.000398483 0 
-0.00193021 -0.000526666 0 
-0.000369614 -7.11333e-05 0 
-0.000302891 0.000387978 0 
-0.000771243 0.000295237 0 
-0.000302891 0.000387978 0 
7.66524e-05 -0.000903561 0 
0.000100225 0.00012472 0 
-0.000202566 -0.000288048 0 
0.000100225 0.00012472 0 
-0.000738706 0.000166946 0 
-0.000733075 -0.00025016 0 
-0.000585025 -1.21059e-05 0 
-0.000733075 -0.00025016 0 
-0.00115978 -0.0015985 0 
-0.000289907 -0.000360764 0 
-0.00071582 -0.000345268 0 
-0.000289907 -0.000360764 0 
-0.000437968 -0.000321531 0 
-0.000544963 -0.000343089 0 
-0.000473393 -0.000404552 0 
-0.000544963 -0.000343089 0 
-0.000642034 -0.000356287 0 
-0.000618002 -0.000234844 0 
-0.000702831 -0.000282745 0 
-0.000618002 -0.000234844 0 
1.33447e-05 -2.77198e-05 0 
0.000215991 0.000169027 0 
-2.92289e-05 3.43177e-05 0 
0.000215991 0.000169027 0 
-0.00120035 -4.24397e-05 0 
-0.00179297 0.000394685 0 
-0.00118678 -0.000300151 0 
-0.00179297 0.000394685 0 
-0.00100158 -0.000269131 0 
-0.000612345 -0.000195391 0 
-0.000916553 5.21821e-06 0 
-0.000612345 -0.000195391 0 
-0.000464927 -0.0020176 0 
-0.00026638 -0.000349346 0 
-0.000837565 -0.000690122 0 
-0.00026638 -0.000349346 0 
-0.00047541 -3.76936e-05 0 
-0.000659965 0.000260065 0 
-0.000820869 -8.3509e-05 0 
-0.000659965 0.000260065 0 
-0.00129767 7.91348e-05 0 
-0.00110304 -0.000390096 0 
-0.00107798 8.71196e-05 0 
-0.00110304 -0.000390096 0 
-0.00117456 0.000407427 0 
-0.000934652 0.000265834 0 
-0.00108615 0.00046416 0 
-0.000934652 0.000265834 0 
-0.000453585 -0.000184244 0 
-0.000468244 -0.000307153 0 
-0.000370073 -0.000210669 0 
-0.000468244 -0.000307153 0 
-0.000670853 0.000398057 0 
-0.000904315 2.61312e-05 0 
-0.000743831 0.000111605 0 
-0.000904315 2.61312e-05 0 
-0.000587383 5.70288e-05 0 
-0.000798186 -0.000185826 0 
-0.000598768 -0.000140802 0 
-0.000798186 -0.000185826 0 
-0.000384891 -0.000254582 0 
-0.000389013 -0.00015714 0 
-0.000493014 -0.00020919 0 
-0.000389013 -0.00015714 0 
-0.000689437 -0.00102024 0 
-0.00114672 -0.00136046 0 
-0.000668151 -0.00152197 0 
-0.00114672 -0.00136046 0 
-0.000594051 0.000204302 0 
-0.000475492 0.000180582 0 
-0.000539712 0.00028647 0 
-0.000475492 0.000180582 0 
-0.00105753 0.000367236 0 
-0.00133931 0.000548131 0 
-0.0012991 0.000310054 0 
-0.00133931 0.000548131 0 
-0.00465173 -0.000952687 0 
-0.00151057 -0.00166816 0 
-0.00211182 -9.63192e-05 0 
-0.00151057 -0.00166816 0 
-0.00107768 0.000157234 0 
-0.000981808 0.000214618 0 
-0.00106088 0.000240609 0 
-0.000981808 0.000214618 0 
-0.00085877 -9.8361e-05 0 
-0.00110757 0.000280224 0 
-0.00143493 -6.54419e-05 0 
-0.00110757 0.000280224 0 
-0.000343164 0.000315419 0 
-0.001072 -0.000150515 0 
-0.000537308 -0.000344535 0 
-0.001072 -0.000150515 0 
-0.000550779 -8.99047e-06 0 
-0.000439373 -1.70194e-06 0 
-0.000477301 8.385e-05 0 
-0.000439373 -1.70194e-06 0 
-0.00186589 -0.0009278 0 
-0.00101811 -0.0011595 0 
-0.000993362 -0.000161236 0 
-0.00101811 -0.0011595 0 
-0.00195299 -0.000414615 0 
-0.00155902 -0.00077782 0 
-0.00138828 -0.000142229 0 
-0.00155902 -0.00077782 0 
-0.000487426 -0.00196181 0 
-0.000175727 -0.00172509 0 
-0.000294222 -0.000272475 0 
-0.000175727 -0.00172509 0 
-0.000364118 -2.17887e-05 0 
-0.000601038 2.32793e-05 0 
-0.000340463 -0.000281383 0 
-0.000601038 2.32793e-05 0 
-0.00192286 -0.000122008 0 
-0.0017418 -0.000640678 0 
-0.00138837 -0.000386604 0 
-0.0017418 -0.000640678 0 
-0.00148543 -0.000109802 0 
-0.00124342 -0.000449439 0 
-0.00102969 -0.000205927 0 
-0.00124342 -0.000449439 0 
-0.0022597 -0.000556057 0 
-0.00139131 -0.00128461 0 
-0.00146103 -0.000732631 0 
-0.00139131 -0.00128461 0 
-0.00289668 -0.00256354 0 
-0.00126522 -0.00298308 0 
-0.00140978 -0.00163988 0 
-0.00126522 -0.00298308 0 
-0.000650757 -0.000783677 0 
-0.000781139 -0.00103223 0 
-0.000612663 -0.00100601 0 
-0.000781139 -0.00103223 0 
-0.00062093 0.000414077 0 
-0.000550513 -7.9792e-05 0 
-0.000452881 0.000331406 0 
-0.000550513 -7.9792e-05 0 
-0.000377466 0.000398595 0 
-0.000319292 -5.87559e-05 0 
-9.59388e-05 2.91435e-05 0 
-0.000319292 -5.87559e-05 0 
-0.000649564 0.000307499 0 
-0.000863559 0.000176523 0 
-0.000718513 7.94419e-05 0 
-0.000863559 0.000176523 0 
-0.00033781 0.000477681 0 
-0.000675229 0.000344209 0 
-0.000523927 3.46616e-05 0 
-0.000675229 0.000344209 0 
-0.000800427 0.000172236 0 
-0.000686089 0.000210333 0 
-0.000778779 0.000268876 0 
-0.000686089 0.000210333 0 
-0.000568487 -0.000530716 0 
-0.000737081 -0.000616648 0 
-0.000597532 -0.000704079 0 
-0.000737081 -0.000616648 0 
-0.000982208 0.000214257 0 
-0.00091797 0.000153391 0 
-0.000928717 0.000367787 0 
-0.00091797 0.000153391 0 
1.64131e-05 -2.16529e-05 0 
-2.50862e-05 -5.72757e-05 0 
-7.78531e-06 -5.65024e-05 0 
-2.50862e-05 -5.72757e-05 0 
-0.000747602 0.000368331 0 
-0.000929621 0.000646605 0 
-0.00102363 0.000507512 0 
-0.000929621 0.000646605 0 
-0.000547086 0.000321874 0 
-0.000682258 0.000240746 0 
-0.000618715 0.000189104 0 
-0.000682258 0.000240746 0 
-0.00148503 0.00129213 0 
-0.00187515 0.000249399 0 
-0.00133019 0.000570649 0 
-0.00187515 0.000249399 0 
-0.000367219 4.97114e-05 0 
-0.000377693 5.82535e-05 0 
-0.000401237 1.93277e-05 0 
-0.000377693 5.82535e-05 0 
-0.00100868 -0.00153941 0 
-0.00110104 -0.00127165 0 
-0.00119794 -0.00146063 0 
-0.00110104 -0.00127165 0 
0.000621487 -0.000809991 0 
-0.000453232 0.000496849 0 
-0.000560901 -0.000305645 0 
-0.000453232 0.000496849 0 
-0.000659122 -5.69453e-05 0 
-0.000881261 -0.000372118 0 
-0.00043801 -0.000263199 0 
-0.000881261 -0.000372118 0 
-0.000398832 0.000222078 0 
-0.000624023 0.000201617 0 
-0.000476226 7.08949e-05 0 
-0.000624023 0.000201617 0 
-0.000402245 -0.00103408 0 
-0.000529107 -0.00107389 0 
-0.000449499 -0.00105378 0 
-0.000529107 -0.00107389 0 
-2.47483e-05 0.000175616 0 
-0.000356921 0.000183705 0 
-0.000338811 7.86684e-06 0 
-0.000356921 0.000183705 0 
-0.00069041 0.000194031 0 
-0.000662563 0.000112803 0 
-0.000604593 0.00017795 0 
-0.000662563 0.000112803 0 
-0.00306705 -0.000635817 0 
0.000240575 -0.000303474 0 
-0.000952382 0.00031617 0 
0.000240575 -0.000303474 0 
-0.000602224 -8.40172e-05 0 
-0.000814164 -0.000128419 0 
-0.000674883 -0.000289357 0 
-0.000814164 -0.000128419 0 
-0.000820622 0.000382377 0 
-0.000736664 0.000354717 0 
-0.000776086 0.000462614 0 
-0.000736664 0.000354717 0 
-0.000497678 0.000103292 0 
-0.000970102 0.000687504 0 
-0.0009424 0.00033901 0 
-0.000970102 0.000687504 0 
-0.000777294 0.000686014 0 
-0.00118628 0.000773697 0 
-0.00114165 0.000468976 0 
-0.00118628 0.000773697 0 
-0.000260635 0.000480998 0 
-2.4097e-05 0.000233016 0 
-0.000246348 0.000412738 0 
-2.4097e-05 0.000233016 0 
-0.000912303 0.000402653 0 
-0.0010612 0.000545738 0 
-0.00109908 0.000253453 0 
-0.0010612 0.000545738 0 
-0.000358718 0.000282319 0 
-0.00103623 0.000469638 0 
-0.000777694 0.000217607 0 
-0.00103623 0.000469638 0 
-0.00127525 -0.00061176 0 
-0.000764627 -0.00128654 0 
-0.000705845 -0.000610454 0 
-0.000764627 -0.00128654 0 
-5.37668e-05 -0.00143435 0 
-4.92804e-06 -0.000227077 0 
-0.000355154 -0.000133625 0 
-4.92804e-06 -0.000227077 0 
-0.000964964 -0.000718217 0 
-0.00107596 -0.000120812 0 
-0.00149623 -0.000757022 0 
-0.00107596 -0.000120812 0 
-0.00109639 -6.48037e-06 0 
-0.00102737 -7.29887e-05 0 
-0.000930134 5.69327e-05 0 
-0.00102737 -7.29887e-05 0 
-0.00170026 -0.000343219 0 
-0.000871179 -0.0010821 0 
-0.000683149 -0.000162831 0 
-0.000871179 -0.0010821 0 
-0.00100259 0.00017492 0 
-0.000753125 0.000287819 0 
-0.000864008 0.000428556 0 
-0.000753125 0.000287819 0 
-0.00113637 8.78178e-05 0 
-0.00132734 -0.000395085 0 
-0.00111274 -0.000206511 0 
-0.00132734 -0.000395085 0 
-0.000578604 -9.61228e-05 0 
-0.000689594 -0.000330738 0 
-0.000510992 -0.000331636 0 
-0.000689594 -0.000330738 0 
4.48541e-06 -2.98734e-06 0 
-4.27941e-06 3.62791e-06 0 
-1.20964e-05 -6.5926e-06 0 
-4.27941e-06 3.62791e-06 0 
-0.00109233 -0.00110013 0 
-0.00085377 -0.00131876 0 
-0.000744028 -0.000858231 0 
-0.00085377 -0.00131876 0 
-0.000646032 -9.28245e-05 0 
-0.000756004 -2.82914e-05 0 
-0.000751923 -0.000115906 0 
-0.000756004 -2.82914e-05 0 
-0.000756581 0.000771884 0 
-0.000939681 0.000817053 0 
-0.000725973 0.000738932 0 
-0.000939681 0.000817053 0 
-6.14502e-05 -6.51427e-05 0 
-0.000132264 2.10175e-05 0 
-0.000113026 -4.05055e-05 0 
-0.000132264 2.10175e-05 0 
-0.000768353 0.000163206 0 
-0.000975576 -0.000409743 0 
-0.000688201 -6.85455e-05 0 
-0.000975576 -0.000409743 0 
-0.000501015 -0.000171016 0 
-0.000546511 -0.000353069 0 
-0.000331753 -0.000195516 0 
-0.000546511 -0.000353069 0 
-0.00121876 -0.000349948 0 
-0.000819846 -0.000393482 0 
-0.000890394 -7.358e-06 0 
-0.000819846 -0.000393482 0 
-0.00103674 -0.000137113 0 
-0.000692755 2.23358e-05 0 
-0.000935118 0.000237734 0 
-0.000692755 2.23358e-05 0 
-0.000401799 -0.00116555 0 
0.00013631 -0.00138203 0 
-0.000159055 -0.00102393 0 
0.00013631 -0.00138203 0 
-0.000460983 0.000275759 0 
-0.00147742 0.00116128 0 
-0.0013344 0.000230347 0 
-0.00147742 0.00116128 0 
-0.000865949 -0.000317988 0 
-0.000712909 -0.000391043 0 
-0.000700715 -0.000302635 0 
-0.000712909 -0.000391043 0 
-0.000751709 0.000411942 0 
-0.000919967 0.000232198 0 
-0.000773765 0.000203279 0 
-0.000919967 0.000232198 0 
-0.000668755 -0.00017813 0 
-0.000393876 0.000494092 0 
-0.00106339 7.83235e-05 0 
-0.000393876 0.000494092 0 
-0.000704351 7.14742e-05 0 
-0.000762634 -5.0139e-05 0 
-0.000634604 -5.51655e-05 0 
-0.000762634 -5.0139e-05 0 
-0.00300002 -0.00119103 0 
-0.00283511 -0.000743282 0 
-0.00270062 -0.000683088 0 
-0.00283511 -0.000743282 0 
-0.0010555 -0.00018989 0 
-0.000846797 -7.49681e-05 0 
-0.00111907 1.70197e-05 0 
-0.000846797 -7.49681e-05 0 
-0.000731236 0.000346113 0 
-0.000833326 0.000325098 0 
-0.000775366 0.000266584 0 
-0.000833326 0.000325098 0 
-0.00123748 0.000449946 0 
-0.00132709 0.000863734 0 
-0.00134426 0.000393633 0 
-0.00132709 0.000863734 0 
-0.000542459 0.00134048 0 
-0.000979891 0.0007681 0 
-0.000810071 0.000706763 0 
-0.000979891 0.0007681 0 
-0.000629549 -0.000610654 0 
-0.000818094 -0.000403098 0 
-0.000805918 -0.000547949 0 
-0.000818094 -0.000403098 0 
-0.000969353 2.39893e-05 0 
-0.00103487 8.30997e-05 0 
-0.000909766 -0.000150877 0 
-0.00103487 8.30997e-05 0 
-0.00091882 -0.00193472 0 
-0.000460306 -0.00210526 0 
-0.000790088 -0.00116837 0 
-0.000460306 -0.00210526 0 
-0.000423439 -0.000159927 0 
-0.000235884 0.000392792 0 
-0.000673986 -5.51625e-06 0 
-0.000235884 0.000392792 0 
-0.000707642 -8.68394e-05 0 
-0.000819043 -6.90836e-05 0 
-0.000792178 -0.000170981 0 
-0.000819043 -6.90836e-05 0 
-0.00061811 8.05399e-05 0 
-0.000834683 0.000585975 0 
-0.00104108 0.000227211 0 
-0.000834683 0.000585975 0 
-0.000318321 4.11427e-05 0 
-0.000126852 0.000410769 0 
-0.000736174 0.000173664 0 
-0.000126852 0.000410769 0 
-0.00107318 0.000215911 0 
-0.000417558 0.000185678 0 
-0.00100761 0.000199115 0 
-0.000417558 0.000185678 0 
-0.00105365 2.62266e-05 0 
-0.00100134 0.00019747 0 
-0.00122235 0.000135027 0 
-0.00100134 0.00019747 0 
-0.000542808 0.00048836 0 
-0.000615629 0.000474899 0 
-0.000587149 0.000428133 0 
-0.000615629 0.000474899 0 
-0.000482327 -0.00086856 0 
-0.000188724 -0.000941869 0 
-0.000278175 -0.00072885 0 
-0.000188724 -0.000941869 0 
-0.000350923 -0.000439554 0 
-0.00043836 8.32032e-05 0 
-0.000681588 -0.000303819 0 
-0.00043836 8.32032e-05 0 
-0.000751449 9.25282e-05 0 
-0.000815933 5.48463e-05 0 
-0.000755317 1.95898e-05 0 
-0.000815933 5.48463e-05 0 
-0.000476769 0.000419177 0 
-0.000530068 0.000472877 0 
-0.000525068 0.00041087 0 
-0.000530068 0.000472877 0 
1.37227e-05 5.76154e-06 0 
-0.000384934 0.00136192 0 
-0.000439518 0.000399511 0 
-0.000384934 0.00136192 0 
-0.00173419 -0.000398623 0 
-0.0013467 3.17407e-05 0 
-0.00165347 9.34637e-05 0 
-0.0013467 3.17407e-05 0 
0.000271199 -0.000240668 0 
-4.78784e-05 8.35421e-05 0 
-5.60849e-06 -6.00641e-05 0 
-4.78784e-05 8.35421e-05 0 
-0.00137956 0.000984363 0 
-0.00113986 0.000505507 0 
-0.000375697 0.000777017 0 
-0.00113986 0.000505507 0 
-0.0012791 -0.000174458 0 
-0.00140761 -3.44397e-05 0 
-0.00144349 -0.000278447 0 
-0.00140761 -3.44397e-05 0 
-0.000683992 -0.000141332 0 
-0.000375497 -0.000146675 0 
-0.000811432 0.000277933 0 
-0.000375497 -0.000146675 0 
-0.000626989 -0.00031578 0 
-0.000469872 -0.000260825 0 
-0.000617779 -0.000182883 0 
-0.000469872 -0.000260825 0 
-0.000443628 -8.5511e-05 0 
-0.000275538 -0.000476731 0 
-0.000252029 -0.000132871 0 
-0.000275538 -0.000476731 0 
-0.000886338 0.000477771 0 
-0.000774593 0.000462443 0 
-0.000793375 0.000564017 0 
-0.000774593 0.000462443 0 
-0.00178945 -0.00140842 0 
-0.00105713 -0.00169118 0 
-0.00117428 -0.000354156 0 
-0.00105713 -0.00169118 0 
-0.000526278 -3.62322e-05 0 
-0.000939048 6.92178e-05 0 
-0.0006173 -0.00024344 0 
-0.000939048 6.92178e-05 0 
-0.000762242 -0.00050003 0 
-0.000927191 -0.00036583 0 
-0.000806228 -0.000547411 0 
-0.000927191 -0.00036583 0 
-0.00079854 -0.000168894 0 
-0.000606983 -0.000253104 0 
-0.000603493 -9.16583e-05 0 
-0.000606983 -0.000253104 0 
-0.000988708 0.000395352 0 
-0.000602167 0.000192215 0 
-0.000788944 0.000225581 0 
-0.000602167 0.000192215 0 
-0.00223942 0.000368295 0 
-0.00189429 -0.000177167 0 
-0.00176215 -7.07569e-05 0 
-0.00189429 -0.000177167 0 
-0.00104973 0.000447707 0 
-0.000789527 0.000166196 0 
-0.000754702 0.000442339 0 
-0.000789527 0.000166196 0 
-0.00106111 -0.00022827 0 
-0.00103211 2.07863e-05 0 
-0.00131021 -0.000105054 0 
-0.00103211 2.07863e-05 0 
-0.000926203 0.000198554 0 
-0.000833009 -0.000114171 0 
-0.000710609 7.66623e-05 0 
-0.000833009 -0.000114171 0 
-0.000959021 -0.000117554 0 
-0.00141087 -0.000177924 0 
-0.00112241 -1.9377e-05 0 
-0.00141087 -0.000177924 0 
-0.000793326 -0.000507415 0 
-0.000920703 -0.000420082 0 
-0.000915799 -0.000570509 0 
-0.000920703 -0.000420082 0 
-0.000246245 -0.00033869 0 
-0.000879214 0.00022777 0 
-0.000849211 -0.000137616 0 
-0.000879214 0.00022777 0 
-0.0023819 -0.000210847 0 
-0.00168556 -0.00108118 0 
-0.000806924 -0.000499687 0 
-0.00168556 -0.00108118 0 
-0.000535411 0.000489523 0 
-0.000515097 0.000346157 0 
-0.00041646 0.000434116 0 
-0.000515097 0.000346157 0 
-0.000330336 -0.00114617 0 
-0.000357669 -0.000941548 0 
-0.000460027 -0.00107874 0 
-0.000357669 -0.000941548 0 
-6.55057e-05 -1.83678e-05 0 
-0.000304994 0.000224424 0 
-0.000422828 5.31459e-06 0 
-0.000304994 0.000224424 0 
-0.000721479 0.000126984 0 
-0.00079903 0.000115711 0 
-0.000737036 3.72353e-05 0 
-0.00079903 0.000115711 0 
-0.00063675 -0.000344758 0 
-0.000135115 -0.000324873 0 
-0.000319115 -0.000167368 0 
-0.000135115 -0.000324873 0 
-0.000759947 -0.000382942 0 
-0.000771415 -0.000294212 0 
-0.000814279 -0.000326846 0 
-0.000771415 -0.000294212 0 
-0.00176427 -0.000124123 0 
-0.0015709 -0.00100263 0 
-0.00123819 -0.000464543 0 
-0.0015709 -0.00100263 0 
-0.000564741 0.000450037 0 
-0.00111704 0.000510751 0 
-0.000863842 0.000251227 0 
-0.00111704 0.000510751 0 
-0.000577226 0.000499381 0 
-0.00084185 0.000425217 0 
-0.000651053 0.000339729 0 
-0.00084185 0.000425217 0 
-0.000435534 -0.000202133 0 
-0.000386025 4.24408e-06 0 
-0.000607771 -3.35671e-05 0 
-0.000386025 4.24408e-06 0 
-0.000393551 -0.000394172 0 
-0.000447698 -0.00032672 0 
-0.000458383 -0.000396547 0 
-0.000447698 -0.00032672 0 
-0.000682026 1.78752e-05 0 
-0.00082338 2.30188e-05 0 
-0.000777958 -9.61785e-05 0 
-0.00082338 2.30188e-05 0 
-0.000202316 -0.000145757 0 
-0.000429054 -8.48393e-05 0 
-0.000358342 -0.000235446 0 
-0.000429054 -8.48393e-05 0 
-0.000383762 -0.000135376 0 
-0.000358191 -0.000124275 0 
-0.000386818 -0.00013746 0 
-0.000358191 -0.000124275 0 
-0.00105564 0.000353082 0 
-0.000772868 0.000259201 0 
-0.000839526 0.000616194 0 
-0.000772868 0.000259201 0 
-0.00105577 0.000224039 0 
-0.000662702 -0.000628569 0 
-0.000582528 4.61354e-05 0 
-0.000662702 -0.000628569 0 
-0.000665891 1.2126e-05 0 
-0.000727523 -4.37275e-06 0 
-0.000701529 -1.57748e-05 0 
-0.000727523 -4.37275e-06 0 
-0.00032283 -3.05932e-05 0 
-0.00031632 8.97297e-05 0 
-0.000414053 1.45352e-05 0 
-0.00031632 8.97297e-05 0 
-0.000551453 1.38283e-05 0 
-0.000230757 0.000179545 0 
-0.000649019 0.000144188 0 
-0.000230757 0.000179545 0 
-0.000825937 -4.32691e-05 0 
-0.000912422 5.58542e-05 0 
-0.000975612 -5.92781e-05 0 
-0.000912422 5.58542e-05 0 
-0.000247662 7.12903e-05 0 
-0.000292161 -6.62484e-05 0 
-0.000205677 -0.000105763 0 
-0.000292161 -6.62484e-05 0 
-0.000959261 -0.000496751 0 
-0.00104856 -0.000218581 0 
-0.00134815 -0.000269759 0 
-0.00104856 -0.000218581 0 
-9.28311e-05 -0.000185032 0 
-0.000128191 -8.39482e-05 0 
-0.000234941 -0.000175857 0 
-0.000128191 -8.39482e-05 0 
-0.000924365 -9.68251e-05 0 
-0.000905821 0.000193657 0 
-0.00121993 -3.43958e-05 0 
-0.000905821 0.000193657 0 
-0.00138514 -4.20378e-05 0 
-0.00135171 0.000616231 0 
-0.00166142 7.81888e-05 0 
-0.00135171 0.000616231 0 
-0.000722214 0.000331242 0 
-0.000632593 0.000318763 0 
-0.00069249 0.000395254 0 
-0.000632593 0.000318763 0 
-0.000108544 0.000393428 0 
-0.00122253 0.00120126 0 
-0.000519707 -3.13792e-05 0 
-0.00122253 0.00120126 0 
-0.000421804 1.84755e-05 0 
-0.00057631 -8.04841e-05 0 
-0.000420311 -0.000139577 0 
-0.00057631 -8.04841e-05 0 
-0.00120314 0.000232805 0 
-0.000807601 0.000419614 0 
-0.0011664 0.00063879 0 
-0.000807601 0.000419614 0 
-0.00109042 0.000210985 0 
-0.000917138 0.000174449 0 
-0.000923098 0.000318013 0 
-0.000917138 0.000174449 0 
-0.00113408 3.28273e-05 0 
-0.00109671 0.000191771 0 
-0.00120277 0.000116237 0 
-0.00109671 0.000191771 0 
-0.000688716 1.46542e-05 0 
-0.000582636 -9.10755e-05 0 
-0.000550609 -6.46417e-05 0 
-0.000582636 -9.10755e-05 0 
-0.000984732 -0.000192802 0 
-0.00105526 0.000134163 0 
-0.00123471 -0.000170556 0 
-0.00105526 0.000134163 0 
-0.00054375 0.00115174 0 
-0.00177421 0.000808139 0 
-0.00135076 0.000490523 0 
-0.00177421 0.000808139 0 
-0.00120508 0.000132697 0 
-0.00109514 0.000227774 0 
-0.00129077 0.000280797 0 
-0.00109514 0.000227774 0 
-8.49019e-05 -0.000826529 0 
-5.81043e-05 0.000284446 0 
-0.000449703 -0.000262762 0 
-5.81043e-05 0.000284446 0 
-0.000906731 -8.83767e-05 0 
-0.00115246 -6.93093e-05 0 
-0.00104506 -0.000194795 0 
-0.00115246 -6.93093e-05 0 
-0.00085364 -0.0004429 0 
-0.000408186 -0.00100081 0 
-0.00050694 -0.000389156 0 
-0.000408186 -0.00100081 0 
-0.000702463 -3.18896e-06 0 
-0.000688543 2.40988e-05 0 
-0.000731682 -1.71992e-05 0 
-0.000688543 2.40988e-05 0 
-0.000701537 0.000739416 0 
-0.000795663 0.000297629 0 
-0.000660949 0.000408712 0 
-0.000795663 0.000297629 0 
-0.000586786 -0.00155902 0 
-0.000140876 -0.000146083 0 
-0.000769067 -0.000740556 0 
-0.000140876 -0.000146083 0 
-0.000202924 -0.00029833 0 
-0.000127856 -0.000413876 0 
-0.000111075 -0.000308925 0 
-0.000127856 -0.000413876 0 
-0.00125936 3.89292e-05 0 
-0.00121768 -9.72201e-06 0 
-0.00129374 -9.82268e-05 0 
-0.00121768 -9.72201e-06 0 
-0.00108359 0.0004222 0 
-0.00101899 0.000540952 0 
-0.00122135 0.000525491 0 
-0.00101899 0.000540952 0 
-0.000566444 7.58054e-05 0 
-0.000419628 1.92173e-05 0 
-0.000476557 0.000177291 0 
-0.000419628 1.92173e-05 0 
-0.000118478 -0.000105946 0 
-4.01793e-05 1.61242e-05 0 
-0.000261942 1.742e-05 0 
-4.01793e-05 1.61242e-05 0 
-0.000818614 8.09973e-05 0 
-0.000853945 5.87547e-06 0 
-0.000806892 -9.63493e-06 0 
-0.000853945 5.87547e-06 0 
-0.000752643 -0.000384769 0 
-0.0008237 -0.00032449 0 
-0.000911591 -0.000417162 0 
-0.0008237 -0.00032449 0 
-0.000541577 -0.000857058 0 
-0.000230663 -0.000233753 0 
-0.0009802 -0.000409124 0 
-0.000230663 -0.000233753 0 
-0.00107486 2.60887e-05 0 
-0.0010459 0.000186329 0 
-0.00110906 0.00010891 0 
-0.0010459 0.000186329 0 
-0.000473236 0.000892098 0 
-0.00101934 0.000392144 0 
-0.000227932 0.000182061 0 
-0.00101934 0.000392144 0 
-0.000816362 0.000387849 0 
-0.000838822 0.0004104 0 
-0.000863745 0.000395685 0 
-0.000838822 0.0004104 0 
-0.00291272 0.000562579 0 
-0.0014619 -0.000674505 0 
-0.00149929 0.000193167 0 
-0.0014619 -0.000674505 0 
-0.000870528 0.000416674 0 
-0.000872089 0.000377962 0 
-0.00084445 0.000405979 0 
-0.000872089 0.000377962 0 
-0.000836942 0.00013051 0 
-0.000838487 -5.6602e-05 0 
-0.000724887 3.2493e-05 0 
-0.000838487 -5.6602e-05 0 
-0.000839823 0.000187698 0 
-0.000887653 -6.23945e-05 0 
-0.000636289 -5.43727e-05 0 
-0.000887653 -6.23945e-05 0 
-0.00098994 0.000783608 0 
-0.0017627 0.000886849 0 
-0.00118279 0.000521531 0 
-0.0017627 0.000886849 0 
-0.000631619 0.000578087 0 
-0.000507903 0.00021832 0 
-0.000328439 0.0003818 0 
-0.000507903 0.00021832 0 
-0.000401524 -0.000134276 0 
-0.000474275 6.06854e-05 0 
-0.000558527 -7.7825e-05 0 
-0.000474275 6.06854e-05 0 
-0.000449727 0.000101547 0 
-0.00042407 0.000816471 0 
-0.00100303 0.000268395 0 
-0.00042407 0.000816471 0 
-0.000835272 -0.000529809 0 
-0.00120532 -0.000447231 0 
-0.00102297 -0.000824346 0 
-0.00120532 -0.000447231 0 
-0.000427026 -0.00092366 0 
-0.00060595 -0.000898666 0 
-0.000540465 -0.00103084 0 
-0.00060595 -0.000898666 0 
-0.000450595 -0.000647339 0 
-0.000476222 -0.000213159 0 
-0.000816465 -0.00039594 0 
-0.000476222 -0.000213159 0 
1.55232e-05 0.000213856 0 
-0.0023069 0.00189548 0 
-0.00111901 -0.000534315 0 
-0.0023069 0.00189548 0 
5.39836e-05 -6.65594e-05 0 
-0.000184868 0.00126807 0 
-0.000395101 0.000438569 0 
-0.000184868 0.00126807 0 
-0.000123485 -0.000403409 0 
-0.000345947 -6.7468e-05 0 
-0.000479673 -0.000303097 0 
-0.000345947 -6.7468e-05 0 
-0.000585177 0.00033372 0 
-0.000614434 0.000161383 0 
-0.000469032 0.000263086 0 
-0.000614434 0.000161383 0 
-0.000340185 0.000547721 0 
-0.000553856 0.000384445 0 
-0.000442126 0.000290724 0 
-0.000553856 0.000384445 0 
-0.00151352 0.000481664 0 
-0.00148977 0.000680018 0 
-0.00145489 0.000399452 0 
-0.00148977 0.000680018 0 
-0.000429978 1.81365e-05 0 
-0.000630456 -0.00013687 0 
-0.000418492 -0.000137544 0 
-0.000630456 -0.00013687 0 
-0.00120543 0.000136784 0 
-0.00129159 0.000290533 0 
-0.00137367 3.75901e-05 0 
-0.00129159 0.000290533 0 
-0.000806154 0.000170464 0 
-0.000409346 -0.000235672 0 
-0.000454403 0.000355597 0 
-0.000409346 -0.000235672 0 
-0.000413088 -0.000110097 0 
-0.000445903 0.000136816 0 
-0.000668015 -0.000114092 0 
-0.000445903 0.000136816 0 
-0.00209656 0.000168163 0 
-0.00125117 -0.000891265 0 
-0.00124133 -0.00020374 0 
-0.00125117 -0.000891265 0 
-0.000848657 6.46324e-05 0 
-0.00099382 -0.0001446 0 
-0.000744147 -2.46415e-05 0 
-0.00099382 -0.0001446 0 
-0.000598249 0.000792524 0 
-0.000865768 0.000236362 0 
-0.000402002 0.000382795 0 
-0.000865768 0.000236362 0 
-0.000766478 0.00070824 0 
-0.00105529 0.000153106 0 
-0.000514251 5.15456e-05 0 
-0.00105529 0.000153106 0 
-0.000515152 1.62782e-05 0 
-0.000373496 -9.12571e-05 0 
-0.000388196 1.14449e-05 0 
-0.000373496 -9.12571e-05 0 
-0.000405072 -0.000312763 0 
-0.000391425 -0.000281387 0 
-0.000476337 -0.000377076 0 
-0.000391425 -0.000281387 0 
5.22344e-05 -0.000324695 0 
-0.000132536 -0.000352216 0 
-5.46958e-05 -0.000459245 0 
-0.000132536 -0.000352216 0 
-0.000641498 -0.000739513 0 
6.54943e-05 -0.00103101 0 
-0.000504121 -0.000283074 0 
6.54943e-05 -0.00103101 0 
-0.000849422 0.000237151 0 
-0.00112238 0.00051597 0 
-0.00102718 -3.63988e-05 0 
-0.00112238 0.00051597 0 
-0.000646101 -4.25049e-05 0 
-0.000863359 5.80077e-05 0 
-0.000777687 -0.0001756 0 
-0.000863359 5.80077e-05 0 
-1.69916e-06 -4.52268e-05 0 
3.17758e-06 -7.31741e-06 0 
-1.90518e-05 -1.56865e-05 0 
3.17758e-06 -7.31741e-06 0 
-0.000414653 -6.60305e-05 0 
-0.000613529 -2.96537e-05 0 
-0.000612736 -0.000240721 0 
-0.000613529 -2.96537e-05 0 
-0.000629044 0.000111861 0 
-0.00072512 0.000120496 0 
-0.000731599 4.69248e-05 0 
-0.00072512 0.000120496 0 
-0.000961925 6.42236e-05 0 
-0.00115678 3.7736e-05 0 
-0.00105049 -8.72525e-05 0 
-0.00115678 3.7736e-05 0 
-0.000802822 0.000172117 0 
-0.000841084 5.8437e-05 0 
-0.000713474 7.43632e-05 0 
-0.000841084 5.8437e-05 0 
-0.000427237 0.000683887 0 
-0.000510165 0.000248104 0 
-0.00029929 0.000346211 0 
-0.000510165 0.000248104 0 
-0.000973794 -8.81457e-05 0 
-0.000927942 -0.000308036 0 
-0.000737868 -0.000150523 0 
-0.000927942 -0.000308036 0 
-0.000957968 -0.00012971 0 
-0.000742908 -0.000137284 0 
-0.00088331 0.000215687 0 
-0.000742908 -0.000137284 0 
-0.00163396 -0.00090218 0 
-0.00176348 -0.00163319 0 
-0.0013064 -0.00112574 0 
-0.00176348 -0.00163319 0 
-0.00107542 -3.68099e-05 0 
-0.000922269 7.52208e-06 0 
-0.00102549 0.000183008 0 
-0.000922269 7.52208e-06 0 
-0.00227461 -0.000719073 0 
-0.00082832 -0.000883514 0 
-0.000810112 -0.000200423 0 
-0.00082832 -0.000883514 0 
-0.0012185 -0.000262651 0 
-0.00138581 -0.000543871 0 
-0.00107635 -0.000357372 0 
-0.00138581 -0.000543871 0 
-0.00119033 0.000146914 0 
-0.00120331 9.42752e-05 0 
-0.00121927 0.000224503 0 
-0.00120331 9.42752e-05 0 
-0.00144728 0.000333176 0 
-0.00128914 -2.66403e-05 0 
-0.00101466 0.000325601 0 
-0.00128914 -2.66403e-05 0 
-0.000328383 -0.000193901 0 
-0.000183034 -0.000387951 0 
-0.00017426 -0.000194359 0 
-0.000183034 -0.000387951 0 
-0.000622857 -0.000189761 0 
-0.000320347 -0.000181114 0 
-0.00058927 4.23783e-05 0 
-0.000320347 -0.000181114 0 
-0.00119356 -0.000978855 0 
-0.000563719 -0.00121214 0 
-0.00114997 -0.00075391 0 
-0.000563719 -0.00121214 0 
-0.000462666 -0.000663999 0 
-0.000189636 -0.000398405 0 
-0.000629287 -0.000212745 0 
-0.000189636 -0.000398405 0 
-0.000644263 0.000474449 0 
-0.000611991 0.00030086 0 
-0.000575565 0.000441282 0 
-0.000611991 0.00030086 0 
-0.000685002 0.000210227 0 
-0.000544223 0.000114245 0 
-0.00056523 0.000301217 0 
-0.000544223 0.000114245 0 
-0.000532497 0.000387767 0 
-0.00063629 0.000319215 0 
-0.000537259 0.000290803 0 
-0.00063629 0.000319215 0 
-0.000486073 -0.000446207 0 
-0.000544025 -0.000322559 0 
-0.000643863 -0.000446614 0 
-0.000544025 -0.000322559 0 
-9.50262e-05 0.000130684 0 
-0.000422195 0.000468561 0 
-0.000637945 0.000117428 0 
-0.000422195 0.000468561 0 
-0.00105066 -0.000551739 0 
-0.00119605 -0.000371279 0 
-0.00123787 -0.000578156 0 
-0.00119605 -0.000371279 0 
-0.000684923 -0.000799195 0 
-0.000554184 -0.00093144 0 
-0.000477302 -0.000855752 0 
-0.000554184 -0.00093144 0 
-0.000557064 -0.000131211 0 
-0.000450536 0.000316597 0 
-0.000623555 0.000489248 0 
-0.000450536 0.000316597 0 
-0.000323601 0.000196523 0 
-0.000437471 0.000140224 0 
-0.000312605 8.08312e-05 0 
-0.000437471 0.000140224 0 
-0.000377973 -0.000559931 0 
-0.000611443 -0.000108004 0 
-0.000819275 -0.000469335 0 
-0.000611443 -0.000108004 0 
-0.00102013 -0.000289395 0 
-0.00081337 -0.00061485 0 
-0.000662767 -0.000195608 0 
-0.00081337 -0.00061485 0 
-0.000574067 -0.00067498 0 
-2.92074e-05 -0.000508767 0 
-0.000405753 -0.000368903 0 
-2.92074e-05 -0.000508767 0 
-0.00192288 -0.000566394 0 
-0.00212594 -0.00114112 0 
-0.00167163 -0.000993551 0 
-0.00212594 -0.00114112 0 
-0.000543518 0.000206749 0 
-0.000720563 0.000113232 0 
-0.000527893 8.13637e-05 0 
-0.000720563 0.000113232 0 
-0.000352792 -0.000211124 0 
-0.000448241 -0.00030768 0 
-0.000368489 -0.00033394 0 
-0.000448241 -0.00030768 0 
-0.00223519 6.1949e-05 0 
-0.000892694 -0.000581071 0 
-0.000745402 0.000159942 0 
-0.000892694 -0.000581071 0 
-0.00164355 -0.000463878 0 
-0.00116634 -0.000522179 0 
-0.00155573 -0.000143839 0 
-0.00116634 -0.000522179 0 
-0.000347497 -0.000230074 0 
-0.0001001 2.26594e-06 0 
-0.000466385 7.5659e-05 0 
-0.0001001 2.26594e-06 0 
-1.55398e-05 0.000402991 0 
-0.000613752 0.000253804 0 
-0.000281458 -5.13294e-05 0 
-0.000613752 0.000253804 0 
-0.000913054 0.000387601 0 
-0.00119802 -5.86109e-05 0 
-0.000552281 3.8723e-05 0 
-0.00119802 -5.86109e-05 0 
-0.00227328 0.00059538 0 
-0.00165622 -0.000459887 0 
-0.00152275 0.000247302 0 
-0.00165622 -0.000459887 0 
-0.00028273 0.000297041 0 
-0.000639564 7.21996e-05 0 
-0.000220496 -5.19467e-05 0 
-0.000639564 7.21996e-05 0 
-0.0008965 -0.000111389 0 
-0.000479527 -0.000313453 0 
-0.00066091 -7.09637e-05 0 
-0.000479527 -0.000313453 0 
-0.00165568 -0.000343189 0 
-0.00126888 -0.000402631 0 
-0.00140081 -0.000195828 0 
-0.00126888 -0.000402631 0 
-0.00071271 0.000185181 0 
-0.000724867 0.000541254 0 
-0.00090142 0.000454809 0 
-0.000724867 0.000541254 0 
-0.00110151 -0.00127191 0 
-0.00132229 -0.00119529 0 
-0.00123416 -0.00148133 0 
-0.00132229 -0.00119529 0 
-0.000579413 -0.000186277 0 
-0.000864557 -2.5661e-05 0 
-0.000809972 -0.000309476 0 
-0.000864557 -2.5661e-05 0 
-0.000806119 -0.000241362 0 
-0.000923944 -0.000170584 0 
-0.00112826 -3.28596e-05 0 
-0.000923944 -0.000170584 0 
-0.00082274 0.000204146 0 
-0.000674256 0.000338923 0 
-0.000682374 0.000245361 0 
-0.000674256 0.000338923 0 
-0.000719163 0.000140072 0 
-0.000604808 -8.77826e-05 0 
-0.000496687 7.80535e-05 0 
-0.000604808 -8.77826e-05 0 
-0.00111014 -0.00050266 0 
-0.00107527 -0.000756641 0 
-0.000924987 -0.000591256 0 
-0.00107527 -0.000756641 0 
-0.000371344 0.000290841 0 
-0.00022416 0.000387785 0 
-0.000415514 0.000656269 0 
-0.00022416 0.000387785 0 
-0.00107 -2.99881e-05 0 
-0.000765137 -0.00021125 0 
-0.000765611 0.000181136 0 
-0.000765137 -0.00021125 0 
-0.00154843 0.0021133 0 
-0.00271082 0.00161408 0 
-0.000647972 0.000291871 0 
-0.00271082 0.00161408 0 
-0.000428078 -0.000207854 0 
-0.000509753 -0.00026794 0 
-0.00042285 -0.000378319 0 
-0.000509753 -0.00026794 0 
-0.00134422 -0.000514327 0 
-0.00130712 -6.95672e-06 0 
-0.00195373 -0.000447611 0 
-0.00130712 -6.95672e-06 0 
-0.000785131 -0.00105726 0 
-0.000564309 -0.0008134 0 
-0.00083362 -0.00087634 0 
-0.000564309 -0.0008134 0 
-0.000736498 0.000942281 0 
-0.00113463 3.74072e-05 0 
-0.000686988 0.000214124 0 
-0.00113463 3.74072e-05 0 
-6.05847e-05 0.000655814 0 
-0.000457336 0.000302877 0 
-0.000144654 0.000161518 0 
-0.000457336 0.000302877 0 
-0.000600368 -9.065e-05 0 
-0.000469018 -7.54605e-05 0 
-0.000510525 8.69899e-05 0 
-0.000469018 -7.54605e-05 0 
-0.00144735 0.000699205 0 
-0.000962216 -0.000227092 0 
-0.000804728 1.3979e-05 0 
-0.000962216 -0.000227092 0 
-0.00117826 0.00040565 0 
-0.00110317 0.000487067 0 
-0.00120791 0.00047616 0 
-0.00110317 0.000487067 0 
-0.000847238 0.000213657 0 
-0.000738095 -0.000137555 0 
-0.000536276 -3.24632e-05 0 
-0.000738095 -0.000137555 0 
-0.000603936 6.32556e-05 0 
-0.000781035 -0.000157973 0 
-0.000514541 -2.84107e-05 0 
-0.000781035 -0.000157973 0 
-0.001008 -0.000419641 0 
-0.000900169 -0.000747239 0 
-0.000806767 -0.000547769 0 
-0.000900169 -0.000747239 0 
-0.000204819 -0.0002005 0 
-0.000481618 0.000175534 0 
-0.00067725 -0.000177765 0 
-0.000481618 0.000175534 0 
-0.00393772 -0.00292553 0 
-0.00178192 -0.00350832 0 
-0.00111486 -0.00110066 0 
-0.00178192 -0.00350832 0 
-9.48982e-05 -8.46181e-05 0 
-0.000389648 7.11763e-05 0 
-0.000329856 -0.000181905 0 
-0.000389648 7.11763e-05 0 
-2.41892e-05 5.5701e-06 0 
-1.09575e-05 -1.08342e-05 0 
-2.32348e-05 -1.18891e-05 0 
-1.09575e-05 -1.08342e-05 0 
-0.00165156 -0.000554865 0 
-0.00133035 -0.000375033 0 
-0.00125566 -0.00046043 0 
-0.00133035 -0.000375033 0 
-0.000340107 -0.000161695 0 
-0.00036856 0.000117022 0 
-0.000578647 3.19384e-05 0 
-0.00036856 0.000117022 0 
-0.000806885 5.59161e-05 0 
-0.000829348 -2.79657e-05 0 
-0.00070866 4.67437e-06 0 
-0.000829348 -2.79657e-05 0 
-0.000554529 -0.000276101 0 
-0.00032733 0.000486658 0 
-0.00135376 -0.000347531 0 
-0.00032733 0.000486658 0 
-0.00101483 -0.000121597 0 
-0.000439498 -0.000453582 0 
-0.000371266 0.00024711 0 
-0.000439498 -0.000453582 0 
-0.000837687 -0.000247825 0 
-0.00102892 -0.000233216 0 
-0.00101134 -0.000457965 0 
-0.00102892 -0.000233216 0 
-0.000805149 0.000310969 0 
-0.000829791 0.000102296 0 
-0.000690135 0.000154957 0 
-0.000829791 0.000102296 0 
-0.000637554 -0.000129836 0 
-0.000464165 -0.000394264 0 
-0.000433145 -0.000123023 0 
-0.000464165 -0.000394264 0 
-1.39438e-05 1.44922e-05 0 
-4.04948e-05 0.000142859 0 
-5.67004e-05 4.42793e-05 0 
-4.04948e-05 0.000142859 0 
-0.000720977 0.000149058 0 
-0.000817943 -0.000184917 0 
-0.00060395 -9.20356e-05 0 
-0.000817943 -0.000184917 0 
-0.000754391 -0.00037944 0 
-0.000908924 -0.000425289 0 
-0.000800119 -0.000504412 0 
-0.000908924 -0.000425289 0 
-0.000439152 0.000637533 0 
-0.000946836 0.00225599 0 
-0.000740073 0.000385992 0 
-0.000946836 0.00225599 0 
-0.00071233 8.25574e-05 0 
-0.000616136 -8.08168e-05 0 
-0.000550916 0.000108268 0 
-0.000616136 -8.08168e-05 0 
-0.000243492 -0.00030672 0 
-0.000436459 -0.000246276 0 
-0.000379335 -0.000345611 0 
-0.000436459 -0.000246276 0 
-0.00121217 -0.000545045 0 
-0.00085128 -0.00020494 0 
-0.00126602 -0.000105416 0 
-0.00085128 -0.00020494 0 
-0.000225959 -0.00156058 0 
-0.000654944 -0.00153121 0 
-0.000593394 -0.00189108 0 
-0.000654944 -0.00153121 0 
-0.000913336 -0.000420912 0 
-0.000825337 -0.00032801 0 
-0.000944538 -0.000229874 0 
-0.000825337 -0.00032801 0 
-0.000505503 -0.00025095 0 
-0.00048161 -9.6557e-05 0 
-0.000599125 -0.000188053 0 
-0.00048161 -9.6557e-05 0 
-0.00146201 0.000868314 0 
-0.00117069 0.000147836 0 
-0.00101888 0.000426847 0 
-0.00117069 0.000147836 0 
-0.00078576 0.000326507 0 
-0.000620883 3.59434e-05 0 
-0.000528645 0.000264491 0 
-0.000620883 3.59434e-05 0 
-0.000245043 -2.24614e-05 0 
-0.000232504 -0.000123771 0 
-0.000147811 -5.80422e-05 0 
-0.000232504 -0.000123771 0 
-0.000886227 -0.00026717 0 
-0.000770522 -0.000277886 0 
-0.000801229 -0.000108373 0 
-0.000770522 -0.000277886 0 
-0.00123506 0.000112767 0 
-0.00106712 1.54122e-05 0 
-0.00111075 0.000111241 0 
-0.00106712 1.54122e-05 0 
-0.000617082 0.000905306 0 
-0.00145636 0.000602663 0 
-0.000967514 0.000429286 0 
-0.00145636 0.000602663 0 
-0.000771032 0.000109847 0 
-0.000934061 0.000558393 0 
-0.00132726 0.000255892 0 
-0.000934061 0.000558393 0 
-5.1751e-05 -3.23614e-05 0 
1.01218e-06 -4.78696e-05 0 
-1.86147e-05 -1.61125e-05 0 
1.01218e-06 -4.78696e-05 0 
-0.00100109 0.000550256 0 
-0.00115292 0.000460688 0 
-0.00106938 0.000384171 0 
-0.00115292 0.000460688 0 
-0.000721031 -9.70438e-05 0 
-0.000492837 0.000158151 0 
-0.000904493 0.000285607 0 
-0.000492837 0.000158151 0 
-0.000375735 0.00105701 0 
-0.00142338 0.00121691 0 
-0.000626997 0.000720634 0 
-0.00142338 0.00121691 0 
-0.000581764 0.000123852 0 
-0.00084221 0.000304645 0 
-0.000900407 1.02287e-05 0 
-0.00084221 0.000304645 0 
-0.00046836 0.00107745 0 
-0.00118292 0.0004544 0 
-0.000581709 0.000569915 0 
-0.00118292 0.0004544 0 
-0.000526742 -0.000333387 0 
-0.000650943 -0.000476962 0 
-0.000524225 -0.00055221 0 
-0.000650943 -0.000476962 0 
-0.000638285 0.000313368 0 
-0.000241129 0.000595579 0 
-0.000729673 0.000792883 0 
-0.000241129 0.000595579 0 
-0.000411692 0.000693176 0 
-0.000681071 0.000593616 0 
-0.000465221 0.000383838 0 
-0.000681071 0.000593616 0 
-0.000796868 -7.45714e-05 0 
-0.000734929 -4.76736e-05 0 
-0.000706244 -9.21847e-05 0 
-0.000734929 -4.76736e-05 0 
-0.000672607 0.00049557 0 
-0.00105749 0.000927735 0 
-0.00124238 0.000288666 0 
-0.00105749 0.000927735 0 
-0.00099155 -0.000373417 0 
-0.000524803 -0.000402013 0 
-0.000726115 -0.000138443 0 
-0.000524803 -0.000402013 0 
-0.000718581 -0.000593697 0 
-0.000548615 -0.000188442 0 
-0.000847567 -0.000306833 0 
-0.000548615 -0.000188442 0 
-0.000738329 -0.000135473 0 
-0.000824912 -9.91161e-05 0 
-0.000721906 -0.000112472 0 
-0.000824912 -9.91161e-05 0 
-0.00102531 -0.000133444 0 
-0.00113392 -3.15652e-05 0 
-0.00111369 -0.000160177 0 
-0.00113392 -3.15652e-05 0 
0.000260131 -0.000870998 0 
2.08571e-05 3.54075e-05 0 
-0.000478139 -0.000429104 0 
2.08571e-05 3.54075e-05 0 
-0.00099779 0.000318369 0 
-0.000861931 0.000213904 0 
-0.000887422 0.000369278 0 
-0.000861931 0.000213904 0 
-0.00158877 -0.000190302 0 
-0.00122073 -0.000947032 0 
-0.000473569 -0.000252057 0 
-0.00122073 -0.000947032 0 
-0.000690037 0.000369869 0 
-0.00096177 0.000173999 0 
-0.000733935 9.95511e-05 0 
-0.00096177 0.000173999 0 
-0.000908172 -0.000388849 0 
-0.000907046 -0.000282084 0 
-0.00100121 -0.000346821 0 
-0.000907046 -0.000282084 0 
-0.000615691 0.000372987 0 
-0.000618872 -0.000165775 0 
-0.000145729 -7.76912e-05 0 
-0.000618872 -0.000165775 0 
4.19733e-05 -5.69538e-06 0 
-6.91014e-06 5.14878e-05 0 
-4.22885e-06 1.36887e-05 0 
-6.91014e-06 5.14878e-05 0 
-0.000835315 0.000262154 0 
-0.000792458 0.000370239 0 
-0.000898466 0.000349259 0 
-0.000792458 0.000370239 0 
-0.000102005 -0.000350885 0 
2.88501e-05 -0.000153161 0 
-0.000167559 -0.000191294 0 
2.88501e-05 -0.000153161 0 
-0.000260897 0.000783745 0 
-0.000473115 0.00063555 0 
-0.000240005 0.000437585 0 
-0.000473115 0.00063555 0 
-0.000839684 0.000238811 0 
-0.000223516 6.37782e-05 0 
-0.000467549 0.00037664 0 
-0.000223516 6.37782e-05 0 
-0.000533391 0.000256582 0 
-0.000320046 0.00018103 0 
-0.000316229 0.000363471 0 
-0.000320046 0.00018103 0 
-0.00104012 0.000384672 0 
-0.00107977 0.000414446 0 
-0.00107415 0.000364499 0 
-0.00107977 0.000414446 0 
-0.000838506 6.06703e-05 0 
-0.000973584 4.12115e-05 0 
-0.000878207 -8.15648e-05 0 
-0.000973584 4.12115e-05 0 
-0.000981171 0.000326356 0 
-0.00018687 -7.97668e-05 0 
-0.000389589 0.000693343 0 
-0.00018687 -7.97668e-05 0 
-0.000125942 0.000532014 0 
-0.000976464 0.00108335 0 
-0.000380078 6.29636e-05 0 
-0.000976464 0.00108335 0 
-0.000509934 -0.000196721 0 
-0.000388006 -0.000101111 0 
-0.000527702 -6.2945e-05 0 
-0.000388006 -0.000101111 0 
-0.000830539 -0.000300423 0 
-0.000740955 -0.000493758 0 
-0.000652967 -0.00029735 0 
-0.000740955 -0.000493758 0 
-0.000673423 -0.000398112 0 
-0.000562142 -0.000293829 0 
-0.000669186 -0.000191485 0 
-0.000562142 -0.000293829 0 
-0.000659605 0.000866973 0 
-0.000329705 0.000790429 0 
-0.000429049 0.000976431 0 
-0.000329705 0.000790429 0 
-0.000720233 -0.000123985 0 
-0.000309799 -0.000235353 0 
-0.000531583 -1.02126e-05 0 
-0.000309799 -0.000235353 0 
-0.000763402 8.2788e-05 0 
-0.000684034 -0.00022422 0 
-0.000446157 -2.3953e-05 0 
-0.000684034 -0.00022422 0 
-0.00126689 -0.00025584 0 
-0.000528385 -0.00099012 0 
-0.000863471 -8.35164e-05 0 
-0.000528385 -0.00099012 0 
-0.000195735 0.000229753 0 
-3.83842e-05 0.000232588 0 
-8.96562e-05 0.000393188 0 
-3.83842e-05 0.000232588 0 
-0.000527352 0.000408137 0 
-0.000532959 0.000469418 0 
-0.000592509 0.000438442 0 
-0.000532959 0.000469418 0 
-0.000240491 -0.000306666 0 
-0.000173825 -0.000184003 0 
-0.000379565 -0.000156564 0 
-0.000173825 -0.000184003 0 
-0.000956723 0.00032289 0 
-0.000681135 0.000138405 0 
-0.000531443 0.000401974 0 
-0.000681135 0.000138405 0 
-0.00084446 0.000413969 0 
-0.000867137 0.000423508 0 
-0.000846418 0.000402014 0 
-0.000867137 0.000423508 0 
-0.000303109 0.000714083 0 
-0.0015473 0.00103199 0 
-0.000771321 0.000358091 0 
-0.0015473 0.00103199 0 
-0.000824963 0.000374971 0 
-0.000856208 0.000406969 0 
-0.000872719 0.000345511 0 
-0.000856208 0.000406969 0 
-0.000628466 -0.000311101 0 
-0.000783432 -0.000107947 0 
-0.000940976 -0.000341842 0 
-0.000783432 -0.000107947 0 
-0.000441451 -0.000104039 0 
-0.000346128 -0.000131655 0 
-0.000275821 -8.55726e-05 0 
-0.000346128 -0.000131655 0 
-0.00101209 0.000177186 0 
-0.00114054 0.000203731 0 
-0.00110024 7.05695e-05 0 
-0.00114054 0.000203731 0 
-0.000781402 0.000526481 0 
-0.00152054 0.000194631 0 
-0.00101931 0.000227535 0 
-0.00152054 0.000194631 0 
-0.000923115 0.000194894 0 
-0.000854976 3.89448e-05 0 
-0.0008029 0.000200501 0 
-0.000854976 3.89448e-05 0 
-0.00103344 0.000588738 0 
-0.000656733 0.000318569 0 
-0.000692496 0.000782402 0 
-0.000656733 0.000318569 0 
-0.00222006 -0.000876403 0 
-0.000211478 -0.000607546 0 
-0.00110969 -8.74931e-05 0 
-0.000211478 -0.000607546 0 
-0.000971016 9.94153e-05 0 
-0.00094529 -5.57022e-05 0 
-0.000842098 1.72656e-05 0 
-0.00094529 -5.57022e-05 0 
-0.00100824 0.000217347 0 
-0.000683834 2.48232e-05 0 
-0.000661891 0.000296617 0 
-0.000683834 2.48232e-05 0 
-0.000800692 -0.000502846 0 
-0.000547818 -0.000858969 0 
-0.000361143 -0.000491296 0 
-0.000547818 -0.000858969 0 
2.91528e-05 -0.000684433 0 
-0.000313317 0.00127761 0 
-0.000638964 -2.36497e-05 0 
-0.000313317 0.00127761 0 
-0.000582585 0.000545737 0 
-0.0010173 0.000615578 0 
-0.000393607 0.000368229 0 
-0.0010173 0.000615578 0 
-0.000518427 0.000747662 0 
-0.00164123 0.000891529 0 
-0.000723636 5.79894e-05 0 
-0.00164123 0.000891529 0 
-0.00173598 -2.08274e-05 0 
-0.00130211 -0.000195039 0 
-0.00138821 0.000322851 0 
-0.00130211 -0.000195039 0 
-0.000746516 -0.000284582 0 
-0.000675285 -0.000110256 0 
-0.000897121 -8.72816e-05 0 
-0.000675285 -0.000110256 0 
-0.00113123 0.000118827 0 
-0.000862923 -0.000197785 0 
-0.000882336 -2.73319e-05 0 
-0.000862923 -0.000197785 0 
-0.000423379 1.5034e-05 0 
-0.000306721 0.000177001 0 
-0.000474185 0.000179937 0 
-0.000306721 0.000177001 0 
-0.00114475 9.63377e-05 0 
-0.000908189 -0.000160452 0 
-0.000708077 0.000220378 0 
-0.000908189 -0.000160452 0 
-0.000677944 0.000234413 0 
-0.000548326 -0.000152168 0 
-0.000209432 -2.95723e-05 0 
-0.000548326 -0.000152168 0 
-0.00116821 9.58999e-05 0 
-0.00129078 -0.00013708 0 
-0.00104474 -0.000134643 0 
-0.00129078 -0.00013708 0 
-0.000377109 0.000511239 0 
-0.000573907 0.000701875 0 
-0.000523619 0.000422387 0 
-0.000573907 0.000701875 0 
-0.00102491 -0.000591802 0 
-0.000815832 -0.000352918 0 
-0.00113846 -0.000339625 0 
-0.000815832 -0.000352918 0 
-0.000390782 0.000100827 0 
-0.000495052 2.89114e-05 0 
-0.000397094 5.85224e-06 0 
-0.000495052 2.89114e-05 0 
-0.00147459 -0.000175325 0 
-0.0016433 -0.00110804 0 
-0.00113638 -0.000684616 0 
-0.0016433 -0.00110804 0 
-0.000843143 -0.000379905 0 
-0.000387105 -0.000267104 0 
-0.000783777 3.30778e-05 0 
-0.000387105 -0.000267104 0 
-0.00102002 0.000308998 0 
-0.00106264 -2.83732e-05 0 
-0.000788717 0.000176072 0 
-0.00106264 -2.83732e-05 0 
-0.0010255 -0.000331134 0 
-0.000766427 -8.57188e-05 0 
-0.00111606 -9.63332e-05 0 
-0.000766427 -8.57188e-05 0 
-0.00164322 -0.00178843 0 
-0.000686404 -0.00261476 0 
-0.000862346 -0.00183123 0 
-0.000686404 -0.00261476 0 
-0.00101035 0.000540563 0 
-0.00119531 0.000407466 0 
-0.0010101 0.000330906 0 
-0.00119531 0.000407466 0 
-0.000883317 0.000577844 0 
-0.00109141 0.000522415 0 
-0.000945892 0.00047628 0 
-0.00109141 0.000522415 0 
-0.000876071 -0.000108426 0 
-0.000711697 -0.000144825 0 
-0.000745945 -0.00010403 0 
-0.000711697 -0.000144825 0 
-0.00111977 0.000194535 0 
-0.0014164 -0.000369653 0 
-0.000673092 -0.000222097 0 
-0.0014164 -0.000369653 0 
-0.00175668 0.000304444 0 
-0.00141363 -0.00147691 0 
-0.000999392 2.54601e-05 0 
-0.00141363 -0.00147691 0 
-0.000685491 0.000211225 0 
-0.000717833 7.21748e-05 0 
-0.000545915 0.000117705 0 
-0.000717833 7.21748e-05 0 
3.14562e-05 -5.00469e-05 0 
-0.000575644 -2.90266e-05 0 
-0.000475721 -0.0004486 0 
-0.000575644 -2.90266e-05 0 
-0.00112253 -0.000434285 0 
-0.00160286 -0.000861658 0 
-0.00115329 -0.00089184 0 
-0.00160286 -0.000861658 0 
-0.0005556 -0.000333917 0 
-0.00059151 -0.000485047 0 
-0.000463553 -0.000413037 0 
-0.00059151 -0.000485047 0 
-0.00131793 0.000290859 0 
-0.000924451 0.000206095 0 
-0.00111883 0.000336075 0 
-0.000924451 0.000206095 0 
-0.000705168 -9.19678e-05 0 
-0.000752955 -5.13066e-05 0 
-0.000857017 -0.000111825 0 
-0.000752955 -5.13066e-05 0 
-0.00128857 -0.000220409 0 
-0.00159806 -0.000959043 0 
-0.0011902 -0.000751144 0 
-0.00159806 -0.000959043 0 
-0.00145138 -0.00089487 0 
-0.00083552 -0.00117958 0 
-0.000576326 -0.000326887 0 
-0.00083552 -0.00117958 0 
-0.00256364 -0.00087677 0 
-0.000271765 -0.000811699 0 
-0.00146334 -0.000197114 0 
-0.000271765 -0.000811699 0 
-0.000410722 -7.67717e-05 0 
-0.000457493 -0.00021368 0 
-0.000319572 -0.000139377 0 
-0.000457493 -0.00021368 0 
-0.00138793 -0.000442248 0 
-0.000927405 -0.000327098 0 
-0.00114956 -9.77113e-05 0 
-0.000927405 -0.000327098 0 
-0.000967322 0.000585762 0 
-0.000498847 0.000159836 0 
-0.000422391 0.000264051 0 
-0.000498847 0.000159836 0 
-0.000714829 7.00034e-05 0 
-0.000842611 5.35232e-05 0 
-0.000753497 -4.88564e-05 0 
-0.000842611 5.35232e-05 0 
-0.00080609 4.44057e-05 0 
-0.000947029 0.000389614 0 
-0.00112478 -7.09849e-05 0 
-0.000947029 0.000389614 0 
-0.000671454 0.00012601 0 
-0.000874413 -0.000295632 0 
-0.000591689 -0.000149472 0 
-0.000874413 -0.000295632 0 
-0.000663567 -7.17974e-05 0 
-0.000761309 -0.000190499 0 
-0.000605113 -0.000222898 0 
-0.000761309 -0.000190499 0 
-0.00010765 -0.000471604 0 
8.76412e-05 -0.000381453 0 
-3.66798e-05 -0.000341298 0 
8.76412e-05 -0.000381453 0 
-0.000143624 0.000554598 0 
-0.00115998 0.00228653 0 
-0.000863305 0.000612753 0 
-0.00115998 0.00228653 0 
-0.000818501 0.000737298 0 
-0.0015955 0.00064027 0 
-0.000682752 0.000254341 0 
-0.0015955 0.00064027 0 
-0.000980613 0.000432292 0 
-0.00077537 5.367e-06 0 
-0.000237566 0.000229629 0 
-0.00077537 5.367e-06 0 
-0.000683116 -0.000471787 0 
-0.000754571 -0.000379748 0 
-0.000798256 -0.000501228 0 
-0.000754571 -0.000379748 0 
-0.00106808 0.000281458 0 
-0.00109468 0.000139908 0 
-0.00108264 0.00021844 0 
-0.00109468 0.000139908 0 
-0.000542229 0.000416 0 
-0.00170162 -0.000126417 0 
-0.000865904 -9.86e-05 0 
-0.00170162 -0.000126417 0 
-0.00106185 -0.00112429 0 
-0.000716343 -0.00109729 0 
-0.000980197 -0.000724401 0 
-0.000716343 -0.00109729 0 
-0.00139498 -0.0011426 0 
-0.00152396 -0.0015876 0 
-0.00119759 -0.00150784 0 
-0.00152396 -0.0015876 0 
-0.00104792 0.000224559 0 
-0.00094783 2.6256e-05 0 
-0.00078478 0.000118251 0 
-0.00094783 2.6256e-05 0 
-0.000433549 -9.53285e-05 0 
-0.000545598 -9.35485e-05 0 
-0.000491369 -0.000271014 0 
-0.000545598 -9.35485e-05 0 
-0.00328035 -0.000286765 0 
-0.001812 -0.000984216 0 
-0.00131232 -0.000158647 0 
-0.001812 -0.000984216 0 
-0.000324414 7.57873e-05 0 
-0.000311933 -1.18224e-05 0 
-0.00025807 2.01541e-05 0 
-0.000311933 -1.18224e-05 0 
-0.000712476 -0.000251142 0 
-0.000613135 -0.000218158 0 
-0.000826993 -0.000165935 0 
-0.000613135 -0.000218158 0 
1.41698e-05 7.97208e-06 0 
1.69523e-06 1.07766e-05 0 
3.45848e-06 3.59983e-06 0 
1.69523e-06 1.07766e-05 0 
-0.000758 0.000187734 0 
-0.000880413 4.61778e-05 0 
-0.000641925 -1.41184e-05 0 
-0.000880413 4.61778e-05 0 
-0.000302037 -6.31576e-05 0 
-0.000319927 -4.68256e-05 0 
-0.000395803 -7.19747e-05 0 
-0.000319927 -4.68256e-05 0 
-0.00128526 -0.00024152 0 
-0.000685089 -0.000118842 0 
-0.000993813 0.000115572 0 
-0.000685089 -0.000118842 0 
-0.000561213 -0.000128779 0 
-0.000819332 -0.000258232 0 
-0.000494979 -0.000354063 0 
-0.000819332 -0.000258232 0 
-0.00105085 -0.000204211 0 
-0.000799454 -0.000307633 0 
-0.000926726 1.76591e-05 0 
-0.000799454 -0.000307633 0 
-0.000552133 8.75738e-05 0 
-0.000648389 0.000310384 0 
-0.000715584 8.66308e-05 0 
-0.000648389 0.000310384 0 
-0.00133037 0.00018616 0 
-0.00147593 0.00114503 0 
-0.0020114 0.000551839 0 
-0.00147593 0.00114503 0 
-0.000284219 0.000398355 0 
-0.000495129 0.000300126 0 
-0.000318062 0.000198266 0 
-0.000495129 0.000300126 0 
-0.000339902 -8.5011e-05 0 
-0.000155648 0.000188529 0 
-0.000609871 0.000204245 0 
-0.000155648 0.000188529 0 
-0.000727365 -3.69803e-05 0 
-0.00120375 7.36269e-05 0 
-0.000754473 -0.000191814 0 
-0.00120375 7.36269e-05 0 
-0.000502227 0.000955221 0 
-0.000891683 0.000840994 0 
-0.000435023 0.000623811 0 
-0.000891683 0.000840994 0 
-0.000669498 -0.000880073 0 
-0.000627761 -0.000311659 0 
-0.00100641 -0.000290075 0 
-0.000627761 -0.000311659 0 
-0.000839295 7.69395e-05 0 
-0.000715141 5.15577e-05 0 
-0.000743058 0.000112208 0 
-0.000715141 5.15577e-05 0 
-0.000635895 -0.00156733 0 
-0.00102452 -0.00176957 0 
-0.000594682 -0.00188864 0 
-0.00102452 -0.00176957 0 
-0.000798033 0.00113508 0 
-0.000957705 0.000340859 0 
-0.000387499 0.000694634 0 
-0.000957705 0.000340859 0 
-0.00157453 0.000403638 0 
-0.00147908 -0.000287122 0 
-0.00117556 -8.57616e-05 0 
-0.00147908 -0.000287122 0 
-0.00122739 0.000315731 0 
-0.00107138 0.000254526 0 
-0.0011622 0.000400601 0 
-0.00107138 0.000254526 0 
-0.000995458 -0.000315763 0 
-0.000697795 -0.000302212 0 
-0.000737033 -0.000119915 0 
-0.000697795 -0.000302212 0 
8.90562e-05 -0.000630266 0 
0.000102605 -0.000407516 0 
-0.000149282 -0.000363616 0 
0.000102605 -0.000407516 0 
-0.0011407 0.000533265 0 
-0.00129053 0.000293429 0 
-0.00109004 0.000338776 0 
-0.00129053 0.000293429 0 
-0.00093295 -0.000164426 0 
-0.000841476 -0.000141027 0 
-0.000982957 -0.000222095 0 
-0.000841476 -0.000141027 0 
-0.00080371 -2.29459e-05 0 
-0.000862083 3.99255e-05 0 
-0.000878196 -4.59349e-05 0 
-0.000862083 3.99255e-05 0 
-0.000353125 -0.000156488 0 
-0.000121819 -0.000225852 0 
-0.000219393 -0.00012093 0 
-0.000121819 -0.000225852 0 
-0.000275276 0.000127559 0 
-7.04023e-05 9.17218e-05 0 
-0.000152682 0.000197974 0 
-7.04023e-05 9.17218e-05 0 
-0.00118362 -0.000213159 0 
-0.000495877 -6.74898e-05 0 
-0.000898176 0.000286764 0 
-0.000495877 -6.74898e-05 0 
0.000105587 -0.000351864 0 
-8.03436e-05 -0.000199049 0 
-0.000148934 -0.000355167 0 
-8.03436e-05 -0.000199049 0 
-0.00110299 0.00052464 0 
-0.000505656 0.00069823 0 
-0.0007373 0.000903426 0 
-0.000505656 0.00069823 0 
-0.000419047 -0.000397653 0 
-0.000283813 7.76196e-05 0 
-0.000864469 9.59946e-05 0 
-0.000283813 7.76196e-05 0 
-0.000419516 0.000135492 0 
-0.000602866 0.000253624 0 
-0.000625071 4.39641e-06 0 
-0.000602866 0.000253624 0 
-0.00067527 0.000601881 0 
-0.000637252 0.000383244 0 
-0.000501585 0.000444123 0 
-0.000637252 0.000383244 0 
5.7614e-05 0.000553293 0 
-0.00132751 0.00208243 0 
-0.000908742 0.00093419 0 
-0.00132751 0.00208243 0 
-0.00046924 -7.01939e-05 0 
-0.000392764 -0.000152362 0 
-0.000383347 -6.28936e-05 0 
-0.000392764 -0.000152362 0 
-0.000733911 0.000447655 0 
-0.00121179 0.00131166 0 
-0.00109902 0.000815967 0 
-0.00121179 0.00131166 0 
-0.000439679 -0.000242686 0 
-0.000451655 -0.000417391 0 
-0.000380369 -0.000344457 0 
-0.000451655 -0.000417391 0 
-0.000981751 0.000214592 0 
-0.000958132 0.000346193 0 
-0.00109509 0.000256122 0 
-0.000958132 0.000346193 0 
-0.000631306 0.000114541 0 
-0.000729684 4.46555e-05 0 
-0.000594094 -2.55963e-05 0 
-0.000729684 4.46555e-05 0 
-0.00129813 0.000535943 0 
-0.0018967 0.000775785 0 
-0.00156099 0.000316424 0 
-0.0018967 0.000775785 0 
-0.00174633 0.000880124 0 
-0.00140109 0.000157558 0 
-0.00119632 0.000645806 0 
-0.00140109 0.000157558 0 
-0.000945227 -0.000671128 0 
-0.000377487 -0.000687353 0 
-0.000234464 -9.0211e-05 0 
-0.000377487 -0.000687353 0 
-0.00128204 -0.00104355 0 
-0.001486 -0.000527578 0 
-0.00166738 -0.00100905 0 
-0.001486 -0.000527578 0 
-0.000863887 0.000378451 0 
-0.000820998 0.000385139 0 
-0.000851158 0.000405579 0 
-0.000820998 0.000385139 0 
-0.00118556 1.78424e-05 0 
-0.00127698 0.00023717 0 
-0.00136058 -2.56827e-05 0 
-0.00127698 0.00023717 0 
-0.00292822 0.00172204 0 
-0.00309732 0.000319966 0 
-0.00170656 0.000952831 0 
-0.00309732 0.000319966 0 
-2.02757e-05 0.000221924 0 
-0.000126381 0.000410971 0 
-0.00032096 0.000284928 0 
-0.000126381 0.000410971 0 
-0.000519581 -0.000423512 0 
-0.000298324 -0.000647607 0 
-0.000353419 -0.000421089 0 
-0.000298324 -0.000647607 0 
-0.00139209 -0.00129122 0 
-0.000275146 -0.000590237 0 
-0.000717574 6.17699e-05 0 
-0.000275146 -0.000590237 0 
-0.000793646 0.000552147 0 
-0.000232782 0.00101088 0 
-0.000694362 0.000742373 0 
-0.000232782 0.00101088 0 
-0.00107136 0.000193688 0 
-0.00120293 0.000118349 0 
-0.00112989 0.000107917 0 
-0.00120293 0.000118349 0 
-0.000704723 -0.000516439 0 
-0.000911829 -0.00033878 0 
-0.000855329 -0.000796674 0 
-0.000911829 -0.00033878 0 
-0.000269798 0.000682511 0 
-0.00117318 0.00119995 0 
-0.000582511 0.000199682 0 
-0.00117318 0.00119995 0 
-0.000616896 0.000134656 0 
-0.000808081 0.000388079 0 
-0.00094628 0.000128433 0 
-0.000808081 0.000388079 0 
-0.000893917 -4.86115e-05 0 
-0.000736308 0.000135084 0 
-0.00105239 0.00023628 0 
-0.000736308 0.000135084 0 
-0.000307888 -0.000615775 0 
-0.000774961 -0.000162681 0 
3.49471e-06 -0.00138025 0 
-0.000774961 -0.000162681 0 
-0.000248549 -0.000198433 0 
-0.00029285 -0.000432122 0 
-0.00014403 -0.000349114 0 
-0.00029285 -0.000432122 0 
-0.0019874 -0.00078204 0 
-0.000263419 -0.000463193 0 
-0.0013675 -0.000244969 0 
-0.000263419 -0.000463193 0 
-0.00108547 3.9695e-05 0 
-0.000887625 -0.000102518 0 
-0.000839863 0.000244999 0 
-0.000887625 -0.000102518 0 
-0.000595062 0.000103425 0 
-0.000594527 7.28454e-05 0 
-0.000534386 -1.69275e-06 0 
-0.000594527 7.28454e-05 0 
-0.00122148 0.000536567 0 
-0.00108947 -0.00083884 0 
-0.00069359 0.000325265 0 
-0.00108947 -0.00083884 0 
-0.000640785 0.000429895 0 
-0.000657641 0.000408019 0 
-0.00052344 0.000366145 0 
-0.000657641 0.000408019 0 
-0.000744931 -0.000114979 0 
-0.000602703 -0.00012927 0 
-0.000678975 -1.64685e-05 0 
-0.000602703 -0.00012927 0 
-0.00221979 0.00111543 0 
-0.00204932 0.00117365 0 
-0.0017736 0.00104069 0 
-0.00204932 0.00117365 0 
-0.000214206 0.000553128 0 
-0.000433075 0.000465571 0 
-0.000246373 0.000468527 0 
-0.000433075 0.000465571 0 
-0.0010889 -0.00120039 0 
-0.000960583 -0.000714837 0 
-0.0015361 -0.000787781 0 
-0.000960583 -0.000714837 0 
-0.00126307 -0.000261178 0 
-0.00121473 -0.000144269 0 
-0.00131026 -0.000108094 0 
-0.00121473 -0.000144269 0 
-0.00150898 0.000576189 0 
-0.00171246 -0.000354851 0 
-0.00113619 0.000279103 0 
-0.00171246 -0.000354851 0 
-0.00141673 -6.67474e-05 0 
-0.00120888 -7.14615e-05 0 
-0.00130687 0.000170377 0 
-0.00120888 -7.14615e-05 0 
-0.000789247 -0.00021641 0 
-0.000590058 -0.000678952 0 
-0.000406437 -0.000369073 0 
-0.000590058 -0.000678952 0 
-0.000702866 -0.000251443 0 
-0.000756772 -0.000325289 0 
-0.000609618 -0.000218268 0 
-0.000756772 -0.000325289 0 
-0.000595005 -0.000233753 0 
-0.000296135 -7.52158e-05 0 
-0.000588299 0.000156195 0 
-0.000296135 -7.52158e-05 0 
-0.00118741 -0.00125111 0 
-0.000662288 -0.0010932 0 
-0.00107555 -0.0007815 0 
-0.000662288 -0.0010932 0 
-0.000929677 0.000175753 0 
-0.000270653 0.000649438 0 
-0.000990049 0.000771521 0 
-0.000270653 0.000649438 0 
-0.000892663 0.000435963 0 
-0.000341219 -0.000985593 0 
-0.00039294 -0.000217245 0 
-0.000341219 -0.000985593 0 
-0.000272854 -0.000780804 0 
-0.000303628 0.000597218 0 
-0.000734155 -0.000127499 0 
-0.000303628 0.000597218 0 
-0.000374049 -0.00117576 0 
-0.000510336 -0.000347681 0 
-0.000714906 -0.000628303 0 
-0.000510336 -0.000347681 0 
-0.00101454 0.00040325 0 
-0.00199269 0.00015495 0 
-0.00147129 -0.000113524 0 
-0.00199269 0.00015495 0 
-0.000566854 -9.69767e-05 0 
-0.000622247 -2.61773e-05 0 
-0.000573278 -7.99671e-05 0 
-0.000622247 -2.61773e-05 0 
-0.00132852 -0.000262101 0 
-0.000810234 -0.000370546 0 
-0.00103499 -0.00010061 0 
-0.000810234 -0.000370546 0 
-0.000531848 3.31571e-05 0 
-0.000423893 -0.000158155 0 
-0.000295558 -2.47398e-05 0 
-0.000423893 -0.000158155 0 
-0.000745358 -0.000271512 0 
-0.000670823 0.000276116 0 
-0.00124069 0.000230188 0 
-0.000670823 0.000276116 0 
-0.00104901 2.16047e-05 0 
-0.00124709 0.000159633 0 
-0.00118775 -0.00012443 0 
-0.00124709 0.000159633 0 
-0.000996978 -0.000999864 0 
-0.00171932 -0.00108714 0 
-0.00116352 -0.00133157 0 
-0.00171932 -0.00108714 0 
-0.00102485 0.000815871 0 
-0.00117677 0.000497097 0 
-0.000818412 0.000531803 0 
-0.00117677 0.000497097 0 
-0.000637184 0.000134299 0 
-0.000690931 0.000451093 0 
-0.00096375 0.00014855 0 
-0.000690931 0.000451093 0 
-0.00197257 0.000707979 0 
-0.00128446 -0.000514806 0 
-0.000993885 0.000140024 0 
-0.00128446 -0.000514806 0 
-0.00513454 -0.00101735 0 
-0.0017149 -0.00153503 0 
-0.00105784 0.000439252 0 
-0.0017149 -0.00153503 0 
-0.000123277 -6.77585e-07 0 
-0.000264624 0.000367094 0 
-0.000460681 3.06622e-05 0 
-0.000264624 0.000367094 0 
4.14325e-06 -2.90362e-05 0 
-4.21545e-06 -1.20326e-05 0 
-5.94749e-05 2.88589e-06 0 
-4.21545e-06 -1.20326e-05 0 
-0.000481969 6.31341e-05 0 
-0.000266636 -3.14716e-05 0 
-0.000339873 0.000162322 0 
-0.000266636 -3.14716e-05 0 
-0.00133769 0.0008265 0 
-0.00165831 0.000102949 0 
-0.00124158 0.000222989 0 
-0.00165831 0.000102949 0 
-0.000769759 -0.000302461 0 
-0.000896798 -0.000158675 0 
-0.00101274 -0.000226833 0 
-0.000896798 -0.000158675 0 
-0.00106218 0.000397168 0 
-0.00111382 0.000458855 0 
-0.00123156 0.000358907 0 
-0.00111382 0.000458855 0 
-0.00162443 -0.00105871 0 
-0.00018747 -0.000263018 0 
-0.000802439 -3.23313e-05 0 
-0.00018747 -0.000263018 0 
-0.000490786 -5.80406e-05 0 
-0.00042151 1.94739e-05 0 
-0.000548024 4.26112e-05 0 
-0.00042151 1.94739e-05 0 
-0.00107023 0.000809582 0 
-0.00095928 0.000155375 0 
-0.000674306 0.000252212 0 
-0.00095928 0.000155375 0 
-0.000611256 2.73987e-05 0 
-0.00060376 -7.33866e-05 0 
-0.000475028 3.62768e-06 0 
-0.00060376 -7.33866e-05 0 
-0.000874241 -0.000447531 0 
-0.000401915 -0.000290761 0 
-0.000785059 -9.69838e-05 0 
-0.000401915 -0.000290761 0 
-0.000523912 5.14083e-05 0 
-0.000734961 0.000133257 0 
-0.000587991 1.45807e-05 0 
-0.000734961 0.000133257 0 
-0.00116236 0.000398734 0 
-0.00108792 0.00046542 0 
-0.00106761 0.000395792 0 
-0.00108792 0.00046542 0 
-0.00120737 0.00118106 0 
-0.00160857 0.00166633 0 
-0.001447 0.000458538 0 
-0.00160857 0.00166633 0 
-0.000784393 0.000213616 0 
-0.000866517 0.000398634 0 
-0.000930738 0.000206168 0 
-0.000866517 0.000398634 0 
-0.000200819 -3.48295e-05 0 
-0.000619782 0.000326798 0 
-0.000689078 -0.000134273 0 
-0.000619782 0.000326798 0 
-0.000707381 0.00114642 0 
-0.00118272 0.000318288 0 
-0.000742593 0.00054898 0 
-0.00118272 0.000318288 0 
-0.00167638 0.00104043 0 
-0.00161264 0.000168791 0 
-0.00139486 0.000588946 0 
-0.00161264 0.000168791 0 
-3.03722e-06 9.66758e-06 0 
-1.82933e-05 8.76708e-06 0 
-2.59647e-06 1.4057e-06 0 
-1.82933e-05 8.76708e-06 0 
4.13805e-05 4.16699e-05 0 
-0.000419928 -0.000304814 0 
-8.5402e-06 -0.000207367 0 
-0.000419928 -0.000304814 0 
-0.00116905 0.00039807 0 
-0.00103414 0.000315134 0 
-0.00103198 0.00047235 0 
-0.00103414 0.000315134 0 
-0.00102947 -0.000233 0 
-0.000833087 -0.000884222 0 
-0.00071456 -0.000261421 0 
-0.000833087 -0.000884222 0 
-0.00169669 -4.02486e-05 0 
-0.00194892 0.000104235 0 
-0.00141752 -0.000123992 0 
-0.00194892 0.000104235 0 
-0.0004142 -7.80994e-05 0 
-0.000324759 -0.000141357 0 
-0.000315219 -2.11929e-05 0 
-0.000324759 -0.000141357 0 
-0.000602858 0.00035336 0 
-0.000513021 0.000392146 0 
-0.000701498 0.0003913 0 
-0.000513021 0.000392146 0 
-0.00136027 -0.000139542 0 
-0.00216909 -0.00115596 0 
-0.00119317 -0.0012757 0 
-0.00216909 -0.00115596 0 
-0.00257027 -0.000283449 0 
-0.00124687 0.000269623 0 
-0.00185451 0.000708658 0 
-0.00124687 0.000269623 0 
-0.00104787 1.64079e-05 0 
-0.000500483 -0.000471036 0 
-0.000635508 0.000149862 0 
-0.000500483 -0.000471036 0 
-0.000301402 -0.000437511 0 
-0.000348162 -0.000397055 0 
-0.00023539 -0.000441559 0 
-0.000348162 -0.000397055 0 
-0.000280536 -0.000465798 0 
-0.000253574 -0.000416906 0 
-0.000424876 -0.000297411 0 
-0.000253574 -0.000416906 0 
-0.000775453 2.34226e-05 0 
-0.00066035 0.000227309 0 
-0.000690615 0.000155655 0 
-0.00066035 0.000227309 0 
-0.00059038 0.000204173 0 
-0.000564776 7.1091e-05 0 
-0.00047775 0.000180661 0 
-0.000564776 7.1091e-05 0 
-0.000449064 -0.000226471 0 
-0.000441329 -0.000107843 0 
-0.000439949 -0.000206482 0 
-0.000441329 -0.000107843 0 
-0.000742898 -0.000556708 0 
-0.00046616 -0.000431064 0 
-0.000652616 -0.000285993 0 
-0.00046616 -0.000431064 0 
-0.000261179 -0.000132709 0 
-9.00782e-05 0.000175544 0 
-0.000645728 5.35464e-05 0 
-9.00782e-05 0.000175544 0 
-0.000743672 0.000380783 0 
-0.000729035 0.000344548 0 
-0.000695297 0.000400729 0 
-0.000729035 0.000344548 0 
-0.000781672 -0.000100372 0 
-0.000438996 -0.000253657 0 
-0.000614056 0.000154724 0 
-0.000438996 -0.000253657 0 
-3.60343e-05 -0.00045905 0 
-0.0001981 -7.59002e-05 0 
-0.000405844 -0.000368243 0 
-0.0001981 -7.59002e-05 0 
-0.00133119 0.000777928 0 
-0.00231102 0.000796078 0 
-0.00210924 0.000120024 0 
-0.00231102 0.000796078 0 
-0.00111937 -9.25921e-05 0 
-0.000791243 -8.36042e-05 0 
-0.000944229 0.000169574 0 
-0.000791243 -8.36042e-05 0 
-5.8463e-06 2.35578e-05 0 
4.16431e-05 0.000249256 0 
-9.416e-05 3.10668e-05 0 
4.16431e-05 0.000249256 0 
-0.00152975 0.000909743 0 
-0.00126579 0.00045129 0 
-0.000972884 0.000715691 0 
-0.00126579 0.00045129 0 
-0.000754242 -0.000209854 0 
-0.000780843 -0.000294894 0 
-0.000697036 -0.000283829 0 
-0.000780843 -0.000294894 0 
-0.00147389 -0.000326217 0 
-0.00126267 -0.000307513 0 
-0.00134846 -0.000125155 0 
-0.00126267 -0.000307513 0 
-0.00097645 -3.16467e-05 0 
-0.000779838 -0.000175853 0 
-0.00083957 1.53146e-05 0 
-0.000779838 -0.000175853 0 
-0.000272486 0.000431496 0 
-0.000519132 0.000809277 0 
-0.000647667 0.000630181 0 
-0.000519132 0.000809277 0 
-0.000181103 0.000345349 0 
-0.000346216 0.00012195 0 
-0.000115226 0.000200935 0 
-0.000346216 0.00012195 0 
-0.00150411 -0.000935222 0 
-0.000462188 -0.000733855 0 
-0.000644973 -4.07917e-05 0 
-0.000462188 -0.000733855 0 
-0.000920978 -0.00020778 0 
-0.0010113 0.000126531 0 
-0.001206 -0.00010297 0 
-0.0010113 0.000126531 0 
-0.000386797 0.00129198 0 
-0.00160293 0.000485567 0 
-0.000729351 0.000240383 0 
-0.00160293 0.000485567 0 
-0.00144857 0.000283163 0 
-0.00123811 0.000445132 0 
-0.00131533 0.000615001 0 
-0.00123811 0.000445132 0 
-0.000423478 0.000229948 0 
-0.00067787 8.47514e-05 0 
-0.000475161 3.74186e-06 0 
-0.00067787 8.47514e-05 0 
-0.000970076 7.05673e-05 0 
-0.00165498 -0.000406598 0 
-0.00112679 -0.000304644 0 
-0.00165498 -0.000406598 0 
-0.000958205 -4.73752e-05 0 
-0.000741499 -0.000187903 0 
-0.000688223 0.000134159 0 
-0.000741499 -0.000187903 0 
-0.000750666 -0.000621134 0 
-0.000793432 -0.000498774 0 
-0.000915568 -0.000589288 0 
-0.000793432 -0.000498774 0 
-0.0010058 -0.000294923 0 
-0.000994594 -7.94691e-05 0 
-0.00117009 -4.6711e-05 0 
-0.000994594 -7.94691e-05 0 
-0.00116485 0.000270654 0 
-0.00106198 0.000351778 0 
-0.00122897 0.000456522 0 
-0.00106198 0.000351778 0 
-0.000815306 -0.000258666 0 
-0.000720116 6.77571e-05 0 
-0.000966174 -6.43663e-06 0 
-0.000720116 6.77571e-05 0 
-0.000711547 0.000341357 0 
-0.00100964 0.00056832 0 
-0.000958964 0.000174024 0 
-0.00100964 0.00056832 0 
-0.000549926 0.000444014 0 
-0.000750573 0.000782575 0 
-0.000975419 0.000422018 0 
-0.000750573 0.000782575 0 
-0.000761459 -9.8102e-05 0 
-0.000853925 0.000286931 0 
-0.00113312 -5.37977e-05 0 
-0.000853925 0.000286931 0 
-0.00101369 -0.000774656 0 
-0.00120953 -0.000469802 0 
-0.00137072 -0.000871543 0 
-0.00120953 -0.000469802 0 
-0.00129602 -0.000240018 0 
-0.00128138 -0.000126645 0 
-0.00142479 -0.000116022 0 
-0.00128138 -0.000126645 0 
-0.000400109 1.4395e-05 0 
-0.000324498 0.000168405 0 
-0.000489514 0.000124888 0 
-0.000324498 0.000168405 0 
-0.00041082 8.08406e-06 0 
-0.000590608 0.000526072 0 
-0.000939802 5.84022e-05 0 
-0.000590608 0.000526072 0 
-0.000774136 -8.77974e-05 0 
-0.000631513 0.000125593 0 
-0.000983761 0.000179264 0 
-0.000631513 0.000125593 0 
-0.000133139 -0.00034759 0 
-0.000110356 -1.14703e-05 0 
-0.000321921 -0.000195816 0 
-0.000110356 -1.14703e-05 0 
-0.000315641 3.28902e-05 0 
-0.000381297 4.86198e-05 0 
-0.000388996 2.02769e-05 0 
-0.000381297 4.86198e-05 0 
-0.000815097 -0.00100992 0 
-0.000840483 -0.000553239 0 
-0.00115804 -0.00109886 0 
-0.000840483 -0.000553239 0 
-0.00124471 -0.0004426 0 
-0.000829231 -0.000473093 0 
-0.00102916 -0.000208711 0 
-0.000829231 -0.000473093 0 
-0.00135727 0.000247637 0 
-0.00182512 0.00011128 0 
-0.00129917 -3.36874e-05 0 
-0.00182512 0.00011128 0 
-0.000307061 2.07978e-05 0 
-0.000355871 0.000184133 0 
-0.0003772 4.2847e-05 0 
-0.000355871 0.000184133 0 
-9.48938e-05 -0.000274736 0 
-0.000987096 -0.000252867 0 
-0.000330337 -0.000532609 0 
-0.000987096 -0.000252867 0 
-0.000147856 0.000298884 0 
-0.000476172 0.00105937 0 
-0.000578239 0.000577946 0 
-0.000476172 0.00105937 0 
-0.000817953 0.000132777 0 
-0.000928203 0.000204931 0 
-0.000901907 5.88436e-05 0 
-0.000928203 0.000204931 0 
-0.000590758 -9.98203e-05 0 
-0.000475243 0.000479212 0 
-0.000980512 0.000223681 0 
-0.000475243 0.000479212 0 
-0.000973122 0.000205921 0 
-0.000742617 0.000104295 0 
-0.000810542 0.000467288 0 
-0.000742617 0.000104295 0 
-0.000558174 9.58157e-05 0 
-0.00069827 0.000102592 0 
-0.000590179 -5.99702e-05 0 
-0.00069827 0.000102592 0 
9.41446e-05 -0.000257019 0 
-7.36346e-05 -0.00049268 0 
0.000200797 -0.000568386 0 
-7.36346e-05 -0.00049268 0 
-0.000644141 -0.000315068 0 
-0.000424482 -0.000483037 0 
-0.000548443 -0.000244946 0 
-0.000424482 -0.000483037 0 
-1.35558e-05 3.67226e-05 0 
-8.70188e-05 -0.000150223 0 
2.14425e-06 1.45356e-05 0 
-8.70188e-05 -0.000150223 0 
-0.000321952 -0.000198435 0 
-0.000269006 -0.000254443 0 
-0.000258178 -0.000166471 0 
-0.000269006 -0.000254443 0 
-0.00093821 0.000275128 0 
-0.000530044 0.000398366 0 
-0.000929328 0.00085434 0 
-0.000530044 0.000398366 0 
-1.87632e-05 2.03448e-05 0 
-5.07204e-05 -3.19537e-05 0 
-2.18564e-05 -1.7395e-05 0 
-5.07204e-05 -3.19537e-05 0 
-0.00146932 -0.000273131 0 
-0.00106472 -0.000607901 0 
-0.000825273 8.63983e-05 0 
-0.00106472 -0.000607901 0 
-0.00085191 9.34321e-05 0 
-0.00139276 0.000174513 0 
-0.00103113 -0.000229175 0 
-0.00139276 0.000174513 0 
-0.000663562 0.00027485 0 
-0.00104422 -0.000460705 0 
-0.000545742 -0.000144901 0 
-0.00104422 -0.000460705 0 
-0.00122569 0.000117075 0 
-0.00110952 -3.26227e-05 0 
-0.00103279 0.000139211 0 
-0.00110952 -3.26227e-05 0 
-0.000295621 -0.000477994 0 
2.45709e-05 -0.000743007 0 
-0.000160658 -0.000383506 0 
2.45709e-05 -0.000743007 0 
-0.000317871 -0.00023245 0 
-0.00052239 8.0152e-05 0 
-0.000579052 -0.000271814 0 
-0.00052239 8.0152e-05 0 
-0.000530677 -0.000449933 0 
-0.000297087 -4.98153e-05 0 
-0.000665558 -0.000289778 0 
-0.000297087 -4.98153e-05 0 
-0.000573337 -0.000653251 0 
-0.000463821 -0.000672698 0 
-0.000572628 -0.000586263 0 
-0.000463821 -0.000672698 0 
-0.000810175 -0.000135133 0 
-0.000688665 -1.21858e-05 0 
-0.000876762 0.000130817 0 
-0.000688665 -1.21858e-05 0 
-0.000555573 0.000402942 0 
0.000115677 0.000884782 0 
-0.00102397 0.000871302 0 
0.000115677 0.000884782 0 
-0.000815099 0.000230942 0 
-0.00101425 -0.000314291 0 
-0.000644961 -0.000271039 0 
-0.00101425 -0.000314291 0 
-0.00157129 -0.000468418 0 
-0.00125816 -0.00136488 0 
-0.00107725 -0.000784234 0 
-0.00125816 -0.00136488 0 
-0.00128871 -0.000435139 0 
-0.00145539 -0.000697555 0 
-0.00096652 -0.000830553 0 
-0.00145539 -0.000697555 0 
-0.000669066 4.21814e-05 0 
-0.000541883 1.66728e-05 0 
-0.000603307 0.000157775 0 
-0.000541883 1.66728e-05 0 
-0.000453082 9.53238e-06 0 
-0.000773487 -0.000135254 0 
-0.000518731 -0.000320201 0 
-0.000773487 -0.000135254 0 
0.00296084 -8.5031e-05 0 
-0.00356656 -0.000293283 0 
-0.00458484 -0.00292566 0 
-0.00356656 -0.000293283 0 
-0.00127389 -0.000129811 0 
-0.00132135 -7.67937e-05 0 
-0.00130222 -0.000117881 0 
-0.00132135 -7.67937e-05 0 
-0.000384254 3.46335e-05 0 
-0.000525198 0.000194493 0 
-0.000573793 -5.30612e-05 0 
-0.000525198 0.000194493 0 
-0.000481808 -0.000511748 0 
-0.000278107 -0.000463094 0 
-0.000459589 -0.000336054 0 
-0.000278107 -0.000463094 0 
-0.000433887 0.000300269 0 
-0.000535584 0.000405614 0 
-0.000536516 0.000286507 0 
-0.000535584 0.000405614 0 
4.39885e-06 1.80786e-05 0 
4.5949e-05 0.000146818 0 
-5.85003e-05 2.16045e-05 0 
4.5949e-05 0.000146818 0 
-0.000185579 -0.000388361 0 
8.79448e-05 -0.000465554 0 
-2.73735e-05 -0.000258479 0 
8.79448e-05 -0.000465554 0 
-0.00110262 -0.000162025 0 
-0.0011044 2.86658e-05 0 
-0.00138476 -4.14875e-05 0 
-0.0011044 2.86658e-05 0 
-0.000583329 0.000432821 0 
-0.00063566 0.000450316 0 
-0.000576094 0.000442768 0 
-0.00063566 0.000450316 0 
-0.000582519 -0.000924681 0 
-0.000541722 -0.00098734 0 
-0.000433897 -0.000866105 0 
-0.000541722 -0.00098734 0 
-0.0003182 0.000147728 0 
-0.00138089 2.98753e-05 0 
-0.000358748 6.3592e-05 0 
-0.00138089 2.98753e-05 0 
-2.71091e-06 1.00284e-05 0 
-2.45963e-06 4.0756e-05 0 
-2.43665e-05 2.05251e-06 0 
-2.45963e-06 4.0756e-05 0 
-0.00136268 -0.000525892 0 
-0.000940545 -0.00104005 0 
-0.000908108 -0.000559225 0 
-0.000940545 -0.00104005 0 
-0.000764421 -0.000123997 0 
-0.000685026 -0.000300308 0 
-0.000585639 -0.000142985 0 
-0.000685026 -0.000300308 0 
-0.00147752 -0.000442548 0 
-0.00152461 -0.000662009 0 
-0.0012471 -0.000456504 0 
-0.00152461 -0.000662009 0 
-0.0023636 -5.91317e-05 0 
-0.00175427 -0.00163216 0 
-0.0015249 -0.000283823 0 
-0.00175427 -0.00163216 0 
-0.000429076 -0.000554285 0 
-0.000254791 -0.000733645 0 
-0.000141311 -0.000319451 0 
-0.000254791 -0.000733645 0 
-0.00105181 -0.000530047 0 
-0.000841797 -0.000383652 0 
-0.00100455 -0.000347083 0 
-0.000841797 -0.000383652 0 
-0.000475989 0.000271543 0 
-0.00035677 0.000400582 0 
-0.00053853 0.000558616 0 
-0.00035677 0.000400582 0 
-0.000649391 -0.000304959 0 
-0.000633484 0.000209121 0 
-0.000934482 -0.000291719 0 
-0.000633484 0.000209121 0 
-0.000495809 -0.00125099 0 
-0.00012063 -0.00107942 0 
-0.000363514 -0.000780267 0 
-0.00012063 -0.00107942 0 
-0.00051499 -0.000161501 0 
-0.000646911 -5.18148e-05 0 
-0.000618119 -0.000238501 0 
-0.000646911 -5.18148e-05 0 
-0.000747074 0.000129266 0 
-0.00107465 -1.67328e-05 0 
-0.000851711 -0.000135753 0 
-0.00107465 -1.67328e-05 0 
-0.00103294 0.000331972 0 
-0.00136751 0.000294014 0 
-0.00116153 1.16306e-05 0 
-0.00136751 0.000294014 0 
-0.00121872 -0.000116667 0 
-0.00127896 -2.90754e-05 0 
-0.00130246 -0.000161986 0 
-0.00127896 -2.90754e-05 0 
-0.000571122 0.000591769 0 
-0.00119662 0.000393031 0 
-0.000788805 0.00044909 0 
-0.00119662 0.000393031 0 
-0.00152901 -0.000552063 0 
-0.000714206 -0.00100712 0 
-0.000829496 -0.000344196 0 
-0.000714206 -0.00100712 0 
-0.000729616 -6.1155e-05 0 
-0.000811103 3.17169e-05 0 
-0.000852778 -0.000143051 0 
-0.000811103 3.17169e-05 0 
-0.00129753 0.000194102 0 
-0.000789017 -0.000331457 0 
-0.000826146 -0.000217483 0 
-0.000789017 -0.000331457 0 
-0.000937777 -0.000315194 0 
-0.00101491 -0.000117486 0 
-0.00136818 -0.000324675 0 
-0.00101491 -0.000117486 0 
0.00013809 0.000106145 0 
-0.000555861 0.00027223 0 
-0.000683448 -0.000604299 0 
-0.000555861 0.00027223 0 
-0.00017273 -0.000672397 0 
-0.000199637 -0.000487933 0 
-0.000360011 -0.000565815 0 
-0.000199637 -0.000487933 0 
-0.000947091 -0.000313132 0 
-0.00126997 -0.000541058 0 
-0.000866899 -0.000788259 0 
-0.00126997 -0.000541058 0 
-0.00095478 0.000376906 0 
-0.00119261 0.000471136 0 
-0.0010982 0.000227644 0 
-0.00119261 0.000471136 0 
-0.000810248 0.000170789 0 
-0.000892582 0.00051662 0 
-0.00110244 0.000230627 0 
-0.000892582 0.00051662 0 
-0.00115478 -0.000198944 0 
-0.00120824 -0.000489232 0 
-0.000940176 -0.000378066 0 
-0.00120824 -0.000489232 0 
-0.00102261 0.00053487 0 
-0.0010646 0.000773738 0 
-0.00122721 0.000515659 0 
-0.0010646 0.000773738 0 
-0.001268 -2.02963e-06 0 
-0.00155683 -0.000335485 0 
-0.00116392 -0.000367138 0 
-0.00155683 -0.000335485 0 
-0.000327535 0.000740464 0 
-0.000739539 0.00130109 0 
-0.000691048 0.000948556 0 
-0.000739539 0.00130109 0 
0.000161348 0.000324254 0 
-6.56495e-05 0.00138053 0 
-0.00024039 0.00050909 0 
-6.56495e-05 0.00138053 0 
-0.000298208 -0.000230146 0 
-0.00011395 -0.000299221 0 
-0.000261832 -0.000163431 0 
-0.00011395 -0.000299221 0 
-0.000735421 -0.000309832 0 
-0.00128825 -0.000459588 0 
-0.000744405 -0.000749221 0 
-0.00128825 -0.000459588 0 
-0.000535638 -0.000407962 0 
-0.000457286 -0.000339723 0 
-0.000568994 -0.000256344 0 
-0.000457286 -0.000339723 0 
-0.00014312 -0.00108104 0 
0.000100382 -0.00125327 0 
4.44944e-05 -0.000822534 0 
0.000100382 -0.00125327 0 
-0.000226508 0.000167839 0 
-0.000265859 5.87739e-05 0 
-0.000198324 5.59104e-05 0 
-0.000265859 5.87739e-05 0 
-0.000621117 -0.000499803 0 
-0.000941113 -0.000251886 0 
-0.000807613 -0.000669927 0 
-0.000941113 -0.000251886 0 
-0.00104005 1.65732e-05 0 
-0.000900794 2.82148e-05 0 
-0.0010584 6.3857e-05 0 
-0.000900794 2.82148e-05 0 
-0.00109996 0.00128179 0 
-0.00094453 0.000663274 0 
-0.000597727 0.00101821 0 
-0.00094453 0.000663274 0 
-0.000869549 0.000536374 0 
-0.00129825 0.000549354 0 
-0.00119975 0.000127269 0 
-0.00129825 0.000549354 0 
-0.000963128 0.000378699 0 
-0.000928175 0.000156627 0 
-0.000573092 0.000191991 0 
-0.000928175 0.000156627 0 
-0.000365105 -0.000202929 0 
-0.000117346 -0.000150394 0 
-0.000452469 -7.0215e-05 0 
-0.000117346 -0.000150394 0 
-0.00151457 -0.000347739 0 
-0.00118675 -6.21726e-05 0 
-0.00155984 0.000148696 0 
-0.00118675 -6.21726e-05 0 
-0.000351081 0.00086904 0 
-0.000366727 0.00101312 0 
-0.000407355 0.000896654 0 
-0.000366727 0.00101312 0 
-0.000721397 0.000727716 0 
-0.000932379 0.000799153 0 
-0.000853191 0.00053809 0 
-0.000932379 0.000799153 0 
-0.000339956 0.00016471 0 
-0.000423165 0.000284981 0 
-0.000480175 0.000127121 0 
-0.000423165 0.000284981 0 
-0.000881972 -0.000126629 0 
-0.000852393 5.49439e-05 0 
-0.000880578 -3.39013e-05 0 
-0.000852393 5.49439e-05 0 
-0.000839054 0.00014647 0 
-0.000231811 -5.62479e-05 0 
-9.27341e-05 -8.55386e-05 0 
-0.000231811 -5.62479e-05 0 
-0.000552881 0.000545032 0 
-0.00176661 0.000833118 0 
-0.000584154 -0.000186274 0 
-0.00176661 0.000833118 0 
-0.000640074 0.000370939 0 
-0.000525124 0.000505751 0 
-0.00067544 0.000548928 0 
-0.000525124 0.000505751 0 
-0.00043386 0.000137259 0 
-0.000595058 0.00021565 0 
-0.000556807 3.91102e-05 0 
-0.000595058 0.00021565 0 
-0.00202054 3.40407e-05 0 
-0.00117024 -0.000304793 0 
-0.00135656 0.000316202 0 
-0.00117024 -0.000304793 0 
-0.00117452 3.9993e-05 0 
-0.00135215 -8.77528e-06 0 
-0.00122035 -5.50618e-05 0 
-0.00135215 -8.77528e-06 0 
-0.00256996 -0.0014679 0 
-0.00154769 -0.0014231 0 
-0.000961217 0.000271875 0 
-0.00154769 -0.0014231 0 
-0.00205416 -0.000418085 0 
-0.000592821 -0.000182404 0 
-0.00148077 -0.000100097 0 
-0.000592821 -0.000182404 0 
-0.00095922 -0.000258891 0 
-0.000760195 -0.000156267 0 
-0.000917601 -2.90667e-05 0 
-0.000760195 -0.000156267 0 
-2.92232e-05 0.000189777 0 
-0.000495472 0.000664035 0 
-0.000583793 0.000127756 0 
-0.000495472 0.000664035 0 
-0.000353279 -0.00140514 0 
2.29827e-05 -0.000814642 0 
-0.00041101 -0.00045247 0 
2.29827e-05 -0.000814642 0 
-0.000894885 -0.000193817 0 
-0.000389508 -0.00050249 0 
-0.00057349 -0.000138713 0 
-0.000389508 -0.00050249 0 
-0.00211763 0.000738501 0 
-0.00227956 -0.000152437 0 
-0.00158559 0.000121261 0 
-0.00227956 -0.000152437 0 
-0.000718256 -0.00131836 0 
-0.000188841 -0.00108069 0 
-0.000569734 -0.00107674 0 
-0.000188841 -0.00108069 0 
-8.28621e-05 0.000170532 0 
-0.00015105 0.000118767 0 
-8.89618e-05 7.42278e-05 0 
-0.00015105 0.000118767 0 
-0.000625762 -0.000220853 0 
-0.000739109 -0.000192697 0 
-0.000700225 -0.000287444 0 
-0.000739109 -0.000192697 0 
-0.000670532 0.000104963 0 
-0.00249475 0.000580271 0 
-0.000615788 -0.000405145 0 
-0.00249475 0.000580271 0 
-0.000377254 0.000473632 0 
-0.000691154 0.000997379 0 
-0.000744214 0.000563866 0 
-0.000691154 0.000997379 0 
-0.00110463 0.000479732 0 
-0.00124253 0.000884109 0 
-0.00128068 0.000247325 0 
-0.00124253 0.000884109 0 
-0.000251016 -0.000307598 0 
-0.000397947 -0.000181189 0 
-0.000424126 -0.000379448 0 
-0.000397947 -0.000181189 0 
-0.000317345 -0.000644251 0 
-0.000548309 -0.000698551 0 
-0.000400967 -0.000917512 0 
-0.000548309 -0.000698551 0 
-0.00116963 -0.000340352 0 
-0.00155009 -0.000367086 0 
-0.00130436 -0.000655968 0 
-0.00155009 -0.000367086 0 
-0.000303174 0.0001758 0 
-0.000437285 0.000308031 0 
-0.000476224 0.000180628 0 
-0.000437285 0.000308031 0 
-0.000668188 -0.000169145 0 
-0.00131461 0.000132123 0 
-0.00131799 -0.000445106 0 
-0.00131461 0.000132123 0 
-0.00042554 -0.000226525 0 
-0.000199921 7.17619e-05 0 
-0.00055984 4.3141e-05 0 
-0.000199921 7.17619e-05 0 
-0.000915792 0.00043676 0 
-0.00111143 0.000548707 0 
-0.00108337 0.000296236 0 
-0.00111143 0.000548707 0 
-0.000903966 0.000412958 0 
-0.00104979 0.000199303 0 
-0.0009114 0.000119383 0 
-0.00104979 0.000199303 0 
-0.000258055 3.23908e-05 0 
-0.000200908 -6.67758e-06 0 
-0.00023361 8.35653e-05 0 
-0.000200908 -6.67758e-06 0 
-0.00127182 -0.00135631 0 
-0.000896873 -0.0020749 0 
-0.00054748 -0.00152597 0 
-0.000896873 -0.0020749 0 
-0.000669426 -0.000276158 0 
-0.000578137 -0.000591689 0 
-0.00044924 -0.00037157 0 
-0.000578137 -0.000591689 0 
-0.000404278 -0.000348022 0 
-0.0002884 0.000489998 0 
-0.00111741 -0.000819802 0 
-0.0002884 0.000489998 0 
-0.00100418 0.000331527 0 
-0.00125617 -0.000385463 0 
-0.000895877 -0.000146828 0 
-0.00125617 -0.000385463 0 
-0.0017202 0.000369506 0 
-0.00144707 -0.000648317 0 
-0.00114623 -8.61152e-05 0 
-0.00144707 -0.000648317 0 
-0.000964801 0.000420176 0 
-0.000684792 0.000306057 0 
-0.00078863 0.000527456 0 
-0.000684792 0.000306057 0 
-9.40685e-05 -6.50337e-05 0 
-0.000185342 3.46019e-07 0 
-0.000153575 -6.13335e-05 0 
-0.000185342 3.46019e-07 0 
-0.000430182 -0.00014174 0 
-0.000269388 -0.000295394 0 
-0.000297953 -4.32781e-05 0 
-0.000269388 -0.000295394 0 
-0.000816398 -0.000355923 0 
-0.00156979 -0.000720419 0 
-0.00104135 -0.000507698 0 
-0.00156979 -0.000720419 0 
-0.00537902 -0.00334727 0 
-0.00141636 -0.000945759 0 
-0.00258778 -0.00100231 0 
-0.00141636 -0.000945759 0 
-0.000804444 0.000216469 0 
-0.000660877 -7.43679e-05 0 
-0.00050903 0.000101106 0 
-0.000660877 -7.43679e-05 0 
-0.000891106 -0.000763239 0 
-0.000629901 -0.000610926 0 
-0.000806438 -0.000548351 0 
-0.000629901 -0.000610926 0 
-0.0004193 0.000912847 0 
-0.000937981 0.000709797 0 
-0.000638999 0.000408446 0 
-0.000937981 0.000709797 0 
-0.00123454 0.000229471 0 
-0.0016724 8.99756e-05 0 
-0.000903664 -0.000218153 0 
-0.0016724 8.99756e-05 0 
-0.00026175 5.34619e-05 0 
-0.000244253 -6.9678e-07 0 
-0.000197571 5.49372e-05 0 
-0.000244253 -6.9678e-07 0 
-0.00120838 -0.000434989 0 
-0.00184811 -0.000259362 0 
-0.00106792 -0.000664544 0 
-0.00184811 -0.000259362 0 
-0.00203354 -0.00141594 0 
-0.00112063 -0.00244159 0 
-0.00121506 -0.00126329 0 
-0.00112063 -0.00244159 0 
-0.00103584 -0.000267714 0 
-0.00107968 1.90641e-05 0 
-0.00119954 -0.000126536 0 
-0.00107968 1.90641e-05 0 
-0.00090907 -0.000123923 0 
-0.000661206 9.01011e-05 0 
-0.000914954 0.000159932 0 
-0.000661206 9.01011e-05 0 
-0.000761802 0.000125073 0 
-0.000971566 1.92085e-05 0 
-0.000884647 -9.66246e-05 0 
-0.000971566 1.92085e-05 0 
-0.00141708 -0.000847632 0 
-0.00110378 -0.000157425 0 
-0.00144251 0.000187193 0 
-0.00110378 -0.000157425 0 
-0.00024604 -0.000320552 0 
-0.000377744 -0.000152007 0 
-0.000456223 -0.000330568 0 
-0.000377744 -0.000152007 0 
-0.00331632 -0.00108774 0 
-0.000950643 -0.000186908 0 
-0.00121824 0.000169459 0 
-0.000950643 -0.000186908 0 
-0.000856461 3.67388e-05 0 
-0.000979903 -4.85801e-05 0 
-0.000848732 -9.53913e-05 0 
-0.000979903 -4.85801e-05 0 
-0.002496 0.000527953 0 
-0.00306136 -0.000849073 0 
-0.000776825 -0.000340213 0 
-0.00306136 -0.000849073 0 
-0.000616679 -0.000221085 0 
-0.0006219 1.20336e-05 0 
-0.000799137 -0.000142922 0 
-0.0006219 1.20336e-05 0 
-0.00113148 0.000407623 0 
-0.000608027 -0.00127738 0 
-0.000428063 -0.000214032 0 
-0.000608027 -0.00127738 0 
-0.000442086 0.000398599 0 
-0.000564679 5.44508e-05 0 
-0.000206963 2.1557e-05 0 
-0.000564679 5.44508e-05 0 
-0.000902157 0.000375237 0 
-0.000648793 0.000286033 0 
-0.000661868 0.000714778 0 
-0.000648793 0.000286033 0 
-0.000367554 0.000123904 0 
-0.000627657 0.000162351 0 
-0.000576302 4.79793e-05 0 
-0.000627657 0.000162351 0 
-0.000704802 4.05245e-05 0 
-0.000851605 0.00023341 0 
-0.000987534 3.15459e-05 0 
-0.000851605 0.00023341 0 
-0.00151857 0.000505143 0 
-0.0014139 -9.52285e-05 0 
-0.00106765 0.00022631 0 
-0.0014139 -9.52285e-05 0 
-0.000820341 -0.000555381 0 
-0.0005293 -0.00124937 0 
-0.000251693 -0.000996075 0 
-0.0005293 -0.00124937 0 
-0.000223075 -0.00056203 0 
-0.000222533 -0.000311832 0 
-0.000351448 -0.000538745 0 
-0.000222533 -0.000311832 0 
-0.0008099 -9.33387e-05 0 
-0.00119624 -0.000185793 0 
-0.000914507 -0.000386208 0 
-0.00119624 -0.000185793 0 
-0.000562935 -4.4308e-06 0 
-0.000689856 -0.000235144 0 
-0.00037992 -0.000252688 0 
-0.000689856 -0.000235144 0 
-0.00088142 0.000436178 0 
-0.00102151 0.000352548 0 
-0.000881509 0.000360757 0 
-0.00102151 0.000352548 0 
-0.00133742 1.7449e-06 0 
-0.0010142 -4.95064e-05 0 
-0.00109107 0.000196612 0 
-0.0010142 -4.95064e-05 0 
-0.000364061 -0.000103423 0 
-0.000310546 4.18703e-05 0 
-0.000391552 1.5772e-05 0 
-0.000310546 4.18703e-05 0 
-0.000644925 0.00044817 0 
-0.000580156 0.000431801 0 
-0.000585891 0.00044592 0 
-0.000580156 0.000431801 0 
-0.000415949 1.88418e-05 0 
-0.000435822 0.000142258 0 
-0.000558655 4.38196e-05 0 
-0.000435822 0.000142258 0 
-0.000384329 -0.000945055 0 
-8.84919e-05 -0.00107394 0 
-0.00014454 -0.000726673 0 
-8.84919e-05 -0.00107394 0 
-0.00104959 2.73239e-07 0 
-0.00109419 -0.000254275 0 
-0.000860086 -3.10337e-05 0 
-0.00109419 -0.000254275 0 
-0.000848058 -0.000104592 0 
-0.00099373 5.65981e-05 0 
-0.00102859 -8.20014e-05 0 
-0.00099373 5.65981e-05 0 
-0.00137051 -0.000205 0 
-0.00115549 -0.000823229 0 
-0.000837143 -0.000333953 0 
-0.00115549 -0.000823229 0 
-0.000479752 -0.00069042 0 
-0.000144594 -0.00032997 0 
-0.000688822 7.80645e-05 0 
-0.000144594 -0.00032997 0 
-0.000312386 0.000396431 0 
-0.000915045 0.000264462 0 
-0.000530816 -3.65543e-05 0 
-0.000915045 0.000264462 0 
-0.000109349 3.01452e-05 0 
-7.39036e-05 8.92637e-05 0 
-8.08853e-05 9.7821e-05 0 
-7.39036e-05 8.92637e-05 0 
-0.000304616 2.01298e-05 0 
-0.000846435 0.000184516 0 
-0.000657719 -0.000158399 0 
-0.000846435 0.000184516 0 
-0.00123337 -0.00012732 0 
-0.000943335 5.65421e-06 0 
-0.00126505 0.000265748 0 
-0.000943335 5.65421e-06 0 
-0.000436172 1.43538e-05 0 
-0.000429956 -0.000144545 0 
-0.000295761 -7.05371e-05 0 
-0.000429956 -0.000144545 0 
-0.000546108 -0.00029583 0 
-0.000693775 -0.000593967 0 
-0.000298039 -0.000583254 0 
-0.000693775 -0.000593967 0 
-0.000388118 6.33056e-05 0 
-0.000431171 -3.01784e-06 0 
-0.000365667 1.04554e-06 0 
-0.000431171 -3.01784e-06 0 
-0.000327611 -0.000306105 0 
-0.000817031 0.000179575 0 
-0.000914793 -6.6875e-05 0 
-0.000817031 0.000179575 0 
-0.00149784 0.00045475 0 
-0.00104187 0.000191419 0 
-0.000978412 0.000561918 0 
-0.00104187 0.000191419 0 
-9.71513e-05 -0.000211984 0 
-6.15761e-05 0.000101376 0 
-0.000299333 -4.32679e-05 0 
-6.15761e-05 0.000101376 0 
-0.00162323 -0.00086427 0 
-0.00133714 -0.00123431 0 
-0.00117347 -0.000894427 0 
-0.00133714 -0.00123431 0 
-0.00219132 0.000329584 0 
-0.00188058 -3.25542e-05 0 
-0.00211553 0.000420986 0 
-0.00188058 -3.25542e-05 0 
-0.000752819 -4.95021e-05 0 
-0.000847917 5.85709e-05 0 
-0.000854337 -7.62399e-05 0 
-0.000847917 5.85709e-05 0 
-0.000430643 0.00029487 0 
-0.000310847 0.00030584 0 
-0.000371635 0.000408123 0 
-0.000310847 0.00030584 0 
-5.26016e-05 -0.000190393 0 
-0.000249691 -0.000197263 0 
-0.000140645 -0.000352581 0 
-0.000249691 -0.000197263 0 
-0.00261268 0.00180746 0 
-0.0013818 -8.79128e-05 0 
-0.000948261 0.000186997 0 
-0.0013818 -8.79128e-05 0 
-0.00059706 0.000407954 0 
-0.000723928 0.000507203 0 
-0.000687801 0.000395127 0 
-0.000723928 0.000507203 0 
-0.00163142 5.00056e-05 0 
-0.00140592 -9.20956e-05 0 
-0.00133689 0.000240765 0 
-0.00140592 -9.20956e-05 0 
-0.000922039 0.000629556 0 
-0.00129308 0.00157131 0 
-0.00137868 0.000264024 0 
-0.00129308 0.00157131 0 
-0.000750627 0.000769173 0 
-0.000701027 0.000727574 0 
-0.000913475 0.000901878 0 
-0.000701027 0.000727574 0 
-0.000623412 -0.000506782 0 
-0.000656552 -0.000635541 0 
-0.000561923 -0.000617198 0 
-0.000656552 -0.000635541 0 
-0.000720528 0.000514068 0 
-0.00167167 0.000402531 0 
-0.00114174 -8.84552e-05 0 
-0.00167167 0.000402531 0 
-0.00127607 -0.000525029 0 
-0.000759933 -0.000217985 0 
-0.00117868 -8.65752e-05 0 
-0.000759933 -0.000217985 0 
-0.0029268 -0.000682267 0 
-0.00234797 -0.00207479 0 
-0.000725054 -0.000352361 0 
-0.00234797 -0.00207479 0 
-0.000440947 -0.000111163 0 
-0.000158907 3.62997e-05 0 
-0.000459498 0.000188168 0 
-0.000158907 3.62997e-05 0 
-0.000530204 0.000395319 0 
-0.000619019 0.000582653 0 
-0.000768959 0.000424149 0 
-0.000619019 0.000582653 0 
-0.000607367 0.000229026 0 
-0.000757075 -0.000159836 0 
-0.000428663 8.4685e-06 0 
-0.000757075 -0.000159836 0 
-0.000654695 -0.000652841 0 
-0.000556097 -0.000664754 0 
-0.000563377 -0.000603653 0 
-0.000556097 -0.000664754 0 
-0.000542388 0.00020747 0 
-0.000546809 6.92878e-05 0 
-0.000460778 0.000150662 0 
-0.000546809 6.92878e-05 0 
-0.000866518 0.00017399 0 
-0.00113651 -0.000247033 0 
-0.000661744 -0.000160509 0 
-0.00113651 -0.000247033 0 
-0.000655734 -8.30194e-05 0 
-0.000520855 -0.000217184 0 
-0.000511552 3.84086e-05 0 
-0.000520855 -0.000217184 0 
-0.000414808 -7.75491e-05 0 
-0.000305862 -2.96583e-05 0 
-0.00041931 1.42455e-05 0 
-0.000305862 -2.96583e-05 0 
-0.0017699 -0.00169941 0 
-0.00106215 -0.00114202 0 
-0.00115995 -0.00128838 0 
-0.00106215 -0.00114202 0 
-0.000814411 -0.000140602 0 
-0.000697193 -0.000285076 0 
-0.000731433 -7.48322e-05 0 
-0.000697193 -0.000285076 0 
-0.000412527 4.3504e-05 0 
-0.000665406 -1.76173e-05 0 
-0.000515627 -0.000126391 0 
-0.000665406 -1.76173e-05 0 
-0.000283517 -0.000622263 0 
-0.000251093 -0.000307304 0 
-0.000429895 -0.000357519 0 
-0.000251093 -0.000307304 0 
-0.000444904 0.00102471 0 
-0.00180295 0.00114862 0 
-0.000619959 0.000324075 0 
-0.00180295 0.00114862 0 
-0.00130251 3.11002e-05 0 
-0.00112908 6.88368e-06 0 
-0.00120847 0.000145755 0 
-0.00112908 6.88368e-06 0 
-0.00154954 0.000165856 0 
-0.00116832 0.000264403 0 
-0.00118219 0.000540894 0 
-0.00116832 0.000264403 0 
-0.000712411 -0.000203921 0 
-0.000727808 -6.04405e-05 0 
-0.000839884 -0.000137956 0 
-0.000727808 -6.04405e-05 0 
-0.00103605 0.000385987 0 
-0.000710183 0.000135026 0 
-0.00062268 0.000588999 0 
-0.000710183 0.000135026 0 
-0.00111556 -0.000136814 0 
-0.000909333 -0.000309732 0 
-0.000992346 -0.00011475 0 
-0.000909333 -0.000309732 0 
1.11891e-05 -0.000232433 0 
-0.000123647 -0.000106753 0 
-0.000129646 -0.000264244 0 
-0.000123647 -0.000106753 0 
-0.0012041 0.000422491 0 
-0.00178187 0.000450343 0 
-0.00131084 -0.000310324 0 
-0.00178187 0.000450343 0 
-0.00137641 0.000265588 0 
-0.00214168 -0.000270101 0 
-0.00129056 -0.000504351 0 
-0.00214168 -0.000270101 0 
-0.00099473 0.00107424 0 
-0.0015406 0.000621206 0 
-0.000774669 0.000656266 0 
-0.0015406 0.000621206 0 
-0.000602198 -0.000175955 0 
-0.000640882 -3.76314e-05 0 
-0.000778579 -0.000176433 0 
-0.000640882 -3.76314e-05 0 
-0.00174671 -0.00112118 0 
-0.00114747 -0.00170095 0 
-0.000624001 -0.000771309 0 
-0.00114747 -0.00170095 0 
-0.00069266 -0.000101517 0 
-0.00117707 -0.000240535 0 
-0.000792575 -0.000471468 0 
-0.00117707 -0.000240535 0 
-7.86164e-05 7.54601e-05 0 
-6.8974e-05 5.67463e-05 0 
-8.05105e-05 9.89188e-05 0 
-6.8974e-05 5.67463e-05 0 
-0.000894581 -0.000513432 0 
-0.000313935 -0.000649015 0 
-0.000553751 -0.000142079 0 
-0.000313935 -0.000649015 0 
-0.000532411 -0.000492866 0 
-0.000248658 -7.81413e-05 0 
-0.000655613 -0.000162098 0 
-0.000248658 -7.81413e-05 0 
-0.00211151 0.000497445 0 
-0.00189394 -0.00050836 0 
-0.00132734 0.000238764 0 
-0.00189394 -0.00050836 0 
-0.00127108 -0.000979608 0 
-0.000757456 -0.000685537 0 
-0.00126779 -0.000501481 0 
-0.000757456 -0.000685537 0 
-0.000496905 -0.00108333 0 
-0.000432204 -0.00105868 0 
-0.000434486 -0.00104146 0 
-0.000432204 -0.00105868 0 
-0.000502456 -4.26567e-05 0 
-0.000413994 -7.55633e-05 0 
-0.000418691 1.57578e-05 0 
-0.000413994 -7.55633e-05 0 
-0.000581122 -8.78595e-05 0 
-0.000745771 -2.79375e-05 0 
-0.000648497 -0.000214389 0 
-0.000745771 -2.79375e-05 0 
-0.00138733 -0.000693665 0 
-0.00235771 0.000509187 0 
-0.0016198 -0.00249794 0 
-0.00235771 0.000509187 0 
-0.00134818 -1.37578e-05 0 
-0.00130935 -0.000184985 0 
-0.00121497 -6.18132e-05 0 
-0.00130935 -0.000184985 0 
-0.000579037 -0.000175332 0 
-0.00022128 -0.000421966 0 
-0.000192578 -6.6451e-05 0 
-0.00022128 -0.000421966 0 
-0.000552632 1.80688e-05 0 
-0.000419351 0.000429897 0 
-0.000648402 0.000320289 0 
-0.000419351 0.000429897 0 
-0.000658259 -0.000345701 0 
-0.000603441 -0.000169163 0 
-0.000776707 -0.000186663 0 
-0.000603441 -0.000169163 0 
-0.00134429 -0.000420787 0 
-0.00128076 -0.000474818 0 
-0.00118495 -0.000301988 0 
-0.00128076 -0.000474818 0 
-0.000909947 0.000179913 0 
-0.00096948 -0.000321046 0 
-0.000583579 0.000178594 0 
-0.00096948 -0.000321046 0 
-3.39086e-05 -0.00011712 0 
-0.0013631 0.000649402 0 
-0.000818956 -5.27233e-05 0 
-0.0013631 0.000649402 0 
-0.000591164 0.000492582 0 
-0.000710953 0.000749281 0 
-0.000847436 0.000549972 0 
-0.000710953 0.000749281 0 
-0.00136183 0.000121015 0 
-0.00181441 0.000713797 0 
-0.00180798 -0.000108012 0 
-0.00181441 0.000713797 0 
-0.000620471 7.05193e-05 0 
-0.000883526 -1.84139e-05 0 
-0.000737886 -0.000323151 0 
-0.000883526 -1.84139e-05 0 
-0.00139772 5.84165e-05 0 
-0.00119512 0.000141923 0 
-0.0011988 0.000245828 0 
-0.00119512 0.000141923 0 
-0.00184204 7.94415e-06 0 
-0.00126332 -7.40728e-05 0 
-0.00106152 0.000400503 0 
-0.00126332 -7.40728e-05 0 
-0.00283408 0.000731604 0 
-0.0021849 -0.000286936 0 
-0.000681623 0.000407472 0 
-0.0021849 -0.000286936 0 
-0.000789398 -0.000124438 0 
-0.000323678 -0.000653633 0 
-0.000464454 4.7664e-05 0 
-0.000323678 -0.000653633 0 
-0.000435787 -0.000945444 0 
-0.000537817 -0.00102426 0 
-0.00041038 -0.00107626 0 
-0.000537817 -0.00102426 0 
-0.000454636 -0.000133123 0 
-0.000454075 -0.000204172 0 
-0.000439966 -0.000206407 0 
-0.000454075 -0.000204172 0 
-0.000352865 -0.000440108 0 
-0.000256085 -0.000317748 0 
-0.000376629 -0.000343241 0 
-0.000256085 -0.000317748 0 
-0.000721203 0.00018619 0 
-0.000442417 0.000308458 0 
-0.000601276 0.000489623 0 
-0.000442417 0.000308458 0 
-0.000724206 -0.0006228 0 
-0.00077284 -0.000182657 0 
-0.00123202 -0.000434006 0 
-0.00077284 -0.000182657 0 
-0.00229707 -0.000198819 0 
-0.00149482 -0.000346979 0 
-0.00157546 0.000148094 0 
-0.00149482 -0.000346979 0 
-0.00151788 -0.000237408 0 
-0.00136883 0.000181045 0 
-0.0018269 5.43036e-05 0 
-0.00136883 0.000181045 0 
-0.000245272 -3.63696e-05 0 
-0.000147253 -2.41604e-05 0 
-0.000235777 -1.80297e-05 0 
-0.000147253 -2.41604e-05 0 
-0.000162658 0.000431794 0 
-0.000212729 0.000555044 0 
-0.0002635 0.000446309 0 
-0.000212729 0.000555044 0 
-0.000664259 -3.83909e-05 0 
-0.000864209 6.37882e-05 0 
-0.000844245 -0.000111056 0 
-0.000864209 6.37882e-05 0 
-0.000841844 -9.37049e-05 0 
-0.000405793 0.000108967 0 
-0.00074539 0.000140534 0 
-0.000405793 0.000108967 0 
-0.00121222 0.000285311 0 
-0.000975899 0.00017145 0 
-0.000931471 0.000437329 0 
-0.000975899 0.00017145 0 
-0.000905945 -0.000300511 0 
-0.000753303 -5.4488e-06 0 
-0.000994358 -0.000120227 0 
-0.000753303 -5.4488e-06 0 
-0.000591116 -0.000247251 0 
-0.00025713 -0.00028409 0 
-0.000675544 -7.43626e-05 0 
-0.00025713 -0.00028409 0 
-0.00115283 -0.000761348 0 
-0.000367293 -0.00070209 0 
-0.000660616 -0.00023834 0 
-0.000367293 -0.00070209 0 
-0.000828968 -1.91812e-05 0 
-0.00107436 6.91425e-05 0 
-0.000967993 -0.000115442 0 
-0.00107436 6.91425e-05 0 
-0.000340104 0.000171507 0 
-0.000456945 0.000143151 0 
-0.000420896 4.33712e-05 0 
-0.000456945 0.000143151 0 
-0.000226298 -0.000376764 0 
-4.76773e-07 -0.000266139 0 
-0.000183937 -0.00014429 0 
-4.76773e-07 -0.000266139 0 
-0.00207367 0.000464351 0 
-0.00144589 0.000230394 0 
-0.00148358 0.000250209 0 
-0.00144589 0.000230394 0 
-0.000157828 0.000579015 0 
-0.000799788 0.000400514 0 
-0.000646496 0.000129972 0 
-0.000799788 0.000400514 0 
-0.000414898 -0.000241272 0 
-0.00052104 0.000224631 0 
-0.000706345 -0.000269721 0 
-0.00052104 0.000224631 0 
-0.00123454 -3.15083e-05 0 
-0.000982963 5.55694e-05 0 
-0.00115967 0.000255336 0 
-0.000982963 5.55694e-05 0 
-0.00160706 0.00110088 0 
-0.00226111 1.1833e-05 0 
-0.00134711 0.000317075 0 
-0.00226111 1.1833e-05 0 
-0.000473953 0.000305581 0 
-0.000626266 0.000262463 0 
-0.00055535 0.000225409 0 
-0.000626266 0.000262463 0 
-0.000723365 0.000483319 0 
-0.000780026 0.000370459 0 
-0.000687982 0.000402806 0 
-0.000780026 0.000370459 0 
-0.00176628 -0.000147279 0 
-0.00136416 4.92163e-05 0 
-0.00159535 0.000338879 0 
-0.00136416 4.92163e-05 0 
4.32073e-06 -2.9172e-05 0 
3.75332e-06 1.93049e-06 0 
-1.2196e-05 -5.92413e-06 0 
3.75332e-06 1.93049e-06 0 
-0.000667511 -5.30962e-05 0 
-0.000496592 -0.000160357 0 
-0.000504289 8.59051e-05 0 
-0.000496592 -0.000160357 0 
-0.00049968 0.000177194 0 
-0.000761911 0.000229377 0 
-0.000639406 -4.0942e-05 0 
-0.000761911 0.000229377 0 
-0.00188533 0.000633691 0 
-0.00142375 -0.000266772 0 
-0.000803065 0.000189085 0 
-0.00142375 -0.000266772 0 
-0.00109381 -0.000268817 0 
-0.00101513 0.000454909 0 
-0.00134542 -0.00028103 0 
-0.00101513 0.000454909 0 
-0.00103806 -3.94034e-06 0 
-0.0011091 -6.83726e-05 0 
-0.000982473 -8.6294e-05 0 
-0.0011091 -6.83726e-05 0 
-0.00121802 0.000497881 0 
-0.000883754 9.1961e-05 0 
-0.000665348 0.000527598 0 
-0.000883754 9.1961e-05 0 
-0.00130583 -0.000154172 0 
-0.00126977 -6.20976e-05 0 
-0.00138532 -7.15779e-05 0 
-0.00126977 -6.20976e-05 0 
-0.000681156 -0.000496571 0 
-0.000620744 -0.000285057 0 
-0.000928342 -0.000287454 0 
-0.000620744 -0.000285057 0 
-0.00037175 -0.000216898 0 
-0.000394334 -0.00013287 0 
-0.000460558 -0.000206493 0 
-0.000394334 -0.00013287 0 
-0.00219801 0.00020282 0 
-0.00193385 6.30347e-05 0 
-0.00113689 -0.000256445 0 
-0.00193385 6.30347e-05 0 
-0.000553503 -0.000913519 0 
-0.000647124 -0.000501407 0 
-0.000818454 -0.000787051 0 
-0.000647124 -0.000501407 0 
-0.00184186 -0.00105603 0 
-0.00103039 -0.00121662 0 
-0.000785984 -0.000416267 0 
-0.00103039 -0.00121662 0 
-0.000147821 0.000425801 0 
0.000103972 0.000518188 0 
-0.000259586 0.000573974 0 
0.000103972 0.000518188 0 
-0.000529526 -0.000650694 0 
-0.000592479 -0.000630966 0 
-0.000559468 -0.000601584 0 
-0.000592479 -0.000630966 0 
-0.0012807 -0.000151906 0 
-0.0019704 0.000697399 0 
-0.00195149 -0.000459945 0 
-0.0019704 0.000697399 0 
-0.00122016 0.00176459 0 
-0.00263259 0.00162653 0 
-0.00110966 0.000205828 0 
-0.00263259 0.00162653 0 
-0.000311133 7.54675e-05 0 
-0.00026763 2.03842e-05 0 
-0.000226582 9.23773e-05 0 
-0.00026763 2.03842e-05 0 
-0.000475154 -0.000256755 0 
-0.000391891 -0.000245966 0 
-0.000441 -0.000178266 0 
-0.000391891 -0.000245966 0 
-0.00105641 0.00079256 0 
-0.00120696 0.000425545 0 
-0.000680546 0.000627036 0 
-0.00120696 0.000425545 0 
-0.000808781 0.000167558 0 
-0.00049652 0.00030901 0 
-0.000776665 0.000443894 0 
-0.00049652 0.00030901 0 
-0.000836009 0.00122737 0 
-0.0019483 0.000854594 0 
-0.00130306 1.96472e-05 0 
-0.0019483 0.000854594 0 
-0.00146168 -0.000798106 0 
-0.000960149 -0.00134375 0 
-0.000372698 -0.000457322 0 
-0.000960149 -0.00134375 0 
-0.000721477 -0.000255432 0 
-0.000646215 -3.92684e-05 0 
-0.000861693 -0.000110208 0 
-0.000646215 -3.92684e-05 0 
-0.000638855 -0.000232816 0 
-0.000587568 -0.000259181 0 
-0.00053629 -0.000262687 0 
-0.000587568 -0.000259181 0 
-0.00102231 -8.41545e-06 0 
-0.000863618 -0.000678811 0 
-0.000752368 1.46604e-05 0 
-0.000863618 -0.000678811 0 
-0.000565179 0.000255765 0 
-0.000874766 -4.14042e-05 0 
-0.000547555 5.15316e-05 0 
-0.000874766 -4.14042e-05 0 
-0.00489534 -0.00070463 0 
-0.00264459 -0.00131273 0 
-0.00266398 -0.000695634 0 
-0.00264459 -0.00131273 0 
-0.00131071 0.000591731 0 
-0.00127201 0.000227683 0 
-0.000894045 0.000473401 0 
-0.00127201 0.000227683 0 
-0.0009415 0.000197494 0 
-0.00108818 5.31062e-05 0 
-0.0008785 7.19353e-05 0 
-0.00108818 5.31062e-05 0 
-0.000951228 3.84718e-06 0 
-0.000534785 0.000792619 0 
-0.00144502 0.000224542 0 
-0.000534785 0.000792619 0 
-0.00121497 0.000252221 0 
-0.000780936 -3.73097e-05 0 
-0.000418224 0.000376705 0 
-0.000780936 -3.73097e-05 0 
-0.00240523 -0.000786975 0 
-0.000894756 4.97295e-05 0 
-0.000972263 0.00047159 0 
-0.000894756 4.97295e-05 0 
-0.000934068 0.000975292 0 
-0.0020854 0.000596832 0 
-0.00106691 0.000356281 0 
-0.0020854 0.000596832 0 
-0.00184711 -0.000853266 0 
-0.000933846 -0.000571456 0 
-0.000557838 9.14763e-05 0 
-0.000933846 -0.000571456 0 
-0.00187713 -0.000197801 0 
-0.00133192 -0.000672527 0 
-0.000803444 -1.13526e-05 0 
-0.00133192 -0.000672527 0 
-0.000769313 -0.000126903 0 
-0.000792762 -1.35547e-05 0 
-0.000905177 -6.90784e-05 0 
-0.000792762 -1.35547e-05 0 
-5.47296e-05 0.000316736 0 
-0.000595568 0.000437411 0 
-0.000400964 -8.40206e-05 0 
-0.000595568 0.000437411 0 
0.000143981 0.000143981 0 
-0.000595988 1.18889e-05 0 
-7.18965e-05 -0.000679773 0 
-0.000595988 1.18889e-05 0 
-0.00419245 0.000727437 0 
-0.00327363 -0.000587365 0 
-0.000544189 0.000484733 0 
-0.00327363 -0.000587365 0 
-0.000743739 0.000191322 0 
-0.000595733 0.000279102 0 
-0.000809531 0.00038886 0 
-0.000595733 0.000279102 0 
-0.0012453 -0.000109705 0 
-0.00132473 -0.000117385 0 
-0.00130304 -0.000117682 0 
-0.00132473 -0.000117385 0 
-0.00152813 -0.000127305 0 
-0.000820823 -0.000911285 0 
-0.000507997 9.52956e-05 0 
-0.000820823 -0.000911285 0 
-5.30002e-06 -0.00027018 0 
4.13767e-05 -0.000107864 0 
-0.000127864 -9.73153e-05 0 
4.13767e-05 -0.000107864 0 
-0.0021113 0.000481948 0 
-0.00153254 4.93038e-05 0 
-0.00120674 0.000239841 0 
-0.00153254 4.93038e-05 0 
-0.000802204 0.00055028 0 
-0.000464877 0.000736249 0 
-0.000652917 0.000949726 0 
-0.000464877 0.000736249 0 
-0.00111088 -6.98285e-05 0 
-0.00105117 -0.000190109 0 
-0.00100473 -0.000104502 0 
-0.00105117 -0.000190109 0 
-0.00089853 0.000720784 0 
-0.00103042 0.000191667 0 
-0.000665055 0.000401189 0 
-0.00103042 0.000191667 0 
-0.00254621 0.00013346 0 
-0.0027156 -0.00059638 0 
-0.00154148 0.000154846 0 
-0.0027156 -0.00059638 0 
-0.00121535 0.000573548 0 
-0.00385864 0.00150906 0 
-0.00161038 0.000369 0 
-0.00385864 0.00150906 0 
-0.000727805 0.000914976 0 
-0.000583104 0.000604022 0 
-0.000393448 0.000883331 0 
-0.000583104 0.000604022 0 
-0.00087269 -0.000354651 0 
-0.000854721 -6.37354e-05 0 
-0.00102515 -0.000103113 0 
-0.000854721 -6.37354e-05 0 
-0.00171293 0.000809974 0 
-0.00136362 -0.000139823 0 
-0.00118782 0.000181999 0 
-0.00136362 -0.000139823 0 
-0.00440442 0.000786142 0 
-0.00414994 -0.00012765 0 
0.000624531 0.000377322 0 
-0.00414994 -0.00012765 0 
-0.00232767 0.000470161 0 
-0.0022944 -0.00061056 0 
-0.000992176 6.55035e-05 0 
-0.0022944 -0.00061056 0 
0.000731179 -0.0033845 0 
0.000281805 -0.0011411 0 
-0.000866989 -0.0010858 0 
0.000281805 -0.0011411 0 
-0.00303182 -0.00268158 0 
-0.00176032 -0.00375516 0 
-0.00044815 -0.000428638 0 
-0.00176032 -0.00375516 0 
-1.4998e-07 -4.18756e-08 0 
4.0736e-07 3.05914e-07 0 
-9.24334e-07 2.07962e-07 0 
4.0736e-07 3.05914e-07 0 
-0.000546286 -0.000649081 0 
-0.000649743 0.000256131 0 
-0.000876931 -0.00107819 0 
-0.000649743 0.000256131 0 
-0.00539441 0.000115058 0 
-0.000966516 -0.000290783 0 
-0.00540257 0.000781689 0 
-0.000966516 -0.000290783 0 
0.000771797 -0.00085741 0 
-0.00322186 0.00104377 0 
-0.00401942 -0.00205247 0 
-0.00322186 0.00104377 0 
-0.000511344 -0.000511344 0 
-0.00153403 2.87314e-05 0 
-0.000568807 -0.00213157 0 
-0.00153403 2.87314e-05 0 
8.92923e-05 -0.00103015 0 
-0.000804673 0.00172532 0 
-0.00060798 -0.000284866 0 
-0.000804673 0.00172532 0 
-0.00252268 0.000534808 0 
-4.02457e-05 -0.00107175 0 
-0.00180422 0.0012494 0 
-4.02457e-05 -0.00107175 0 
-0.00177391 0.000511852 0 
-6.03249e-05 -0.000583159 0 
-0.000615137 -0.000293826 0 
-6.03249e-05 -0.000583159 0 
-0.00164421 0.000359036 0 
-0.000668414 -0.000582202 0 
-0.000466563 -0.000252086 0 
-0.000668414 -0.000582202 0 
-0.00100705 -0.000319297 0 
-0.000732756 -0.000213911 0 
-0.00137594 0.000365956 0 
-0.000732756 -0.000213911 0 
-0.000638716 0.000107726 0 
4.08023e-05 -0.000140843 0 
-0.000147883 -0.000132005 0 
4.08023e-05 -0.000140843 0 
-0.000240175 -3.82117e-05 0 
-0.000181932 -9.2163e-05 0 
0.000252074 8.94733e-05 0 
-0.000181932 -9.2163e-05 0 
0.000549533 9.10519e-18 0 
-0.000645495 4.60425e-05 0 
-0.000985219 -1.02154e-17 0 
-0.000645495 4.60425e-05 0 
-0.000114258 8.50061e-05 0 
-0.000547411 0.000745462 0 
-0.000338028 0.000444296 0 
-0.000547411 0.000745462 0 
7.04722e-05 0.000380523 0 
-0.00104295 0.000792658 0 
-0.000466226 0.000279998 0 
-0.00104295 0.000792658 0 
-0.00313076 0.000693991 0 
-0.00367709 -0.00150193 0 
-0.00138459 0.000737321 0 
-0.00367709 -0.00150193 0 
-0.000624424 -0.000387402 0 
-0.00313585 0.00081971 0 
-0.00131361 -0.00101351 0 
-0.00313585 0.00081971 0 
-0.00209793 -0.000465841 0 
-0.00162859 -0.00032369 0 
-0.00317916 0.000488311 0 
-0.00162859 -0.00032369 0 
-0.000122214 1.43118e-05 0 
-0.0013093 -1.40058e-05 0 
-0.000783479 -0.000239386 0 
-0.0013093 -1.40058e-05 0 
-0.000319853 9.86148e-06 0 
0.000397902 0.000436144 0 
-0.00139103 -0.000399433 0 
0.000397902 0.000436144 0 
-0.00226181 0.00108738 0 
-0.00375796 -0.00103004 0 
-0.00180345 0.000687926 0 
-0.00375796 -0.00103004 0 
0.000433245 0.00140219 0 
-0.0019272 -0.000920243 0 
-0.00143265 -0.00153691 0 
-0.0019272 -0.000920243 0 
-0.00305423 -0.000332432 0 
-0.0019371 -0.00188022 0 
-0.00381335 0.00211981 0 
-0.0019371 -0.00188022 0 
-0.00310612 -0.00112811 0 
4.09995e-06 0.000117697 0 
-0.00171279 0.00155909 0 
4.09995e-06 0.000117697 0 
-0.000445646 -0.000302256 0 
-0.000666457 -0.000424654 0 
-0.000577251 -0.000343954 0 
-0.000666457 -0.000424654 0 
-0.000224477 0.000348888 0 
-0.00078701 0.000833102 0 
-0.000682449 0.000433285 0 
-0.00078701 0.000833102 0 
-0.000472245 0.000679963 0 
-0.00203646 0.000577101 0 
-0.00100328 0.000294664 0 
-0.00203646 0.000577101 0 
-0.00076978 -0.00135171 0 
-0.00107205 -0.000939198 0 
-0.000933825 -0.00122091 0 
-0.00107205 -0.000939198 0 
-0.000826721 -0.000905596 0 
-0.000454626 -0.000713257 0 
-0.000829577 -0.000651133 0 
-0.000454626 -0.000713257 0 
-0.000297605 -0.000682624 0 
9.29887e-05 0.00016097 0 
-0.000509892 -0.000174281 0 
9.29887e-05 0.00016097 0 
-0.000631547 0.000206861 0 
-0.000175945 0.000240635 0 
-0.000806584 0.000522095 0 
-0.000175945 0.000240635 0 
-0.00187848 -0.000312135 0 
-0.000662784 -0.000507972 0 
-0.00109847 -0.000116613 0 
-0.000662784 -0.000507972 0 
-4.01831e-05 0.000685873 0 
-0.00154889 0.000615537 0 
-0.000513391 0.000450606 0 
-0.00154889 0.000615537 0 
-0.00188919 -0.00117863 0 
-0.000611159 -0.000598614 0 
-0.00122918 -0.00066735 0 
-0.000611159 -0.000598614 0 
-0.00212676 -1.02728e-16 0 
-0.00134373 4.87343e-17 0 
-0.00158203 2.34911e-05 0 
-0.00134373 4.87343e-17 0 
-0.00122825 4.94897e-05 0 
0.00135423 -5.7213e-05 0 
-0.00129353 0.000147133 0 
0.00135423 -5.7213e-05 0 
7.44339e-05 1.97124e-05 0 
-9.21799e-05 -5.75119e-05 0 
8.03133e-05 2.76245e-05 0 
-9.21799e-05 -5.75119e-05 0 
0.000606668 -1.35339e-17 0 
-0.00141567 1.86469e-17 0 
-6.91042e-06 -6.067e-05 0 
-0.00141567 1.86469e-17 0 
-0.00102249 -0.000825574 0 
0.000367752 4.49843e-05 0 
-0.000328051 -3.73506e-05 0 
0.000367752 4.49843e-05 0 
7.70691e-05 -0.00014861 0 
-4.09235e-05 0.000951619 0 
-0.000285543 0.000402832 0 
-4.09235e-05 0.000951619 0 
0.000204087 -0.00158925 0 
-0.00019175 0.000887618 0 
-0.000586745 -0.000196704 0 
-0.00019175 0.000887618 0 
-0.00125556 -0.000640455 0 
-0.00254396 -0.000707623 0 
-0.00157234 -0.0011513 0 
-0.00254396 -0.000707623 0 
-0.00259371 -0.000647061 0 
-0.00241791 -0.000901553 0 
-0.00149157 -0.00124964 0 
-0.00241791 -0.000901553 0 
-0.000817221 0.0011152 0 
-0.00150446 0.00106746 0 
-0.00116691 0.00080182 0 
-0.00150446 0.00106746 0 
-0.00212425 -0.00122366 0 
-0.00191906 -0.00134754 0 
-0.00178054 -0.00148147 0 
-0.00191906 -0.00134754 0 
0.000690705 8.63381e-05 0 
-0.0017952 0.000286929 0 
-0.000240708 -0.000541417 0 
-0.0017952 0.000286929 0 
0.000205954 0.000153611 0 
-0.00328629 -0.00022543 0 
-0.00131418 -0.000347194 0 
-0.00328629 -0.00022543 0 
-0.000814946 -0.00264091 0 
-2.45967e-05 -0.00152308 0 
-0.000595693 -0.00189151 0 
-2.45967e-05 -0.00152308 0 
-0.00018986 0.000407323 0 
-0.000190051 0.000592125 0 
-0.000295984 0.000517747 0 
-0.000190051 0.000592125 0 
-0.000244241 0.000383369 0 
-0.0019529 0.00149218 0 
-0.000986365 0.000576963 0 
-0.0019529 0.00149218 0 
-0.00135563 -0.000544457 0 
7.94836e-05 -0.000324349 0 
-0.000665413 -0.000248622 0 
7.94836e-05 -0.000324349 0 
-0.000224633 -0.00020702 0 
-0.000412018 -0.000135648 0 
-0.000613264 -0.000268742 0 
-0.000412018 -0.000135648 0 
-0.000173732 -0.000916023 0 
-5.95529e-05 0.000250789 0 
-0.000296781 -0.000322119 0 
-5.95529e-05 0.000250789 0 
-0.000988582 -0.000131065 0 
-0.00113562 -0.000273036 0 
-0.00100054 -0.000345211 0 
-0.00113562 -0.000273036 0 
-0.00162772 -1.99644e-05 0 
-0.000289182 8.0996e-05 0 
-0.00250759 9.40464e-05 0 
-0.000289182 8.0996e-05 0 
-0.00142417 -7.0853e-05 0 
-0.0013415 -0.000197475 0 
0.00155966 9.0212e-05 0 
-0.0013415 -0.000197475 0 
0.000121144 -5.49288e-05 0 
0.000212313 -8.38234e-05 0 
-0.000205478 0.00016788 0 
0.000212313 -8.38234e-05 0 
-0.00290507 2.05754e-17 0 
0.00158591 -1.0413e-17 0 
-0.0010895 0.000134729 0 
0.00158591 -1.0413e-17 0 
-0.000424011 0.000293258 0 
-0.00177116 0.000351575 0 
-0.000760852 -7.54721e-05 0 
-0.00177116 0.000351575 0 
-0.000971799 -3.43427e-05 0 
-0.000663204 4.54131e-05 0 
-0.000763779 0.000126214 0 
-0.000663204 4.54131e-05 0 
-7.74994e-05 1.0863e-05 0 
0.000239757 -2.1082e-05 0 
-0.000246491 5.2314e-05 0 
0.000239757 -2.1082e-05 0 
-0.000412921 -3.60399e-05 0 
-0.000588322 -0.000129507 0 
0.000663197 5.2457e-05 0 
-0.000588322 -0.000129507 0 
-0.00063598 0.000913037 0 
-0.00103247 0.000745794 0 
-0.00075274 0.000652728 0 
-0.00103247 0.000745794 0 
6.44011e-06 -5.3583e-05 0 
4.67459e-05 0.000220823 0 
-1.15679e-05 9.40558e-06 0 
4.67459e-05 0.000220823 0 
-0.000938957 -0.000418432 0 
0.000389985 1.07728e-05 0 
-0.000169763 5.01195e-07 0 
0.000389985 1.07728e-05 0 
0.000587132 -0.000921209 0 
0.00013419 -0.000155308 0 
0.000209613 -0.000545992 0 
0.00013419 -0.000155308 0 
-2.02726e-06 3.54899e-06 0 
2.02871e-06 2.61973e-06 0 
3.66886e-06 3.77342e-06 0 
2.02871e-06 2.61973e-06 0 
-0.000530487 -0.00167806 0 
0.000182009 -0.000367436 0 
-0.000290452 -0.000739559 0 
0.000182009 -0.000367436 0 
-0.000771281 -0.00110869 0 
-0.00128857 -0.00159189 0 
-0.000997499 -0.00138384 0 
-0.00128857 -0.00159189 0 
-0.00119288 -0.00112268 0 
3.24079e-05 -0.000153973 0 
-0.000428023 -0.000314868 0 
3.24079e-05 -0.000153973 0 
-0.000927362 -0.000573928 0 
-0.00103936 -0.0011684 0 
-0.000849305 -0.0007733 0 
-0.00103936 -0.0011684 0 
-0.000395853 0.000965212 0 
-0.00209723 0.00260654 0 
-0.00119707 0.000813903 0 
-0.00209723 0.00260654 0 
-0.000523312 0.000389156 0 
-0.000382879 0.000531283 0 
-0.000528128 0.000438046 0 
-0.000382879 0.000531283 0 
-0.000452941 -0.000414934 0 
0.000326881 0.000269555 0 
-0.000320203 0.000100308 0 
0.000326881 0.000269555 0 
-0.00114465 -0.000998298 0 
0.000336673 0.000342611 0 
-0.000827844 -0.00048404 0 
0.000336673 0.000342611 0 
-0.000676106 -0.000538232 0 
-0.000214564 0.00053948 0 
-0.000672909 -0.000118813 0 
-0.000214564 0.00053948 0 
-0.000794227 0.00031149 0 
-0.00115615 -6.05877e-06 0 
-0.00110917 -0.0003665 0 
-0.00115615 -6.05877e-06 0 
-2.31854e-05 -1.79473e-05 0 
-2.73408e-05 -0.000104355 0 
3.27853e-05 9.58079e-05 0 
-2.73408e-05 -0.000104355 0 
-0.000530423 -3.0484e-05 0 
-0.00108328 6.34807e-05 0 
-0.000831214 -0.000128013 0 
-0.00108328 6.34807e-05 0 
-0.000132677 -0.000581147 0 
-0.000101095 0.000565295 0 
-0.000147588 5.05829e-05 0 
-0.000101095 0.000565295 0 
-0.00125844 -0.000664261 0 
-0.000830758 -0.00116719 0 
-0.000861128 -0.000849928 0 
-0.000830758 -0.00116719 0 
-0.000307229 -0.000841513 0 
0.00017907 0.000285262 0 
-0.000353661 -8.93678e-05 0 
0.00017907 0.000285262 0 
-0.000127008 3.70677e-05 0 
-0.000555741 0.000453439 0 
-0.000459941 7.43288e-05 0 
-0.000555741 0.000453439 0 
-0.000766021 -0.000298332 0 
-0.000590313 -1.04771e-05 0 
-0.000813239 -5.38191e-05 0 
-0.000590313 -1.04771e-05 0 
-0.00153125 0.000166939 0 
-0.00187127 -0.000967522 0 
-0.00120063 -0.000523142 0 
-0.00187127 -0.000967522 0 
-0.000596002 0.00096543 0 
-0.00170924 0.00119848 0 
-0.000999433 0.000728261 0 
-0.00170924 0.00119848 0 
-0.00208787 -0.000821181 0 
-0.000326819 -0.000304777 0 
-0.00127634 -3.30073e-05 0 
-0.000326819 -0.000304777 0 
-0.0011257 -0.000301283 0 
-0.00263339 0.00010045 0 
-0.00207888 -0.000155464 0 
-0.00263339 0.00010045 0 
-0.000467521 -2.69124e-06 0 
-2.22779e-05 -8.5487e-05 0 
-0.000697364 0.000367114 0 
-2.22779e-05 -8.5487e-05 0 
-0.000182695 -0.000718917 0 
-0.000101479 -0.000757692 0 
-0.00036827 -0.000305014 0 
-0.000101479 -0.000757692 0 
0.000360766 9.87694e-05 0 
-0.00172676 0.00074065 0 
-0.000551501 -8.32877e-05 0 
-0.00172676 0.00074065 0 
-0.000278125 0.000313836 0 
-0.00119628 0.000709652 0 
-0.000621883 0.000474347 0 
-0.00119628 0.000709652 0 
-0.000179223 -0.000601884 0 
-0.000136851 0.000332437 0 
-0.000269214 -0.000338623 0 
-0.000136851 0.000332437 0 
-0.000214824 -0.000351289 0 
-0.000344474 0.000380789 0 
-0.000529102 -3.5719e-05 0 
-0.000344474 0.000380789 0 
0.00028363 -0.000272176 0 
-0.000424335 0.000543245 0 
-0.000150517 -8.19512e-05 0 
-0.000424335 0.000543245 0 
0.000399771 -0.000448409 0 
3.34361e-05 -5.8663e-05 0 
0.000164359 -0.000264997 0 
3.34361e-05 -5.8663e-05 0 
0.000151224 -0.000320631 0 
2.96888e-05 -7.45359e-05 0 
3.18476e-07 -0.000286201 0 
2.96888e-05 -7.45359e-05 0 
-0.000381084 -0.00154151 0 
0.000267595 0.000132476 0 
-0.000217895 -0.000518087 0 
0.000267595 0.000132476 0 
-0.00140005 0.000540301 0 
-0.00102514 0.000444759 0 
-0.00129399 0.000280424 0 
-0.00102514 0.000444759 0 
-0.00230148 6.74585e-05 0 
-0.00238078 -0.000932947 0 
-0.00208625 -0.000155862 0 
-0.00238078 -0.000932947 0 
-0.00144264 -0.0010983 0 
-0.000273936 -0.000642535 0 
-0.000578835 -0.000748595 0 
-0.000273936 -0.000642535 0 
0.000123079 -0.00033871 0 
-7.01002e-05 -0.000153364 0 
-0.00010227 -0.000319646 0 
-7.01002e-05 -0.000153364 0 
-0.00116307 -0.000862056 0 
-0.000214016 -0.00078995 0 
-0.00047145 -0.000621562 0 
-0.000214016 -0.00078995 0 
-0.00065785 0.000591163 0 
-0.00125293 0.000288173 0 
-0.000923059 0.000214075 0 
-0.00125293 0.000288173 0 
-0.0019527 0.000182265 0 
-0.00125057 -0.000341025 0 
-0.00148373 -6.30396e-05 0 
-0.00125057 -0.000341025 0 
-0.000235184 0.000769425 0 
-6.25563e-07 0.000193338 0 
5.30417e-05 0.000584173 0 
-6.25563e-07 0.000193338 0 
-2.79038e-05 -1.7071e-05 0 
5.71533e-05 3.62706e-05 0 
-1.94356e-05 -1.30229e-05 0 
5.71533e-05 3.62706e-05 0 
-1.60868e-07 -1.68173e-08 0 
-2.72881e-07 -9.74576e-08 0 
7.74127e-07 2.35838e-07 0 
-2.72881e-07 -9.74576e-08 0 
-5.4601e-07 -0.000221309 0 
1.41689e-05 -1.98806e-05 0 
-0.000114167 -0.000115739 0 
1.41689e-05 -1.98806e-05 0 
0.000139279 -0.000211058 0 
-5.77439e-05 -7.67371e-05 0 
-1.54374e-05 -0.000215606 0 
-5.77439e-05 -7.67371e-05 0 
0.000135153 -1.15925e-06 0 
0.000196812 -1.54233e-05 0 
-0.000358743 2.91839e-05 0 
0.000196812 -1.54233e-05 0 
-0.0020869 5.62427e-17 0 
0.000147132 2.16207e-17 0 
3.22405e-05 6.70211e-05 0 
0.000147132 2.16207e-17 0 
-2.00938e-05 1.18689e-06 0 
9.15954e-06 -8.20404e-07 0 
3.42246e-06 2.30737e-06 0 
9.15954e-06 -8.20404e-07 0 
7.60022e-06 8.06501e-18 0 
-2.65178e-06 -1.18248e-16 0 
-2.80682e-06 -3.0756e-07 0 
-2.65178e-06 -1.18248e-16 0 
1.12036e-06 1.66846e-06 0 
1.21033e-06 8.79465e-07 0 
-2.28728e-06 -3.45783e-06 0 
1.21033e-06 8.79465e-07 0 
3.70215e-06 1.97894e-16 0 
-1.69413e-05 -1.89419e-16 0 
-1.55629e-06 -3.71583e-06 0 
-1.69413e-05 -1.89419e-16 0 
2.5887e-05 1.61227e-16 0 
-0.000680235 -9.55856e-17 0 
-4.35946e-05 -0.000190653 0 
-0.000680235 -9.55856e-17 0 
-0.000185186 -0.000401956 0 
-8.00224e-05 -0.000330953 0 
-0.000326832 3.04052e-05 0 
-8.00224e-05 -0.000330953 0 
-0.000554139 -0.000148549 0 
-0.000310877 -0.000598094 0 
-0.000329945 4.54501e-05 0 
-0.000310877 -0.000598094 0 
-0.00188237 0.000495773 0 
-0.000723766 2.92543e-07 0 
-0.00127725 0.000277802 0 
-0.000723766 2.92543e-07 0 
-0.00142129 -4.9425e-05 0 
-0.000494198 -0.000683572 0 
-0.000653438 6.12899e-05 0 
-0.000494198 -0.000683572 0 
-0.000692648 -0.000780212 0 
-0.000119492 -0.000291772 0 
-0.000459423 -0.000331296 0 
-0.000119492 -0.000291772 0 
-0.0016765 4.94924e-05 0 
-0.000989926 -0.000988805 0 
-0.000963002 -0.000384956 0 
-0.000989926 -0.000988805 0 
-0.000940716 -0.00109017 0 
9.69208e-05 -0.000241001 0 
-0.000908318 -0.000620749 0 
9.69208e-05 -0.000241001 0 
-0.000147504 -0.000409463 0 
0.000131026 0.00077003 0 
-0.000269584 0.000361474 0 
0.000131026 0.00077003 0 
-0.00134372 -0.00182178 0 
-0.000911744 -0.00101795 0 
-0.00119398 -0.0013251 0 
-0.000911744 -0.00101795 0 
-0.000384826 -0.000498986 0 
-0.000162274 -0.000192141 0 
-0.000367629 -0.000341219 0 
-0.000162274 -0.000192141 0 
-0.000820472 -0.000427364 0 
-0.000284822 -0.000473226 0 
-0.000494976 -0.000353657 0 
-0.000284822 -0.000473226 0 
-0.000460632 -0.000796302 0 
0.000164144 6.71026e-05 0 
-0.000286675 -0.000102559 0 
0.000164144 6.71026e-05 0 
-0.00029418 0.000958446 0 
-0.000887479 0.000897666 0 
-0.000685799 0.000593194 0 
-0.000887479 0.000897666 0 
-0.00098093 0.000951323 0 
-0.00219984 0.00150456 0 
-0.00177452 0.00102279 0 
-0.00219984 0.00150456 0 
4.64794e-05 -0.000360143 0 
-0.00043194 0.00133831 0 
-0.000523679 0.000408095 0 
-0.00043194 0.00133831 0 
-0.0008781 0.000949375 0 
-0.0019067 0.000250798 0 
-0.00106626 0.000469106 0 
-0.0019067 0.000250798 0 
-0.00106504 0.000460113 0 
-0.00189022 0.000129184 0 
-0.00137537 -0.000160895 0 
-0.00189022 0.000129184 0 
0.00015614 -0.000237063 0 
-0.000967631 0.0012179 0 
-0.000740303 0.000236284 0 
-0.000967631 0.0012179 0 
0.000119826 -0.000368581 0 
-0.000307778 0.000543716 0 
-0.000168103 -6.67015e-06 0 
-0.000307778 0.000543716 0 
-0.00189064 -0.00126304 0 
-0.000492113 -0.000530499 0 
-0.00130295 -0.000483928 0 
-0.000492113 -0.000530499 0 
-0.000602498 -0.000865741 0 
-2.82539e-05 -2.11435e-05 0 
-0.000510251 -0.000315898 0 
-2.82539e-05 -2.11435e-05 0 
-0.000265146 -0.000302172 0 
-6.56007e-06 -0.000104573 0 
-0.00022622 -9.18053e-05 0 
-6.56007e-06 -0.000104573 0 
0.000217625 -1.14471e-05 0 
-6.21354e-05 -9.05247e-05 0 
-8.56309e-05 9.31769e-05 0 
-6.21354e-05 -9.05247e-05 0 
-0.00126974 1.0416e-17 0 
0.000431305 2.25446e-18 0 
-0.000872347 5.10314e-05 0 
0.000431305 2.25446e-18 0 
-0.00040622 -0.000517225 0 
-0.00015884 -0.000138291 0 
-0.000361082 -0.000235917 0 
-0.00015884 -0.000138291 0 
-3.46822e-05 -0.00130065 0 
3.95298e-05 0.000340637 0 
-0.000355501 -0.000466705 0 
3.95298e-05 0.000340637 0 
-0.00427656 0.00141041 0 
-0.00123759 -0.000338405 0 
-0.0024058 0.000681603 0 
-0.00123759 -0.000338405 0 
0.000242307 -0.000112331 0 
-0.000609422 0.00177083 0 
-0.000161422 0.000320403 0 
-0.000609422 0.00177083 0 
-0.00120146 -0.000432918 0 
-0.000461148 0.000630699 0 
-0.00164926 -0.000217233 0 
-0.000461148 0.000630699 0 
-0.00227495 0.000130737 0 
-0.00196151 0.000187873 0 
-0.00200088 0.000970242 0 
-0.00196151 0.000187873 0 
-0.000116174 -0.000496975 0 
-7.1458e-05 -5.40409e-05 0 
-4.8012e-05 -0.000268059 0 
-7.1458e-05 -5.40409e-05 0 
-0.000309377 4.52143e-05 0 
0.000304282 -0.000108679 0 
-0.000245374 8.73533e-05 0 
0.000304282 -0.000108679 0 
2.98513e-05 -6.85537e-05 0 
7.12493e-05 -2.79808e-06 0 
-0.000340587 -3.16387e-05 0 
7.12493e-05 -2.79808e-06 0 
0.000249771 3.0802e-18 0 
-0.00044502 -8.97087e-18 0 
-0.000569966 -2.08437e-05 0 
-0.00044502 -8.97087e-18 0 
0.000775767 1.20486e-17 0 
-0.00118537 -1.93504e-17 0 
-0.000891997 -5.88342e-05 0 
-0.00118537 -1.93504e-17 0 
-0.000681411 -0.0016558 0 
0.000254315 0.000409595 0 
-0.000709922 -0.000746707 0 
0.000254315 0.000409595 0 
-0.000349406 0.000622537 0 
-0.00141316 0.00111282 0 
-0.000878916 0.000512961 0 
-0.00141316 0.00111282 0 
-0.000291875 -0.00151287 0 
0.000168428 3.77726e-05 0 
-0.000316503 -0.000464097 0 
0.000168428 3.77726e-05 0 
-0.00134007 4.93318e-05 0 
-0.00119359 -0.000338561 0 
-0.00108711 -6.87042e-05 0 
-0.00119359 -0.000338561 0 
-0.00250855 0.00162192 0 
-0.00124141 0.0012746 0 
-0.00199457 0.00166895 0 
-0.00124141 0.0012746 0 
-0.00140685 0.000247822 0 
-0.00114229 -0.000198719 0 
-0.00113167 6.37323e-05 0 
-0.00114229 -0.000198719 0 
0.000111603 0.00133962 0 
-0.000946581 0.00258456 0 
-0.000819081 0.00168357 0 
-0.000946581 0.00258456 0 
-9.23906e-05 -0.000171365 0 
0.00022799 0.00156983 0 
-0.000387917 0.000691722 0 
0.00022799 0.00156983 0 
-0.000921789 -0.000715689 0 
-0.000313041 -0.000345726 0 
-0.000493914 -0.000611337 0 
-0.000313041 -0.000345726 0 
-0.000906381 0.000115425 0 
-0.00139652 -0.000180568 0 
-0.00101011 -0.000309051 0 
-0.00139652 -0.000180568 0 
-2.37086e-05 -0.000370747 0 
-0.00013683 0.00041137 0 
-7.44761e-05 -5.16283e-05 0 
-0.00013683 0.00041137 0 
-5.86383e-05 0.000211785 0 
-0.000294388 0.00161344 0 
-0.00035955 0.000562339 0 
-0.000294388 0.00161344 0 
-0.000163421 0.000675074 0 
-0.000679231 0.00139223 0 
-0.000388868 0.000994543 0 
-0.000679231 0.00139223 0 
-0.00032948 -0.000583565 0 
1.2495e-05 -0.000153203 0 
-4.51901e-05 -0.000259447 0 
1.2495e-05 -0.000153203 0 
-0.00109305 0.00136479 0 
-0.00156288 0.00105212 0 
-0.00111747 0.00119296 0 
-0.00156288 0.00105212 0 
-0.0014229 0.000316552 0 
-0.00228333 0.00045224 0 
-0.00204505 0.00032703 0 
-0.00228333 0.00045224 0 
-0.000803721 -0.000784901 0 
-0.000365957 -0.000127736 0 
-0.000496538 -0.000614331 0 
-0.000365957 -0.000127736 0 
-0.000893103 -0.000737656 0 
0.000603127 0.00043212 0 
-0.000487362 4.57274e-05 0 
0.000603127 0.00043212 0 
0.000343706 0.00011085 0 
-0.000857489 0.00205899 0 
-0.000273321 0.000807461 0 
-0.000857489 0.00205899 0 
-0.00136305 0.00171621 0 
-0.000742498 0.000916593 0 
-0.000193835 0.000861353 0 
-0.000742498 0.000916593 0 
-0.000336911 -0.000569498 0 
-8.0753e-05 0.000259366 0 
-0.000496036 -0.000106118 0 
-8.0753e-05 0.000259366 0 
-0.000750988 5.33512e-05 0 
0.000882405 -6.46179e-05 0 
-0.000668075 0.000160633 0 
0.000882405 -6.46179e-05 0 
-0.00031943 6.37827e-06 0 
-0.0015298 -4.06401e-05 0 
-0.000223033 -0.000440802 0 
-0.0015298 -4.06401e-05 0 
-0.000211308 -1.46906e-05 0 
-0.000415468 -5.6865e-05 0 
0.000378714 2.37401e-05 0 
-0.000415468 -5.6865e-05 0 
-0.00139247 -7.80076e-05 0 
-0.000625107 4.11399e-05 0 
-0.00159093 0.000197021 0 
-0.000625107 4.11399e-05 0 
-0.00157526 0.000129457 0 
-0.00162374 -0.000364414 0 
-0.00139044 -7.01972e-05 0 
-0.00162374 -0.000364414 0 
-0.0044323 0.00113695 0 
-0.00101739 -0.000828249 0 
-0.00224916 0.000716798 0 
-0.00101739 -0.000828249 0 
5.30555e-05 -1.70432e-05 0 
3.84483e-05 -1.69258e-05 0 
-4.97001e-05 4.71604e-05 0 
3.84483e-05 -1.69258e-05 0 
0.000422326 2.53298e-18 0 
-0.000125974 4.364e-05 0 
-0.00103234 1.90791e-18 0 
-0.000125974 4.364e-05 0 
-0.000691948 -0.000298627 0 
-0.000311007 -0.00049098 0 
-0.000382247 -0.000323313 0 
-0.000311007 -0.00049098 0 
-0.00218424 0.000587882 0 
-0.00157663 -0.000298028 0 
-0.00152661 0.000370103 0 
-0.00157663 -0.000298028 0 
-0.00146761 -0.00106329 0 
-0.000930598 -0.00122371 0 
-0.00100043 -0.000972764 0 
-0.000930598 -0.00122371 0 
-0.00071246 0.000586188 0 
-0.000676145 0.000424667 0 
-0.000555319 0.000468935 0 
-0.000676145 0.000424667 0 
0.000182218 -0.00026628 0 
-0.000414355 0.00112199 0 
-0.0003143 0.000143163 0 
-0.000414355 0.00112199 0 
-0.000556115 0.00114167 0 
-0.00283195 0.00192349 0 
-0.00187592 0.000950335 0 
-0.00283195 0.00192349 0 
3.74442e-05 -0.000506054 0 
-0.000373414 7.54206e-05 0 
-0.00192649 0.000782034 0 
-0.000373414 7.54206e-05 0 
-0.00282814 0.0025772 0 
-0.00221871 -0.00263623 0 
-0.0025946 0.00186923 0 
-0.00221871 -0.00263623 0 
-0.0030687 -0.000389637 0 
2.13101e-05 -0.000167237 0 
-0.00193207 0.0008991 0 
2.13101e-05 -0.000167237 0 
-0.000901293 0.000239461 0 
-0.00130912 -0.000204174 0 
-0.00103833 0.000210799 0 
-0.00130912 -0.000204174 0 
-0.000898399 -0.00103975 0 
-0.000989578 7.02315e-05 0 
-0.0011982 0.000536033 0 
-0.000989578 7.02315e-05 0 
-0.0022353 -0.00100786 0 
-0.00196526 -0.000827908 0 
-0.00365989 0.00101009 0 
-0.00196526 -0.000827908 0 
-0.00132476 0.000303073 0 
0.000473215 -0.000379185 0 
-0.00014916 -0.000138052 0 
0.000473215 -0.000379185 0 
-0.00187654 0.000114109 0 
-0.00148369 0.000377721 0 
-0.00211651 0.000385258 0 
-0.00148369 0.000377721 0 
-0.00371788 -0.00077497 0 
-0.00229505 0.000764672 0 
-0.00360756 -0.000542328 0 
-0.00229505 0.000764672 0 
-0.00147436 -2.9151e-07 0 
-0.00150391 -1.60736e-05 0 
-0.00056301 -1.33095e-05 0 
-0.00150391 -1.60736e-05 0 
-0.00150742 -9.21998e-05 0 
-3.39634e-05 -2.76846e-05 0 
-0.000551609 0.000233708 0 
-3.39634e-05 -2.76846e-05 0 
-2.95704e-05 -6.83911e-05 0 
-9.45076e-06 0.000187826 0 
-4.27353e-05 6.03158e-05 0 
-9.45076e-06 0.000187826 0 
-0.00144674 2.20417e-05 0 
-0.00147338 3.58584e-07 0 
-0.000620697 9.24287e-06 0 
-0.00147338 3.58584e-07 0 
-7.16408e-05 4.9497e-05 0 
-0.00144903 6.86105e-05 0 
-0.000609394 -0.000220585 0 
-0.00144903 6.86105e-05 0 
-0.000747855 -0.000389791 0 
-0.000781521 -0.000446684 0 
-0.000549417 0.000264558 0 
-0.000781521 -0.000446684 0 
-0.000766701 -0.000189817 0 
-0.000329752 -3.78516e-05 0 
-0.000544047 0.00035765 0 
-0.000329752 -3.78516e-05 0 
-0.00651622 -0.00297361 0 
-0.00372395 -0.00272957 0 
-0.00752751 0.00532223 0 
-0.00372395 -0.00272957 0 
-0.00634682 -0.000658494 0 
0.000925601 -0.000642099 0 
-0.00336562 0.00216759 0 
0.000925601 -0.000642099 0 
-0.0012499 0.000147283 0 
-0.00139807 -0.00041783 0 
-0.00105843 0.000118086 0 
-0.00139807 -0.00041783 0 
-0.00184011 -0.000217062 0 
-0.00165948 0.000159965 0 
-0.00188534 -0.000295434 0 
-0.00165948 0.000159965 0 
-0.00163305 0.00219699 0 
-0.00247719 0.00172863 0 
-0.00199798 0.00167136 0 
-0.00247719 0.00172863 0 
-4.90321e-05 -0.000709339 0 
7.34229e-05 -4.45721e-05 0 
-0.000132895 -0.000333598 0 
7.34229e-05 -4.45721e-05 0 
-0.00383719 -0.0013758 0 
-0.00646099 0.00147385 0 
-0.00439087 -0.00214978 0 
-0.00646099 0.00147385 0 
-0.000483196 -0.00045356 0 
-0.000196738 7.75389e-05 0 
-0.000381861 0.000371282 0 
-0.000196738 7.75389e-05 0 
-0.000703249 -0.000631176 0 
-0.000663546 -0.000429971 0 
-0.000693609 0.000601168 0 
-0.000663546 -0.000429971 0 
-0.000533125 -0.000542044 0 
-0.000483196 -0.000873032 0 
-0.000381861 0.000541124 0 
-0.000483196 -0.000873032 0 
-0.000495105 -0.000536739 0 
-1.85239e-05 -8.53196e-05 0 
-0.000350843 -0.000231083 0 
-1.85239e-05 -8.53196e-05 0 
-0.000607187 -0.000155481 0 
-0.000741222 0.000318151 0 
-0.000654905 -0.000366434 0 
-0.000741222 0.000318151 0 
0.000334611 -0.00138648 0 
0.000212333 -0.00142773 0 
-0.00219487 0.000627824 0 
0.000212333 -0.00142773 0 
-0.00453216 0.000115132 0 
0.00030366 -0.000839672 0 
-0.00223068 0.00126053 0 
0.00030366 -0.000839672 0 
-0.000140384 0.000176521 0 
-0.000158031 0.000133903 0 
-0.000139041 0.000137375 0 
-0.000158031 0.000133903 0 
-0.00255142 0.000306499 0 
-0.00177519 -0.000328248 0 
-0.0019613 0.000231165 0 
-0.00177519 -0.000328248 0 
-0.00031127 -0.000620943 0 
-4.30347e-05 0.00014598 0 
-0.000236496 -0.000117012 0 
-4.30347e-05 0.00014598 0 
-0.0022548 -0.000574268 0 
-0.000913671 -0.000363038 0 
-0.00254677 0.000968533 0 
-0.000913671 -0.000363038 0 
-0.00224386 -0.000322722 0 
-0.000243524 6.47839e-05 0 
-0.000875255 0.000520543 0 
-0.000243524 6.47839e-05 0 
1.69683e-05 7.04913e-05 0 
-0.00018091 0.000345615 0 
-0.000121862 0.000191808 0 
-0.00018091 0.000345615 0 
-0.00121627 0.00119833 0 
-0.00229764 -0.00099694 0 
-0.00108687 0.000737616 0 
-0.00229764 -0.00099694 0 
-0.00159874 9.21006e-05 0 
0.00147316 -0.000145581 0 
-0.00149176 0.000205735 0 
0.00147316 -0.000145581 0 
-0.00104982 -0.00121543 0 
-0.00268826 0.00118162 0 
-0.00273277 0.00144675 0 
-0.00268826 0.00118162 0 
-0.00139789 5.14157e-18 0 
-0.000573906 -6.02869e-05 0 
0.000611675 -1.29131e-17 0 
-0.000573906 -6.02869e-05 0 
6.02095e-05 -0.000407193 0 
-0.00030447 0.00112353 0 
-0.00029643 0.000200256 0 
-0.00030447 0.00112353 0 
-0.00265301 0.000370808 0 
-0.00108264 -0.000460555 0 
-0.000353187 -0.000179469 0 
-0.00108264 -0.000460555 0 
-0.00187429 0.000402321 0 
-0.00166515 -0.000227443 0 
-0.000463026 -0.000153037 0 
-0.00166515 -0.000227443 0 
-0.0017253 -0.000392322 0 
-0.00134795 -0.000127768 0 
-0.00179994 0.000491427 0 
-0.00134795 -0.000127768 0 
-0.0010421 0.000194792 0 
-0.00134546 -8.11851e-05 0 
-0.00171044 -0.000114914 0 
-0.00134546 -8.11851e-05 0 
-0.00335928 0.000581958 0 
-0.00331286 -0.000814337 0 
-0.00336466 0.000265036 0 
-0.00331286 -0.000814337 0 
-0.00334796 -0.00126085 0 
-0.00334898 0.000331446 0 
-0.00339601 0.00102784 0 
-0.00334898 0.000331446 0 
-0.00352319 -0.000947909 0 
-0.00213686 0.000468645 0 
-0.00317752 0.000448844 0 
-0.00213686 0.000468645 0 
-0.00401657 -0.000817708 0 
-0.00364196 -0.00112185 0 
-0.00404951 0.00198751 0 
-0.00364196 -0.00112185 0 
-0.00233907 -0.000715515 0 
-0.00426121 0.0016287 0 
-0.0037549 -0.000958601 0 
-0.00426121 0.0016287 0 
-0.00402519 -0.000984351 0 
-0.00318933 0.00155899 0 
-0.00361669 -0.000633414 0 
-0.00318933 0.00155899 0 
-4.79703e-05 3.26418e-06 0 
3.68521e-05 -5.76369e-06 0 
-1.96416e-05 6.42639e-06 0 
3.68521e-05 -5.76369e-06 0 
0.000239941 2.15978e-17 0 
-5.9939e-05 1.01394e-17 0 
-7.61918e-05 -8.99639e-06 0 
-5.9939e-05 1.01394e-17 0 
4.45149e-05 -5.90389e-17 0 
-2.4128e-05 5.57286e-17 0 
-6.81059e-05 -2.05929e-06 0 
-2.4128e-05 5.57286e-17 0 
-0.000171809 9.36334e-17 0 
0.000559718 -9.48065e-17 0 
-0.000351789 2.19458e-05 0 
0.000559718 -9.48065e-17 0 
-5.76311e-05 -1.92181e-06 0 
3.10143e-05 -2.4569e-06 0 
7.80206e-06 4.67445e-07 0 
3.10143e-05 -2.4569e-06 0 
0.000125276 -6.54454e-18 0 
-2.94446e-05 3.07419e-18 0 
-6.71307e-05 -4.64161e-06 0 
-2.94446e-05 3.07419e-18 0 
-8.26146e-05 -4.61013e-18 0 
0.00031989 9.77378e-18 0 
-0.000157902 1.20751e-05 0 
0.00031989 9.77378e-18 0 
0.000108298 -9.02622e-17 0 
-3.21605e-05 8.73325e-17 0 
-6.28755e-05 -4.21374e-06 0 
-3.21605e-05 8.73325e-17 0 
-5.51343e-05 3.86704e-06 0 
-1.8833e-06 -3.96593e-08 0 
4.0535e-05 4.1283e-06 0 
-1.8833e-06 -3.96593e-08 0 
0.000391617 -1.00633e-17 0 
-0.000101217 3.13291e-17 0 
-0.000184849 -1.4785e-05 0 
-0.000101217 3.13291e-17 0 
-2.04247e-05 -1.27964e-06 0 
1.01004e-05 -1.76057e-06 0 
4.00162e-06 1.36458e-07 0 
1.01004e-05 -1.76057e-06 0 
6.09387e-06 5.10914e-18 0 
1.96903e-06 -1.32274e-18 0 
-5.51937e-07 -1.23745e-07 0 
1.96903e-06 -1.32274e-18 0 
-3.3541e-05 -2.7676e-17 0 
0.000127799 6.16244e-17 0 
-5.75576e-05 4.84021e-06 0 
0.000127799 6.16244e-17 0 
-0.00382544 -0.00107623 0 
-0.00728542 0.00305183 0 
-0.00659617 -0.00197326 0 
-0.00728542 0.00305183 0 
-0.0012661 -0.000163797 0 
-0.0024738 0.000739701 0 
-0.00228352 -0.000610967 0 
-0.0024738 0.000739701 0 
-0.000852136 -2.40186e-17 0 
-0.000468998 2.3686e-17 0 
-0.000539709 0.000136053 0 
-0.000468998 2.3686e-17 0 
-0.00022841 -1.33389e-05 0 
-0.000189559 3.18719e-05 0 
-0.000229243 -2.25655e-05 0 
-0.000189559 3.18719e-05 0 
-0.00106098 1.33754e-05 0 
-0.00115507 0.000141459 0 
-0.00132117 -0.00025114 0 
-0.00115507 0.000141459 0 
-0.000521016 6.3671e-05 0 
-0.000572701 -1.05686e-05 0 
-0.000444148 7.65247e-05 0 
-0.000572701 -1.05686e-05 0 
-0.000332265 -6.27322e-05 0 
-0.000404001 8.02502e-05 0 
-0.000393206 -6.86253e-05 0 
-0.000404001 8.02502e-05 0 
-7.4599e-05 -0.000975032 0 
-0.000245558 0.00135924 0 
-0.000680271 0.000600623 0 
-0.000245558 0.00135924 0 
-0.00108239 0.000782458 0 
-0.00109685 -0.000672744 0 
-0.00105276 -0.000848949 0 
-0.00109685 -0.000672744 0 
-0.000601809 -0.000726789 0 
-0.000648245 0.000585543 0 
-0.00117672 0.000531152 0 
-0.000648245 0.000585543 0 
-0.00115714 -0.000268733 0 
-0.00202997 -0.000110654 0 
-0.00140178 9.67319e-05 0 
-0.00202997 -0.000110654 0 
4.42121e-05 0.000121176 0 
-0.000305233 0.000633079 0 
-0.000379959 0.000483683 0 
-0.000305233 0.000633079 0 
-6.8125e-05 0.000233107 0 
-0.000541071 8.82943e-05 0 
-1.00062e-05 -0.000122922 0 
-0.000541071 8.82943e-05 0 
2.82255e-05 -0.000371783 0 
-0.000328389 0.000570306 0 
-0.000171623 -0.000167391 0 
-0.000328389 0.000570306 0 
-0.000954467 0.000171443 0 
5.1827e-05 -0.000405437 0 
-0.000655398 0.000508094 0 
5.1827e-05 -0.000405437 0 
-0.0020712 -0.000754891 0 
-0.00118439 -0.000510777 0 
-0.00151152 -0.000135163 0 
-0.00118439 -0.000510777 0 
-0.00197896 0.000146734 0 
-0.0020901 -0.000917677 0 
-0.00150656 -9.2416e-05 0 
-0.0020901 -0.000917677 0 
-3.10388e-05 1.09247e-17 0 
-0.000739537 1.2388e-05 0 
-0.000443971 -9.81445e-18 0 
-0.000739537 1.2388e-05 0 
-0.000596944 -0.000298472 0 
-0.00107721 0.000177275 0 
-0.000592423 -0.00101209 0 
-0.00107721 0.000177275 0 
-0.00132433 -0.000143521 0 
-0.00152536 0.000962411 0 
-0.00191767 0.000541592 0 
-0.00152536 0.000962411 0 
-0.0017519 0.000328173 0 
-0.00150109 0.000386756 0 
-0.00177293 0.000107386 0 
-0.00150109 0.000386756 0 
-0.00209797 -0.00107792 0 
-8.99523e-05 -0.000686341 0 
-0.000811523 -0.000579942 0 
-8.99523e-05 -0.000686341 0 
3.70666e-05 -0.00068265 0 
-0.000135874 0.0005927 0 
-0.000294811 -0.000223779 0 
-0.000135874 0.0005927 0 
-0.00024636 0.000416111 0 
-0.000508297 0.000103763 0 
-0.000273634 -0.00018993 0 
-0.000508297 0.000103763 0 
0.0002163 2.52757e-06 0 
-0.000858978 0.000840675 0 
-0.000547296 0.000314807 0 
-0.000858978 0.000840675 0 
-0.000177191 5.09377e-05 0 
-0.000448386 0.000302638 0 
-0.000378929 5.99267e-05 0 
-0.000448386 0.000302638 0 
-0.000673838 -0.000735651 0 
0.000297238 0.000596268 0 
-0.000434762 9.12944e-05 0 
0.000297238 0.000596268 0 
-0.000300856 0.00148846 0 
-0.000946665 0.00128433 0 
-0.000373749 0.00112203 0 
-0.000946665 0.00128433 0 
-0.000212835 0.00155147 0 
-0.00068417 0.00160316 0 
-0.000105036 0.00104163 0 
-0.00068417 0.00160316 0 
-8.76823e-05 5.62766e-05 0 
-5.97169e-05 0.00030574 0 
-0.000224374 0.000173932 0 
-5.97169e-05 0.00030574 0 
-6.26889e-05 4.91437e-05 0 
-0.000218025 0.00017212 0 
-0.000197524 5.6314e-05 0 
-0.000218025 0.00017212 0 
-0.00145544 0.000891272 0 
-0.000342714 -0.000717363 0 
-0.000580062 -0.000401446 0 
-0.000342714 -0.000717363 0 
-0.0019997 0.000483653 0 
-0.000328773 -0.00104729 0 
-0.0014692 0.00121708 0 
-0.000328773 -0.00104729 0 
-0.00056077 -0.000437692 0 
-0.000745488 3.93638e-05 0 
-0.000806916 -0.000406169 0 
-0.000745488 3.93638e-05 0 
-0.000422978 -0.000743505 0 
-0.0013582 -0.0016563 0 
-0.000619702 -0.00153113 0 
-0.0013582 -0.0016563 0 
-0.00114151 -6.05233e-05 0 
-0.0011265 7.20524e-05 0 
-0.00118186 2.59214e-05 0 
-0.0011265 7.20524e-05 0 
-0.000562711 0.00147342 0 
-0.00241111 0.00187533 0 
-0.00151349 0.000875899 0 
-0.00241111 0.00187533 0 
-0.000599694 0.0014771 0 
-0.00156193 0.000880725 0 
-0.000999964 0.000691273 0 
-0.00156193 0.000880725 0 
-0.000280209 -0.000152841 0 
-0.000554722 0.000128093 0 
-0.000332384 -0.000611968 0 
-0.000554722 0.000128093 0 
-0.000313249 -0.00064705 0 
-0.000694687 0.000384695 0 
-0.000348792 -0.00144167 0 
-0.000694687 0.000384695 0 
-0.00184518 -0.0010317 0 
-0.000142817 -0.000637568 0 
-0.0010205 -0.000640205 0 
-0.000142817 -0.000637568 0 
-0.00261264 -0.000640273 0 
-0.000726471 -0.000392902 0 
-0.0014291 -0.000237551 0 
-0.000726471 -0.000392902 0 
-0.000764084 0.000906888 0 
6.59748e-05 0.000506645 0 
-0.000424239 0.000937072 0 
6.59748e-05 0.000506645 0 
-0.00203116 0.00106106 0 
-0.00161889 0.00120602 0 
-0.00144618 0.000505737 0 
-0.00161889 0.00120602 0 
-0.00029695 -0.000404511 0 
0.000220517 0.000236435 0 
-0.000487528 -0.0001674 0 
0.000220517 0.000236435 0 
-0.00092862 -0.00122308 0 
-0.000917445 -0.00105076 0 
-0.00102276 -0.00104489 0 
-0.000917445 -0.00105076 0 
-5.90272e-05 -0.000495445 0 
0.000158129 -0.000456571 0 
0.000108642 -0.00039175 0 
0.000158129 -0.000456571 0 
-0.000215324 -0.000339661 0 
-9.24696e-05 -0.000221986 0 
-0.000122239 -0.000257734 0 
-9.24696e-05 -0.000221986 0 
0.000139133 0.000288998 0 
-0.001512 0.00111018 0 
-0.00082156 0.000519796 0 
-0.001512 0.00111018 0 
-0.000370403 -8.40439e-05 0 
0.000445936 0.000649691 0 
-0.00042871 0.000474798 0 
0.000445936 0.000649691 0 
-0.00126881 -0.00211455 0 
-0.00181795 -0.00146542 0 
-0.0014416 -0.00191058 0 
-0.00181795 -0.00146542 0 
-0.00137999 -0.00252903 0 
-0.00012541 -0.000357584 0 
-0.00186151 -0.000890799 0 
-0.00012541 -0.000357584 0 
-0.00220524 -0.000907985 0 
0.000105379 -0.000346045 0 
-0.000891648 5.72794e-05 0 
0.000105379 -0.000346045 0 
-0.000450845 -4.53449e-05 0 
-0.00085695 0.000179086 0 
-0.00088367 -0.000298631 0 
-0.00085695 0.000179086 0 
-0.000428099 -7.96874e-07 0 
-0.000844844 -0.000222589 0 
-0.000490334 -0.000316629 0 
-0.000844844 -0.000222589 0 
-4.99517e-05 -0.000562725 0 
-4.63717e-05 -0.000580828 0 
-0.000228368 -0.000307546 0 
-4.63717e-05 -0.000580828 0 
1.6404e-05 -0.000667145 0 
-4.06635e-05 -0.000575497 0 
-0.000362337 -0.000246875 0 
-4.06635e-05 -0.000575497 0 
-0.00213099 -0.000396051 0 
-0.00251825 -0.000174091 0 
-0.00229844 -0.00162678 0 
-0.00251825 -0.000174091 0 
-0.00213541 -0.000386617 0 
-0.00297785 -0.00124851 0 
-0.00230744 -0.00220332 0 
-0.00297785 -0.00124851 0 
-0.00225482 -0.00187917 0 
-0.00258183 0.000193812 0 
-0.00292796 -0.000624878 0 
-0.00258183 0.000193812 0 
8.24963e-05 -0.000152455 0 
-0.000126103 0.000675803 0 
-0.000424947 -2.42592e-06 0 
-0.000126103 0.000675803 0 
-0.00036103 0.000814158 0 
-0.000773397 0.000502259 0 
-0.000129074 0.000648805 0 
-0.000773397 0.000502259 0 
-0.000122705 0.00067906 0 
-0.000828504 0.0002405 0 
-0.000443354 -2.00687e-05 0 
-0.000828504 0.0002405 0 
-0.00104375 -0.000918748 0 
-0.000388746 -0.000837024 0 
-0.000581748 -0.000691341 0 
-0.000388746 -0.000837024 0 
-0.00108229 -0.000767094 0 
-0.000712575 -0.000652437 0 
-0.000920787 -0.000585 0 
-0.000712575 -0.000652437 0 
-0.000715389 -0.00061751 0 
-0.00107431 -0.000866105 0 
-0.000573805 -0.000705022 0 
-0.00107431 -0.000866105 0 
-0.00285695 -0.0006605 0 
-0.00242201 -0.00117698 0 
-0.00120768 -1.18195e-05 0 
-0.00242201 -0.00117698 0 
-0.00139849 -0.00115941 0 
0.000174471 0.000314045 0 
-0.000893666 -0.000212894 0 
0.000174471 0.000314045 0 
0.000142438 -0.000359943 0 
-0.000400072 0.000692903 0 
-0.000294591 -4.25611e-05 0 
-0.000400072 0.000692903 0 
-0.000229165 -0.000251686 0 
-0.000119934 -0.000174419 0 
-0.000229323 -8.87124e-05 0 
-0.000119934 -0.000174419 0 
-0.000700922 -4.66953e-05 0 
-0.000781224 -7.53695e-05 0 
-0.000719176 0.000130901 0 
-0.000781224 -7.53695e-05 0 
-0.00136697 0.00124588 0 
-0.000879599 0.000340187 0 
-0.000620751 0.000650893 0 
-0.000879599 0.000340187 0 
-0.00156397 -0.00065855 0 
0.000565889 0.000684538 0 
-0.00100627 2.47077e-05 0 
0.000565889 0.000684538 0 
-0.00090893 0.00119284 0 
-0.00124656 0.000879161 0 
-0.000544689 0.00114672 0 
-0.00124656 0.000879161 0 
-0.000440736 -0.000338577 0 
-7.30311e-05 0.000121898 0 
-0.000219441 0.000477409 0 
-7.30311e-05 0.000121898 0 
-0.000305503 0.00040985 0 
-0.00198558 0.000866797 0 
-0.000880456 0.000232013 0 
-0.00198558 0.000866797 0 
0.000215257 -7.70103e-05 0 
-0.000443172 0.000599083 0 
-0.000324734 5.49341e-05 0 
-0.000443172 0.000599083 0 
-0.000105254 -2.84131e-05 0 
-2.14471e-05 5.01742e-05 0 
-0.000192211 -1.6272e-05 0 
-2.14471e-05 5.01742e-05 0 
0.000206667 -0.000712431 0 
-0.000201698 0.000357035 0 
-0.000400347 -0.000225831 0 
-0.000201698 0.000357035 0 
0.000106413 -0.000337859 0 
-0.000286744 0.000862786 0 
-0.000336438 0.000127066 0 
-0.000286744 0.000862786 0 
-0.000452417 -0.000350376 0 
-9.95657e-05 -0.000241902 0 
-0.000344007 -9.73707e-05 0 
-9.95657e-05 -0.000241902 0 
-0.00189384 -1.73616e-05 0 
-0.00106207 -0.000487118 0 
-0.00113248 6.73383e-05 0 
-0.00106207 -0.000487118 0 
-0.000720779 0.0010533 0 
-0.00236957 0.00161272 0 
-0.00191579 0.000798161 0 
-0.00236957 0.00161272 0 
-0.00133025 0.000502975 0 
-0.00091924 0.00102409 0 
-0.00186805 0.000805186 0 
-0.00091924 0.00102409 0 
-0.00108346 0.000324396 0 
-0.00151097 -0.000167878 0 
-0.00113626 8.76825e-05 0 
-0.00151097 -0.000167878 0 
-0.000991405 0.000566931 0 
-0.00137722 -5.6843e-05 0 
-0.00108678 0.000151895 0 
-0.00137722 -5.6843e-05 0 
-0.000805319 0.000631465 0 
-0.00319305 0.000103821 0 
-0.00137833 -2.02746e-05 0 
-0.00319305 0.000103821 0 
-0.000470578 -0.00256449 0 
7.46977e-05 -0.000571184 0 
-0.000494611 -0.0015102 0 
7.46977e-05 -0.000571184 0 
-0.000438054 -0.00147327 0 
-0.000256454 -0.000787379 0 
-0.000702509 -0.00106449 0 
-0.000256454 -0.000787379 0 
-0.000782171 -0.00224648 0 
-0.000497213 -0.00150754 0 
-0.000872923 -0.00179055 0 
-0.000497213 -0.00150754 0 
0.00011782 7.18056e-05 0 
-0.000314636 0.00088548 0 
-0.000228415 0.000259343 0 
-0.000314636 0.00088548 0 
-0.000457024 -0.00278503 0 
0.000339172 -0.00110026 0 
-0.000144345 -0.00147486 0 
0.000339172 -0.00110026 0 
-0.000504937 0.000677239 0 
-0.00153408 0.00158263 0 
-0.000928776 0.000815459 0 
-0.00153408 0.00158263 0 
-0.00198572 0.00142039 0 
-0.00145059 0.000470904 0 
-0.00099599 0.000555909 0 
-0.00145059 0.000470904 0 
-0.000389943 0.000290969 0 
-0.000191018 -0.000378048 0 
0.000192103 -0.000438527 0 
-0.000191018 -0.000378048 0 
-0.00120737 0.00142875 0 
-0.001447 0.000449141 0 
-0.000910105 -5.98157e-05 0 
-0.001447 0.000449141 0 
0.000123101 -0.000391311 0 
-0.000453829 0.00156504 0 
-0.00040011 0.000462319 0 
-0.000453829 0.00156504 0 
-0.00070742 0.00136594 0 
-0.00127257 0.0012028 0 
-0.000261531 0.000571117 0 
-0.00127257 0.0012028 0 
-0.00197607 0.000453628 0 
-0.000350492 -0.000227044 0 
-0.000746853 0.000429315 0 
-0.000350492 -0.000227044 0 
-0.000694617 -0.000993288 0 
-2.16703e-05 -4.54885e-05 0 
-0.00031545 -0.000407547 0 
-2.16703e-05 -4.54885e-05 0 
-0.000271185 -0.000384121 0 
-0.000371041 -0.000230385 0 
-0.000518844 -0.000421041 0 
-0.000371041 -0.000230385 0 
-0.000493032 -0.000774628 0 
7.52428e-05 0.000174926 0 
-0.000337916 -9.05776e-05 0 
7.52428e-05 0.000174926 0 
-0.00164002 -0.00112047 0 
-0.00111612 -0.00114525 0 
-0.000343194 0.000526901 0 
-0.00111612 -0.00114525 0 
-0.00143535 0.000241168 0 
-0.00140843 -0.000666737 0 
-0.00065544 -8.48386e-05 0 
-0.00140843 -0.000666737 0 
-0.000228524 0.000241949 0 
-0.000819928 0.00172073 0 
-0.00240222 0.000152346 0 
-0.000819928 0.00172073 0 
0.000307264 -0.00127875 0 
-0.000547643 0.00166315 0 
-0.000608285 -0.000112288 0 
-0.000547643 0.00166315 0 
-0.000542765 0.00027069 0 
-0.00101893 0.000176308 0 
-0.000719971 8.29966e-05 0 
-0.00101893 0.000176308 0 
-0.000317024 -0.000856631 0 
-0.000442208 -0.000571248 0 
-0.000755538 -0.000654132 0 
-0.000442208 -0.000571248 0 
-0.000863014 -0.000331706 0 
-0.000308281 -0.000973029 0 
-0.000438872 -0.000265108 0 
-0.000308281 -0.000973029 0 
-0.000447602 0.00017815 0 
-0.000859634 0.000550608 0 
-0.00069375 0.000345655 0 
-0.000859634 0.000550608 0 
-0.000677213 -2.40809e-17 0 
-0.00124088 2.64948e-17 0 
-0.00141403 -1.69101e-05 0 
-0.00124088 2.64948e-17 0 
-0.00158178 -2.3362e-05 0 
-0.000863071 1.45312e-05 0 
-0.00101606 0.000446027 0 
-0.000863071 1.45312e-05 0 
-0.00182213 0.000958373 0 
-0.00152373 0.00107276 0 
-0.00134993 0.00149724 0 
-0.00152373 0.00107276 0 
-0.000526386 0.00117194 0 
-0.00135507 0.00243739 0 
-0.00172572 0.00030726 0 
-0.00135507 0.00243739 0 
-3.37513e-05 0.000121904 0 
-0.00030187 0.000515496 0 
-0.000299551 0.000174133 0 
-0.00030187 0.000515496 0 
-0.000297778 0.00017864 0 
-0.000315668 0.000480411 0 
-0.000446637 0.000303109 0 
-0.000315668 0.000480411 0 
-0.000551275 0.000836428 0 
-0.001229 0.000728935 0 
-0.000738 0.000612806 0 
-0.001229 0.000728935 0 
-0.00163717 -0.00151723 0 
-0.00184582 -0.00190235 0 
-0.00183791 -0.00219625 0 
-0.00184582 -0.00190235 0 
-0.00150817 0.0011566 0 
-0.00244109 0.000641261 0 
-0.00175067 -8.87342e-05 0 
-0.00244109 0.000641261 0 
-0.00234887 0.0011556 0 
-0.00223091 0.000918367 0 
-0.000624242 0.000819659 0 
-0.00223091 0.000918367 0 
-0.00228029 0.000513171 0 
-0.00180628 0.00075913 0 
-0.00198681 0.00101983 0 
-0.00180628 0.00075913 0 
-0.00158454 0.000777604 0 
-0.00175286 -0.000389736 0 
-0.000875427 -0.000197022 0 
-0.00175286 -0.000389736 0 
-0.00152608 0.00110632 0 
-0.00249311 0.000535581 0 
-0.00144342 0.00060121 0 
-0.00249311 0.000535581 0 
-0.000630137 0.000137464 0 
-0.00186002 -0.000535868 0 
-0.000637961 -0.000579128 0 
-0.00186002 -0.000535868 0 
-0.000749234 -0.000882349 0 
-0.00178678 -0.00122943 0 
-0.000970542 -0.00112838 0 
-0.00178678 -0.00122943 0 
-0.0011172 -0.00105909 0 
-0.00130179 -0.00145857 0 
-0.00133014 -0.00108887 0 
-0.00130179 -0.00145857 0 
-3.4916e-05 3.80732e-05 0 
-0.000848562 0.000876706 0 
-0.000538286 0.000262618 0 
-0.000848562 0.000876706 0 
-0.000516937 0.000321814 0 
-0.000939497 0.00062457 0 
-0.000727565 0.000433291 0 
-0.000939497 0.00062457 0 
-0.000548242 -4.59443e-05 0 
-0.000102061 3.23848e-05 0 
-0.000579913 0.000259092 0 
-0.000102061 3.23848e-05 0 
-0.00117466 -0.000619922 0 
-0.000779922 -0.0012432 0 
-0.000679617 -0.000806193 0 
-0.000779922 -0.0012432 0 
-0.000334218 -0.000461121 0 
0.000213207 0.000344891 0 
-0.000117025 9.5097e-05 0 
0.000213207 0.000344891 0 
-0.000824887 0.000142225 0 
-0.000664681 -0.000246651 0 
-7.92089e-06 2.42887e-05 0 
-0.000664681 -0.000246651 0 
-0.000503496 -0.00113548 0 
-0.00128474 -0.000569623 0 
-0.000949842 -0.000837693 0 
-0.00128474 -0.000569623 0 
-0.000109667 -0.00113669 0 
-0.000125053 0.000321422 0 
-0.000437641 -0.000266122 0 
-0.000125053 0.000321422 0 
-0.00113378 0.00126477 0 
-0.000627218 -2.13871e-05 0 
-0.000463179 0.000481077 0 
-0.000627218 -2.13871e-05 0 
0.000499146 -0.00110492 0 
-0.00110177 0.0016555 0 
-0.000829641 0.00011297 0 
-0.00110177 0.0016555 0 
-0.00109807 -0.00114122 0 
-0.000723087 -0.00103201 0 
-0.000748533 -0.000819951 0 
-0.000723087 -0.00103201 0 
-0.000574294 0.000789367 0 
-0.00295314 0.00086504 0 
-0.00180229 0.000358179 0 
-0.00295314 0.00086504 0 
-0.00300315 0.00107691 0 
-0.00106624 0.000278041 0 
-0.0012233 0.000572671 0 
-0.00106624 0.000278041 0 
-0.00189534 0.00133784 0 
-0.00218309 0.00172783 0 
-0.00220481 0.00150168 0 
-0.00218309 0.00172783 0 
-0.0023478 0.00212133 0 
-0.00207964 0.00127954 0 
-0.00112618 0.000951177 0 
-0.00207964 0.00127954 0 
-0.00142021 0.00145663 0 
-0.00268913 0.0013806 0 
-0.00121738 0.000578397 0 
-0.00268913 0.0013806 0 
7.75531e-05 9.1953e-05 0 
-0.000239269 0.000682112 0 
-0.000316391 0.000406382 0 
-0.000239269 0.000682112 0 
-0.00226576 -0.00148658 0 
-0.000831448 -0.00133454 0 
-0.00153483 -0.00108332 0 
-0.000831448 -0.00133454 0 
-0.000546157 0.000398075 0 
-0.00040653 0.000435346 0 
-0.000517669 0.000412046 0 
-0.00040653 0.000435346 0 
-0.000490098 0.000423124 0 
-0.000507042 0.000416794 0 
-0.00054949 0.000388867 0 
-0.000507042 0.000416794 0 
-0.00154386 -0.000920968 0 
-0.000508997 -0.000633782 0 
-0.00123077 -0.000442134 0 
-0.000508997 -0.000633782 0 
9.8531e-05 3.96936e-05 0 
-0.000354417 0.00200114 0 
-0.000218641 0.000928917 0 
-0.000354417 0.00200114 0 
-4.0144e-05 0.00107501 0 
-0.00107302 0.00141299 0 
-0.000598796 0.001013 0 
-0.00107302 0.00141299 0 
-0.000208824 0.000279568 0 
-0.000326717 0.00101326 0 
-0.000652803 0.000569574 0 
-0.000326717 0.00101326 0 
-0.00132226 -0.0001162 0 
-0.00146936 -0.000442739 0 
-0.000651607 -6.3123e-05 0 
-0.00146936 -0.000442739 0 
-0.00119091 -2.44167e-17 0 
0.0001862 3.73745e-17 0 
-0.000602985 4.13133e-05 0 
0.0001862 3.73745e-17 0 
-0.00144959 -0.000436383 0 
-0.0009811 -0.000466951 0 
-0.000734734 -8.98533e-05 0 
-0.0009811 -0.000466951 0 
5.57059e-05 0.000266799 0 
-0.00155406 0.00078841 0 
-0.00102907 0.000387065 0 
-0.00155406 0.00078841 0 
-0.000791177 0.00014809 0 
-0.000375453 0.000101737 0 
-0.000945263 0.00041915 0 
-0.000375453 0.000101737 0 
0.000174718 8.15262e-05 0 
-0.00090181 4.85371e-05 0 
-0.000240303 -0.000164438 0 
-0.00090181 4.85371e-05 0 
-1.95972e-05 -0.000688625 0 
-0.000194957 0.000986379 0 
-0.000152556 0.00010082 0 
-0.000194957 0.000986379 0 
-7.54087e-05 0.000838165 0 
-0.000872728 0.00157433 0 
-0.000251266 0.00094617 0 
-0.000872728 0.00157433 0 
-3.40499e-05 -0.000918215 0 
-0.000312101 0.00105223 0 
-0.000532241 0.000120638 0 
-0.000312101 0.00105223 0 
-0.00129605 -0.000874402 0 
-0.000942312 -0.0010557 0 
-0.0009122 -0.000844537 0 
-0.000942312 -0.0010557 0 
-0.000128768 -0.00126978 0 
6.1066e-06 0.000487905 0 
-0.000467473 -0.000263432 0 
6.1066e-06 0.000487905 0 
-0.00123428 -0.00135168 0 
-0.00057765 -0.0012324 0 
-0.00105044 -0.000505181 0 
-0.00057765 -0.0012324 0 
-0.00118501 -0.00128549 0 
-0.000937882 -0.00120989 0 
-0.000881264 -0.00137375 0 
-0.000937882 -0.00120989 0 
-0.00105044 -0.000455953 0 
-0.00057765 -0.00118137 0 
-0.000504669 -0.000456397 0 
-0.00057765 -0.00118137 0 
-0.000262951 0.000469667 0 
-0.00157674 0.000481626 0 
-0.00084523 0.000309259 0 
-0.00157674 0.000481626 0 
-0.000543854 0.000321533 0 
-0.000788713 0.000339063 0 
-0.000683505 0.000240878 0 
-0.000788713 0.000339063 0 
0.00017157 -0.000312416 0 
2.96714e-05 -4.33486e-05 0 
-2.65295e-05 -0.000100491 0 
2.96714e-05 -4.33486e-05 0 
-0.00032764 -0.00122013 0 
0.000265662 -0.000277931 0 
-0.000202395 -0.000565596 0 
0.000265662 -0.000277931 0 
-0.000762021 -0.000542839 0 
-0.000580859 -1.97883e-05 0 
-0.000771781 -0.000292659 0 
-0.000580859 -1.97883e-05 0 
4.89866e-05 -0.000492515 0 
-0.00016106 0.000371586 0 
-0.000262286 -7.7551e-05 0 
-0.00016106 0.000371586 0 
-0.000339194 -0.000307491 0 
1.63204e-05 -0.000458555 0 
-0.000268894 -7.06812e-05 0 
1.63204e-05 -0.000458555 0 
-0.00161309 -0.0010399 0 
5.2726e-05 -9.843e-05 0 
-0.000589937 5.96388e-05 0 
5.2726e-05 -9.843e-05 0 
-0.00174056 4.20496e-05 0 
-0.00174536 0.000741935 0 
-0.00189959 7.31606e-05 0 
-0.00174536 0.000741935 0 
-0.00179497 -0.00102133 0 
-0.00195866 -0.00143143 0 
-0.0010714 -0.000614284 0 
-0.00195866 -0.00143143 0 
0.000146275 -4.61115e-05 0 
-0.000940653 0.000915986 0 
-0.000738527 0.000357498 0 
-0.000940653 0.000915986 0 
5.25449e-05 -0.00021911 0 
-0.000171242 -0.000632118 0 
-0.000124061 -0.00082446 0 
-0.000171242 -0.000632118 0 
-0.000134842 -0.000614876 0 
-9.50571e-05 -0.000289027 0 
-0.000274591 -0.000354575 0 
-9.50571e-05 -0.000289027 0 
-0.000154023 -0.000502775 0 
-1.99784e-05 -0.000335031 0 
-2.81347e-05 -0.000354424 0 
-1.99784e-05 -0.000335031 0 
-0.000479313 0.0007707 0 
-0.00207476 0.000116562 0 
-0.00120178 3.37697e-06 0 
-0.00207476 0.000116562 0 
-0.00209109 0.000175356 0 
-0.00197514 4.36297e-05 0 
-0.00110183 -0.00035628 0 
-0.00197514 4.36297e-05 0 
-0.000737051 0.000525208 0 
-0.00105348 0.000144631 0 
-0.000673666 0.000281947 0 
-0.00105348 0.000144631 0 
-0.000318381 -0.00063101 0 
-0.000511591 -0.00060542 0 
-0.000557 -0.000587514 0 
-0.000511591 -0.00060542 0 
-0.000316882 -0.000613008 0 
-0.000428719 -0.000405736 0 
-0.000653483 -0.000583754 0 
-0.000428719 -0.000405736 0 
-0.00177611 -0.00115534 0 
-0.000177337 -0.000862963 0 
-0.000648318 -0.000502667 0 
-0.000177337 -0.000862963 0 
0.00043328 -0.00107591 0 
-0.000719902 0.00093235 0 
-0.000465312 -0.000247268 0 
-0.000719902 0.00093235 0 
-0.0011887 -0.0016583 0 
-0.000507498 -0.00109731 0 
-0.000958559 -0.00114839 0 
-0.000507498 -0.00109731 0 
-0.000554656 -0.00102616 0 
-9.87754e-05 -0.00044355 0 
-0.000735947 -0.000706539 0 
-9.87754e-05 -0.00044355 0 
-0.00188769 -0.000882108 0 
-0.000296695 -0.000652752 0 
-0.00113802 -0.000203572 0 
-0.000296695 -0.000652752 0 
0.000133695 -9.04477e-05 0 
-0.000524629 0.000945213 0 
-0.000405836 0.000164569 0 
-0.000524629 0.000945213 0 
-0.00114945 -0.000804293 0 
-0.00216474 -0.000834866 0 
-0.0015242 -0.000998563 0 
-0.00216474 -0.000834866 0 
-0.00161149 -0.000966215 0 
-0.00182706 -0.000960004 0 
-0.00168114 -0.00122315 0 
-0.00182706 -0.000960004 0 
-0.00179832 -0.00188333 0 
-0.000229036 -0.000514905 0 
-0.00111706 -0.000485581 0 
-0.000229036 -0.000514905 0 
-0.000675245 0.000585875 0 
-0.00116242 0.000666043 0 
-0.000871207 0.000419628 0 
-0.00116242 0.000666043 0 
-0.00149815 -0.00114434 0 
-0.0012673 -0.0016112 0 
-0.00155031 -0.00131023 0 
-0.0012673 -0.0016112 0 
-0.00196789 -0.000717897 0 
-0.0016816 -0.00148372 0 
-0.0010206 -0.00129128 0 
-0.0016816 -0.00148372 0 
-5.5989e-05 0.000655362 0 
-0.00155363 0.000625406 0 
-0.00107916 0.000265774 0 
-0.00155363 0.000625406 0 
1.50826e-05 0.000179216 0 
-0.000409578 0.000673823 0 
-0.000376398 0.000521324 0 
-0.000409578 0.000673823 0 
-0.000433567 0.000544169 0 
-0.000592917 0.000215922 0 
-0.000354707 0.000341632 0 
-0.000592917 0.000215922 0 
-0.000710852 0.000200358 0 
-0.000243203 0.000569292 0 
-0.00103253 0.000287208 0 
-0.000243203 0.000569292 0 
-0.000151262 0.000153328 0 
-0.000356631 0.000460901 0 
-0.000535615 0.000388203 0 
-0.000356631 0.000460901 0 
-0.000288427 0.000408891 0 
-0.000247697 0.000226866 0 
-0.000283357 0.000504452 0 
-0.000247697 0.000226866 0 
-1.32489e-06 -9.64579e-05 0 
-0.000262451 -0.000270997 0 
-9.70797e-05 -0.000315351 0 
-0.000262451 -0.000270997 0 
-0.00132182 -0.0036562 0 
0.000475649 -0.000105431 0 
-0.000765218 -0.000850916 0 
0.000475649 -0.000105431 0 
-9.24495e-05 0.000358795 0 
-0.00129657 0.00077824 0 
-0.000893162 0.000485049 0 
-0.00129657 0.00077824 0 
-0.000345586 0.000254494 0 
-0.000721258 0.000302436 0 
-0.00061526 0.000122154 0 
-0.000721258 0.000302436 0 
-0.000753404 0.000299857 0 
-0.000280201 0.00025974 0 
-0.000865656 0.00049956 0 
-0.000280201 0.00025974 0 
-0.000481099 -0.000785285 0 
-8.86331e-05 0.000315708 0 
-0.000818386 -0.000281396 0 
-8.86331e-05 0.000315708 0 
-0.000919883 -0.000486701 0 
-0.000494128 -0.000882449 0 
-0.000796904 -0.000121196 0 
-0.000494128 -0.000882449 0 
-0.00205833 0.00116902 0 
-0.00189398 0.000794298 0 
-0.00122448 0.000929164 0 
-0.00189398 0.000794298 0 
-0.00244278 0.0012548 0 
-0.00171357 0.000403408 0 
-0.00206498 0.00118343 0 
-0.00171357 0.000403408 0 
-0.00165279 0.000909152 0 
-0.00200695 0.000474228 0 
-0.00120753 0.000937238 0 
-0.00200695 0.000474228 0 
-0.00137038 -0.00118959 0 
-0.000899285 -0.00102411 0 
-0.000956192 -0.00118559 0 
-0.000899285 -0.00102411 0 
-0.00122002 0.000144962 0 
-0.000804487 3.22485e-05 0 
-0.000902905 -1.49457e-05 0 
-0.000804487 3.22485e-05 0 
-8.10997e-05 0.000661042 0 
-0.00082047 0.000724098 0 
-0.00046889 0.000305821 0 
-0.00082047 0.000724098 0 
-0.00125186 -0.000339258 0 
-0.00138604 0.000109322 0 
-0.00155896 4.00496e-05 0 
-0.00138604 0.000109322 0 
-0.00248666 0.00200578 0 
-0.00184257 0.00214307 0 
-0.00469522 0.00163243 0 
-0.00184257 0.00214307 0 
-0.00249139 0.00200453 0 
-0.00378057 0.00153161 0 
-0.00235525 0.00200816 0 
-0.00378057 0.00153161 0 
-0.000402945 0.00106419 0 
-0.0021135 0.00122819 0 
-0.00087561 0.000241739 0 
-0.0021135 0.00122819 0 
-1.87488e-07 -1.81912e-06 0 
-2.27976e-08 -4.03414e-07 0 
-6.0654e-08 2.57322e-06 0 
-2.27976e-08 -4.03414e-07 0 
-1.46388e-05 -0.000523884 0 
2.39377e-05 -0.000210418 0 
-3.44455e-05 -0.000351407 0 
2.39377e-05 -0.000210418 0 
-0.000133982 -0.000436484 0 
-5.0573e-06 -0.000372929 0 
-5.8017e-05 -0.000393951 0 
-5.0573e-06 -0.000372929 0 
-9.47895e-06 -7.20285e-06 0 
-5.53277e-06 -2.93959e-06 0 
-8.37949e-06 -9.75124e-06 0 
-5.53277e-06 -2.93959e-06 0 
-3.34652e-07 -1.11551e-06 0 
-9.03386e-06 -5.14051e-06 0 
4.92122e-06 -8.56827e-06 0 
-9.03386e-06 -5.14051e-06 0 
-0.00118799 -0.000890053 0 
0.000247129 -0.000263656 0 
-0.00112294 -0.000295882 0 
0.000247129 -0.000263656 0 
-0.00189024 -4.57902e-05 0 
-0.00195706 -0.000774039 0 
-0.000615009 -9.24583e-05 0 
-0.00195706 -0.000774039 0 
-0.00149976 -0.000859886 0 
-0.000584549 -0.00104916 0 
-0.000786065 -0.000625925 0 
-0.000584549 -0.00104916 0 
-6.45849e-05 -0.000105099 0 
2.24549e-05 0.00052684 0 
-0.000192241 0.000256884 0 
2.24549e-05 0.00052684 0 
-0.000217398 -0.000493654 0 
-0.00018461 -0.000215374 0 
-0.000315693 -0.000458295 0 
-0.00018461 -0.000215374 0 
-6.15317e-05 -0.0006735 0 
-0.000103616 -0.000230679 0 
-0.000245662 -0.000144928 0 
-0.000103616 -0.000230679 0 
-0.00201514 -2.31173e-05 0 
-0.00198098 -0.000227015 0 
-0.00165837 0.000259168 0 
-0.00198098 -0.000227015 0 
-0.00089396 0.000754942 0 
-0.00159351 0.000273997 0 
-0.00109615 0.000302312 0 
-0.00159351 0.000273997 0 
-0.00231622 -0.000439995 0 
-0.00104948 -0.000436412 0 
-0.00160963 0.000287161 0 
-0.00104948 -0.000436412 0 
-0.000917203 0.000637463 0 
-0.000966761 0.000504564 0 
-0.00106761 0.000539892 0 
-0.000966761 0.000504564 0 
-0.000836892 0.00050922 0 
-0.00107237 0.0006319 0 
-0.00103776 0.000342586 0 
-0.00107237 0.0006319 0 
1.8734e-05 0.000113233 0 
-0.000344626 0.00050118 0 
-0.000301035 0.000164816 0 
-0.000344626 0.00050118 0 
-0.000317367 0.000125468 0 
-0.000322191 0.000555232 0 
-0.000528848 0.000264567 0 
-0.000322191 0.000555232 0 
-5.59533e-05 0.000132309 0 
-0.000256943 0.000153553 0 
-0.000149939 5.86391e-05 0 
-0.000256943 0.000153553 0 
-0.000383107 -0.000438369 0 
6.18327e-05 3.11478e-06 0 
-0.000302398 -1.54646e-05 0 
6.18327e-05 3.11478e-06 0 
-0.000287124 0.000436198 0 
-0.00112566 0.000914777 0 
-0.00079961 0.000500093 0 
-0.00112566 0.000914777 0 
-0.000444871 -0.000302192 0 
-0.000458106 -0.000438758 0 
-0.000373812 -0.000342606 0 
-0.000458106 -0.000438758 0 
-0.00182677 -0.000704683 0 
0.000143601 -0.000353897 0 
-0.000709141 -0.000301555 0 
0.000143601 -0.000353897 0 
-0.000790832 0.00141751 0 
-0.0020607 0.00280238 0 
-0.00162405 0.0010633 0 
-0.0020607 0.00280238 0 
-0.00219082 0.00253549 0 
-0.0021423 0.00189228 0 
-0.0016391 0.00103243 0 
-0.0021423 0.00189228 0 
-3.97993e-05 -0.000246499 0 
-1.63888e-05 -5.35762e-05 0 
-9.22703e-05 -6.65487e-05 0 
-1.63888e-05 -5.35762e-05 0 
-2.08394e-05 -0.000260665 0 
-9.14716e-05 -6.71455e-05 0 
-0.000242582 -0.000105632 0 
-9.14716e-05 -6.71455e-05 0 
-0.000466009 -0.000304538 0 
0.000336775 0.000313919 0 
-0.000236878 5.88943e-05 0 
0.000336775 0.000313919 0 
3.43113e-06 0.000116435 0 
1.4502e-05 0.000372032 0 
-0.000476088 0.000172329 0 
1.4502e-05 0.000372032 0 
-8.06016e-05 0.000310894 0 
6.60523e-05 0.000156692 0 
-0.000104913 5.98507e-05 0 
6.60523e-05 0.000156692 0 
-0.00154461 0.000336361 0 
-0.00174583 -0.000573998 0 
-0.00115018 -0.000257073 0 
-0.00174583 -0.000573998 0 
-2.5609e-05 -0.000348952 0 
-3.77665e-05 0.00072299 0 
-0.000236356 4.67479e-05 0 
-3.77665e-05 0.00072299 0 
-0.000247436 0.000264472 0 
-0.0012718 0.00143814 0 
-0.000520007 0.000334288 0 
-0.0012718 0.00143814 0 
-0.000438307 0.000519795 0 
-0.00156835 0.000764802 0 
-0.000765007 0.000377889 0 
-0.00156835 0.000764802 0 
9.88242e-05 6.10563e-05 0 
-0.000357601 0.000867631 0 
-0.000269038 0.000420705 0 
-0.000357601 0.000867631 0 
-9.53874e-05 -0.000221825 0 
-0.000716935 -0.000283906 0 
-0.000843095 -0.000627252 0 
-0.000716935 -0.000283906 0 
0.000285541 0.000584216 0 
-0.00304574 0.00131775 0 
-0.00083121 5.39047e-05 0 
-0.00304574 0.00131775 0 
-0.00120533 -0.00199822 0 
-0.000178998 -0.000390472 0 
-0.000947967 -0.000971775 0 
-0.000178998 -0.000390472 0 
-0.00129605 -0.00111287 0 
-0.00186256 -0.00179054 0 
-0.00136368 -0.00156913 0 
-0.00186256 -0.00179054 0 
-8.24117e-05 0.000740638 0 
0.000170716 0.000651259 0 
1.85461e-05 0.000674544 0 
0.000170716 0.000651259 0 
-0.000112895 0.000315902 0 
0.000166681 0.000647535 0 
-0.000213019 0.000620077 0 
0.000166681 0.000647535 0 
0.00034172 0.000480255 0 
-0.00020099 0.001118 0 
-7.89951e-05 0.000772085 0 
-0.00020099 0.001118 0 
-0.0030485 -0.00189396 0 
0.000182335 -0.000701284 0 
-0.00123927 -0.000347834 0 
0.000182335 -0.000701284 0 
-0.000241565 -0.000132611 0 
-5.19212e-05 0.00046559 0 
-0.000404454 0.000224867 0 
-5.19212e-05 0.00046559 0 
-0.000263325 -0.00012895 0 
-0.000425861 0.000228469 0 
-0.000475029 3.82377e-06 0 
-0.000425861 0.000228469 0 
-0.00167499 0.00037625 0 
-0.00151329 -0.000429461 0 
-0.00135567 -0.000159067 0 
-0.00151329 -0.000429461 0 
-0.000249078 -0.000390552 0 
-0.000191036 -6.72646e-05 0 
-0.000290372 -0.000189032 0 
-0.000191036 -6.72646e-05 0 
-0.00161532 0.000211821 0 
-0.00141475 -0.00034363 0 
-0.0013053 -3.26374e-05 0 
-0.00141475 -0.00034363 0 
-0.00163261 0.000189431 0 
-0.00131939 -5.08785e-05 0 
-0.00122257 0.000405737 0 
-0.00131939 -5.08785e-05 0 
-0.000952297 0.00109563 0 
-0.0011142 0.00037867 0 
-0.000806857 0.000563731 0 
-0.0011142 0.00037867 0 
-0.00132421 -8.77289e-06 0 
-0.00139961 -0.00036273 0 
-0.00130225 -0.000117176 0 
-0.00139961 -0.00036273 0 
-0.00134273 9.05964e-05 0 
-0.00122107 0.000429839 0 
-0.00135133 0.000427559 0 
-0.00122107 0.000429839 0 
-0.00208107 -0.00106022 0 
-0.00178947 -0.000860045 0 
-0.00164422 -0.000172387 0 
-0.00178947 -0.000860045 0 
-0.00164406 -0.000171887 0 
-0.0018824 -0.00115432 0 
-0.00112768 -0.000268245 0 
-0.0018824 -0.00115432 0 
-0.00190674 0.000419008 0 
-0.00125397 -0.000482856 0 
-0.00108157 6.22349e-06 0 
-0.00125397 -0.000482856 0 
-0.000244943 0.000391203 0 
-3.53162e-05 0.000404965 0 
-0.000316166 0.000639933 0 
-3.53162e-05 0.000404965 0 
-0.000250561 0.000340363 0 
-0.00112755 0.000620653 0 
-0.000565786 0.00030076 0 
-0.00112755 0.000620653 0 
5.35501e-05 -9.19041e-18 0 
-0.000852864 5.66029e-18 0 
-0.000969898 -2.71924e-05 0 
-0.000852864 5.66029e-18 0 
-0.000380989 0.000344237 0 
-0.000658291 0.000303508 0 
-0.00065579 0.0002031 0 
-0.000658291 0.000303508 0 
-0.000106658 -0.000319975 0 
-0.000379148 2.41135e-05 0 
1.16863e-05 -0.0011265 0 
-0.000379148 2.41135e-05 0 
-1.61105e-05 -0.000207269 0 
0.000228482 0.00090407 0 
-0.000178323 -0.0001372 0 
0.000228482 0.00090407 0 
-0.00105752 -0.000502318 0 
-7.94238e-05 -0.000468181 0 
-0.000447796 -0.000259546 0 
-7.94238e-05 -0.000468181 0 
-0.000363296 -0.000598689 0 
-0.000229701 -0.000195173 0 
-0.000501381 -0.000310396 0 
-0.000229701 -0.000195173 0 
-0.000953357 -0.00187213 0 
-0.000234612 -0.000258267 0 
-0.000654606 -0.000408569 0 
-0.000234612 -0.000258267 0 
-0.000980765 -0.00058834 0 
-0.00130278 -0.00217487 0 
-0.000610051 -0.00131287 0 
-0.00130278 -0.00217487 0 
-0.000453245 -0.00214056 0 
-0.000870574 -0.00217595 0 
-0.000599535 -0.00131244 0 
-0.000870574 -0.00217595 0 
-0.000445685 -0.000684795 0 
-0.000975967 -0.000675808 0 
-0.000613005 -0.00125901 0 
-0.000975967 -0.000675808 0 
-0.00147396 -0.000371181 0 
-0.000788273 -0.000955116 0 
-0.000850229 -0.000355032 0 
-0.000788273 -0.000955116 0 
-0.00217739 -0.00124185 0 
-0.000686106 -0.00103195 0 
-0.00105468 -0.000969803 0 
-0.000686106 -0.00103195 0 
-0.000978546 0.00157541 0 
-0.00064623 0.0003526 0 
-9.687e-05 0.000354578 0 
-0.00064623 0.0003526 0 
-0.000446125 -0.000955727 0 
8.04194e-05 -8.45297e-05 0 
-0.000451506 -0.00032707 0 
8.04194e-05 -8.45297e-05 0 
-0.00153294 -0.00116218 0 
3.32106e-05 -1.43839e-05 0 
-0.0005889 -0.000136239 0 
3.32106e-05 -1.43839e-05 0 
-0.000903274 -0.000575831 0 
-0.000178651 -0.000361678 0 
-0.000468073 -0.000378861 0 
-0.000178651 -0.000361678 0 
-0.00102873 -0.000342909 0 
-0.0015324 0.0005599 0 
-0.00122829 -0.00148013 0 
-0.0015324 0.0005599 0 
-0.000371379 0.000283587 0 
-0.000484731 0.000857758 0 
-0.00078537 0.000604853 0 
-0.000484731 0.000857758 0 
-0.000369693 -0.00074674 0 
8.02982e-05 0.000208526 0 
-0.000459624 -0.000337159 0 
8.02982e-05 0.000208526 0 
-0.000361032 -0.000280921 0 
-0.000204559 4.60396e-05 0 
-0.000489597 -7.79886e-05 0 
-0.000204559 4.60396e-05 0 
-0.000754251 0.000183977 0 
-0.000249609 0.000324436 0 
-0.000847679 0.000583951 0 
-0.000249609 0.000324436 0 
-0.00138048 0.000249622 0 
-0.000518196 -0.000105054 0 
-0.00068604 8.08056e-05 0 
-0.000518196 -0.000105054 0 
-0.000703285 -0.000604698 0 
-0.000222817 -0.000209375 0 
-0.00049938 -0.000338754 0 
-0.000222817 -0.000209375 0 
-0.00129797 0.000950558 0 
-0.00132647 0.000352406 0 
-0.00107729 0.00042922 0 
-0.00132647 0.000352406 0 
-0.00100429 0.000349272 0 
-0.00093215 0.0011593 0 
-0.00123732 0.000337906 0 
-0.00093215 0.0011593 0 
0.000135147 -0.000289187 0 
-0.000279999 0.00260858 0 
-0.000665487 0.000765258 0 
-0.000279999 0.00260858 0 
-0.00202162 0.000613737 0 
-0.00177514 -0.000213711 0 
-0.00150046 -0.000483273 0 
-0.00177514 -0.000213711 0 
-0.000261061 -0.00038676 0 
0.00026105 -2.2314e-05 0 
-0.000707913 -0.000105104 0 
0.00026105 -2.2314e-05 0 
-0.000286874 -0.000545328 0 
-0.000123286 -0.000631542 0 
-0.000369837 -0.000159658 0 
-0.000123286 -0.000631542 0 
-0.000195577 -0.000391155 0 
-0.000620553 -0.000317138 0 
8.77395e-05 -0.000748489 0 
-0.000620553 -0.000317138 0 
-0.000294343 -0.000480242 0 
-0.000504172 -0.000441593 0 
-0.0003654 -0.000521919 0 
-0.000504172 -0.000441593 0 
-0.00156288 -5.26057e-05 0 
-0.00218878 0.00056661 0 
-0.00189541 -0.000273278 0 
-0.00218878 0.00056661 0 
-0.000215012 0.000262255 0 
-0.000689814 -0.000274856 0 
-0.00063407 -0.000722894 0 
-0.000689814 -0.000274856 0 
-0.00174568 0.00126331 0 
-0.0013086 -0.000255318 0 
-0.00110758 0.000844865 0 
-0.0013086 -0.000255318 0 
-0.00139953 0.000140672 0 
-0.000907393 0.000308068 0 
-0.0010742 0.000699487 0 
-0.000907393 0.000308068 0 
-0.000640957 -0.000493641 0 
-8.17924e-05 0.000335887 0 
-0.000613306 -0.00050657 0 
-8.17924e-05 0.000335887 0 
-0.00187673 -0.0011889 0 
-0.000314875 -0.000469964 0 
-0.00112818 -0.000265218 0 
-0.000314875 -0.000469964 0 
-0.00111362 -0.00026827 0 
-0.000400344 -0.000452042 0 
-0.000658928 -0.000163122 0 
-0.000400344 -0.000452042 0 
-0.00120081 -0.000106274 0 
-0.00102259 -0.000123621 0 
-0.0011405 7.76798e-05 0 
-0.00102259 -0.000123621 0 
0.000133923 0.000544571 0 
-0.00101265 0.000410657 0 
-0.000534213 0.000104991 0 
-0.00101265 0.000410657 0 
-0.000278108 0.000523078 0 
-0.000326767 0.000625005 0 
-1.52365e-05 -0.000122304 0 
-0.000326767 0.000625005 0 
7.49074e-06 0.000208036 0 
-0.000246382 0.000524524 0 
-0.000275966 0.0005204 0 
-0.000246382 0.000524524 0 
-2.22554e-06 0.000211275 0 
-0.000189265 0.0004915 0 
-0.000469261 0.000115657 0 
-0.000189265 0.0004915 0 
0.000338575 0.000536293 0 
-0.00128812 0.000874564 0 
-0.000742169 -2.53801e-05 0 
-0.00128812 0.000874564 0 
-0.00241068 0.000145016 0 
-0.00173077 -0.00105814 0 
-0.0013576 -0.000242065 0 
-0.00173077 -0.00105814 0 
-0.000838136 -0.000969571 0 
-0.000715906 -0.000659846 0 
-0.000938109 -0.000704538 0 
-0.000715906 -0.000659846 0 
0.000153872 0.000522166 0 
0.00011865 0.000482618 0 
-0.000434005 3.50329e-05 0 
0.00011865 0.000482618 0 
-0.00137444 -0.000595754 0 
0.000779861 0.00032834 0 
-0.000610315 0.000224372 0 
0.000779861 0.00032834 0 
-7.3249e-06 0.000768422 0 
-0.00085444 0.000488653 0 
-0.000460673 9.55344e-05 0 
-0.00085444 0.000488653 0 
0.000241017 0.000321356 0 
0.00116472 0.00103197 0 
-8.37809e-05 0.000409283 0 
0.00116472 0.00103197 0 
-0.00158021 -0.000918656 0 
0.00044717 0.000252752 0 
-0.000630227 0.000163084 0 
0.00044717 0.000252752 0 
-0.000471461 -0.00248356 0 
7.38661e-05 -0.000916929 0 
-0.000583845 -0.00132454 0 
7.38661e-05 -0.000916929 0 
-0.000147217 1.26657e-16 0 
-0.00108888 -4.53542e-17 0 
-0.00186433 -2.82499e-05 0 
-0.00108888 -4.53542e-17 0 
-0.00248706 -0.000194999 0 
-0.00032644 -0.000693352 0 
-0.00188292 0.000365564 0 
-0.00032644 -0.000693352 0 
-0.000279864 -9.94274e-17 0 
-0.00180445 6.50323e-17 0 
-0.000467396 -4.57376e-05 0 
-0.00180445 6.50323e-17 0 
-0.00168999 0.000615523 0 
-0.00235243 0.000496424 0 
-0.00195861 0.000200329 0 
-0.00235243 0.000496424 0 
-0.00239718 0.000659101 0 
-0.00116898 -0.000410064 0 
-0.00130266 0.000230905 0 
-0.00116898 -0.000410064 0 
-0.001357 0.00234712 0 
-0.00177427 0.000290697 0 
-0.000851904 0.00220524 0 
-0.00177427 0.000290697 0 
-0.00162048 0.00102972 0 
-0.000938274 0.000684772 0 
-0.00146505 0.00183682 0 
-0.000938274 0.000684772 0 
-0.000545274 0.000726141 0 
-0.00207818 0.000981546 0 
-0.001278 0.000255833 0 
-0.00207818 0.000981546 0 
-0.00134015 -0.000815113 0 
-0.00021695 -0.00054965 0 
-0.000756764 -0.000473371 0 
-0.00021695 -0.00054965 0 
-0.000732662 -0.000274636 0 
-0.00197782 -0.000288537 0 
-0.00105518 -0.000388502 0 
-0.00197782 -0.000288537 0 
-0.00112782 -0.000309112 0 
-0.00167637 -0.000617979 0 
-0.00121426 -0.000621956 0 
-0.00167637 -0.000617979 0 
-0.000568893 0.000439726 0 
-0.0036237 0.00394485 0 
-0.00209354 0.000667407 0 
-0.0036237 0.00394485 0 
-0.00100187 -3.50993e-05 0 
-0.000487508 0.000176753 0 
-0.00163188 0.000966768 0 
-0.000487508 0.000176753 0 
-0.00197392 0.000242733 0 
-0.00134057 -0.000497356 0 
-0.00115435 0.000194113 0 
-0.00134057 -0.000497356 0 
-0.00170711 0.000413698 0 
-0.00145733 7.66105e-05 0 
-0.00147285 0.000426265 0 
-0.00145733 7.66105e-05 0 
-0.00139043 0.000322406 0 
-0.000687864 -0.00028893 0 
-0.000702248 0.000135681 0 
-0.000687864 -0.00028893 0 
-0.000537528 -0.000674213 0 
-0.000144202 -0.000315627 0 
-0.000356229 -0.000440171 0 
-0.000144202 -0.000315627 0 
-0.00114194 4.481e-07 0 
-0.000904445 -0.000143935 0 
-0.000917051 -0.000201115 0 
-0.000904445 -0.000143935 0 
-0.00065935 -0.000329675 0 
-0.00109315 0.000260261 0 
-0.00081549 -0.00121458 0 
-0.00109315 0.000260261 0 
-0.000317872 0.000368213 0 
-0.000697857 0.000677261 0 
-0.000560259 0.000438126 0 
-0.000697857 0.000677261 0 
-0.000635227 0.000265537 0 
-0.000311947 0.000368632 0 
-0.00057849 0.000436835 0 
-0.000311947 0.000368632 0 
-0.000978471 -0.000474651 0 
-0.00129021 0.00123549 0 
-0.00273453 0.00113264 0 
-0.00129021 0.00123549 0 
-0.00150486 -0.00102191 0 
-0.000990814 0.000505549 0 
-0.00255538 -0.0010105 0 
-0.000990814 0.000505549 0 
-0.00154909 -0.000378383 0 
-0.00165017 0.000327659 0 
-0.00186088 8.91182e-05 0 
-0.00165017 0.000327659 0 
-0.000281208 0.000174747 0 
-0.000719933 0.000830341 0 
-0.000662102 0.000296988 0 
-0.000719933 0.000830341 0 
-0.000739161 0.000743076 0 
-0.000986663 0.000205998 0 
-0.000662153 0.000296755 0 
-0.000986663 0.000205998 0 
-2.12756e-05 -6.133e-05 0 
-0.000938126 0.000511318 0 
-2.6427e-05 -0.00100504 0 
-0.000938126 0.000511318 0 
-0.000178896 1.27841e-17 0 
-0.00177212 -1.06745e-16 0 
-0.000738086 -0.000525763 0 
-0.00177212 -1.06745e-16 0 
-0.000615927 -0.000225303 0 
-0.000293221 -0.000303402 0 
-0.000612438 4.23689e-06 0 
-0.000293221 -0.000303402 0 
-0.00156841 0.000765703 0 
-0.00150537 0.000571703 0 
-0.00158233 0.000364188 0 
-0.00150537 0.000571703 0 
-0.000865592 0.00133429 0 
-0.00146947 -0.00104592 0 
-0.00134976 -0.00145036 0 
-0.00146947 -0.00104592 0 
-0.000210192 0.000385703 0 
-0.000868289 0.001347 0 
-0.000284136 -0.000446733 0 
-0.000868289 0.001347 0 
-0.00174799 0.00110381 0 
0.000513859 -0.00155787 0 
-0.0013741 0.00173377 0 
0.000513859 -0.00155787 0 
-0.000178474 0.000119561 0 
-0.000202569 0.000331615 0 
-0.000348494 9.88247e-06 0 
-0.000202569 0.000331615 0 
-0.000361333 -0.000202755 0 
7.91009e-05 -0.000145045 0 
-0.000119568 2.89624e-05 0 
7.91009e-05 -0.000145045 0 
-0.00131445 0.000591499 0 
-0.00269249 0.000276967 0 
-0.00212869 0.000369875 0 
-0.00269249 0.000276967 0 
-0.0007507 0.000791099 0 
-0.00149356 0.000672474 0 
-0.00110533 0.000552631 0 
-0.00149356 0.000672474 0 
-9.98709e-05 -0.000335962 0 
-9.05733e-05 0.000699584 0 
-0.000308772 0.000228107 0 
-9.05733e-05 0.000699584 0 
-0.000314453 0.000220975 0 
-0.000196463 0.000566639 0 
-0.000414059 0.000431807 0 
-0.000196463 0.000566639 0 
-3.94666e-05 1.35128e-05 0 
-2.69607e-05 -4.07868e-05 0 
-1.45426e-05 -4.42955e-05 0 
-2.69607e-05 -4.07868e-05 0 
7.93768e-05 -0.000718149 0 
-0.000232159 0.000362263 0 
-0.000365598 -0.000224363 0 
-0.000232159 0.000362263 0 
-0.000230075 -0.000551604 0 
-0.000137555 -0.000526621 0 
-0.00032908 -0.000256604 0 
-0.000137555 -0.000526621 0 
5.64768e-05 -4.37304e-05 0 
-0.000167317 0.00014378 0 
-7.34779e-05 -1.93084e-05 0 
-0.000167317 0.00014378 0 
0.000229344 -0.000164171 0 
-0.000679748 0.000176118 0 
-0.000429955 -0.000338864 0 
-0.000679748 0.000176118 0 
-4.69844e-05 0.000177485 0 
-0.00222405 0.00248558 0 
-0.000294341 -0.000246557 0 
-0.00222405 0.00248558 0 
-0.00329779 0.000833714 0 
0.000924115 -0.000612873 0 
-0.000145173 -1.70739e-05 0 
0.000924115 -0.000612873 0 
0.000138172 -0.000316895 0 
-0.00021913 0.000377537 0 
-0.000237005 -3.51933e-05 0 
-0.00021913 0.000377537 0 
0.000132504 -0.000317506 0 
-0.00025077 -3.66768e-05 0 
-0.00024674 -0.000327774 0 
-0.00025077 -3.66768e-05 0 
-0.00181214 0.000115303 0 
-0.00119495 -0.000252153 0 
-0.00149092 0.000263791 0 
-0.00119495 -0.000252153 0 
-0.000276953 -8.30765e-05 0 
-0.000234803 -0.000137256 0 
-0.000248341 -5.85526e-05 0 
-0.000234803 -0.000137256 0 
0.000107367 -0.000763312 0 
-0.000275273 0.000835805 0 
-0.000154121 0.000183758 0 
-0.000275273 0.000835805 0 
-8.842e-05 -0.00118639 0 
0.000137824 4.41541e-05 0 
-9.97625e-05 -0.000403368 0 
0.000137824 4.41541e-05 0 
-0.000671584 -0.000370308 0 
-0.000214344 -0.000510133 0 
-0.000451261 -5.49813e-05 0 
-0.000214344 -0.000510133 0 
-7.07034e-05 -0.000443843 0 
-0.000713102 -0.000389468 0 
-0.000756427 -0.000706325 0 
-0.000713102 -0.000389468 0 
-0.000462522 6.87414e-18 0 
-0.000434891 -5.5926e-18 0 
-0.000271647 1.29441e-05 0 
-0.000434891 -5.5926e-18 0 
-0.000238846 3.11141e-05 0 
-0.00051868 -4.64152e-05 0 
-0.000386733 -0.000154968 0 
-0.00051868 -4.64152e-05 0 
-0.000211194 7.68558e-05 0 
-0.000252554 5.4154e-06 0 
-0.000224582 -3.22568e-05 0 
-0.000252554 5.4154e-06 0 
-0.00091236 6.79709e-17 0 
-0.000590798 -1.16074e-16 0 
-0.000905229 0.000113955 0 
-0.000590798 -1.16074e-16 0 
-0.000554605 4.06727e-05 0 
-0.000441981 -5.9453e-05 0 
-0.000457526 3.86421e-05 0 
-0.000441981 -5.9453e-05 0 
-0.000472162 -3.36232e-05 0 
-0.0003702 5.7873e-05 0 
-0.000510794 9.05705e-05 0 
-0.0003702 5.7873e-05 0 
-0.000414171 0.000106435 0 
-0.000453281 -5.44764e-05 0 
-0.000392088 -7.15022e-05 0 
-0.000453281 -5.44764e-05 0 
-0.000346139 -0.000131671 0 
-0.000299091 -0.000314648 0 
-0.000265665 -7.12574e-05 0 
-0.000299091 -0.000314648 0 
-0.000487563 0.000109529 0 
-0.000502949 -0.000169335 0 
-0.000322533 -0.000203527 0 
-0.000502949 -0.000169335 0 
-0.000594187 0.000308003 0 
-0.000451833 0.000327249 0 
-0.000442718 0.0004407 0 
-0.000451833 0.000327249 0 
-0.00111222 0.000828358 0 
-0.00127399 0.000440162 0 
-0.000828189 0.000623413 0 
-0.00127399 0.000440162 0 
-0.000250271 1.46433e-05 0 
-0.000242402 -3.56313e-05 0 
-0.000220063 -1.39886e-05 0 
-0.000242402 -3.56313e-05 0 
-0.000433464 -0.000245907 0 
-0.000556567 -9.83045e-05 0 
-0.000785439 -0.000271853 0 
-0.000556567 -9.83045e-05 0 
-0.000461921 0.000144863 0 
-0.000539683 0.000105428 0 
-0.00043086 4.68002e-05 0 
-0.000539683 0.000105428 0 
-0.000866602 0.00021468 0 
-0.00120976 0.000213849 0 
-0.00109351 -9.8467e-05 0 
-0.00120976 0.000213849 0 

